{
    "lr_mean": 0.01,
    "lr_std": 0.0,
    "weight_decay_mean": 0.0005,
    "weight_decay_std": 0.0,
    "test_mae_mean": 0.005176774203777313,
    "test_mae_std": 0.0002455153895980178
}