{"train_loss": [0.6819397636822292, 0.6785262397357396, 0.6755297780036926, 0.6729599663189479, 0.6700442859104702, 0.6646081549780709, 0.6617811322212219, 0.6562305177961077, 0.6545816830226353, 0.6510498779160636, 0.6463063359260559, 0.6462229660579136, 0.6443793262754168, 0.6393320986202785, 0.6480254786355155, 0.6395855290549142, 0.6350131375449044, 0.6304106286593846, 0.6291165692465646, 0.6316444533211845, 0.6308304582323346, 0.6226970979145595, 0.6317438398088727, 0.6277057358196804, 0.6333599090576172, 0.6181746636118207, 0.6208731191498893, 0.6232409136635917, 0.6202334080423627, 0.6148960590362549, 0.6190938438688006, 0.6167303494044712, 0.6163208910397121, 0.6207364882741656, 0.6139354961259025, 0.6164820194244385, 0.6200865677424839, 0.620712263243539, 0.6169541903904506, 0.6160273466791425, 0.6137408358710152, 0.6137197613716125, 0.6155590500150409, 0.6163115756852287, 0.6135588458606175, 0.6140819873128619, 0.6035520945276532, 0.612232540334974, 0.6142034445490155, 0.6167011857032776, 0.6125020725386483, 0.6126229252134051, 0.6059748700686863, 0.6114790099007743, 0.6107300775391715, 0.6166605608803886, 0.6148325630596706, 0.6184000458036151, 0.6095506634031024, 0.6116605826786586, 0.6110723444393703, 0.6140446237155369, 0.614905868257795, 0.6116220951080322, 0.6095881547246661, 0.6125440086637225, 0.6099681002753121, 0.6116959452629089, 0.6054364613124302, 0.6160776700292315, 0.6086990748132978, 0.614363534109933, 0.6089528628758022, 0.6131294369697571, 0.6128608073507037, 0.6144646491323199, 0.6060556088175092, 0.6160002946853638, 0.6071006059646606, 0.607950074332101, 0.6157564776284354, 0.6148273178509304, 0.6087014419691903, 0.6065833738871983, 0.6139359559331622, 0.6090333972658429, 0.6112538405827114, 0.6115226064409528, 0.6156125835009983, 0.6066156285149711, 0.6052736469677517, 0.6120856404304504, 0.6067533322743007, 0.6117853777749198, 0.6182039124625069, 0.6093915019716535, 0.6073850733893258, 0.6041490435600281, 0.6052645444869995, 0.6119898727961949], "train_acc": [0.5876404494382023, 0.5876404494382023, 0.5876404494382023, 0.5876404494382023, 0.5898876404494382, 0.604494382022472, 0.6224719101123596, 0.6359550561797753, 0.6539325842696629, 0.651685393258427, 0.6561797752808989, 0.651685393258427, 0.6438202247191012, 0.648314606741573, 0.6561797752808989, 0.6460674157303371, 0.6685393258426966, 0.6797752808988764, 0.6752808988764045, 0.6820224719101123, 0.6730337078651686, 0.6842696629213483, 0.6820224719101123, 0.6831460674157304, 0.6786516853932584, 0.6966292134831461, 0.6831460674157304, 0.6898876404494382, 0.6921348314606741, 0.6932584269662921, 0.6943820224719102, 0.6865168539325842, 0.6887640449438203, 0.6831460674157304, 0.6831460674157304, 0.6898876404494382, 0.6865168539325842, 0.6719101123595506, 0.6887640449438203, 0.6842696629213483, 0.6898876404494382, 0.6842696629213483, 0.6808988764044944, 0.6887640449438203, 0.6820224719101123, 0.6898876404494382, 0.701123595505618, 0.6898876404494382, 0.697752808988764, 0.6853932584269663, 0.6887640449438203, 0.6910112359550562, 0.6932584269662921, 0.6966292134831461, 0.6932584269662921, 0.6808988764044944, 0.698876404494382, 0.6865168539325842, 0.7, 0.6921348314606741, 0.7056179775280899, 0.7, 0.6898876404494382, 0.6910112359550562, 0.6955056179775281, 0.7033707865168539, 0.6943820224719102, 0.6887640449438203, 0.6842696629213483, 0.6955056179775281, 0.7089887640449438, 0.6898876404494382, 0.7112359550561798, 0.6943820224719102, 0.6943820224719102, 0.702247191011236, 0.6932584269662921, 0.6932584269662921, 0.698876404494382, 0.6955056179775281, 0.702247191011236, 0.6910112359550562, 0.6887640449438203, 0.7146067415730337, 0.6887640449438203, 0.6876404494382022, 0.6932584269662921, 0.7, 0.6853932584269663, 0.7134831460674157, 0.7101123595505618, 0.697752808988764, 0.698876404494382, 0.701123595505618, 0.6853932584269663, 0.698876404494382, 0.7089887640449438, 0.7044943820224719, 0.7056179775280899, 0.7044943820224719], "val_loss": [0.6822658777236938, 0.6807556748390198, 0.679659366607666, 0.6762877702713013, 0.6728967428207397, 0.6701561808586121, 0.6710813641548157, 0.6651094555854797, 0.6628242135047913, 0.6661350131034851, 0.6593512892723083, 0.6569938063621521, 0.6549373865127563, 0.6483280658721924, 0.6484478712081909, 0.6442234516143799, 0.6368700265884399, 0.6436862945556641, 0.6336029767990112, 0.6300708055496216, 0.6288852691650391, 0.6275089979171753, 0.623803436756134, 0.625225841999054, 0.6256035566329956, 0.6285548210144043, 0.6205371022224426, 0.6202811002731323, 0.6244717240333557, 0.6174580454826355, 0.6194236278533936, 0.6180667877197266, 0.6166069507598877, 0.617982029914856, 0.6178982853889465, 0.6173186302185059, 0.6167512536048889, 0.6213445663452148, 0.6161588430404663, 0.6137422323226929, 0.6141128540039062, 0.6150684356689453, 0.6124409437179565, 0.6138430237770081, 0.613288938999176, 0.6130277514457703, 0.6139066815376282, 0.6138412356376648, 0.611180305480957, 0.6118138432502747, 0.6128917336463928, 0.6113930940628052, 0.6112644672393799, 0.6105061173439026, 0.6119168996810913, 0.6132668256759644, 0.610572099685669, 0.6093252897262573, 0.6105912923812866, 0.6124805808067322, 0.609716534614563, 0.6095792055130005, 0.61664879322052, 0.6127443909645081, 0.6100133657455444, 0.611517608165741, 0.6113086938858032, 0.6094041466712952, 0.6095989346504211, 0.6090847849845886, 0.6097697615623474, 0.6087408661842346, 0.609286904335022, 0.6105647683143616, 0.6085805296897888, 0.608325183391571, 0.6105930805206299, 0.6081052422523499, 0.6074519753456116, 0.6113365888595581, 0.6088430881500244, 0.6087050437927246, 0.6073868274688721, 0.6077170372009277, 0.6104766726493835, 0.6097005009651184, 0.6074979901313782, 0.6081829071044922, 0.6089306473731995, 0.6082857251167297, 0.6126986145973206, 0.6104192137718201, 0.6088811755180359, 0.6092077493667603, 0.6092629432678223, 0.6086745858192444, 0.6085166335105896, 0.6088636517524719, 0.6088774800300598, 0.6072482466697693], "val_acc": [0.5765765765765766, 0.5765765765765766, 0.5765765765765766, 0.5765765765765766, 0.5855855855855856, 0.6036036036036037, 0.6036036036036037, 0.6216216216216216, 0.6216216216216216, 0.6126126126126126, 0.6126126126126126, 0.6036036036036037, 0.6036036036036037, 0.6126126126126126, 0.6036036036036037, 0.6036036036036037, 0.6936936936936937, 0.6126126126126126, 0.6846846846846847, 0.6756756756756757, 0.6576576576576577, 0.7027027027027027, 0.6756756756756757, 0.7027027027027027, 0.6846846846846847, 0.6936936936936937, 0.6846846846846847, 0.6756756756756757, 0.6936936936936937, 0.7027027027027027, 0.6846846846846847, 0.6936936936936937, 0.6936936936936937, 0.6666666666666666, 0.6756756756756757, 0.7117117117117117, 0.6846846846846847, 0.6936936936936937, 0.6846846846846847, 0.6936936936936937, 0.6936936936936937, 0.6756756756756757, 0.6936936936936937, 0.6936936936936937, 0.6756756756756757, 0.6936936936936937, 0.6846846846846847, 0.6756756756756757, 0.7027027027027027, 0.7027027027027027, 0.6756756756756757, 0.6846846846846847, 0.7027027027027027, 0.7027027027027027, 0.6756756756756757, 0.6936936936936937, 0.6846846846846847, 0.7027027027027027, 0.6936936936936937, 0.6756756756756757, 0.7027027027027027, 0.6846846846846847, 0.6666666666666666, 0.7027027027027027, 0.6846846846846847, 0.7027027027027027, 0.6756756756756757, 0.7027027027027027, 0.6936936936936937, 0.6846846846846847, 0.6846846846846847, 0.6846846846846847, 0.6936936936936937, 0.6846846846846847, 0.6936936936936937, 0.7117117117117117, 0.6846846846846847, 0.7117117117117117, 0.7117117117117117, 0.6846846846846847, 0.6846846846846847, 0.6936936936936937, 0.6936936936936937, 0.7117117117117117, 0.6756756756756757, 0.6756756756756757, 0.7117117117117117, 0.6936936936936937, 0.6846846846846847, 0.7027027027027027, 0.6846846846846847, 0.6756756756756757, 0.7117117117117117, 0.6846846846846847, 0.6846846846846847, 0.6936936936936937, 0.6846846846846847, 0.6846846846846847, 0.6846846846846847, 0.7027027027027027]}