{"train_loss": [0.6783517003059387, 0.6756229741232735, 0.6717924560819354, 0.665320268699101, 0.6653910790170942, 0.6604119879858834, 0.658897408417293, 0.6619910001754761, 0.6603579946926662, 0.655524662562779, 0.653104441506522, 0.6532903824533735, 0.6503540022032601, 0.649223404271262, 0.6470007215227399, 0.6442477788243975, 0.6409947787012372, 0.6425785507474627, 0.6419850843293327, 0.6310832841055733, 0.6414723566600254, 0.6335270575114659, 0.6385685205459595, 0.6432289481163025, 0.6306971481868199, 0.6303832190377372, 0.6278985568455288, 0.6336601291384015, 0.6383563109806606, 0.6168779049600873, 0.6238815188407898, 0.6240722281592233, 0.6283358931541443, 0.6307001028742109, 0.6259540660040719, 0.6357073187828064, 0.6358621290751866, 0.6339040654046195, 0.622454753943852, 0.622420608997345, 0.6173159565244403, 0.6217984982899257, 0.6180972371782575, 0.633830053465707, 0.6183479939188276, 0.6155738149370465, 0.6209632754325867, 0.6184492111206055, 0.6205166067395892, 0.6159278920718602, 0.6184998835836139, 0.6195316144398281, 0.6115472742489406, 0.6124927827290126, 0.6136321340288434, 0.6207703692572457, 0.6165257266589573, 0.6115335140909467, 0.6163562961987087, 0.6096406664167132, 0.6122654335839408, 0.6192598342895508, 0.6222003868647984, 0.6184750625065395, 0.6147595133100238, 0.621099420956203, 0.6167003086635044, 0.6132548792021615, 0.6063281042235238, 0.6126673221588135, 0.6066584842545646, 0.6102742382458278, 0.616966324193137, 0.6084138665880475, 0.6174915177481515, 0.6161134157861982, 0.6104891896247864, 0.6054332596915108, 0.61544155223029, 0.6096696513039725, 0.6108024290629795, 0.6095909902027675, 0.6044146163122994, 0.6042982254709516, 0.6142359205654689, 0.6093477777072361, 0.6105198604719979, 0.604942968913487, 0.6143492630549839, 0.613613520349775, 0.6130743111882891, 0.6087685397693089, 0.6127014585903713, 0.6103436861719403, 0.6067474484443665, 0.6118863650730678, 0.6088560138429914, 0.6057184508868626, 0.6120301059314183, 0.6054108483450753], "train_acc": [0.5876404494382023, 0.5876404494382023, 0.5898876404494382, 0.596629213483146, 0.6202247191011236, 0.650561797752809, 0.6157303370786517, 0.6449438202247191, 0.6359550561797753, 0.6426966292134831, 0.6449438202247191, 0.6404494382022472, 0.6370786516853932, 0.6269662921348315, 0.6685393258426966, 0.6528089887640449, 0.6831460674157304, 0.6561797752808989, 0.6707865168539325, 0.6640449438202247, 0.6640449438202247, 0.6528089887640449, 0.651685393258427, 0.6617977528089888, 0.6752808988764045, 0.6764044943820224, 0.6685393258426966, 0.6662921348314607, 0.6685393258426966, 0.6910112359550562, 0.6831460674157304, 0.6707865168539325, 0.6662921348314607, 0.6876404494382022, 0.6808988764044944, 0.6640449438202247, 0.6730337078651686, 0.6730337078651686, 0.6865168539325842, 0.6932584269662921, 0.6898876404494382, 0.6943820224719102, 0.6955056179775281, 0.6786516853932584, 0.6775280898876405, 0.6898876404494382, 0.6887640449438203, 0.6966292134831461, 0.6865168539325842, 0.6943820224719102, 0.6887640449438203, 0.6865168539325842, 0.6966292134831461, 0.6921348314606741, 0.6943820224719102, 0.6865168539325842, 0.6943820224719102, 0.697752808988764, 0.6786516853932584, 0.6786516853932584, 0.6943820224719102, 0.6786516853932584, 0.6955056179775281, 0.6808988764044944, 0.6932584269662921, 0.6865168539325842, 0.6943820224719102, 0.7, 0.6955056179775281, 0.6966292134831461, 0.701123595505618, 0.7, 0.6887640449438203, 0.6842696629213483, 0.701123595505618, 0.6831460674157304, 0.6932584269662921, 0.6921348314606741, 0.6966292134831461, 0.7, 0.7, 0.6932584269662921, 0.6921348314606741, 0.7112359550561798, 0.6898876404494382, 0.6966292134831461, 0.6943820224719102, 0.702247191011236, 0.6910112359550562, 0.6853932584269663, 0.6955056179775281, 0.6966292134831461, 0.6887640449438203, 0.6932584269662921, 0.6921348314606741, 0.697752808988764, 0.7033707865168539, 0.698876404494382, 0.6921348314606741, 0.7067415730337079], "val_loss": [0.6804478764533997, 0.6784263849258423, 0.6762337684631348, 0.6737760901451111, 0.6713986992835999, 0.6711412668228149, 0.669370710849762, 0.6635020971298218, 0.6680132746696472, 0.6659998893737793, 0.663843035697937, 0.6611312031745911, 0.6589518785476685, 0.647728443145752, 0.6607491970062256, 0.6418532133102417, 0.642474353313446, 0.6391158103942871, 0.6359844207763672, 0.6295284628868103, 0.6285439729690552, 0.6236721873283386, 0.6234725117683411, 0.6208332777023315, 0.6267045736312866, 0.6329731345176697, 0.6209820508956909, 0.6201217770576477, 0.6224362254142761, 0.6145709753036499, 0.6174890398979187, 0.6134939789772034, 0.6116827726364136, 0.6188164949417114, 0.6165521740913391, 0.6133368611335754, 0.6225137710571289, 0.6253865361213684, 0.6172985434532166, 0.6139090657234192, 0.6115297079086304, 0.6106293797492981, 0.6073845624923706, 0.6135678887367249, 0.6108177304267883, 0.6072766184806824, 0.6100032925605774, 0.6123720407485962, 0.6059836745262146, 0.605744481086731, 0.6108711361885071, 0.6059979796409607, 0.6083754301071167, 0.6069208383560181, 0.6070606708526611, 0.6103997230529785, 0.6106003522872925, 0.6061943173408508, 0.6134588718414307, 0.6096190810203552, 0.6071103811264038, 0.6081616282463074, 0.6109037399291992, 0.6116029024124146, 0.6118647456169128, 0.6130807995796204, 0.6116872429847717, 0.6074644923210144, 0.6076279282569885, 0.6084044575691223, 0.6097662448883057, 0.6104865670204163, 0.611270546913147, 0.6098824143409729, 0.6086833477020264, 0.6084026098251343, 0.6115128397941589, 0.6068969368934631, 0.6103802919387817, 0.6158985495567322, 0.6069777607917786, 0.6112062335014343, 0.6106628775596619, 0.6092833280563354, 0.6129900813102722, 0.6147155165672302, 0.6106268167495728, 0.6113227009773254, 0.6130266189575195, 0.6134308576583862, 0.6183968782424927, 0.6124419569969177, 0.6094615459442139, 0.6162170767784119, 0.614639401435852, 0.6111587882041931, 0.612092912197113, 0.6143408417701721, 0.6149308085441589, 0.611114501953125], "val_acc": [0.5765765765765766, 0.5765765765765766, 0.5765765765765766, 0.5945945945945946, 0.6126126126126126, 0.6126126126126126, 0.6036036036036037, 0.6306306306306306, 0.6036036036036037, 0.6036036036036037, 0.6036036036036037, 0.6036036036036037, 0.6036036036036037, 0.6576576576576577, 0.5945945945945946, 0.6756756756756757, 0.6756756756756757, 0.6756756756756757, 0.6486486486486487, 0.6486486486486487, 0.6486486486486487, 0.6576576576576577, 0.6666666666666666, 0.6936936936936937, 0.6756756756756757, 0.6756756756756757, 0.6756756756756757, 0.6486486486486487, 0.6396396396396397, 0.6846846846846847, 0.6846846846846847, 0.6846846846846847, 0.6936936936936937, 0.6756756756756757, 0.6846846846846847, 0.7027027027027027, 0.6666666666666666, 0.6756756756756757, 0.6846846846846847, 0.6936936936936937, 0.6936936936936937, 0.6756756756756757, 0.6846846846846847, 0.6846846846846847, 0.6936936936936937, 0.7027027027027027, 0.6936936936936937, 0.6846846846846847, 0.6846846846846847, 0.6936936936936937, 0.6936936936936937, 0.6936936936936937, 0.6936936936936937, 0.6846846846846847, 0.6936936936936937, 0.6936936936936937, 0.6936936936936937, 0.6846846846846847, 0.6756756756756757, 0.6846846846846847, 0.6846846846846847, 0.6846846846846847, 0.6756756756756757, 0.7207207207207207, 0.6666666666666666, 0.6756756756756757, 0.6756756756756757, 0.6936936936936937, 0.6936936936936937, 0.6846846846846847, 0.6756756756756757, 0.6846846846846847, 0.6846846846846847, 0.6936936936936937, 0.6846846846846847, 0.6936936936936937, 0.6846846846846847, 0.7117117117117117, 0.6846846846846847, 0.6756756756756757, 0.7027027027027027, 0.6936936936936937, 0.6846846846846847, 0.6936936936936937, 0.6846846846846847, 0.6846846846846847, 0.6936936936936937, 0.6936936936936937, 0.6936936936936937, 0.6846846846846847, 0.6756756756756757, 0.6756756756756757, 0.6936936936936937, 0.6846846846846847, 0.6846846846846847, 0.7027027027027027, 0.7027027027027027, 0.6936936936936937, 0.6846846846846847, 0.7027027027027027]}