{"train_loss": [0.676774161202567, 0.6744676317487445, 0.6736231275967189, 0.6704688753400531, 0.6666585547583443, 0.664216433252607, 0.6644371492522103, 0.6583428042275565, 0.651761634009225, 0.6538441947528294, 0.6510876502309527, 0.6390204770224435, 0.6429274337632316, 0.639243653842381, 0.6362536975315639, 0.6416116101401192, 0.6260679960250854, 0.6288823485374451, 0.6218263506889343, 0.6265274882316589, 0.6137640305927822, 0.6228509715625218, 0.6192948307309832, 0.6256174615451268, 0.6119612625667027, 0.6135956389563424, 0.6220806326184954, 0.6200073191097805, 0.6123863969530378, 0.6201518603733608, 0.6087108680180141, 0.6064920340265546, 0.6105209929602486, 0.6108061330659049, 0.6164852040154594, 0.6123782396316528, 0.6065971510750907, 0.6075036951473781, 0.6115063514028277, 0.6058125070163182, 0.6047627244676862, 0.6081763761384147, 0.6065038442611694, 0.6027119585445949, 0.6071627821241107, 0.6025989907128471, 0.6132661955697196, 0.605290412902832, 0.6040478859628949, 0.6106794731957572, 0.6095413650785174, 0.6140375988824027, 0.5962363226073129, 0.6067384481430054, 0.6048595053809029, 0.5983626246452332, 0.6027856128556388, 0.606307361807142, 0.6096924713679722, 0.6038327387401036, 0.5994889565876552, 0.6053583536829267, 0.6054887090410505, 0.6262411730630058, 0.6038616980825152, 0.604557854788644, 0.5960144826344081, 0.6009362510272435, 0.5958587782723563, 0.5994185549872262, 0.6039850030626569, 0.5977211935179574, 0.6120230214936393, 0.6067730528967721, 0.5971354416438511, 0.5983929889542716, 0.6005315014294216, 0.5994588477270943, 0.6002429042543683, 0.5996362566947937, 0.5938195160457066, 0.6010201317923409, 0.5944501842771258, 0.5955735870770046, 0.5965554543903896, 0.5954524619238717, 0.6034667066165379, 0.5981459106717791, 0.5955257926668439, 0.6032527685165405, 0.5940660238265991, 0.6003209011895316, 0.6037939276014056, 0.598067547593798, 0.5956880705697196, 0.5931354420525687, 0.5994199088641575, 0.6009039453097752, 0.5939721209662301, 0.5945960709026882], "train_acc": [0.604494382022472, 0.6, 0.6, 0.5988764044943821, 0.5988764044943821, 0.6056179775280899, 0.6359550561797753, 0.6247191011235955, 0.6415730337078651, 0.6359550561797753, 0.6348314606741573, 0.647191011235955, 0.6651685393258427, 0.6584269662921348, 0.6651685393258427, 0.6685393258426966, 0.6539325842696629, 0.6786516853932584, 0.6775280898876405, 0.6808988764044944, 0.698876404494382, 0.6730337078651686, 0.6865168539325842, 0.6808988764044944, 0.6853932584269663, 0.6932584269662921, 0.6797752808988764, 0.6820224719101123, 0.6921348314606741, 0.6808988764044944, 0.6775280898876405, 0.6932584269662921, 0.6831460674157304, 0.6752808988764045, 0.6820224719101123, 0.7067415730337079, 0.698876404494382, 0.7, 0.6955056179775281, 0.7101123595505618, 0.7123595505617978, 0.6943820224719102, 0.698876404494382, 0.7033707865168539, 0.6966292134831461, 0.7, 0.7, 0.7056179775280899, 0.6887640449438203, 0.6932584269662921, 0.6865168539325842, 0.6876404494382022, 0.7056179775280899, 0.6853932584269663, 0.7056179775280899, 0.7202247191011236, 0.6966292134831461, 0.701123595505618, 0.6943820224719102, 0.7, 0.6943820224719102, 0.7089887640449438, 0.6910112359550562, 0.6853932584269663, 0.7, 0.6921348314606741, 0.7089887640449438, 0.7112359550561798, 0.7078651685393258, 0.6966292134831461, 0.7056179775280899, 0.6932584269662921, 0.6955056179775281, 0.6955056179775281, 0.6921348314606741, 0.7, 0.7101123595505618, 0.7056179775280899, 0.7123595505617978, 0.697752808988764, 0.7044943820224719, 0.7134831460674157, 0.7044943820224719, 0.7123595505617978, 0.6921348314606741, 0.7101123595505618, 0.6966292134831461, 0.7056179775280899, 0.7168539325842697, 0.701123595505618, 0.7044943820224719, 0.6820224719101123, 0.7157303370786516, 0.698876404494382, 0.6955056179775281, 0.7101123595505618, 0.701123595505618, 0.6966292134831461, 0.702247191011236, 0.697752808988764], "val_loss": [0.6876018643379211, 0.689834475517273, 0.6834425330162048, 0.6810279488563538, 0.6861026287078857, 0.6761267185211182, 0.6749942302703857, 0.6766504645347595, 0.6690551042556763, 0.6675205230712891, 0.6643834710121155, 0.6618903875350952, 0.6595152616500854, 0.6581644415855408, 0.647946834564209, 0.6492231488227844, 0.6392461657524109, 0.6444180011749268, 0.6370415091514587, 0.639703094959259, 0.6302539706230164, 0.6339039206504822, 0.6294519901275635, 0.6331997513771057, 0.6260206699371338, 0.6370529532432556, 0.6262026429176331, 0.6287665367126465, 0.6259327530860901, 0.6285374164581299, 0.6248850226402283, 0.628418505191803, 0.6255047917366028, 0.6228992342948914, 0.6295126676559448, 0.6263554096221924, 0.6243784427642822, 0.625792920589447, 0.6225178241729736, 0.6287118792533875, 0.623639702796936, 0.6253273487091064, 0.6257716417312622, 0.6247152090072632, 0.6244391202926636, 0.6251044869422913, 0.6266922354698181, 0.6260141134262085, 0.6243095993995667, 0.6306052207946777, 0.6264732480049133, 0.6264946460723877, 0.6302063465118408, 0.6283295750617981, 0.6283388137817383, 0.6315115690231323, 0.6279983520507812, 0.629766047000885, 0.6280242800712585, 0.6304786205291748, 0.6316668391227722, 0.6300433874130249, 0.6349457502365112, 0.6327854990959167, 0.6383039355278015, 0.6288732290267944, 0.6300135850906372, 0.633787214756012, 0.6343506574630737, 0.6326846480369568, 0.6330190300941467, 0.6304042339324951, 0.6333684325218201, 0.6329503059387207, 0.632131814956665, 0.637386679649353, 0.6312183141708374, 0.6367414593696594, 0.633417010307312, 0.630945086479187, 0.6350023150444031, 0.6347619891166687, 0.6348058581352234, 0.6329034566879272, 0.6336224675178528, 0.6319500207901001, 0.6385053396224976, 0.6323554515838623, 0.6356953978538513, 0.6286616325378418, 0.6418431401252747, 0.6294983625411987, 0.6280685067176819, 0.6352835893630981, 0.6325758099555969, 0.6306855082511902, 0.6326195001602173, 0.6327114701271057, 0.6307497024536133, 0.6348647475242615], "val_acc": [0.5495495495495496, 0.5495495495495496, 0.5495495495495496, 0.5675675675675675, 0.5675675675675675, 0.5765765765765766, 0.5765765765765766, 0.6036036036036037, 0.5765765765765766, 0.5855855855855856, 0.5855855855855856, 0.5855855855855856, 0.6576576576576577, 0.6666666666666666, 0.6396396396396397, 0.6576576576576577, 0.6396396396396397, 0.6486486486486487, 0.6576576576576577, 0.6576576576576577, 0.6396396396396397, 0.6396396396396397, 0.6486486486486487, 0.6576576576576577, 0.6306306306306306, 0.6576576576576577, 0.6396396396396397, 0.6396396396396397, 0.6666666666666666, 0.6216216216216216, 0.6396396396396397, 0.6396396396396397, 0.6306306306306306, 0.6396396396396397, 0.6486486486486487, 0.6666666666666666, 0.6306306306306306, 0.6396396396396397, 0.6576576576576577, 0.6666666666666666, 0.6756756756756757, 0.6486486486486487, 0.6486486486486487, 0.6306306306306306, 0.6486486486486487, 0.6486486486486487, 0.6666666666666666, 0.6666666666666666, 0.6396396396396397, 0.6486486486486487, 0.6486486486486487, 0.6666666666666666, 0.6576576576576577, 0.6396396396396397, 0.6396396396396397, 0.6756756756756757, 0.6396396396396397, 0.6486486486486487, 0.6486486486486487, 0.6846846846846847, 0.6486486486486487, 0.6486486486486487, 0.6756756756756757, 0.6396396396396397, 0.6846846846846847, 0.6666666666666666, 0.6396396396396397, 0.6576576576576577, 0.6396396396396397, 0.6486486486486487, 0.6666666666666666, 0.6486486486486487, 0.6756756756756757, 0.6666666666666666, 0.6576576576576577, 0.6846846846846847, 0.6576576576576577, 0.6756756756756757, 0.6756756756756757, 0.6576576576576577, 0.6756756756756757, 0.6486486486486487, 0.6756756756756757, 0.6756756756756757, 0.6666666666666666, 0.6756756756756757, 0.6846846846846847, 0.6576576576576577, 0.6846846846846847, 0.6486486486486487, 0.6666666666666666, 0.6576576576576577, 0.6756756756756757, 0.6846846846846847, 0.6846846846846847, 0.6486486486486487, 0.6756756756756757, 0.6756756756756757, 0.6576576576576577, 0.6756756756756757]}