{"train_loss": [0.6819642186164856, 0.6784969142505101, 0.6754185897963387, 0.6727891649518695, 0.6697518910680499, 0.6647008827754429, 0.6617122633116586, 0.6565007141658238, 0.6550006355558123, 0.6517581513949803, 0.6470525094441005, 0.6472768017223903, 0.645199682031359, 0.6399618557521275, 0.6477444512503487, 0.6417137725012643, 0.6348313008035932, 0.6331655297960553, 0.6308553985186985, 0.6313120893069676, 0.6299644112586975, 0.6246320520128522, 0.6306878328323364, 0.629777363368443, 0.632310322352818, 0.6190965005329677, 0.6214260884693691, 0.6244904143469674, 0.619203541960035, 0.6158634168761117, 0.6206726346697126, 0.6169559529849461, 0.6159083502633231, 0.6207822987011501, 0.6166899885450091, 0.6164114390100751, 0.6217918906893048, 0.6211647646767753, 0.6164755395480565, 0.6161632197243827, 0.613405133996691, 0.6126366427966526, 0.614080011844635, 0.6179535644395011, 0.6126764672143119, 0.6150290540286473, 0.6061653579984393, 0.6141480718340192, 0.6169790881020683, 0.6186464514051165, 0.6126786300114223, 0.6126547455787659, 0.6097026126725333, 0.6130214163235256, 0.6104985986437116, 0.6187615309442792, 0.6128668870244708, 0.6196008324623108, 0.6086753010749817, 0.6129402688571385, 0.6134191751480103, 0.6154318026133946, 0.6171137094497681, 0.6101476890700204, 0.6106094377381461, 0.6107895118849618, 0.6118185009275164, 0.6145299843379429, 0.6054765837533134, 0.6177427002361843, 0.6068014332226345, 0.6182997907911029, 0.6109448501041957, 0.6137489421027047, 0.6145862085478646, 0.6129551529884338, 0.6064358353614807, 0.6184883884021214, 0.6098141925675529, 0.6089133109365191, 0.6138491886002677, 0.6138567583901542, 0.610517510346004, 0.6050729240689959, 0.6124799166406903, 0.6085007871900286, 0.6087145720209394, 0.6100433809416634, 0.6171234250068665, 0.608127236366272, 0.6043445978845868, 0.6132677112306867, 0.6086398703711373, 0.6096994195665631, 0.6184304867471967, 0.608811616897583, 0.6056010212217059, 0.6040610330445426, 0.6027070879936218, 0.610004757131849], "train_acc": [0.5876404494382023, 0.5876404494382023, 0.5876404494382023, 0.5876404494382023, 0.5921348314606741, 0.6089887640449438, 0.6224719101123596, 0.6460674157303371, 0.6573033707865169, 0.6550561797752809, 0.647191011235955, 0.648314606741573, 0.647191011235955, 0.6460674157303371, 0.6528089887640449, 0.6449438202247191, 0.6719101123595506, 0.6730337078651686, 0.6764044943820224, 0.6898876404494382, 0.6674157303370787, 0.6865168539325842, 0.6921348314606741, 0.6955056179775281, 0.6775280898876405, 0.6910112359550562, 0.6865168539325842, 0.6943820224719102, 0.6932584269662921, 0.6910112359550562, 0.6887640449438203, 0.6842696629213483, 0.6853932584269663, 0.6797752808988764, 0.6865168539325842, 0.6943820224719102, 0.6898876404494382, 0.6730337078651686, 0.6898876404494382, 0.6831460674157304, 0.6910112359550562, 0.6898876404494382, 0.6842696629213483, 0.6842696629213483, 0.6865168539325842, 0.6853932584269663, 0.6966292134831461, 0.6921348314606741, 0.6932584269662921, 0.6865168539325842, 0.6932584269662921, 0.6876404494382022, 0.6876404494382022, 0.7056179775280899, 0.6910112359550562, 0.6865168539325842, 0.7067415730337079, 0.6898876404494382, 0.7, 0.6932584269662921, 0.697752808988764, 0.6943820224719102, 0.6865168539325842, 0.6943820224719102, 0.6921348314606741, 0.6921348314606741, 0.6910112359550562, 0.6921348314606741, 0.6921348314606741, 0.6865168539325842, 0.701123595505618, 0.6876404494382022, 0.6910112359550562, 0.6943820224719102, 0.701123595505618, 0.698876404494382, 0.698876404494382, 0.6898876404494382, 0.701123595505618, 0.6955056179775281, 0.7, 0.6910112359550562, 0.6820224719101123, 0.7067415730337079, 0.6842696629213483, 0.6910112359550562, 0.6921348314606741, 0.6955056179775281, 0.6842696629213483, 0.7, 0.7033707865168539, 0.6910112359550562, 0.7, 0.6898876404494382, 0.6887640449438203, 0.6955056179775281, 0.7112359550561798, 0.7056179775280899, 0.701123595505618, 0.6966292134831461], "val_loss": [0.6823639273643494, 0.6806874871253967, 0.6796019673347473, 0.6766976118087769, 0.6740140914916992, 0.6719659566879272, 0.6729220151901245, 0.6672565340995789, 0.6654438376426697, 0.6684547662734985, 0.6628513932228088, 0.6603469848632812, 0.6589873433113098, 0.6540040969848633, 0.6513193249702454, 0.65016770362854, 0.6452509164810181, 0.6477505564689636, 0.6412542462348938, 0.6368969082832336, 0.6356211304664612, 0.6344720721244812, 0.6319495439529419, 0.6317327618598938, 0.6346493363380432, 0.6341112852096558, 0.6286582350730896, 0.6288238167762756, 0.632327675819397, 0.6266762018203735, 0.6283270120620728, 0.62734055519104, 0.6256734728813171, 0.6271262168884277, 0.6275150775909424, 0.626002848148346, 0.6270833611488342, 0.6285850405693054, 0.6255339980125427, 0.6236370205879211, 0.623814582824707, 0.625544548034668, 0.6241158246994019, 0.6245423555374146, 0.6240707039833069, 0.6236258149147034, 0.6248399615287781, 0.6253315806388855, 0.6221268177032471, 0.6230477690696716, 0.6242809891700745, 0.6224368810653687, 0.6228558421134949, 0.6218776106834412, 0.6232532262802124, 0.6247228384017944, 0.6221403479576111, 0.6212354898452759, 0.6229677796363831, 0.6246450543403625, 0.6221185922622681, 0.6220661997795105, 0.6296358108520508, 0.6256340146064758, 0.6232172846794128, 0.6250095963478088, 0.6245959401130676, 0.6234673857688904, 0.6223946213722229, 0.6221356987953186, 0.6235091686248779, 0.622848629951477, 0.6228809356689453, 0.6241647601127625, 0.6220552325248718, 0.6221029162406921, 0.6253472566604614, 0.6212387084960938, 0.6207378506660461, 0.6242392659187317, 0.6231778860092163, 0.6228533387184143, 0.6211483478546143, 0.621330201625824, 0.6238621473312378, 0.6230252981185913, 0.621484637260437, 0.6218370199203491, 0.622406005859375, 0.6222919821739197, 0.6265479922294617, 0.6233598589897156, 0.6231154203414917, 0.623344898223877, 0.6231171488761902, 0.6223444938659668, 0.6222237348556519, 0.6237971186637878, 0.6234430074691772, 0.6214891076087952], "val_acc": [0.5765765765765766, 0.5765765765765766, 0.5765765765765766, 0.5765765765765766, 0.5855855855855856, 0.6036036036036037, 0.6036036036036037, 0.6306306306306306, 0.6306306306306306, 0.6126126126126126, 0.6306306306306306, 0.6306306306306306, 0.6306306306306306, 0.6306306306306306, 0.6306306306306306, 0.6036036036036037, 0.7027027027027027, 0.6216216216216216, 0.7027027027027027, 0.6936936936936937, 0.7027027027027027, 0.7207207207207207, 0.6846846846846847, 0.7027027027027027, 0.6666666666666666, 0.6756756756756757, 0.6756756756756757, 0.6756756756756757, 0.6846846846846847, 0.6936936936936937, 0.6846846846846847, 0.6846846846846847, 0.6936936936936937, 0.6756756756756757, 0.6666666666666666, 0.6846846846846847, 0.6576576576576577, 0.6936936936936937, 0.6756756756756757, 0.6756756756756757, 0.6846846846846847, 0.6666666666666666, 0.6756756756756757, 0.6846846846846847, 0.6666666666666666, 0.6756756756756757, 0.6846846846846847, 0.6576576576576577, 0.6846846846846847, 0.6756756756756757, 0.6756756756756757, 0.6846846846846847, 0.6756756756756757, 0.6756756756756757, 0.6756756756756757, 0.6846846846846847, 0.6756756756756757, 0.7027027027027027, 0.6756756756756757, 0.6666666666666666, 0.6756756756756757, 0.6666666666666666, 0.6216216216216216, 0.6756756756756757, 0.6576576576576577, 0.6846846846846847, 0.6756756756756757, 0.6756756756756757, 0.6756756756756757, 0.6756756756756757, 0.6846846846846847, 0.6756756756756757, 0.6846846846846847, 0.6666666666666666, 0.6756756756756757, 0.6756756756756757, 0.6486486486486487, 0.6846846846846847, 0.6846846846846847, 0.6576576576576577, 0.6756756756756757, 0.6756756756756757, 0.6756756756756757, 0.6846846846846847, 0.6486486486486487, 0.6486486486486487, 0.6846846846846847, 0.6756756756756757, 0.6666666666666666, 0.6846846846846847, 0.6486486486486487, 0.6666666666666666, 0.7027027027027027, 0.6576576576576577, 0.6756756756756757, 0.6756756756756757, 0.6756756756756757, 0.6576576576576577, 0.6666666666666666, 0.6936936936936937]}