{"train_loss": [0.6840142096791949, 0.6769371288163322, 0.6737059439931598, 0.6734482986586434, 0.6726666518620082, 0.6659601586205619, 0.6649121727262225, 0.6657405836241586, 0.6652863366263253, 0.6598587121282306, 0.6578847255025592, 0.657549227987017, 0.6472084607396807, 0.6495010001318795, 0.6438227891921997, 0.6424830641065326, 0.643072417804173, 0.6498479076794216, 0.6402550595147269, 0.6394749283790588, 0.6318999869482858, 0.6376810244151524, 0.6378159948757717, 0.6256817153521946, 0.6315936361040387, 0.6281892231532505, 0.6313190715653556, 0.6245969704219273, 0.6224141716957092, 0.6243476441928318, 0.6319373164858136, 0.6237256952694484, 0.6232889294624329, 0.6172005789620536, 0.6345356362206596, 0.6210544279643467, 0.6256818771362305, 0.6334110753876823, 0.6329572626522609, 0.6254949740001133, 0.6201242293630328, 0.6190856269427708, 0.6126238022531781, 0.6125747220856803, 0.6202281628336225, 0.6241980961390904, 0.6267823491777692, 0.6251552530697414, 0.6136157172066825, 0.6182785034179688, 0.620182820728847, 0.6300525920731681, 0.6171609248433795, 0.617000264780862, 0.6159350190843854, 0.6103993228503636, 0.6211331912449428, 0.6224554947444371, 0.6169961776052203, 0.6146754196711949, 0.6056426422936576, 0.6152133941650391, 0.6041922313826424, 0.6069325464112418, 0.625204256602696, 0.6154536519731794, 0.6129864539418902, 0.6135924969400678, 0.6129108922822135, 0.6110892466136387, 0.6105761868613107, 0.6105650918824332, 0.6173568112509591, 0.6147713150296893, 0.6107316187449864, 0.6191741313253131, 0.6185243640627179, 0.6146818654877799, 0.6107442123549325, 0.6077835048948016, 0.6083838854517255, 0.605830865246909, 0.6076938339642116, 0.6084344642502921, 0.6054824675832476, 0.6022086569241115, 0.6133278182574681, 0.6098141159330096, 0.6109001891953605, 0.6029578617640904, 0.6089521987097604, 0.6033146211079189, 0.613941354410989, 0.6058387075151715, 0.6114243950162616, 0.6037772383008685, 0.5967368568692889, 0.6129768661090306, 0.6043409620012555, 0.5968480365616935], "train_acc": [0.5786516853932584, 0.5921348314606741, 0.5921348314606741, 0.5921348314606741, 0.5932584269662922, 0.596629213483146, 0.6168539325842697, 0.651685393258427, 0.6235955056179775, 0.6449438202247191, 0.6426966292134831, 0.6258426966292134, 0.6494382022471911, 0.651685393258427, 0.6550561797752809, 0.651685393258427, 0.6550561797752809, 0.6730337078651686, 0.6539325842696629, 0.6752808988764045, 0.6786516853932584, 0.6752808988764045, 0.6786516853932584, 0.6741573033707865, 0.6764044943820224, 0.6865168539325842, 0.6741573033707865, 0.6831460674157304, 0.698876404494382, 0.6786516853932584, 0.6741573033707865, 0.6764044943820224, 0.6910112359550562, 0.7, 0.6561797752808989, 0.6898876404494382, 0.6820224719101123, 0.6685393258426966, 0.6775280898876405, 0.6831460674157304, 0.6786516853932584, 0.7, 0.6943820224719102, 0.6955056179775281, 0.697752808988764, 0.6865168539325842, 0.6910112359550562, 0.6696629213483146, 0.6887640449438203, 0.6865168539325842, 0.6808988764044944, 0.6842696629213483, 0.6876404494382022, 0.6932584269662921, 0.6865168539325842, 0.6966292134831461, 0.6820224719101123, 0.6820224719101123, 0.6876404494382022, 0.7044943820224719, 0.6898876404494382, 0.6910112359550562, 0.7067415730337079, 0.702247191011236, 0.6808988764044944, 0.6876404494382022, 0.701123595505618, 0.6921348314606741, 0.6955056179775281, 0.6898876404494382, 0.6876404494382022, 0.6966292134831461, 0.6786516853932584, 0.6853932584269663, 0.7, 0.6685393258426966, 0.6910112359550562, 0.6853932584269663, 0.6910112359550562, 0.7, 0.698876404494382, 0.6910112359550562, 0.6955056179775281, 0.6921348314606741, 0.6932584269662921, 0.6853932584269663, 0.6865168539325842, 0.6797752808988764, 0.6887640449438203, 0.6955056179775281, 0.6932584269662921, 0.698876404494382, 0.6786516853932584, 0.6910112359550562, 0.6786516853932584, 0.6865168539325842, 0.701123595505618, 0.6955056179775281, 0.6910112359550562, 0.6966292134831461], "val_loss": [0.6679439544677734, 0.6707625389099121, 0.6693082451820374, 0.6726043820381165, 0.6677179336547852, 0.6657936573028564, 0.6669225096702576, 0.6630851626396179, 0.6517090797424316, 0.6505304574966431, 0.6402100324630737, 0.6391927599906921, 0.6246402263641357, 0.6230788826942444, 0.6209140419960022, 0.609210193157196, 0.6221807599067688, 0.611720860004425, 0.6093758344650269, 0.6089346408843994, 0.6033629179000854, 0.6026544570922852, 0.6025781631469727, 0.6017390489578247, 0.5968593955039978, 0.588537335395813, 0.5856027007102966, 0.6007177829742432, 0.5790629386901855, 0.580538272857666, 0.5961024761199951, 0.5848901271820068, 0.5724613666534424, 0.5732241272926331, 0.5704709887504578, 0.5731551051139832, 0.5833378434181213, 0.5754454731941223, 0.5968847274780273, 0.5734390616416931, 0.5875486731529236, 0.5786893963813782, 0.5648468136787415, 0.5751011371612549, 0.5694108009338379, 0.5692154765129089, 0.5758543014526367, 0.5789111256599426, 0.5551941394805908, 0.586217999458313, 0.5646203756332397, 0.5641313791275024, 0.591888964176178, 0.5601116418838501, 0.5738226771354675, 0.565067708492279, 0.5612407922744751, 0.567179262638092, 0.5651026368141174, 0.5697075128555298, 0.5699836015701294, 0.555209755897522, 0.5624033808708191, 0.5711478590965271, 0.5642468333244324, 0.5631728172302246, 0.5754759907722473, 0.5516380667686462, 0.565818190574646, 0.5626584887504578, 0.5644820332527161, 0.5553361773490906, 0.5703502893447876, 0.5524542927742004, 0.5579262971878052, 0.5587033033370972, 0.5801198482513428, 0.5468272566795349, 0.569146990776062, 0.5515275001525879, 0.561600923538208, 0.555387020111084, 0.5606980919837952, 0.5482928156852722, 0.5635272264480591, 0.5571662187576294, 0.5562248229980469, 0.5453148484230042, 0.5677912831306458, 0.5392158627510071, 0.557310163974762, 0.5543658137321472, 0.5581453442573547, 0.5408629775047302, 0.5589544773101807, 0.5470254421234131, 0.5524977445602417, 0.5738343000411987, 0.5331175327301025, 0.5555433034896851], "val_acc": [0.6216216216216216, 0.6216216216216216, 0.6216216216216216, 0.6486486486486487, 0.6576576576576577, 0.6576576576576577, 0.6756756756756757, 0.6576576576576577, 0.6576576576576577, 0.6756756756756757, 0.6756756756756757, 0.6576576576576577, 0.6666666666666666, 0.7297297297297297, 0.7297297297297297, 0.7387387387387387, 0.6756756756756757, 0.7297297297297297, 0.7117117117117117, 0.7207207207207207, 0.7027027027027027, 0.7027027027027027, 0.7207207207207207, 0.6936936936936937, 0.6846846846846847, 0.6936936936936937, 0.7207207207207207, 0.6846846846846847, 0.7027027027027027, 0.6936936936936937, 0.7027027027027027, 0.7027027027027027, 0.7117117117117117, 0.7027027027027027, 0.7207207207207207, 0.7027027027027027, 0.7207207207207207, 0.7207207207207207, 0.7027027027027027, 0.7567567567567568, 0.6936936936936937, 0.7027027027027027, 0.7207207207207207, 0.7207207207207207, 0.7027027027027027, 0.7027027027027027, 0.7117117117117117, 0.7027027027027027, 0.7657657657657657, 0.7297297297297297, 0.7117117117117117, 0.7207207207207207, 0.7207207207207207, 0.7117117117117117, 0.6936936936936937, 0.7117117117117117, 0.7027027027027027, 0.7117117117117117, 0.7117117117117117, 0.6936936936936937, 0.7117117117117117, 0.7297297297297297, 0.7027027027027027, 0.7207207207207207, 0.7027027027027027, 0.7027027027027027, 0.7207207207207207, 0.7207207207207207, 0.7027027027027027, 0.7027027027027027, 0.7207207207207207, 0.7117117117117117, 0.7027027027027027, 0.7117117117117117, 0.7117117117117117, 0.7027027027027027, 0.7297297297297297, 0.7297297297297297, 0.6936936936936937, 0.7207207207207207, 0.7027027027027027, 0.7027027027027027, 0.7027027027027027, 0.7207207207207207, 0.7117117117117117, 0.7027027027027027, 0.7027027027027027, 0.7297297297297297, 0.7297297297297297, 0.7207207207207207, 0.6846846846846847, 0.6846846846846847, 0.7027027027027027, 0.7297297297297297, 0.6936936936936937, 0.6846846846846847, 0.6846846846846847, 0.7297297297297297, 0.7477477477477478, 0.6936936936936937]}