{"train_loss": [0.6849049244608197, 0.6713865399360657, 0.6696587545531136, 0.6678657702037266, 0.664821982383728, 0.6690694093704224, 0.6515585354396275, 0.6459473967552185, 0.6535326497895377, 0.6402632508959089, 0.643007150718144, 0.6285425680024284, 0.628291198185512, 0.6241997395242963, 0.6309462104524884, 0.6208534070423671, 0.6112224800246102, 0.6139483451843262, 0.5955695595060077, 0.5894968424524579, 0.5942662187985012, 0.6050162145069667, 0.607641305242266, 0.5989694339888436, 0.5800999828747341, 0.585100565637861, 0.5784236192703247, 0.5802816578320095, 0.5774895208222526, 0.5871482576642718, 0.5756708042962211, 0.5776334830692836, 0.572218792779105, 0.5758482898984637, 0.5715508375849042, 0.5797153626169477, 0.5828866192272731, 0.5773645724569049, 0.5705150195530483, 0.5742990885462079, 0.5734375076634544, 0.5744420034544808, 0.5775347011429923, 0.5763142023767743, 0.5707964215959821, 0.5765560354505267, 0.5818477869033813, 0.5688937221254621, 0.5754760078021458, 0.5864812816892352, 0.5821572286742074, 0.5752860137394497, 0.5853267056601388, 0.5792182598795209, 0.5815688712256295, 0.5804846627371651, 0.5749987917287009, 0.5718919464520046, 0.5727763090814862, 0.5695783453328269, 0.5707240530422756, 0.5835116250174386, 0.5764466779572623, 0.5847463778087071, 0.5745220695223127, 0.5755009395735604, 0.5706460731370109, 0.5715387548719134, 0.572436545576368, 0.5697205449853625, 0.5664879424231393, 0.5736822400774274, 0.5745555077280317, 0.5690804294177464, 0.5731318933623177, 0.5704426339694432, 0.5769193938800267, 0.5813386525426593, 0.5727854881967817, 0.5745270763124738, 0.5782584973743984, 0.5727535911968776, 0.5683442183903286, 0.5720785430499485, 0.5764001778193882, 0.5762045383453369, 0.5739771212850299, 0.5698787229401725, 0.572778012071337, 0.5813999857221331, 0.573145466191428, 0.5822972059249878, 0.57854163646698, 0.5718418189457485, 0.5723565646580288, 0.5732452017920358, 0.5735947489738464, 0.5769752519471305, 0.5643368022782462, 0.5714366606303624], "train_acc": [0.5775280898876405, 0.6370786516853932, 0.6449438202247191, 0.601123595505618, 0.651685393258427, 0.6561797752808989, 0.6426966292134831, 0.6640449438202247, 0.6426966292134831, 0.6674157303370787, 0.6426966292134831, 0.6696629213483146, 0.6831460674157304, 0.6752808988764045, 0.6898876404494382, 0.701123595505618, 0.6921348314606741, 0.6786516853932584, 0.7044943820224719, 0.7089887640449438, 0.6955056179775281, 0.6764044943820224, 0.6876404494382022, 0.701123595505618, 0.7078651685393258, 0.7089887640449438, 0.7033707865168539, 0.7089887640449438, 0.7112359550561798, 0.7089887640449438, 0.7157303370786516, 0.7157303370786516, 0.7112359550561798, 0.7067415730337079, 0.7134831460674157, 0.7112359550561798, 0.7112359550561798, 0.7202247191011236, 0.7191011235955056, 0.7134831460674157, 0.7134831460674157, 0.7146067415730337, 0.7224719101123596, 0.7269662921348314, 0.7325842696629213, 0.7146067415730337, 0.7157303370786516, 0.7213483146067415, 0.7235955056179775, 0.7134831460674157, 0.6966292134831461, 0.7224719101123596, 0.7134831460674157, 0.7202247191011236, 0.7078651685393258, 0.7078651685393258, 0.7247191011235955, 0.7202247191011236, 0.7235955056179775, 0.7168539325842697, 0.7146067415730337, 0.698876404494382, 0.7134831460674157, 0.7056179775280899, 0.7101123595505618, 0.7101123595505618, 0.7247191011235955, 0.7224719101123596, 0.7213483146067415, 0.7314606741573034, 0.7191011235955056, 0.7235955056179775, 0.7382022471910112, 0.7191011235955056, 0.7314606741573034, 0.7168539325842697, 0.7247191011235955, 0.698876404494382, 0.7235955056179775, 0.7134831460674157, 0.7101123595505618, 0.7269662921348314, 0.7247191011235955, 0.7191011235955056, 0.7235955056179775, 0.7033707865168539, 0.7202247191011236, 0.7269662921348314, 0.7314606741573034, 0.7089887640449438, 0.7112359550561798, 0.7235955056179775, 0.7157303370786516, 0.7247191011235955, 0.7224719101123596, 0.7134831460674157, 0.7168539325842697, 0.7202247191011236, 0.7213483146067415, 0.7191011235955056], "val_loss": [0.6878764033317566, 0.6852452754974365, 0.6807087659835815, 0.6819546818733215, 0.675934910774231, 0.6964288949966431, 0.6647903323173523, 0.6686339378356934, 0.6880009770393372, 0.6738833785057068, 0.660233736038208, 0.6493633389472961, 0.6454792618751526, 0.6490563750267029, 0.6562737822532654, 0.6374125480651855, 0.6382678151130676, 0.6377114057540894, 0.6147416830062866, 0.6299945712089539, 0.6150212287902832, 0.6314319968223572, 0.6178747415542603, 0.624119758605957, 0.6236683130264282, 0.6129075288772583, 0.6175883412361145, 0.6193352937698364, 0.6201401948928833, 0.6147891283035278, 0.6203886866569519, 0.6209295392036438, 0.6240032315254211, 0.621703028678894, 0.6223012804985046, 0.61798495054245, 0.6332617998123169, 0.6140204071998596, 0.6172311902046204, 0.6213880181312561, 0.6173368096351624, 0.6207310557365417, 0.6331331133842468, 0.6124774813652039, 0.6253821849822998, 0.6356000900268555, 0.6179541349411011, 0.6188153028488159, 0.6354781985282898, 0.6205552220344543, 0.6158801317214966, 0.6191864013671875, 0.6177375316619873, 0.6380847692489624, 0.6220067143440247, 0.6347986459732056, 0.6181631684303284, 0.6230047345161438, 0.6216654777526855, 0.6287564039230347, 0.6270444989204407, 0.6143830418586731, 0.6535636782646179, 0.6182358860969543, 0.6202360987663269, 0.6264225840568542, 0.6292994022369385, 0.6180241703987122, 0.6267901062965393, 0.6223980188369751, 0.6242581605911255, 0.6227867007255554, 0.6278656721115112, 0.6191228628158569, 0.630710780620575, 0.6189466118812561, 0.6249712705612183, 0.6124457716941833, 0.6438823938369751, 0.6286986470222473, 0.6154820322990417, 0.621613085269928, 0.6208406686782837, 0.6355500221252441, 0.6190776228904724, 0.6191970705986023, 0.622947633266449, 0.6255101561546326, 0.6218141913414001, 0.6170608997344971, 0.6243873834609985, 0.6396833658218384, 0.6137399077415466, 0.6281245946884155, 0.6180643439292908, 0.6233222484588623, 0.6169942021369934, 0.6368449926376343, 0.6243930459022522, 0.6154314279556274],