{"train_loss": [0.683313386780875, 0.6767859969820295, 0.6744713272367205, 0.6732577340943473, 0.6720903260367257, 0.6698637519563947, 0.6680604985782078, 0.6640978285244533, 0.6621499913079398, 0.6569605384554181, 0.6544421655791146, 0.6484302537781852, 0.6464304413114276, 0.6412807788167681, 0.6362816521099636, 0.6348891258239746, 0.6337682179042271, 0.6340863449232919, 0.6225386432238987, 0.6282997557095119, 0.6301404322896685, 0.6172798020499093, 0.6258620364325387, 0.6197190710476467, 0.6156771268163409, 0.6139006274087089, 0.6179332222257342, 0.6139803017888751, 0.6166984949793134, 0.6112406594412667, 0.6190978714397976, 0.6124973722866603, 0.6134318879672459, 0.6170511075428554, 0.6147010411534991, 0.6126003350530352, 0.6157527480806623, 0.6140929886272976, 0.6080742137772697, 0.6132226075444903, 0.6151453512055534, 0.61149662733078, 0.6044888326099941, 0.6127742273466927, 0.6139935425349644, 0.6149056042943682, 0.6219041773251125, 0.6134520087923322, 0.6143578972135272, 0.6115204095840454, 0.6153403435434613, 0.618157412324633, 0.6059856755392892, 0.611578643321991, 0.6046813556126186, 0.6030435562133789, 0.6029760156358991, 0.6108172450746808, 0.6094386747905186, 0.617414653301239, 0.6069120424134391, 0.6036893555096218, 0.6060387577329364, 0.6063123941421509, 0.6131987827164787, 0.6098186033112662, 0.6003628628594535, 0.6101531982421875, 0.6125394446509225, 0.600450473172324, 0.6037420375006539, 0.6095410329954964, 0.6106531023979187, 0.6040225965636117, 0.6079828057970319, 0.6088402441569737, 0.6075012939316886, 0.6079527309962681, 0.607718322958265, 0.6103783164705548, 0.6035640069416591, 0.6069192886352539, 0.6018057550702777, 0.6097200853484017, 0.6048778636114938, 0.6066367455891201, 0.6049605352537972, 0.6050863265991211, 0.6086909174919128, 0.6049342240606036, 0.61051858322961, 0.6022898384502956, 0.605149141379765, 0.6056434256689889, 0.6065952692713056, 0.6024667790957859, 0.6083047475133624, 0.6123873165675572, 0.6074431964329311, 0.6059461236000061], "train_acc": [0.5921348314606741, 0.5921348314606741, 0.5921348314606741, 0.5921348314606741, 0.5921348314606741, 0.5921348314606741, 0.5932584269662922, 0.6022471910112359, 0.6213483146067416, 0.6382022471910113, 0.6415730337078651, 0.6550561797752809, 0.6539325842696629, 0.650561797752809, 0.6561797752808989, 0.6629213483146067, 0.6629213483146067, 0.6910112359550562, 0.7, 0.6786516853932584, 0.6797752808988764, 0.7, 0.6797752808988764, 0.6932584269662921, 0.6898876404494382, 0.7033707865168539, 0.701123595505618, 0.6966292134831461, 0.7, 0.7, 0.6820224719101123, 0.6955056179775281, 0.7078651685393258, 0.6955056179775281, 0.6955056179775281, 0.6932584269662921, 0.6887640449438203, 0.6898876404494382, 0.6943820224719102, 0.7033707865168539, 0.7, 0.6910112359550562, 0.7067415730337079, 0.6932584269662921, 0.6842696629213483, 0.6910112359550562, 0.6853932584269663, 0.697752808988764, 0.6921348314606741, 0.6955056179775281, 0.6786516853932584, 0.6786516853932584, 0.698876404494382, 0.6741573033707865, 0.6966292134831461, 0.7078651685393258, 0.6943820224719102, 0.7112359550561798, 0.6820224719101123, 0.6887640449438203, 0.7067415730337079, 0.702247191011236, 0.7101123595505618, 0.698876404494382, 0.6921348314606741, 0.6921348314606741, 0.7112359550561798, 0.6898876404494382, 0.6955056179775281, 0.7112359550561798, 0.698876404494382, 0.6932584269662921, 0.6898876404494382, 0.7, 0.702247191011236, 0.6898876404494382, 0.7, 0.7067415730337079, 0.6966292134831461, 0.6876404494382022, 0.7067415730337079, 0.7056179775280899, 0.6955056179775281, 0.6820224719101123, 0.697752808988764, 0.7, 0.698876404494382, 0.7067415730337079, 0.6887640449438203, 0.7033707865168539, 0.6842696629213483, 0.7067415730337079, 0.7044943820224719, 0.6932584269662921, 0.6910112359550562, 0.702247191011236, 0.6876404494382022, 0.6921348314606741, 0.698876404494382, 0.701123595505618], "val_loss": [0.6745607256889343, 0.6670749187469482, 0.6634297370910645, 0.6624836325645447, 0.662098228931427, 0.6611095666885376, 0.6586686372756958, 0.6552769541740417, 0.6513164639472961, 0.6486001014709473, 0.6435164213180542, 0.6381783485412598, 0.6261440515518188, 0.6192370057106018, 0.6176661849021912, 0.6117610931396484, 0.600466251373291, 0.6052215099334717, 0.590538501739502, 0.6047770380973816, 0.5897872447967529, 0.5792118906974792, 0.5900116562843323, 0.5863282680511475, 0.5854825377464294, 0.5706839561462402, 0.578313946723938, 0.5744969248771667, 0.5698767900466919, 0.5740281343460083, 0.5706053972244263, 0.576827883720398, 0.5701555609703064, 0.5720495581626892, 0.5733223557472229, 0.5622575283050537, 0.5772548913955688, 0.570176899433136, 0.5741914510726929, 0.5662339925765991, 0.5732438564300537, 0.5701518058776855, 0.5615778565406799, 0.5702020525932312, 0.5661690831184387, 0.5709227323532104, 0.56801837682724, 0.5737153887748718, 0.5601567029953003, 0.5665990114212036, 0.5765074491500854, 0.5592584013938904, 0.5815589427947998, 0.5642373561859131, 0.5651681423187256, 0.5687720775604248, 0.5607858300209045, 0.5652638077735901, 0.5655164122581482, 0.5680396556854248, 0.5680173635482788, 0.5614306330680847, 0.5649204254150391, 0.5711736679077148, 0.562191903591156, 0.5633173584938049, 0.5724037885665894, 0.5576403737068176, 0.5655174851417542, 0.5638357400894165, 0.5650845170021057, 0.5617209672927856, 0.5686793923377991, 0.5611554980278015, 0.5657122731208801, 0.5560276508331299, 0.5768043398857117, 0.562330424785614, 0.5586187839508057, 0.5624682903289795, 0.5654764175415039, 0.5610924959182739, 0.5694323182106018, 0.5532985925674438, 0.5676649212837219, 0.5747895836830139, 0.5626711845397949, 0.556663990020752, 0.5722488760948181, 0.5596145391464233, 0.5605736374855042, 0.5753243565559387, 0.564334511756897, 0.5515540242195129, 0.5707515478134155, 0.5619413256645203, 0.5544382929801941, 0.5801557302474976, 0.5553794503211975, 0.5601314306259155], "val_acc": [0.6216216216216216, 0.6216216216216216, 0.6216216216216216, 0.6216216216216216, 0.6216216216216216, 0.6216216216216216, 0.6216216216216216, 0.6576576576576577, 0.6576576576576577, 0.6576576576576577, 0.6666666666666666, 0.6576576576576577, 0.6486486486486487, 0.6576576576576577, 0.6396396396396397, 0.7117117117117117, 0.7297297297297297, 0.6936936936936937, 0.7387387387387387, 0.6936936936936937, 0.6936936936936937, 0.7387387387387387, 0.6936936936936937, 0.6936936936936937, 0.7117117117117117, 0.7477477477477478, 0.6936936936936937, 0.7027027027027027, 0.7297297297297297, 0.7117117117117117, 0.7207207207207207, 0.7207207207207207, 0.7117117117117117, 0.7297297297297297, 0.7207207207207207, 0.7387387387387387, 0.6936936936936937, 0.7387387387387387, 0.6936936936936937, 0.7297297297297297, 0.7207207207207207, 0.7027027027027027, 0.7297297297297297, 0.7117117117117117, 0.7297297297297297, 0.6936936936936937, 0.7297297297297297, 0.7027027027027027, 0.7477477477477478, 0.7207207207207207, 0.6936936936936937, 0.7567567567567568, 0.7027027027027027, 0.7297297297297297, 0.7297297297297297, 0.6936936936936937, 0.7297297297297297, 0.7117117117117117, 0.6936936936936937, 0.7207207207207207, 0.7117117117117117, 0.7207207207207207, 0.7027027027027027, 0.7117117117117117, 0.7027027027027027, 0.7297297297297297, 0.6846846846846847, 0.7207207207207207, 0.7117117117117117, 0.6936936936936937, 0.7027027027027027, 0.7207207207207207, 0.6936936936936937, 0.7387387387387387, 0.7117117117117117, 0.7387387387387387, 0.6846846846846847, 0.7297297297297297, 0.7027027027027027, 0.6936936936936937, 0.7027027027027027, 0.7027027027027027, 0.6756756756756757, 0.7477477477477478, 0.6936936936936937, 0.6936936936936937, 0.7027027027027027, 0.7387387387387387, 0.6756756756756757, 0.7207207207207207, 0.7027027027027027, 0.6846846846846847, 0.7117117117117117, 0.7477477477477478, 0.6756756756756757, 0.7117117117117117, 0.7117117117117117, 0.7027027027027027, 0.7297297297297297, 0.7027027027027027]}