{"train_loss": [0.6950433254241943, 0.6772450464112418, 0.6711169566426959, 0.6725203054291862, 0.6687934909548078, 0.6695352281842913, 0.6650897264480591, 0.6616290381976536, 0.657590525490897, 0.6569641147341047, 0.6516433783939907, 0.6486267106873649, 0.6419489128249032, 0.6379692554473877, 0.6250866225787571, 0.6255615779331752, 0.6252273406301226, 0.6264195357050214, 0.6177240184375218, 0.6199461732591901, 0.6183976445879255, 0.6177968723433358, 0.6154774512563433, 0.6197258744921003, 0.6127600925309318, 0.6109078356197902, 0.6107182587896075, 0.6073584641729083, 0.6091728636196682, 0.6109254615647453, 0.6051922014781407, 0.6010579807417733, 0.5986230543681553, 0.601940929889679, 0.5997280563626971, 0.5959340674536568, 0.6080716848373413, 0.6049689650535583, 0.597593971661159, 0.6059400268963405, 0.6024747576032367, 0.5986117550304958, 0.6094419615609306, 0.6030286465372358, 0.5914821624755859, 0.5967665910720825, 0.599611759185791, 0.595717557838985, 0.5908205849783761, 0.5873871275356838, 0.5919528262955802, 0.5937676770346505, 0.588082092148917, 0.5908736075673785, 0.5954455052103315, 0.5908266391072955, 0.5996582763535636, 0.5915518147604806, 0.5912136520658221, 0.5907865847860064, 0.5903524671282087, 0.590133649962289, 0.5918452910014561, 0.5940983976636615, 0.5988402622086662, 0.6034625172615051, 0.5964354872703552, 0.5913970981325422, 0.5927991611616952, 0.5861414841243199, 0.5955664260046822, 0.5889851706368583, 0.5893683859280178, 0.5910680038588387, 0.5986203891890389, 0.5935154557228088, 0.6030847174780709, 0.5866451774324689, 0.5927920852388654, 0.5955583708626884, 0.5884409461702619, 0.5829106228692191, 0.5827262997627258, 0.5913813880511692, 0.5912772076470512, 0.5846705521856036, 0.5892067892210824, 0.5824993252754211, 0.5894737669399807, 0.5830432091440473, 0.5842633332524981, 0.5889361415590558, 0.589195328099387, 0.5831001486097064, 0.5884818775313241, 0.5869932430131095, 0.5895486133439201, 0.5864000405584063, 0.5900404623576573, 0.5832670756748745], "train_acc": [0.49775280898876406, 0.6022471910112359, 0.6022471910112359, 0.6022471910112359, 0.6022471910112359, 0.6022471910112359, 0.6022471910112359, 0.6022471910112359, 0.6067415730337079, 0.6123595505617978, 0.6258426966292134, 0.6426966292134831, 0.6449438202247191, 0.6719101123595506, 0.6808988764044944, 0.6921348314606741, 0.6876404494382022, 0.6898876404494382, 0.7, 0.6921348314606741, 0.6887640449438203, 0.7, 0.6943820224719102, 0.698876404494382, 0.698876404494382, 0.7044943820224719, 0.6955056179775281, 0.7, 0.7067415730337079, 0.7, 0.7033707865168539, 0.6966292134831461, 0.7056179775280899, 0.7067415730337079, 0.7179775280898877, 0.7134831460674157, 0.7089887640449438, 0.701123595505618, 0.702247191011236, 0.7033707865168539, 0.7123595505617978, 0.7067415730337079, 0.698876404494382, 0.701123595505618, 0.7123595505617978, 0.7123595505617978, 0.701123595505618, 0.7033707865168539, 0.7078651685393258, 0.7067415730337079, 0.702247191011236, 0.7146067415730337, 0.7247191011235955, 0.7067415730337079, 0.701123595505618, 0.7067415730337079, 0.7146067415730337, 0.7123595505617978, 0.7078651685393258, 0.7213483146067415, 0.7067415730337079, 0.7179775280898877, 0.7112359550561798, 0.7056179775280899, 0.7191011235955056, 0.702247191011236, 0.698876404494382, 0.7123595505617978, 0.7134831460674157, 0.7202247191011236, 0.7089887640449438, 0.7033707865168539, 0.7089887640449438, 0.701123595505618, 0.7, 0.7, 0.7, 0.7179775280898877, 0.702247191011236, 0.7, 0.7112359550561798, 0.6966292134831461, 0.7157303370786516, 0.7056179775280899, 0.6932584269662921, 0.697752808988764, 0.7089887640449438, 0.7168539325842697, 0.7044943820224719, 0.7224719101123596, 0.7033707865168539, 0.7078651685393258, 0.7056179775280899, 0.7078651685393258, 0.7157303370786516, 0.702247191011236, 0.7134831460674157, 0.7134831460674157, 0.7146067415730337, 0.7078651685393258], "val_loss": [0.6896623373031616, 0.6944089531898499, 0.7019109725952148, 0.6940855383872986, 0.6867471933364868, 0.6835178732872009, 0.6847107410430908, 0.6798916459083557, 0.6776940822601318, 0.6736419200897217, 0.6626699566841125, 0.6660241484642029, 0.6500642895698547, 0.6523295640945435, 0.6519857048988342, 0.6429025530815125, 0.6464062929153442, 0.6355429291725159, 0.640337347984314, 0.6362192630767822, 0.6380515098571777, 0.6304213404655457, 0.639556348323822, 0.6322047710418701, 0.6369416117668152, 0.6318458914756775, 0.6332775950431824, 0.6336515545845032, 0.6310756802558899, 0.639129638671875, 0.6397680044174194, 0.6339435577392578, 0.6377807259559631, 0.6349491477012634, 0.6410760283470154, 0.6368895769119263, 0.6375706791877747, 0.6375781297683716, 0.6357728242874146, 0.6443930268287659, 0.6357173919677734, 0.6353092193603516, 0.6369215846061707, 0.6339845657348633, 0.6443718671798706, 0.6415402293205261, 0.6384777426719666, 0.6473578810691833, 0.641154408454895, 0.646284818649292, 0.6473045945167542, 0.6433680057525635, 0.6489064693450928, 0.6421502828598022, 0.6470959186553955, 0.6491920351982117, 0.6414695978164673, 0.6501340270042419, 0.6421459317207336, 0.6459944248199463, 0.6504113078117371, 0.647301971912384, 0.6459451913833618, 0.6462422013282776, 0.6488325595855713, 0.6398441791534424, 0.6421101093292236, 0.6527446508407593, 0.6431431174278259, 0.6473442912101746, 0.6499925255775452, 0.640466570854187, 0.6581487059593201, 0.6468667387962341, 0.6414235830307007, 0.6440635919570923, 0.6550813913345337, 0.6374059319496155, 0.6485207080841064, 0.6506661176681519, 0.6449399590492249, 0.6437211036682129, 0.6545875668525696, 0.6471626162528992, 0.6557249426841736, 0.6455324292182922, 0.6508979201316833, 0.6521314382553101, 0.6472627520561218, 0.6525617241859436, 0.6498233675956726, 0.6504179239273071, 0.6468425989151001, 0.6507707238197327, 0.6518182158470154, 0.6479203701019287, 0.6495998501777649, 0.6478041410446167, 0.6519354581832886, 0.6470119953155518], "val_acc": [0.5495495495495496, 0.5495495495495496, 0.5495495495495496, 0.5495495495495496, 0.5495495495495496, 0.5495495495495496, 0.5495495495495496, 0.5495495495495496, 0.5585585585585585, 0.5945945945945946, 0.6036036036036037, 0.5945945945945946, 0.6756756756756757, 0.5855855855855856, 0.6576576576576577, 0.6756756756756757, 0.6666666666666666, 0.6846846846846847, 0.6756756756756757, 0.6936936936936937, 0.6846846846846847, 0.6936936936936937, 0.6756756756756757, 0.6936936936936937, 0.6846846846846847, 0.6666666666666666, 0.6666666666666666, 0.6846846846846847, 0.7027027027027027, 0.6936936936936937, 0.7027027027027027, 0.6756756756756757, 0.7117117117117117, 0.6936936936936937, 0.6846846846846847, 0.6756756756756757, 0.6846846846846847, 0.6756756756756757, 0.6756756756756757, 0.7117117117117117, 0.6846846846846847, 0.6666666666666666, 0.6756756756756757, 0.6666666666666666, 0.6846846846846847, 0.6756756756756757, 0.6846846846846847, 0.6846846846846847, 0.6846846846846847, 0.6666666666666666, 0.6666666666666666, 0.6846846846846847, 0.6846846846846847, 0.6756756756756757, 0.6756756756756757, 0.6756756756756757, 0.6666666666666666, 0.6756756756756757, 0.6576576576576577, 0.6666666666666666, 0.6666666666666666, 0.6666666666666666, 0.6666666666666666, 0.6666666666666666, 0.6846846846846847, 0.6756756756756757, 0.6666666666666666, 0.6756756756756757, 0.6756756756756757, 0.6666666666666666, 0.6756756756756757, 0.6576576576576577, 0.6756756756756757, 0.6576576576576577, 0.6576576576576577, 0.6666666666666666, 0.6936936936936937, 0.6666666666666666, 0.6666666666666666, 0.6756756756756757, 0.6576576576576577, 0.6666666666666666, 0.6756756756756757, 0.6666666666666666, 0.6666666666666666, 0.6666666666666666, 0.6576576576576577, 0.6666666666666666, 0.6666666666666666, 0.6576576576576577, 0.6666666666666666, 0.6666666666666666, 0.6576576576576577, 0.6576576576576577, 0.6666666666666666, 0.6756756756756757, 0.6756756756756757, 0.6666666666666666, 0.6576576576576577, 0.6576576576576577]}