{"train_loss": [0.6816246594701495, 0.6777194312640599, 0.6728499105998448, 0.6699962360518319, 0.6670082892690387, 0.6630054286548069, 0.6629536066736493, 0.6569972123418536, 0.6525698900222778, 0.6481342826570783, 0.6399668880871364, 0.6345680611474174, 0.6302374516214643, 0.627275117806026, 0.6254355396543231, 0.6232466612543378, 0.6181469815117973, 0.6122139777456012, 0.6170829108783177, 0.615497248513358, 0.6085619160107204, 0.6048686759812492, 0.6103762303079877, 0.6087426798684257, 0.6057416115488324, 0.6058529785701207, 0.614864604813712, 0.6140434997422355, 0.6112994466509137, 0.608272135257721, 0.6040726814951215, 0.6068083558763776, 0.6045417530196053, 0.6052940232413155, 0.6024486422538757, 0.6115581563540867, 0.6053225994110107, 0.6048196809632438, 0.6079343557357788, 0.6053615297589984, 0.6111349037715367, 0.6019489254270282, 0.5958227685519627, 0.6055053131920951, 0.6000795790127346, 0.5999167135783604, 0.6049067633492606, 0.5964310594967434, 0.5969001054763794, 0.6053297349384853, 0.6070798124585833, 0.6005249108586993, 0.5993474125862122, 0.6079135792596, 0.6012664863041469, 0.5972616161618914, 0.5981843386377607, 0.6047652023179191, 0.6004560249192374, 0.5984326090131488, 0.6054615889276777, 0.6077676841190883, 0.5989332709993634, 0.6040475794247219, 0.602790083203997, 0.604561414037432, 0.5938682811600822, 0.6014072128704616, 0.6047560913222176, 0.6074616398130145, 0.5996228541646685, 0.5953685641288757, 0.5986039383070809, 0.5942098583493914, 0.5996444480759757, 0.5919110178947449, 0.6095235688345773, 0.599400452205113, 0.5947843194007874, 0.5940529704093933, 0.6014758603913444, 0.6000351224626813, 0.5963327288627625, 0.59754821232387, 0.6008691276822772, 0.5992918014526367, 0.5920179230826241, 0.5990604758262634, 0.6048469798905509, 0.5980924112456185, 0.5887104613440377, 0.6033060891287667, 0.6019367235047477, 0.5919843145779201, 0.5989944338798523, 0.5978020685059684, 0.5947172812053135, 0.596509303365435, 0.5939935530935015, 0.5912907719612122], "train_acc": [0.6, 0.6, 0.6, 0.6, 0.6, 0.5988764044943821, 0.6213483146067416, 0.6146067415730337, 0.6247191011235955, 0.6415730337078651, 0.6662921348314607, 0.6550561797752809, 0.6932584269662921, 0.6831460674157304, 0.6730337078651686, 0.6955056179775281, 0.6910112359550562, 0.6921348314606741, 0.6943820224719102, 0.702247191011236, 0.7112359550561798, 0.7033707865168539, 0.6943820224719102, 0.697752808988764, 0.698876404494382, 0.6943820224719102, 0.6955056179775281, 0.7123595505617978, 0.7033707865168539, 0.6966292134831461, 0.701123595505618, 0.697752808988764, 0.7089887640449438, 0.6910112359550562, 0.7089887640449438, 0.6943820224719102, 0.7146067415730337, 0.7033707865168539, 0.697752808988764, 0.7112359550561798, 0.697752808988764, 0.7112359550561798, 0.7112359550561798, 0.701123595505618, 0.7101123595505618, 0.702247191011236, 0.7033707865168539, 0.7033707865168539, 0.7168539325842697, 0.7089887640449438, 0.6943820224719102, 0.7101123595505618, 0.7123595505617978, 0.697752808988764, 0.7033707865168539, 0.6966292134831461, 0.7, 0.6921348314606741, 0.7033707865168539, 0.702247191011236, 0.6943820224719102, 0.6887640449438203, 0.7056179775280899, 0.7, 0.6955056179775281, 0.6921348314606741, 0.7089887640449438, 0.6966292134831461, 0.7056179775280899, 0.7033707865168539, 0.6910112359550562, 0.7033707865168539, 0.7, 0.7101123595505618, 0.7101123595505618, 0.7033707865168539, 0.6876404494382022, 0.6932584269662921, 0.7101123595505618, 0.7134831460674157, 0.7033707865168539, 0.697752808988764, 0.7112359550561798, 0.702247191011236, 0.7044943820224719, 0.7101123595505618, 0.7146067415730337, 0.7101123595505618, 0.6921348314606741, 0.6966292134831461, 0.7202247191011236, 0.6966292134831461, 0.702247191011236, 0.7033707865168539, 0.702247191011236, 0.7123595505617978, 0.7078651685393258, 0.702247191011236, 0.702247191011236, 0.7056179775280899], "val_loss": [0.6880656480789185, 0.6880894303321838, 0.6892961263656616, 0.6901772022247314, 0.691245436668396, 0.6837827563285828, 0.6783474683761597, 0.6796069741249084, 0.6745928525924683, 0.6640907526016235, 0.6656313538551331, 0.662621259689331, 0.6494989991188049, 0.6574879288673401, 0.6431111097335815, 0.6421610116958618, 0.6438595056533813, 0.6381464004516602, 0.6376952528953552, 0.635981023311615, 0.638556182384491, 0.6337882876396179, 0.6333780288696289, 0.6351227164268494, 0.6322397589683533, 0.6353847980499268, 0.632290244102478, 0.636035144329071, 0.6312435865402222, 0.6354191899299622, 0.6302708983421326, 0.6370812654495239, 0.6309418678283691, 0.6326737403869629, 0.6329628825187683, 0.6287796497344971, 0.6331499218940735, 0.6293546557426453, 0.6276653409004211, 0.6333690285682678, 0.6281688213348389, 0.6303442716598511, 0.6295818090438843, 0.627983570098877, 0.6292218565940857, 0.629668116569519, 0.6293196678161621, 0.6306354999542236, 0.6289113163948059, 0.6284092664718628, 0.6297373175621033, 0.6276656985282898, 0.6276058554649353, 0.628082275390625, 0.6262571215629578, 0.6294733285903931, 0.627306342124939, 0.6268202066421509, 0.6267021894454956, 0.6324863433837891, 0.6277561187744141, 0.6264514923095703, 0.6392263174057007, 0.6265026926994324, 0.6287661194801331, 0.6307359933853149, 0.6250142455101013, 0.6263781785964966, 0.6281645894050598, 0.626329779624939, 0.6305021047592163, 0.6263377666473389, 0.6275768876075745, 0.6303528547286987, 0.6276375651359558, 0.631286084651947, 0.6275872588157654, 0.6320316195487976, 0.6270077228546143, 0.6292552947998047, 0.6289940476417542, 0.6297629475593567, 0.6305555105209351, 0.6291176676750183, 0.627142608165741, 0.6279784440994263, 0.6302415728569031, 0.626753568649292, 0.6286198496818542, 0.6258764863014221, 0.6343258619308472, 0.6271457672119141, 0.6267061233520508, 0.6308790445327759, 0.625969648361206, 0.6260121464729309, 0.6285085082054138, 0.6262649893760681, 0.6266170144081116, 0.6294272541999817], "val_acc": [0.5495495495495496, 0.5495495495495496, 0.5495495495495496, 0.5495495495495496, 0.5495495495495496, 0.5495495495495496, 0.5765765765765766, 0.5765765765765766, 0.5765765765765766, 0.5675675675675675, 0.5945945945945946, 0.5675675675675675, 0.6396396396396397, 0.6576576576576577, 0.5945945945945946, 0.6306306306306306, 0.6396396396396397, 0.6306306306306306, 0.6396396396396397, 0.6306306306306306, 0.6396396396396397, 0.6036036036036037, 0.6486486486486487, 0.6396396396396397, 0.6486486486486487, 0.6306306306306306, 0.6666666666666666, 0.6306306306306306, 0.6216216216216216, 0.6396396396396397, 0.6576576576576577, 0.6486486486486487, 0.6126126126126126, 0.6486486486486487, 0.6486486486486487, 0.6756756756756757, 0.6486486486486487, 0.6486486486486487, 0.6576576576576577, 0.6486486486486487, 0.6486486486486487, 0.6666666666666666, 0.6486486486486487, 0.6306306306306306, 0.6666666666666666, 0.6756756756756757, 0.6666666666666666, 0.6666666666666666, 0.6756756756756757, 0.6306306306306306, 0.6576576576576577, 0.6756756756756757, 0.6756756756756757, 0.6666666666666666, 0.6576576576576577, 0.6666666666666666, 0.6756756756756757, 0.6486486486486487, 0.6576576576576577, 0.6666666666666666, 0.6486486486486487, 0.6576576576576577, 0.6576576576576577, 0.6576576576576577, 0.6486486486486487, 0.6846846846846847, 0.6666666666666666, 0.6576576576576577, 0.6756756756756757, 0.6666666666666666, 0.6846846846846847, 0.6396396396396397, 0.6576576576576577, 0.6756756756756757, 0.6576576576576577, 0.6486486486486487, 0.6756756756756757, 0.6576576576576577, 0.6846846846846847, 0.6666666666666666, 0.6486486486486487, 0.6486486486486487, 0.6576576576576577, 0.6666666666666666, 0.6756756756756757, 0.6756756756756757, 0.6756756756756757, 0.6846846846846847, 0.6756756756756757, 0.6846846846846847, 0.6666666666666666, 0.6756756756756757, 0.6576576576576577, 0.6756756756756757, 0.6846846846846847, 0.6666666666666666, 0.6756756756756757, 0.6846846846846847, 0.6846846846846847, 0.6756756756756757]}