{"train_loss": [0.6799914070538112, 0.6721556271825518, 0.6672184297016689, 0.6646972639220101, 0.6604037455150059, 0.6627716847828456, 0.6357118146760123, 0.6169930270739964, 0.6166219881602696, 0.6043232168470111, 0.5991904394967216, 0.5895811063902718, 0.5896796669278827, 0.5856523428644452, 0.586318986756461, 0.5885409542492458, 0.5784936717578343, 0.5778207310608455, 0.5773033159119743, 0.564036352293832, 0.5687326192855835, 0.5774821383612496, 0.5755308015005929, 0.5707649546010154, 0.5640519346509661, 0.5590876340866089, 0.5621030415807452, 0.5667239597865513, 0.5607372650078365, 0.5664280482700893, 0.5633715391159058, 0.5645073567117963, 0.5600829677922385, 0.5620665635381427, 0.561053454875946, 0.5577410800116402, 0.5680791480200631, 0.564069219997951, 0.5621149369648525, 0.5569730528763362, 0.5580243340560368, 0.554362633398601, 0.5592890466962542, 0.5617642062050956, 0.5589430757931301, 0.5569611191749573, 0.5677675519670758, 0.5622963564736503, 0.5584543347358704, 0.5589276467050824, 0.5641275984900338, 0.5552957483700344, 0.5595150164195469, 0.5623756902558463, 0.561732462474278, 0.5620056816509792, 0.5593973483358111, 0.5568044611385891, 0.5560904826436724, 0.553970456123352, 0.5529815043721881, 0.5592858961650303, 0.5606765236173358, 0.5671344995498657, 0.5578897595405579, 0.5567474790981838, 0.5586484926087516, 0.5559198430606297, 0.5587488114833832, 0.5512710085936955, 0.5519904622009822, 0.5557985476085118, 0.5588819980621338, 0.5528249655451093, 0.5493788378579276, 0.5582122036388942, 0.5604859249932426, 0.5562909330640521, 0.5534064854894366, 0.5559224954673222, 0.5518295126301902, 0.5548331907817295, 0.5469893642834255, 0.5514896937779018, 0.5578811253820147, 0.5553720423153469, 0.5569865703582764, 0.5514025688171387, 0.5484329589775631, 0.5533641832215446, 0.5572676573480878, 0.5578840885843549, 0.5590279613222394, 0.5479936599731445, 0.552932219845908, 0.5531143631253924, 0.5477435333388192, 0.5512282039437976, 0.5549459712845939, 0.5526999235153198], "train_acc": [0.5797752808988764, 0.647191011235955, 0.6438202247191012, 0.6112359550561798, 0.6595505617977528, 0.6696629213483146, 0.651685393258427, 0.6955056179775281, 0.6966292134831461, 0.6932584269662921, 0.7056179775280899, 0.7157303370786516, 0.7044943820224719, 0.6955056179775281, 0.7044943820224719, 0.7056179775280899, 0.7179775280898877, 0.7235955056179775, 0.7067415730337079, 0.7224719101123596, 0.7168539325842697, 0.7101123595505618, 0.7191011235955056, 0.7247191011235955, 0.7179775280898877, 0.7337078651685394, 0.7191011235955056, 0.7235955056179775, 0.7191011235955056, 0.7235955056179775, 0.7235955056179775, 0.7258426966292135, 0.7202247191011236, 0.7247191011235955, 0.7179775280898877, 0.7325842696629213, 0.7269662921348314, 0.7247191011235955, 0.7314606741573034, 0.7269662921348314, 0.7269662921348314, 0.7348314606741573, 0.7269662921348314, 0.7213483146067415, 0.7303370786516854, 0.7247191011235955, 0.7292134831460674, 0.7382022471910112, 0.7337078651685394, 0.7359550561797753, 0.7213483146067415, 0.7359550561797753, 0.7370786516853932, 0.7224719101123596, 0.7258426966292135, 0.7292134831460674, 0.7393258426966293, 0.7348314606741573, 0.7359550561797753, 0.7404494382022472, 0.7370786516853932, 0.7258426966292135, 0.7359550561797753, 0.7235955056179775, 0.7404494382022472, 0.7460674157303371, 0.7370786516853932, 0.7404494382022472, 0.7382022471910112, 0.7404494382022472, 0.7303370786516854, 0.7370786516853932, 0.7325842696629213, 0.7348314606741573, 0.7415730337078652, 0.7292134831460674, 0.7359550561797753, 0.7404494382022472, 0.7370786516853932, 0.7393258426966293, 0.7438202247191011, 0.7359550561797753, 0.7404494382022472, 0.7303370786516854, 0.7426966292134831, 0.7359550561797753, 0.7348314606741573, 0.7382022471910112, 0.7415730337078652, 0.7460674157303371, 0.7415730337078652, 0.7303370786516854, 0.7404494382022472, 0.7404494382022472, 0.7382022471910112, 0.7382022471910112, 0.749438202247191, 0.7325842696629213, 0.7393258426966293, 0.7393258426966293], "val_loss": [0.6902684569358826, 0.6821837425231934, 0.6784281730651855, 0.6796349287033081, 0.6682830452919006, 0.6845131516456604, 0.6358428001403809, 0.6216628551483154, 0.6138156056404114, 0.6124159693717957, 0.5990235805511475, 0.5953636765480042, 0.6047232747077942, 0.60425865650177, 0.6183550953865051, 0.5845534801483154, 0.5816748142242432, 0.6226969361305237, 0.5774405002593994, 0.5854594111442566, 0.578540563583374, 0.5815171003341675, 0.5770111680030823, 0.5797147750854492, 0.570481538772583, 0.572528064250946, 0.5706213116645813, 0.5729937553405762, 0.5743721723556519, 0.5677552223205566, 0.571285605430603, 0.5727884769439697, 0.5677430629730225, 0.5683717727661133, 0.5729957222938538, 0.5686633586883545, 0.5702733397483826, 0.5684826970100403, 0.569738507270813, 0.5644981861114502, 0.5684821009635925, 0.5657012462615967, 0.5718345046043396, 0.5638928413391113, 0.5667720437049866, 0.5773677229881287, 0.5623735785484314, 0.5634456872940063, 0.5743485689163208, 0.5651667714118958, 0.5589859485626221, 0.5625569224357605, 0.5628131628036499, 0.5689701437950134, 0.5618420243263245, 0.5708951950073242, 0.5623748302459717, 0.563002347946167, 0.5636013150215149, 0.5689505934715271, 0.5619447231292725, 0.5580775141716003, 0.5872868895530701, 0.5580649971961975, 0.5617136359214783, 0.5667632222175598, 0.5616888999938965, 0.5598618984222412, 0.5614573359489441, 0.5595968961715698, 0.5622460842132568, 0.5573055744171143, 0.5645707845687866, 0.5611991286277771, 0.5662959814071655, 0.5563287734985352, 0.5648384690284729, 0.5509669780731201, 0.5871231555938721, 0.564125657081604, 0.5550614595413208, 0.5613446831703186, 0.5534769892692566, 0.5762478113174438, 0.5600050687789917, 0.557327926158905, 0.557475209236145, 0.5595331788063049, 0.5605856776237488, 0.5581477284431458, 0.5629239082336426, 0.5577946901321411, 0.5516897439956665, 0.5742796659469604, 0.5521948337554932, 0.5689598321914673, 0.5551289319992065, 0.5695378184318542, 0.5719617009162903, 0.5457063317298889],