{"train_loss": [0.6763953140803746, 0.673921423298972, 0.663580664566585, 0.6631575226783752, 0.6580975907189506, 0.6386948142732892, 0.6163947922842843, 0.5972467746053424, 0.5885180149759565, 0.60932856798172, 0.577804948602404, 0.5822645596095494, 0.5648115277290344, 0.5665964995111737, 0.5638431906700134, 0.5687017100197929, 0.5605385388646807, 0.5696331901209695, 0.5593461905206952, 0.5573543693338122, 0.5549021448407855, 0.5517789721488953, 0.5426521301269531, 0.5467986805098397, 0.5405319929122925, 0.5520306357315609, 0.5572921633720398, 0.5418007458959307, 0.5547419445855277, 0.5493476561137608, 0.5422702048506055, 0.5436604576451438, 0.5422422630446297, 0.5433404445648193, 0.5429595581122807, 0.5450349194662911, 0.5496697000094822, 0.5419680305889675, 0.5503323887075696, 0.5525387610707965, 0.5434036595480782, 0.5424664531435285, 0.5468808029379163, 0.5351932687418801, 0.5391326802117484, 0.5355939524514335, 0.5399521589279175, 0.538465508392879, 0.539246393101556, 0.5344631246158055, 0.5411715635231563, 0.5384115832192558, 0.5355887540749141, 0.5331452190876007, 0.5380722880363464, 0.539948936019625, 0.5380400674683707, 0.5425668614251273, 0.5362262853554317, 0.5339453944138118, 0.5336944077696119, 0.5400606904711042, 0.543558806180954, 0.5396601004259927, 0.5371104308537075, 0.541771914277758, 0.5401280437197004, 0.5344208862100329, 0.5415823587349483, 0.5350871937615531, 0.5429316631385258, 0.5386681854724884, 0.540530298437391, 0.5331579148769379, 0.5353002377918789, 0.5357315966061184, 0.5386625613485064, 0.5345798219953265, 0.5328790673187801, 0.5292710704462869, 0.5329468165125165, 0.5384668963296073, 0.537666631596429, 0.5417163414614541, 0.537631460598537, 0.5339632034301758, 0.5298350751399994, 0.5364153512886592, 0.5340018016951424, 0.5310488343238831, 0.5337502658367157, 0.5355623960494995, 0.5289259425231388, 0.5307700634002686, 0.5329512783459255, 0.5323510680879865, 0.5356521265847343, 0.5332805003438678, 0.5356744144644056, 0.5374086839812142], "train_acc": [0.6292134831460674, 0.6089887640449438, 0.6179775280898876, 0.6292134831460674, 0.6337078651685393, 0.651685393258427, 0.6966292134831461, 0.6921348314606741, 0.6921348314606741, 0.7033707865168539, 0.7247191011235955, 0.7168539325842697, 0.7247191011235955, 0.7213483146067415, 0.7280898876404495, 0.7213483146067415, 0.7224719101123596, 0.7202247191011236, 0.7123595505617978, 0.7370786516853932, 0.7303370786516854, 0.7269662921348314, 0.7337078651685394, 0.7269662921348314, 0.7382022471910112, 0.7224719101123596, 0.7337078651685394, 0.7337078651685394, 0.7325842696629213, 0.7426966292134831, 0.7348314606741573, 0.7359550561797753, 0.7314606741573034, 0.7348314606741573, 0.7415730337078652, 0.7460674157303371, 0.7314606741573034, 0.7471910112359551, 0.7314606741573034, 0.7370786516853932, 0.7359550561797753, 0.7337078651685394, 0.7460674157303371, 0.7415730337078652, 0.744943820224719, 0.749438202247191, 0.7382022471910112, 0.7438202247191011, 0.7438202247191011, 0.750561797752809, 0.744943820224719, 0.7460674157303371, 0.750561797752809, 0.7528089887640449, 0.7471910112359551, 0.7460674157303371, 0.7539325842696629, 0.7528089887640449, 0.750561797752809, 0.749438202247191, 0.7539325842696629, 0.744943820224719, 0.7382022471910112, 0.7438202247191011, 0.7438202247191011, 0.7404494382022472, 0.744943820224719, 0.748314606741573, 0.748314606741573, 0.7460674157303371, 0.7528089887640449, 0.748314606741573, 0.7595505617977528, 0.7528089887640449, 0.7595505617977528, 0.750561797752809, 0.744943820224719, 0.7573033707865169, 0.7539325842696629, 0.7561797752808989, 0.751685393258427, 0.751685393258427, 0.7528089887640449, 0.7426966292134831, 0.7404494382022472, 0.7561797752808989, 0.7640449438202247, 0.750561797752809, 0.7584269662921348, 0.7584269662921348, 0.7584269662921348, 0.7528089887640449, 0.7528089887640449, 0.7573033707865169, 0.7539325842696629, 0.7606741573033707, 0.755056179775281, 0.749438202247191, 0.744943820224719, 0.7438202247191011], "val_loss": [0.7181176543235779, 0.6861461997032166, 0.6927792429924011, 0.6879462003707886, 0.6755506992340088, 0.6578047275543213, 0.6410902142524719, 0.6216489672660828, 0.6092026233673096, 0.6458653807640076, 0.626715898513794, 0.6326355338096619, 0.6212684512138367, 0.6650396585464478, 0.6173964738845825, 0.6160207390785217, 0.6301417946815491, 0.6351511478424072, 0.6098402738571167, 0.6067603230476379, 0.6265478730201721, 0.6132676601409912, 0.6067565083503723, 0.6133262515068054, 0.6205036640167236, 0.6214286684989929, 0.6245615482330322, 0.6255605220794678, 0.6138657331466675, 0.6046868562698364, 0.6137288808822632, 0.6146366000175476, 0.6115030646324158, 0.612065851688385, 0.6173673272132874, 0.6044373512268066, 0.6133662462234497, 0.6257593631744385, 0.6089649796485901, 0.6199275255203247, 0.6199829578399658, 0.614862859249115, 0.6102440357208252, 0.6030594706535339, 0.612872838973999, 0.6189696192741394, 0.6121393442153931, 0.6110085248947144, 0.610899031162262, 0.6138178110122681, 0.6208774447441101, 0.6095962524414062, 0.6110104918479919, 0.6093419194221497, 0.6178500056266785, 0.6128697395324707, 0.6093324422836304, 0.6094432473182678, 0.614448070526123, 0.6125878691673279, 0.6160879731178284, 0.6096663475036621, 0.603965699672699, 0.61327064037323, 0.6158277988433838, 0.6088730692863464, 0.6023654937744141, 0.6140486001968384, 0.613306999206543, 0.6088677644729614, 0.6211819052696228, 0.6043674945831299, 0.6084927320480347, 0.6233255863189697, 0.6090649962425232, 0.5935728549957275, 0.6154518723487854, 0.6087664365768433, 0.605413556098938, 0.6107860803604126, 0.61673903465271, 0.6085094809532166, 0.6095948815345764, 0.6133588552474976, 0.6172266602516174, 0.611542284488678, 0.6102409958839417, 0.6125902533531189, 0.6211766600608826, 0.6095328330993652, 0.6060709953308105, 0.6128263473510742, 0.6092004179954529, 0.6074287295341492, 0.6055032014846802, 0.6181594729423523, 0.6194078326225281, 0.6080824136734009, 0.5968814492225647, 0.6089060306549072],