{"train_loss": [0.6816232034138271, 0.6776448573384967, 0.67213693686894, 0.6672432763235909, 0.6616909759385246, 0.6549233453614371, 0.6477605530193874, 0.6325930101530892, 0.6225026590483529, 0.6158902985709054, 0.6073966452053615, 0.6015921916280474, 0.5911647251674107, 0.6000122087342399, 0.5912788595472064, 0.5975636328969683, 0.5866275940622602, 0.5868134157998222, 0.5843233891895839, 0.589344152382442, 0.578762778214046, 0.5818993704659599, 0.5857329538890294, 0.5851076075008937, 0.5846249886921474, 0.575238151209695, 0.5836861559322902, 0.5831254465239388, 0.5775910701070514, 0.5856134040015084, 0.5777533990996224, 0.5746727585792542, 0.580174948487963, 0.5810775331088475, 0.5750777636255536, 0.5807836481503078, 0.572980923312051, 0.5815816436495099, 0.5832835733890533, 0.5770169411386762, 0.5723907436643328, 0.5800221988133022, 0.5760017888886588, 0.57502395766122, 0.5826622503144401, 0.5791101200239999, 0.5691072855676923, 0.569191438811166, 0.5764963712011065, 0.5706269826207843, 0.5724231600761414, 0.5780494213104248, 0.5701992682048252, 0.5743121419634137, 0.5759194578443255, 0.5709641746112278, 0.5674981858049121, 0.5713139346667698, 0.5694174000195095, 0.5715082458087376, 0.5729758569172451, 0.5712463089397976, 0.573623137814658, 0.5715191960334778, 0.5698909674371991, 0.5702802538871765, 0.5535030748162951, 0.5561931644167218, 0.5666885375976562, 0.5687525527817863, 0.5662108063697815, 0.5627598166465759, 0.5666998284203666, 0.5623312762805394, 0.575433441570827, 0.5625595535550799, 0.5694542782647269, 0.5538949029786246, 0.5633587922368731, 0.5575550241129739, 0.555992841720581, 0.5584701086793628, 0.5644544277872358, 0.5588159050260272, 0.5538901814392635, 0.5540748068264553, 0.5507830168519702, 0.5563749926430839, 0.555579159940992, 0.5560958215168544, 0.5486470290592739, 0.5531011990138462, 0.5486239620617458, 0.5588929568018232, 0.5503015773636954, 0.5379253370421273, 0.552996107510158, 0.5480600084577288, 0.5463801877839225, 0.5412468527044568], "train_acc": [0.601123595505618, 0.6, 0.6, 0.6, 0.6, 0.6089887640449438, 0.6415730337078651, 0.6584269662921348, 0.6786516853932584, 0.6910112359550562, 0.702247191011236, 0.7191011235955056, 0.7112359550561798, 0.7134831460674157, 0.7202247191011236, 0.7033707865168539, 0.7089887640449438, 0.7123595505617978, 0.7134831460674157, 0.7202247191011236, 0.7179775280898877, 0.7258426966292135, 0.7168539325842697, 0.7101123595505618, 0.7303370786516854, 0.7146067415730337, 0.7213483146067415, 0.7213483146067415, 0.7123595505617978, 0.7078651685393258, 0.7235955056179775, 0.7280898876404495, 0.7157303370786516, 0.7235955056179775, 0.7134831460674157, 0.7213483146067415, 0.7112359550561798, 0.7168539325842697, 0.7146067415730337, 0.7213483146067415, 0.7258426966292135, 0.7235955056179775, 0.7280898876404495, 0.7202247191011236, 0.7247191011235955, 0.7269662921348314, 0.7179775280898877, 0.7314606741573034, 0.7213483146067415, 0.7213483146067415, 0.7202247191011236, 0.7146067415730337, 0.7235955056179775, 0.7269662921348314, 0.7078651685393258, 0.7179775280898877, 0.7269662921348314, 0.7247191011235955, 0.7303370786516854, 0.7202247191011236, 0.7247191011235955, 0.7202247191011236, 0.7168539325842697, 0.7247191011235955, 0.7292134831460674, 0.7303370786516854, 0.7370786516853932, 0.7426966292134831, 0.7213483146067415, 0.7179775280898877, 0.7202247191011236, 0.7280898876404495, 0.7224719101123596, 0.7404494382022472, 0.7292134831460674, 0.7213483146067415, 0.7213483146067415, 0.7393258426966293, 0.7258426966292135, 0.7247191011235955, 0.7235955056179775, 0.7370786516853932, 0.7224719101123596, 0.7337078651685394, 0.7303370786516854, 0.7202247191011236, 0.7247191011235955, 0.7235955056179775, 0.7370786516853932, 0.7157303370786516, 0.7292134831460674, 0.7314606741573034, 0.7438202247191011, 0.7292134831460674, 0.7258426966292135, 0.7382022471910112, 0.7359550561797753, 0.7404494382022472, 0.7337078651685394, 0.7314606741573034], "val_loss": [0.6873823404312134, 0.6868012547492981, 0.6855614185333252, 0.682890772819519, 0.6815057992935181, 0.6706650853157043, 0.6637539267539978, 0.6574299931526184, 0.6444460153579712, 0.6360160708427429, 0.6347560286521912, 0.6318071484565735, 0.6271651387214661, 0.6284086108207703, 0.6184596419334412, 0.6177187561988831, 0.6214891672134399, 0.6165673136711121, 0.6154429316520691, 0.6169331073760986, 0.6166513562202454, 0.6143452525138855, 0.6128799319267273, 0.615807056427002, 0.6118711233139038, 0.6147221922874451, 0.6110992431640625, 0.6165786385536194, 0.6133129596710205, 0.6227858066558838, 0.6117368936538696, 0.6205593347549438, 0.6128174662590027, 0.6143743395805359, 0.619795024394989, 0.6118946075439453, 0.6164970993995667, 0.6153074502944946, 0.6112511157989502, 0.6180010437965393, 0.6120852828025818, 0.6150823831558228, 0.6164065003395081, 0.6119382977485657, 0.6149489283561707, 0.6115126013755798, 0.6157345175743103, 0.613696277141571, 0.6116272807121277, 0.6140339374542236, 0.6114215850830078, 0.6101927161216736, 0.611080527305603, 0.6116790771484375, 0.6103516817092896, 0.6163941621780396, 0.6106404066085815, 0.6101841926574707, 0.6129592061042786, 0.6121662855148315, 0.6133809685707092, 0.6090497970581055, 0.6212527751922607, 0.6086066365242004, 0.6154384613037109, 0.6065117120742798, 0.606463611125946, 0.6094770431518555, 0.6090046167373657, 0.6093059182167053, 0.6099715828895569, 0.6032500863075256, 0.614331066608429, 0.6039456129074097, 0.6042212843894958, 0.6096060872077942, 0.5997356176376343, 0.6105039715766907, 0.6007204651832581, 0.6018346548080444, 0.6027613878250122, 0.6002654433250427, 0.6043176651000977, 0.5959863662719727, 0.5982881188392639, 0.5988560318946838, 0.6013752222061157, 0.5927947163581848, 0.5988911390304565, 0.5906425714492798, 0.6064124703407288, 0.5890870094299316, 0.6009058952331543, 0.5877298712730408, 0.5939912796020508, 0.5856034755706787, 0.5936521291732788, 0.5840969085693359, 0.5916609764099121, 0.5844133496284485], "val_acc": [0.5495495495495496, 0.5495495495495496, 0.5495495495495496, 0.5495495495495496, 0.5495495495495496, 0.5855855855855856, 0.5855855855855856, 0.5855855855855856, 0.6306306306306306, 0.6396396396396397, 0.6306306306306306, 0.6486486486486487, 0.6306306306306306, 0.6396396396396397, 0.6486486486486487, 0.6576576576576577, 0.6396396396396397, 0.6486486486486487, 0.6576576576576577, 0.6486486486486487, 0.6666666666666666, 0.6666666666666666, 0.6756756756756757, 0.6576576576576577, 0.6846846846846847, 0.6576576576576577, 0.6846846846846847, 0.6576576576576577, 0.6846846846846847, 0.6396396396396397, 0.6756756756756757, 0.6576576576576577, 0.6846846846846847, 0.6846846846846847, 0.6576576576576577, 0.6936936936936937, 0.6756756756756757, 0.6756756756756757, 0.6936936936936937, 0.6756756756756757, 0.6846846846846847, 0.6756756756756757, 0.6846846846846847, 0.6846846846846847, 0.6756756756756757, 0.6846846846846847, 0.6756756756756757, 0.6756756756756757, 0.6756756756756757, 0.6666666666666666, 0.6756756756756757, 0.6846846846846847, 0.6756756756756757, 0.6666666666666666, 0.6846846846846847, 0.6756756756756757, 0.6846846846846847, 0.6846846846846847, 0.6666666666666666, 0.6756756756756757, 0.6756756756756757, 0.6756756756756757, 0.6756756756756757, 0.6756756756756757, 0.6576576576576577, 0.6756756756756757, 0.6756756756756757, 0.6756756756756757, 0.6756756756756757, 0.6756756756756757, 0.6756756756756757, 0.6846846846846847, 0.6756756756756757, 0.6756756756756757, 0.6666666666666666, 0.6756756756756757, 0.6936936936936937, 0.6846846846846847, 0.6936936936936937, 0.6756756756756757, 0.6846846846846847, 0.6846846846846847, 0.6756756756756757, 0.6936936936936937, 0.6846846846846847, 0.6846846846846847, 0.6756756756756757, 0.6936936936936937, 0.6846846846846847, 0.6936936936936937, 0.6846846846846847, 0.6936936936936937, 0.6846846846846847, 0.7027027027027027, 0.6756756756756757, 0.7027027027027027, 0.6846846846846847, 0.7027027027027027, 0.6756756756756757, 0.7027027027027027]}