{"train_loss": [0.6761071852275303, 0.6738301260130746, 0.6714856028556824, 0.6712749174662999, 0.6648717948368618, 0.6622288056782314, 0.658407986164093, 0.6514269198690142, 0.6464154890605381, 0.6440277865954808, 0.6443834219660077, 0.6405413831983294, 0.6318395052637372, 0.6293776035308838, 0.6167261515344892, 0.6244348287582397, 0.6099985412188939, 0.6127830062593732, 0.6007074458258492, 0.6109330143247332, 0.5978867581912449, 0.5975490382739476, 0.5950417774064201, 0.5900518553597587, 0.5890059811728341, 0.5886215141841343, 0.5996083276612418, 0.5964480808803013, 0.5917991825512477, 0.6006391303879874, 0.5927519202232361, 0.592811473778316, 0.5982267090252468, 0.591450674193246, 0.5886561359677996, 0.5922974007470267, 0.5822452477046421, 0.5759907279695783, 0.588051804474422, 0.5791268008095878, 0.5850357839039394, 0.5826328226498195, 0.5798853039741516, 0.5790762049811227, 0.5736656785011292, 0.5713493696280888, 0.5803273490497044, 0.5801076974187579, 0.5802248546055385, 0.5809369172368731, 0.5699334400040763, 0.5824146441050938, 0.5742835828236171, 0.5804198554583958, 0.5874425428254264, 0.5687095267432076, 0.5757825630051749, 0.5846702711922782, 0.5722687883036477, 0.573210997240884, 0.5849966832569667, 0.5787186452320644, 0.5795923130852836, 0.5828326514789036, 0.5759792327880859, 0.5746403591973441, 0.5744603446551731, 0.5809257115636554, 0.5674271966729846, 0.5723013792719159, 0.570217524256025, 0.5674264899321965, 0.571289232798985, 0.5752977047647748, 0.5748602747917175, 0.5731638073921204, 0.5733724662235805, 0.582489686352866, 0.5695460183279855, 0.5707865953445435, 0.5671391061374119, 0.577101971421923, 0.5656625287873405, 0.5711882880755833, 0.5686833432742527, 0.5638926540102277, 0.5710213354655674, 0.5686778085572379, 0.5740725227764675, 0.5652831367083958, 0.5718567456517901, 0.5720745154789516, 0.5756540468760899, 0.5693071740014213, 0.5568914200578418, 0.5675695964268276, 0.5709853342601231, 0.5819934265954154, 0.5602062089102608, 0.5640671082905361], "train_acc": [0.6056179775280899, 0.6, 0.6, 0.601123595505618, 0.6, 0.6191011235955056, 0.6629213483146067, 0.6382022471910113, 0.6528089887640449, 0.6584269662921348, 0.6415730337078651, 0.648314606741573, 0.6640449438202247, 0.6808988764044944, 0.6898876404494382, 0.6842696629213483, 0.701123595505618, 0.701123595505618, 0.7067415730337079, 0.702247191011236, 0.7078651685393258, 0.7078651685393258, 0.7123595505617978, 0.7123595505617978, 0.7056179775280899, 0.7089887640449438, 0.7, 0.7, 0.7179775280898877, 0.7112359550561798, 0.7179775280898877, 0.7056179775280899, 0.702247191011236, 0.7044943820224719, 0.7213483146067415, 0.7235955056179775, 0.7134831460674157, 0.7168539325842697, 0.7089887640449438, 0.7101123595505618, 0.7067415730337079, 0.7134831460674157, 0.7191011235955056, 0.7123595505617978, 0.7292134831460674, 0.7179775280898877, 0.7168539325842697, 0.7112359550561798, 0.7157303370786516, 0.7213483146067415, 0.7157303370786516, 0.7134831460674157, 0.7235955056179775, 0.7157303370786516, 0.7112359550561798, 0.7179775280898877, 0.7146067415730337, 0.7078651685393258, 0.7202247191011236, 0.7280898876404495, 0.7202247191011236, 0.7033707865168539, 0.7146067415730337, 0.7213483146067415, 0.7134831460674157, 0.7168539325842697, 0.7224719101123596, 0.7247191011235955, 0.7292134831460674, 0.7157303370786516, 0.7179775280898877, 0.7325842696629213, 0.7224719101123596, 0.7179775280898877, 0.7235955056179775, 0.7191011235955056, 0.7191011235955056, 0.7067415730337079, 0.7168539325842697, 0.7280898876404495, 0.7269662921348314, 0.7235955056179775, 0.7146067415730337, 0.7235955056179775, 0.7191011235955056, 0.7191011235955056, 0.7123595505617978, 0.7235955056179775, 0.7303370786516854, 0.7258426966292135, 0.7134831460674157, 0.7303370786516854, 0.7179775280898877, 0.7314606741573034, 0.7235955056179775, 0.7314606741573034, 0.7280898876404495, 0.7213483146067415, 0.7280898876404495, 0.7202247191011236], "val_loss": [0.6904618144035339, 0.6927586197853088, 0.6826339364051819, 0.6801748871803284, 0.6867191791534424, 0.6743935346603394, 0.6732248067855835, 0.6719523072242737, 0.6650547385215759, 0.6680092215538025, 0.6569923162460327, 0.6587117910385132, 0.6491195559501648, 0.6506303548812866, 0.6355540156364441, 0.641510009765625, 0.6263478398323059, 0.6314926147460938, 0.6210596561431885, 0.6204289793968201, 0.6142223477363586, 0.6151809096336365, 0.6118549704551697, 0.6115831732749939, 0.611965537071228, 0.6137815713882446, 0.6099973917007446, 0.6259006857872009, 0.6101694703102112, 0.6177070140838623, 0.6082566976547241, 0.619452953338623, 0.615852952003479, 0.6143327355384827, 0.6185904145240784, 0.6121506094932556, 0.6141625642776489, 0.6171051859855652, 0.610386073589325, 0.6167900562286377, 0.610944390296936, 0.6113423109054565, 0.6149297952651978, 0.6131542921066284, 0.6137942671775818, 0.6174212694168091, 0.6164540648460388, 0.6143335700035095, 0.6107810139656067, 0.6179618239402771, 0.6123630404472351, 0.6140849590301514, 0.6208240985870361, 0.6132622957229614, 0.6177386045455933, 0.6223337054252625, 0.6140665411949158, 0.6167686581611633, 0.6112491488456726, 0.6182132363319397, 0.6167197227478027, 0.6131267547607422, 0.619784951210022, 0.613372802734375, 0.6167795062065125, 0.6179790496826172, 0.6193735003471375, 0.6128502488136292, 0.6211472749710083, 0.6159186959266663, 0.6163695454597473, 0.6157563924789429, 0.6148144602775574, 0.6183225512504578, 0.6157384514808655, 0.6174405217170715, 0.6116641759872437, 0.6254310011863708, 0.6134828925132751, 0.6154334545135498, 0.6190109252929688, 0.61273193359375, 0.6184754371643066, 0.6095653772354126, 0.6124894618988037, 0.615141749382019, 0.6144042015075684, 0.6133197546005249, 0.616844892501831, 0.6070426106452942, 0.6204361915588379, 0.6077225804328918, 0.6075969934463501, 0.6163467764854431, 0.6089539527893066, 0.6126652359962463, 0.6164376139640808, 0.6082940101623535, 0.6076255440711975, 0.6154503226280212], "val_acc": [0.5495495495495496, 0.5495495495495496, 0.5495495495495496, 0.5675675675675675, 0.5675675675675675, 0.5765765765765766, 0.5855855855855856, 0.5765765765765766, 0.5765765765765766, 0.5675675675675675, 0.5765765765765766, 0.5765765765765766, 0.6396396396396397, 0.6396396396396397, 0.6576576576576577, 0.6576576576576577, 0.6576576576576577, 0.6486486486486487, 0.6306306306306306, 0.6486486486486487, 0.6576576576576577, 0.6576576576576577, 0.6666666666666666, 0.6756756756756757, 0.6666666666666666, 0.6666666666666666, 0.6756756756756757, 0.6396396396396397, 0.6936936936936937, 0.6486486486486487, 0.6936936936936937, 0.6666666666666666, 0.6756756756756757, 0.6846846846846847, 0.6396396396396397, 0.6666666666666666, 0.6756756756756757, 0.6576576576576577, 0.6936936936936937, 0.6576576576576577, 0.6756756756756757, 0.6756756756756757, 0.6666666666666666, 0.6666666666666666, 0.6756756756756757, 0.6666666666666666, 0.6756756756756757, 0.6666666666666666, 0.6666666666666666, 0.6576576576576577, 0.6486486486486487, 0.6576576576576577, 0.6576576576576577, 0.6756756756756757, 0.6756756756756757, 0.6666666666666666, 0.6756756756756757, 0.6576576576576577, 0.6756756756756757, 0.6666666666666666, 0.6756756756756757, 0.6936936936936937, 0.6576576576576577, 0.6846846846846847, 0.6666666666666666, 0.6756756756756757, 0.6666666666666666, 0.6666666666666666, 0.6576576576576577, 0.6486486486486487, 0.6666666666666666, 0.6486486486486487, 0.6666666666666666, 0.6576576576576577, 0.6666666666666666, 0.6666666666666666, 0.6756756756756757, 0.6666666666666666, 0.6756756756756757, 0.6666666666666666, 0.6666666666666666, 0.6756756756756757, 0.6756756756756757, 0.6756756756756757, 0.6486486486486487, 0.6666666666666666, 0.6486486486486487, 0.6666666666666666, 0.6576576576576577, 0.6846846846846847, 0.6576576576576577, 0.6756756756756757, 0.6756756756756757, 0.6576576576576577, 0.6666666666666666, 0.6936936936936937, 0.6576576576576577, 0.6756756756756757, 0.6756756756756757, 0.6666666666666666]}