{"train_loss": [0.6859112211636135, 0.6711654833384922, 0.6717530574117389, 0.669230478150504, 0.6670658758708409, 0.6637897150857108, 0.6580262269292559, 0.6557264753750393, 0.6473691037722996, 0.6472550204821995, 0.630395233631134, 0.617963969707489, 0.6134702648435321, 0.6035672341074262, 0.6024660638400486, 0.607646814414433, 0.594609260559082, 0.6088429519108364, 0.5969487173216683, 0.585201552936009, 0.5959421651703971, 0.5819164344242641, 0.5871549929891314, 0.5845801149095807, 0.5856529218809945, 0.5908101115907941, 0.5845294083867755, 0.5875113351004464, 0.5861125418118068, 0.5845129404749189, 0.5773711630276271, 0.5854253172874451, 0.5746394395828247, 0.586733979838235, 0.5783356342996869, 0.5707065633365086, 0.581755016531263, 0.5794477718217033, 0.5856140085629055, 0.5845793655940464, 0.5845475026539394, 0.5752342087881905, 0.5676309721810477, 0.5764149342264447, 0.5757299746785846, 0.5735749857766288, 0.5763908539499555, 0.573450722864696, 0.5715836882591248, 0.5721516353743417, 0.5774286474500384, 0.5614951252937317, 0.5698201315743583, 0.57994658606393, 0.571523095880236, 0.568986143384661, 0.5633101122719901, 0.5684207677841187, 0.5631808894021171, 0.5660279733794076, 0.5598743387631008, 0.5615736075810024, 0.5645069479942322, 0.5692747107573918, 0.5625049429280418, 0.5554270233426776, 0.575148480279105, 0.5627549546105521, 0.5664018988609314, 0.5649685519082206, 0.5706737211772374, 0.5712583916527885, 0.5703320630959102, 0.5550932117870876, 0.5622797608375549, 0.5518868395260402, 0.5731095714228494, 0.5579612595694405, 0.5550865360668727, 0.5616553766386849, 0.565551621573312, 0.5634081023080009, 0.5595272140843528, 0.5618781873158046, 0.5606347748211452, 0.5623102954455784, 0.5572726896830967, 0.5638031704085213, 0.5588033539908273, 0.5581927427223751, 0.5554027855396271, 0.5628743767738342, 0.5613951938492912, 0.5525154045649937, 0.5580013990402222, 0.551046861069543, 0.5426986302648272, 0.5532426748956952, 0.5493392859186444, 0.5571025950568063], "train_acc": [0.5561797752808989, 0.6022471910112359, 0.6022471910112359, 0.6022471910112359, 0.6033707865168539, 0.6168539325842697, 0.6325842696629214, 0.6426966292134831, 0.6314606741573033, 0.648314606741573, 0.6561797752808989, 0.6797752808988764, 0.6921348314606741, 0.7179775280898877, 0.7033707865168539, 0.6943820224719102, 0.7101123595505618, 0.6842696629213483, 0.7101123595505618, 0.7078651685393258, 0.7056179775280899, 0.7258426966292135, 0.7213483146067415, 0.7067415730337079, 0.7157303370786516, 0.7134831460674157, 0.7247191011235955, 0.7247191011235955, 0.7089887640449438, 0.7191011235955056, 0.7134831460674157, 0.7224719101123596, 0.7247191011235955, 0.7168539325842697, 0.7258426966292135, 0.7235955056179775, 0.7157303370786516, 0.7112359550561798, 0.7134831460674157, 0.7078651685393258, 0.7258426966292135, 0.7314606741573034, 0.7191011235955056, 0.7292134831460674, 0.7269662921348314, 0.7247191011235955, 0.7146067415730337, 0.7134831460674157, 0.7235955056179775, 0.7224719101123596, 0.7168539325842697, 0.7325842696629213, 0.7213483146067415, 0.7089887640449438, 0.7157303370786516, 0.7258426966292135, 0.7235955056179775, 0.7191011235955056, 0.7247191011235955, 0.7258426966292135, 0.7359550561797753, 0.7303370786516854, 0.7224719101123596, 0.7191011235955056, 0.7415730337078652, 0.7280898876404495, 0.7146067415730337, 0.7235955056179775, 0.7292134831460674, 0.7168539325842697, 0.7112359550561798, 0.7247191011235955, 0.7179775280898877, 0.7348314606741573, 0.7235955056179775, 0.7359550561797753, 0.7168539325842697, 0.7415730337078652, 0.7269662921348314, 0.7292134831460674, 0.7303370786516854, 0.7292134831460674, 0.7258426966292135, 0.7247191011235955, 0.7202247191011236, 0.7348314606741573, 0.7359550561797753, 0.7348314606741573, 0.7269662921348314, 0.7191011235955056, 0.7258426966292135, 0.7303370786516854, 0.7292134831460674, 0.7370786516853932, 0.7393258426966293, 0.7280898876404495, 0.7370786516853932, 0.7292134831460674, 0.7370786516853932, 0.7269662921348314], "val_loss": [0.6893911361694336, 0.6984649300575256, 0.6876358389854431, 0.6858856678009033, 0.6843137145042419, 0.6773210763931274, 0.6691602468490601, 0.6628649830818176, 0.652955174446106, 0.6512364149093628, 0.6352381110191345, 0.6343661546707153, 0.6222326159477234, 0.6365329027175903, 0.6192259192466736, 0.6157276034355164, 0.6227180361747742, 0.6107094287872314, 0.6132839918136597, 0.6100075244903564, 0.6071890592575073, 0.6130213141441345, 0.6119363307952881, 0.6154617667198181, 0.6100051403045654, 0.6114329695701599, 0.6120286583900452, 0.6094703078269958, 0.6109583377838135, 0.6139789819717407, 0.6172382235527039, 0.6217884421348572, 0.6228981614112854, 0.6220832467079163, 0.6221171617507935, 0.6180890202522278, 0.6182448267936707, 0.6194441318511963, 0.6240463256835938, 0.6180821061134338, 0.6209681630134583, 0.6208428740501404, 0.6223267316818237, 0.628452718257904, 0.6243964433670044, 0.6299533247947693, 0.6234418153762817, 0.6266865730285645, 0.6239382028579712, 0.6333561539649963, 0.6251090168952942, 0.6286286115646362, 0.6248667240142822, 0.6264792680740356, 0.6293177604675293, 0.6327749490737915, 0.6288482546806335, 0.6324219107627869, 0.6327094435691833, 0.6293180584907532, 0.6450446248054504, 0.6405820846557617, 0.6363205313682556, 0.6308127641677856, 0.6391453742980957, 0.6313632726669312, 0.6436384320259094, 0.6324161887168884, 0.6373574733734131, 0.6332504749298096, 0.634514570236206, 0.630292534828186, 0.6313619613647461, 0.6296108961105347, 0.6335434913635254, 0.6359691023826599, 0.6389818787574768, 0.6287620663642883, 0.6406376361846924, 0.6403399705886841, 0.637300431728363, 0.6374847888946533, 0.6436553597450256, 0.6396692395210266, 0.6539719700813293, 0.6363493204116821, 0.6442682147026062, 0.6361823081970215, 0.6430670022964478, 0.6367855072021484, 0.642616331577301, 0.6377993226051331, 0.6286996603012085, 0.636995255947113, 0.6439847350120544, 0.6419973373413086, 0.6444350481033325, 0.645278811454773, 0.645679235458374, 0.6277758479118347],