{"train_loss": [0.6819177440234593, 0.6779986960547311, 0.6746006863457816, 0.6704325590814862, 0.666777491569519, 0.6607362798282078, 0.6524774772780282, 0.6441257851464408, 0.637430761541639, 0.6355801905904498, 0.6306241069521222, 0.6231565730912345, 0.6188304764883858, 0.6089273009981427, 0.6180032406534467, 0.6073628408568246, 0.6091731786727905, 0.6015626192092896, 0.6023522104535785, 0.6039651547159467, 0.6054979392460415, 0.5978664755821228, 0.6060378892081124, 0.6021705269813538, 0.5993189982005528, 0.5887658085141864, 0.59230922801154, 0.5965163963181632, 0.5947997570037842, 0.5938578503472465, 0.5953848191670009, 0.5967128958020892, 0.5927439246858869, 0.5919713633401054, 0.5983395150729588, 0.5904993414878845, 0.6024786744798932, 0.5981735757419041, 0.5853555968829564, 0.5898201806204659, 0.58441333259855, 0.582296005317143, 0.5898758769035339, 0.5869652373450143, 0.6000252195766994, 0.5843502027647836, 0.5844645159585136, 0.579433832849775, 0.5849161658968244, 0.5872273189680917, 0.587715710912432, 0.5799924560955593, 0.579287622656141, 0.585382512637547, 0.5769491025379726, 0.5784587817532676, 0.5746325339589801, 0.5655129296439034, 0.5760074087551662, 0.5731985313551766, 0.5794872215815953, 0.5782235009329659, 0.5716123155185154, 0.5732606734548297, 0.5794939909662519, 0.5707372086388725, 0.5782674295561654, 0.5724093828882489, 0.5656436596597944, 0.5689317924635751, 0.569358365876334, 0.5735137292316982, 0.5665010554449899, 0.5729320900780814, 0.5606488500322614, 0.5518038145133427, 0.5734627332006182, 0.569362359387534, 0.5736707023211888, 0.5632944021906171, 0.5653704149382455, 0.561286849634988, 0.554392295224326, 0.5565681202071053, 0.5540832025664193, 0.5636594891548157, 0.5590420365333557, 0.5587704011372158, 0.5588521105902535, 0.5526158894811358, 0.5611665419169835, 0.559836379119328, 0.558130511215755, 0.5575066762311118, 0.5498002937861851, 0.555736073425838, 0.5611443519592285, 0.5478495742593493, 0.5514912009239197, 0.5524217316082546], "train_acc": [0.5876404494382023, 0.5876404494382023, 0.5876404494382023, 0.5876404494382023, 0.5943820224719101, 0.6179775280898876, 0.6370786516853932, 0.650561797752809, 0.6561797752808989, 0.6561797752808989, 0.6606741573033708, 0.6719101123595506, 0.6853932584269663, 0.6966292134831461, 0.7123595505617978, 0.6966292134831461, 0.697752808988764, 0.7078651685393258, 0.7, 0.6955056179775281, 0.6853932584269663, 0.7033707865168539, 0.697752808988764, 0.7, 0.7056179775280899, 0.7044943820224719, 0.701123595505618, 0.7134831460674157, 0.697752808988764, 0.7056179775280899, 0.6932584269662921, 0.7033707865168539, 0.7078651685393258, 0.7112359550561798, 0.7, 0.7157303370786516, 0.702247191011236, 0.6966292134831461, 0.7168539325842697, 0.6943820224719102, 0.7044943820224719, 0.7191011235955056, 0.7033707865168539, 0.702247191011236, 0.6943820224719102, 0.7123595505617978, 0.7112359550561798, 0.7067415730337079, 0.7123595505617978, 0.7157303370786516, 0.7, 0.7134831460674157, 0.7146067415730337, 0.7078651685393258, 0.7033707865168539, 0.7157303370786516, 0.7224719101123596, 0.7157303370786516, 0.7247191011235955, 0.7191011235955056, 0.7056179775280899, 0.7157303370786516, 0.7280898876404495, 0.7157303370786516, 0.7202247191011236, 0.7213483146067415, 0.7123595505617978, 0.7213483146067415, 0.7235955056179775, 0.7247191011235955, 0.7157303370786516, 0.7213483146067415, 0.7168539325842697, 0.7191011235955056, 0.7112359550561798, 0.7224719101123596, 0.7224719101123596, 0.7179775280898877, 0.7101123595505618, 0.7303370786516854, 0.7359550561797753, 0.7292134831460674, 0.7235955056179775, 0.7348314606741573, 0.7325842696629213, 0.7269662921348314, 0.7235955056179775, 0.7269662921348314, 0.7168539325842697, 0.7235955056179775, 0.7101123595505618, 0.7235955056179775, 0.7292134831460674, 0.7224719101123596, 0.7348314606741573, 0.7213483146067415, 0.7269662921348314, 0.7382022471910112, 0.7191011235955056, 0.7370786516853932], "val_loss": [0.6821624636650085, 0.680173397064209, 0.6779040098190308, 0.6731674075126648, 0.6691469550132751, 0.6647709608078003, 0.6625455021858215, 0.6554245352745056, 0.6518769860267639, 0.6489526033401489, 0.6380136013031006, 0.6346891522407532, 0.6231662034988403, 0.6186648011207581, 0.6171641945838928, 0.6126381754875183, 0.6076672673225403, 0.6062593460083008, 0.6047979593276978, 0.599821150302887, 0.5975536108016968, 0.5967727303504944, 0.599046528339386, 0.5973085165023804, 0.6007028818130493, 0.5965777039527893, 0.5932959318161011, 0.595123827457428, 0.595940113067627, 0.5916597247123718, 0.5980541706085205, 0.5929393768310547, 0.5899196863174438, 0.5923435688018799, 0.597373902797699, 0.5915576815605164, 0.5950086712837219, 0.5939540266990662, 0.5913875102996826, 0.5873433947563171, 0.5870753526687622, 0.5927708148956299, 0.5871874094009399, 0.586482584476471, 0.5897622108459473, 0.5868452191352844, 0.587083637714386, 0.5865176916122437, 0.58350670337677, 0.5862283110618591, 0.58926922082901, 0.5838042497634888, 0.583248496055603, 0.5814366936683655, 0.5860559940338135, 0.581467866897583, 0.5808080434799194, 0.5787049531936646, 0.5879367589950562, 0.5800049304962158, 0.5762004256248474, 0.5815199613571167, 0.5771554708480835, 0.5740698575973511, 0.5853355526924133, 0.5772755742073059, 0.5762292146682739, 0.5749584436416626, 0.5748352408409119, 0.5689935684204102, 0.5723615884780884, 0.5714305639266968, 0.5665544271469116, 0.5673879384994507, 0.5645655989646912, 0.563748836517334, 0.565950334072113, 0.5598405003547668, 0.5601316690444946, 0.5705723166465759, 0.560836136341095, 0.5566881895065308, 0.5562508702278137, 0.5556377172470093, 0.5581076145172119, 0.5511921644210815, 0.5524160861968994, 0.55601567029953, 0.5496087074279785, 0.5630457401275635, 0.5520082712173462, 0.5518604516983032, 0.549841046333313, 0.5564081072807312, 0.5472975969314575, 0.5486032962799072, 0.5462023615837097, 0.5457008481025696, 0.5489830374717712, 0.5445982217788696], "val_acc": [0.5765765765765766, 0.5765765765765766, 0.5765765765765766, 0.5765765765765766, 0.5855855855855856, 0.6126126126126126, 0.6126126126126126, 0.6486486486486487, 0.6306306306306306, 0.6306306306306306, 0.6126126126126126, 0.6126126126126126, 0.7027027027027027, 0.6936936936936937, 0.7027027027027027, 0.6846846846846847, 0.7027027027027027, 0.7027027027027027, 0.7027027027027027, 0.7027027027027027, 0.6936936936936937, 0.7027027027027027, 0.6936936936936937, 0.7027027027027027, 0.6936936936936937, 0.6936936936936937, 0.6846846846846847, 0.6936936936936937, 0.6936936936936937, 0.6846846846846847, 0.6936936936936937, 0.6936936936936937, 0.6846846846846847, 0.6936936936936937, 0.6936936936936937, 0.6936936936936937, 0.7027027027027027, 0.6936936936936937, 0.6846846846846847, 0.6846846846846847, 0.6936936936936937, 0.6936936936936937, 0.6846846846846847, 0.6846846846846847, 0.6846846846846847, 0.6846846846846847, 0.6846846846846847, 0.6846846846846847, 0.6936936936936937, 0.6936936936936937, 0.6846846846846847, 0.6936936936936937, 0.6846846846846847, 0.6936936936936937, 0.6936936936936937, 0.6756756756756757, 0.6756756756756757, 0.6756756756756757, 0.7027027027027027, 0.6666666666666666, 0.6936936936936937, 0.6756756756756757, 0.6936936936936937, 0.6846846846846847, 0.6936936936936937, 0.6846846846846847, 0.6936936936936937, 0.6666666666666666, 0.6936936936936937, 0.6846846846846847, 0.6936936936936937, 0.6756756756756757, 0.6936936936936937, 0.7027027027027027, 0.6666666666666666, 0.6936936936936937, 0.6846846846846847, 0.7027027027027027, 0.7027027027027027, 0.6756756756756757, 0.6846846846846847, 0.6846846846846847, 0.6756756756756757, 0.6666666666666666, 0.6846846846846847, 0.6846846846846847, 0.6576576576576577, 0.7027027027027027, 0.6666666666666666, 0.7207207207207207, 0.6666666666666666, 0.7027027027027027, 0.6576576576576577, 0.6936936936936937, 0.6576576576576577, 0.7117117117117117, 0.6666666666666666, 0.7027027027027027, 0.6846846846846847, 0.6936936936936937]}