{"train_loss": [0.6860484906605312, 0.6747147015162877, 0.673922632421766, 0.6735402430806842, 0.6746495025498527, 0.6720530390739441, 0.673233687877655, 0.6711463587624686, 0.6699947885104588, 0.6684643541063581, 0.666260940687997, 0.6623959967068264, 0.6605491212436131, 0.655620447226933, 0.6516744749886649, 0.651098472731454, 0.638196417263576, 0.6388129166194371, 0.6248440742492676, 0.634163328579494, 0.6269441161836896, 0.6314299021448407, 0.6260094812938145, 0.6240342344556536, 0.6203804441860744, 0.6213707157543727, 0.6267059785979134, 0.6351595776421683, 0.6283432245254517, 0.6213056870869228, 0.6102637052536011, 0.6169521808624268, 0.6169084651129586, 0.617170376437051, 0.6172029801777431, 0.6104648198400225, 0.607305075441088, 0.6070669548852103, 0.6080099940299988, 0.6027802314077105, 0.6028316872460502, 0.6037197623934064, 0.6017088634627206, 0.608343916279929, 0.6034403102738517, 0.5985690695898873, 0.6178134679794312, 0.6045788271086556, 0.6069639154842922, 0.600917671407972, 0.6031902432441711, 0.5997683235577175, 0.6122343114444188, 0.6046973722321647, 0.6005573783602033, 0.5957564541271755, 0.6005583575793675, 0.6036610688482013, 0.6015070336205619, 0.6009222779955182, 0.598044719014849, 0.5997703160558429, 0.607816253389631, 0.6052267210824149, 0.6077599610601153, 0.6009947061538696, 0.6014025892530169, 0.6049156188964844, 0.6005244936261859, 0.5990717325891767, 0.6085931658744812, 0.5983484557696751, 0.605545733656202, 0.5928862605776105, 0.5921022721699306, 0.5998019831521171, 0.6025394967624119, 0.6018127884183612, 0.6007637637002128, 0.5999711581638881, 0.5987000976290021, 0.5944917798042297, 0.6006584593227932, 0.6024583748408726, 0.5967169744627816, 0.5955473269735064, 0.5992187772478376, 0.5944123523575919, 0.5981841513088771, 0.6000129154750279, 0.6003415754863194, 0.597985599722181, 0.5895435639790126, 0.5987334166254316, 0.5908815605299813, 0.5934456331389291, 0.5953971062387738, 0.5923124381474086, 0.598412139075143, 0.599964806011745], "train_acc": [0.5404494382022472, 0.6, 0.6, 0.6, 0.6, 0.6, 0.6, 0.6, 0.6, 0.6, 0.6, 0.6, 0.6, 0.6022471910112359, 0.6348314606741573, 0.6584269662921348, 0.6629213483146067, 0.6696629213483146, 0.6932584269662921, 0.6696629213483146, 0.6752808988764045, 0.6550561797752809, 0.6651685393258427, 0.6921348314606741, 0.6943820224719102, 0.6865168539325842, 0.6842696629213483, 0.6629213483146067, 0.6853932584269663, 0.6898876404494382, 0.6910112359550562, 0.6842696629213483, 0.6820224719101123, 0.698876404494382, 0.6921348314606741, 0.6865168539325842, 0.7112359550561798, 0.698876404494382, 0.697752808988764, 0.6966292134831461, 0.702247191011236, 0.701123595505618, 0.7033707865168539, 0.6932584269662921, 0.697752808988764, 0.7089887640449438, 0.6932584269662921, 0.6898876404494382, 0.697752808988764, 0.702247191011236, 0.7033707865168539, 0.7112359550561798, 0.697752808988764, 0.7, 0.7089887640449438, 0.7089887640449438, 0.7044943820224719, 0.6910112359550562, 0.7078651685393258, 0.6943820224719102, 0.7123595505617978, 0.697752808988764, 0.6955056179775281, 0.6955056179775281, 0.6955056179775281, 0.6943820224719102, 0.7112359550561798, 0.6966292134831461, 0.697752808988764, 0.7044943820224719, 0.6932584269662921, 0.7101123595505618, 0.702247191011236, 0.702247191011236, 0.7078651685393258, 0.698876404494382, 0.702247191011236, 0.702247191011236, 0.6932584269662921, 0.7134831460674157, 0.7033707865168539, 0.7089887640449438, 0.7067415730337079, 0.7044943820224719, 0.698876404494382, 0.7112359550561798, 0.7044943820224719, 0.7033707865168539, 0.698876404494382, 0.6955056179775281, 0.7101123595505618, 0.7, 0.7078651685393258, 0.697752808988764, 0.7078651685393258, 0.7056179775280899, 0.7134831460674157, 0.7101123595505618, 0.7044943820224719, 0.7078651685393258], "val_loss": [0.6885241270065308, 0.6947942972183228, 0.6883724927902222, 0.6882445812225342, 0.6926813125610352, 0.6884961724281311, 0.6871726512908936, 0.6877727508544922, 0.6897501945495605, 0.6845200061798096, 0.6849640011787415, 0.6836692690849304, 0.6781120896339417, 0.6843693852424622, 0.6600461602210999, 0.6651645302772522, 0.6500658392906189, 0.6549153327941895, 0.6529892683029175, 0.645384669303894, 0.6455724239349365, 0.6480675935745239, 0.6447268724441528, 0.6395053267478943, 0.6413560509681702, 0.6406983137130737, 0.6409695148468018, 0.6327043175697327, 0.630084216594696, 0.6327498555183411, 0.625702977180481, 0.626366138458252, 0.6289036273956299, 0.6257216930389404, 0.6235443949699402, 0.6230299472808838, 0.6225247979164124, 0.624017059803009, 0.6236266493797302, 0.6242437362670898, 0.6251137256622314, 0.6239967942237854, 0.6237121224403381, 0.6270649433135986, 0.6276147365570068, 0.6259497404098511, 0.6303900480270386, 0.6266465187072754, 0.6247155070304871, 0.6266911625862122, 0.6252515912055969, 0.6282079815864563, 0.6260902881622314, 0.62760329246521, 0.6279830932617188, 0.6312896609306335, 0.6300864815711975, 0.6272278428077698, 0.6275575160980225, 0.6285642981529236, 0.6291463971138, 0.6285305619239807, 0.6263598203659058, 0.6270065903663635, 0.6299723982810974, 0.6289124488830566, 0.6322954297065735, 0.632381796836853, 0.6318665146827698, 0.6257150769233704, 0.6294163465499878, 0.6329313516616821, 0.6372915506362915, 0.6326670050621033, 0.632206380367279, 0.6353275775909424, 0.629672646522522, 0.633051872253418, 0.6313912868499756, 0.632933497428894, 0.6330261826515198, 0.6315072774887085, 0.6303772330284119, 0.628053605556488, 0.6269963383674622, 0.6260250210762024, 0.633639931678772, 0.6324257254600525, 0.6305268406867981, 0.6264505386352539, 0.6343698501586914, 0.6296588778495789, 0.6307791471481323, 0.6347044706344604, 0.6350356936454773, 0.6308967471122742, 0.6307038068771362, 0.6278563737869263, 0.627672553062439, 0.6301056742668152], "val_acc": [0.5495495495495496, 0.5495495495495496, 0.5495495495495496, 0.5495495495495496, 0.5495495495495496, 0.5495495495495496, 0.5495495495495496, 0.5495495495495496, 0.5495495495495496, 0.5495495495495496, 0.5495495495495496, 0.5495495495495496, 0.5495495495495496, 0.5675675675675675, 0.6666666666666666, 0.6216216216216216, 0.6306306306306306, 0.6486486486486487, 0.6486486486486487, 0.6216216216216216, 0.6216216216216216, 0.6216216216216216, 0.6126126126126126, 0.6486486486486487, 0.6036036036036037, 0.6396396396396397, 0.6216216216216216, 0.6576576576576577, 0.6486486486486487, 0.6576576576576577, 0.6666666666666666, 0.6756756756756757, 0.6486486486486487, 0.7027027027027027, 0.6576576576576577, 0.6756756756756757, 0.6486486486486487, 0.6396396396396397, 0.6576576576576577, 0.6576576576576577, 0.6396396396396397, 0.6486486486486487, 0.6486486486486487, 0.6306306306306306, 0.6486486486486487, 0.6486486486486487, 0.6666666666666666, 0.6396396396396397, 0.6666666666666666, 0.6486486486486487, 0.6486486486486487, 0.6936936936936937, 0.6666666666666666, 0.6756756756756757, 0.6486486486486487, 0.6846846846846847, 0.6306306306306306, 0.6756756756756757, 0.6486486486486487, 0.6936936936936937, 0.6486486486486487, 0.6846846846846847, 0.6666666666666666, 0.6666666666666666, 0.6846846846846847, 0.6576576576576577, 0.6936936936936937, 0.6756756756756757, 0.6396396396396397, 0.6756756756756757, 0.6846846846846847, 0.6396396396396397, 0.6846846846846847, 0.6756756756756757, 0.6396396396396397, 0.6846846846846847, 0.6396396396396397, 0.6936936936936937, 0.6576576576576577, 0.6396396396396397, 0.6486486486486487, 0.6576576576576577, 0.7027027027027027, 0.6486486486486487, 0.6756756756756757, 0.6756756756756757, 0.6936936936936937, 0.6576576576576577, 0.6756756756756757, 0.6486486486486487, 0.6936936936936937, 0.6486486486486487, 0.6846846846846847, 0.6576576576576577, 0.6756756756756757, 0.6486486486486487, 0.6846846846846847, 0.6486486486486487, 0.6756756756756757, 0.6756756756756757]}