{"train_loss": [0.7018165247780936, 0.6937353440693447, 0.67765383209501, 0.6707181079047067, 0.6707207305090768, 0.6691187449863979, 0.6692365407943726, 0.6662213376590184, 0.6664237805775234, 0.6614882946014404, 0.6651555299758911, 0.6578706843512399, 0.6559636507715497, 0.6455242037773132, 0.6463170903069633, 0.6489372253417969, 0.6416983263833183, 0.6332780293055943, 0.6336467095783779, 0.6221295935767037, 0.618054951940264, 0.6174710392951965, 0.6218860064234052, 0.6181180647441319, 0.6075471554483686, 0.612111576965877, 0.6172124147415161, 0.6161053947040013, 0.6149301273482186, 0.617584194455828, 0.6095716612679618, 0.6199404086385455, 0.6131786959511893, 0.6129288332802909, 0.6085599064826965, 0.605288028717041, 0.6154987726892743, 0.6091105682509286, 0.6078086495399475, 0.6048595394407, 0.5979835220745632, 0.6048585942813328, 0.6100711311612811, 0.6105861748967852, 0.6016499485288348, 0.6102981907980782, 0.6041882463863918, 0.6021719915526254, 0.6046399474143982, 0.5967151607785907, 0.6171865463256836, 0.6107268503734044, 0.6035675917352948, 0.6007988708359855, 0.5930835860116142, 0.6039627705301557, 0.5978509272847857, 0.6009242108889988, 0.5998947024345398, 0.6022732342992511, 0.6019651804651532, 0.5991094197545733, 0.6063944186483111, 0.605796183858599, 0.5943116460527692, 0.6019408787999835, 0.5970172371183123, 0.6030605775969369, 0.6000608546393258, 0.6021988051278251, 0.6007432852472577, 0.5929054192134312, 0.6038046479225159, 0.5966790318489075, 0.592268807547433, 0.5979474357196263, 0.5966419407299587, 0.6035973089081901, 0.596152663230896, 0.5961155550820487, 0.5916695424488613, 0.6004078813961574, 0.5932673386165074, 0.5972362586430141, 0.5988210269383022, 0.6033321874482291, 0.5992629528045654, 0.5948368992124285, 0.5966436607497079, 0.5937643391745431, 0.5954360621316093, 0.59855717420578, 0.5950471077646527, 0.5978984917913165, 0.5936570678438459, 0.5959930079323905, 0.5895628503390721, 0.5960918835231236, 0.6012004443577358, 0.5898567267826625], "train_acc": [0.4, 0.5, 0.6, 0.6, 0.6, 0.6, 0.6, 0.6, 0.6, 0.6, 0.6, 0.6, 0.6247191011235955, 0.6393258426966292, 0.647191011235955, 0.6853932584269663, 0.6617977528089888, 0.6898876404494382, 0.6662921348314607, 0.6898876404494382, 0.7, 0.697752808988764, 0.6921348314606741, 0.6943820224719102, 0.7078651685393258, 0.701123595505618, 0.7, 0.7056179775280899, 0.697752808988764, 0.6943820224719102, 0.6943820224719102, 0.6876404494382022, 0.697752808988764, 0.697752808988764, 0.697752808988764, 0.697752808988764, 0.6820224719101123, 0.7, 0.702247191011236, 0.701123595505618, 0.7146067415730337, 0.7146067415730337, 0.6955056179775281, 0.697752808988764, 0.7056179775280899, 0.6943820224719102, 0.7033707865168539, 0.7033707865168539, 0.7089887640449438, 0.7067415730337079, 0.6887640449438203, 0.701123595505618, 0.7044943820224719, 0.7134831460674157, 0.7123595505617978, 0.7078651685393258, 0.7033707865168539, 0.6921348314606741, 0.7123595505617978, 0.7112359550561798, 0.7056179775280899, 0.6876404494382022, 0.7044943820224719, 0.7, 0.698876404494382, 0.7101123595505618, 0.701123595505618, 0.6921348314606741, 0.7089887640449438, 0.7101123595505618, 0.702247191011236, 0.7202247191011236, 0.7, 0.7112359550561798, 0.7134831460674157, 0.7067415730337079, 0.6966292134831461, 0.6943820224719102, 0.7101123595505618, 0.7067415730337079, 0.701123595505618, 0.7067415730337079, 0.7067415730337079, 0.7089887640449438, 0.7078651685393258, 0.6910112359550562, 0.7112359550561798, 0.7078651685393258, 0.7123595505617978, 0.7157303370786516, 0.7089887640449438, 0.7191011235955056, 0.6966292134831461, 0.7146067415730337, 0.7134831460674157, 0.7101123595505618, 0.7157303370786516, 0.7067415730337079, 0.701123595505618, 0.7134831460674157], "val_loss": [0.6957998275756836, 0.6901293396949768, 0.6911382079124451, 0.6975169777870178, 0.6954053640365601, 0.6876391768455505, 0.6865146160125732, 0.6898098587989807, 0.6913835406303406, 0.6850554943084717, 0.682794988155365, 0.6872185468673706, 0.6723776459693909, 0.6895793080329895, 0.6641470193862915, 0.6718428730964661, 0.6495016813278198, 0.6776502728462219, 0.6500616073608398, 0.6617709398269653, 0.6430772542953491, 0.6526482105255127, 0.6448116302490234, 0.6366311311721802, 0.6313679814338684, 0.6442099213600159, 0.6328955292701721, 0.6343661546707153, 0.6312907338142395, 0.6398351192474365, 0.628240704536438, 0.6405974626541138, 0.6319116353988647, 0.631553053855896, 0.628246009349823, 0.6375205516815186, 0.6343744397163391, 0.6233852505683899, 0.6236015558242798, 0.6270654201507568, 0.6280786395072937, 0.622779905796051, 0.6197050213813782, 0.6201678514480591, 0.6265540719032288, 0.6239839196205139, 0.6226182579994202, 0.6230790615081787, 0.6187031865119934, 0.6269803643226624, 0.6235253810882568, 0.6214457750320435, 0.6227807402610779, 0.6228797435760498, 0.6313620209693909, 0.6223898530006409, 0.6245170831680298, 0.6287421584129333, 0.6246183514595032, 0.6210622787475586, 0.6228342652320862, 0.6220028400421143, 0.6305795907974243, 0.6224179863929749, 0.6305007934570312, 0.6222683787345886, 0.6249889731407166, 0.6248840689659119, 0.6228517889976501, 0.6220709085464478, 0.6257460117340088, 0.6232069730758667, 0.6291192770004272, 0.6246519088745117, 0.6266200542449951, 0.6256377696990967, 0.6199958324432373, 0.62703537940979, 0.6273360252380371, 0.6246366500854492, 0.6295456290245056, 0.6264289617538452, 0.6261458396911621, 0.6240670084953308, 0.6247568726539612, 0.6227633357048035, 0.628980278968811, 0.6245042681694031, 0.6294597387313843, 0.6243607401847839, 0.6319467425346375, 0.6251346468925476, 0.6255454421043396, 0.6304259300231934, 0.6252046823501587, 0.628563404083252, 0.6296675205230713, 0.6233686208724976, 0.6231836676597595, 0.6260154843330383], "val_acc": [0.45045045045045046, 0.5495495495495496, 0.5495495495495496, 0.5495495495495496, 0.5495495495495496, 0.5495495495495496, 0.5495495495495496, 0.5495495495495496, 0.5495495495495496, 0.5495495495495496, 0.5495495495495496, 0.5495495495495496, 0.5315315315315315, 0.5765765765765766, 0.6486486486486487, 0.5675675675675675, 0.6486486486486487, 0.5945945945945946, 0.6486486486486487, 0.6756756756756757, 0.6306306306306306, 0.6576576576576577, 0.6396396396396397, 0.6486486486486487, 0.6396396396396397, 0.6486486486486487, 0.6486486486486487, 0.6486486486486487, 0.6486486486486487, 0.6576576576576577, 0.6486486486486487, 0.6666666666666666, 0.6486486486486487, 0.6666666666666666, 0.6576576576576577, 0.6666666666666666, 0.6666666666666666, 0.6846846846846847, 0.6756756756756757, 0.6666666666666666, 0.6756756756756757, 0.6936936936936937, 0.6756756756756757, 0.6666666666666666, 0.6846846846846847, 0.6666666666666666, 0.6846846846846847, 0.6846846846846847, 0.6666666666666666, 0.6666666666666666, 0.6846846846846847, 0.6756756756756757, 0.6936936936936937, 0.6846846846846847, 0.6666666666666666, 0.6846846846846847, 0.6756756756756757, 0.6666666666666666, 0.6846846846846847, 0.6936936936936937, 0.6756756756756757, 0.6846846846846847, 0.7027027027027027, 0.6576576576576577, 0.7027027027027027, 0.6936936936936937, 0.6666666666666666, 0.6846846846846847, 0.6846846846846847, 0.6756756756756757, 0.7027027027027027, 0.6756756756756757, 0.7027027027027027, 0.6756756756756757, 0.6936936936936937, 0.7027027027027027, 0.6846846846846847, 0.6936936936936937, 0.6936936936936937, 0.6756756756756757, 0.6846846846846847, 0.6756756756756757, 0.7027027027027027, 0.6756756756756757, 0.6846846846846847, 0.6756756756756757, 0.6936936936936937, 0.6666666666666666, 0.7027027027027027, 0.6666666666666666, 0.7027027027027027, 0.6576576576576577, 0.7117117117117117, 0.7027027027027027, 0.6666666666666666, 0.6666666666666666, 0.7027027027027027, 0.6756756756756757, 0.6756756756756757, 0.7027027027027027]}