{"train_loss": [0.7136238387652806, 0.6832001635006496, 0.6749073777879987, 0.6543524861335754, 0.6439241085733686, 0.6529181514467511, 0.6692395295415606, 0.6742098331451416, 0.656046313898904, 0.6373903921672276, 0.6464806454522269, 0.6279877594539097, 0.6436935152326312, 0.625483078616006, 0.6226399200303214, 0.6413296205656869, 0.6362614631652832, 0.6182628955159869, 0.626784120287214, 0.6123722536223275, 0.5936519418443952, 0.5911868810653687, 0.583036754812513, 0.5868364913122994, 0.6073406764439174, 0.5983898980276925, 0.596925152199609, 0.5891988703182766, 0.5816235201699393, 0.5757961443492344, 0.5934197136334011, 0.5740339074816022, 0.5778309873172215, 0.5812223042760577, 0.5757125190326146, 0.5850484796932766, 0.5839433244296482, 0.6063171880585807, 0.5812878438404628, 0.5862764205251422, 0.5719839249338422, 0.5759518146514893, 0.5743767278535026, 0.5687429819788251, 0.574303320475987, 0.5846253378050668, 0.5861058746065412, 0.5702776994024005, 0.5805189268929618, 0.5738134809902736, 0.5902531147003174, 0.5921086583818708, 0.5874427897589547, 0.577467816216605, 0.5775766883577619, 0.5781276566641671, 0.571801449571337, 0.5655786565371922, 0.5658950805664062, 0.5705083438328334, 0.5877962538174221, 0.5810743740626744, 0.5797600746154785, 0.5801391175815037, 0.588486543723515, 0.5780516351972308, 0.5867494685309274, 0.567886940070561, 0.5775341306413923, 0.5700002440384456, 0.5770062804222107, 0.5687605483191354, 0.5725014720644269, 0.572692905153547, 0.5686637759208679, 0.5694728451115745, 0.5757221238953727, 0.58530136517116, 0.5678389498165676, 0.5782511362007686, 0.5731287002563477, 0.5714486837387085, 0.5653554541724068, 0.5725849611418588, 0.5776629533086505, 0.5717507430485317, 0.5665232454027448, 0.5765851821218219, 0.5643213731901986, 0.5770731568336487, 0.5784501050199781, 0.6017933828490121, 0.5868759410721915, 0.5854574356760297, 0.5809061356953212, 0.5677667260169983, 0.5691205263137817, 0.5718384981155396, 0.5694565176963806, 0.569965490273067], "train_acc": [0.5168539325842697, 0.6337078651685393, 0.6325842696629214, 0.6449438202247191, 0.6707865168539325, 0.6561797752808989, 0.6258426966292134, 0.6202247191011236, 0.650561797752809, 0.6685393258426966, 0.6573033707865169, 0.650561797752809, 0.6606741573033708, 0.6640449438202247, 0.6943820224719102, 0.6685393258426966, 0.6797752808988764, 0.6887640449438203, 0.6797752808988764, 0.6876404494382022, 0.698876404494382, 0.7078651685393258, 0.7056179775280899, 0.7157303370786516, 0.6808988764044944, 0.6797752808988764, 0.7078651685393258, 0.7101123595505618, 0.7078651685393258, 0.7179775280898877, 0.701123595505618, 0.7157303370786516, 0.7157303370786516, 0.7056179775280899, 0.7146067415730337, 0.7101123595505618, 0.701123595505618, 0.6719101123595506, 0.7134831460674157, 0.698876404494382, 0.7213483146067415, 0.7191011235955056, 0.7224719101123596, 0.7179775280898877, 0.7157303370786516, 0.7112359550561798, 0.7056179775280899, 0.7258426966292135, 0.7202247191011236, 0.7224719101123596, 0.7146067415730337, 0.702247191011236, 0.7146067415730337, 0.7101123595505618, 0.7134831460674157, 0.7168539325842697, 0.7280898876404495, 0.7157303370786516, 0.7191011235955056, 0.7202247191011236, 0.7078651685393258, 0.7101123595505618, 0.7179775280898877, 0.7157303370786516, 0.7202247191011236, 0.7033707865168539, 0.7157303370786516, 0.7258426966292135, 0.7112359550561798, 0.7112359550561798, 0.7213483146067415, 0.7359550561797753, 0.7303370786516854, 0.7292134831460674, 0.7213483146067415, 0.7191011235955056, 0.7235955056179775, 0.7078651685393258, 0.7303370786516854, 0.7269662921348314, 0.7258426966292135, 0.7258426966292135, 0.7247191011235955, 0.7314606741573034, 0.7280898876404495, 0.7235955056179775, 0.7224719101123596, 0.7146067415730337, 0.7146067415730337, 0.7123595505617978, 0.7247191011235955, 0.6932584269662921, 0.6932584269662921, 0.7269662921348314, 0.7033707865168539, 0.7314606741573034, 0.7269662921348314, 0.7269662921348314, 0.7258426966292135, 0.7213483146067415], "val_loss": [0.6983546614646912, 0.6801570653915405, 0.6850352883338928, 0.6818219423294067, 0.6572783589363098, 0.6758231520652771, 0.6817488670349121, 0.6748151183128357, 0.6616210341453552, 0.6744425892829895, 0.6501939296722412, 0.6322092413902283, 0.6347824931144714, 0.6185649037361145, 0.648529052734375, 0.650290846824646, 0.6336372494697571, 0.6537201404571533, 0.6257065534591675, 0.6232712268829346, 0.648857593536377, 0.6904118657112122, 0.6147905588150024, 0.7167518734931946, 0.6335161328315735, 0.6187357306480408, 0.6368613243103027, 0.6180747747421265, 0.6433836817741394, 0.6991092562675476, 0.6142362356185913, 0.647875964641571, 0.61793053150177, 0.6682780981063843, 0.616473913192749, 0.6820889115333557, 0.6623108983039856, 0.6427390575408936, 0.6174523830413818, 0.62566077709198, 0.6432316303253174, 0.6151317954063416, 0.6310878396034241, 0.6388784050941467, 0.6134716868400574, 0.6528522968292236, 0.6441976428031921, 0.6255244612693787, 0.6563572287559509, 0.6426220536231995, 0.6334453225135803, 0.6159973740577698, 0.6220362782478333, 0.6760889291763306, 0.634879469871521, 0.6230862736701965, 0.6348766684532166, 0.6336755156517029, 0.6369333267211914, 0.6428037285804749, 0.6520226001739502, 0.6506567597389221, 0.6359567642211914, 0.6532718539237976, 0.6287378668785095, 0.6275349259376526, 0.6566610336303711, 0.6167841553688049, 0.6499658823013306, 0.6350744366645813, 0.6394743323326111, 0.6307882070541382, 0.63558429479599, 0.6316622495651245, 0.6348376870155334, 0.6434834599494934, 0.6338146924972534, 0.610376238822937, 0.703815758228302, 0.6219670176506042, 0.6289735436439514, 0.63189297914505, 0.6291265487670898, 0.6603803038597107, 0.6256234049797058, 0.6387224197387695, 0.6361592411994934, 0.6370208263397217, 0.6513752937316895, 0.6424357295036316, 0.6306909918785095, 0.6680964827537537, 0.6435401439666748, 0.6218731999397278, 0.6367475390434265, 0.6615442037582397, 0.6211305260658264, 0.6607264876365662, 0.6269161701202393, 0.6309224963188171],