{"train_loss": [0.6894091878618512, 0.6814388292176383, 0.6786318251064846, 0.6766338518687657, 0.6742784295763288, 0.6738809432302203, 0.6734976172447205, 0.6716578943388802, 0.6684103863579887, 0.6672374350684029, 0.6632468104362488, 0.6596360121454511, 0.6570525680269513, 0.6508266840662275, 0.6484148076602391, 0.6392626762390137, 0.6361478737422398, 0.6398064323834011, 0.6311265996524266, 0.6227691343852452, 0.6275073289871216, 0.6246055875505719, 0.6207883954048157, 0.6168450798307147, 0.6161305989537921, 0.6122981224741254, 0.6079470940998623, 0.6164119669369289, 0.6101629563740322, 0.6083070465496608, 0.6083320038659232, 0.6083936265536717, 0.6091478637286595, 0.6087512629372733, 0.6120480639593942, 0.6058778933116368, 0.6123794572693961, 0.6180546539170402, 0.6162331019129071, 0.6090640766280038, 0.6124384573527745, 0.6095781666891915, 0.6007862772260394, 0.6061832989965167, 0.6059754065104893, 0.6044934391975403, 0.603174797126225, 0.6081315108707973, 0.616301144872393, 0.6131517461368016, 0.6061311108725411, 0.6174180848257882, 0.6100322604179382, 0.612215416772025, 0.6011849471500942, 0.5976353628294808, 0.602073746068137, 0.602635417665754, 0.5985570464815412, 0.6049886516162327, 0.6056002633912223, 0.6087679607527596, 0.6024700403213501, 0.6040716000965664, 0.6044147099767413, 0.6025605712618146, 0.6093788913318089, 0.5980915086609977, 0.6063673581395831, 0.5993291991097587, 0.597073861530849, 0.5993614963122776, 0.6018278002738953, 0.6018334542001996, 0.6085145218031747, 0.6153383680752346, 0.609682926109859, 0.6017093062400818, 0.6071721485682896, 0.605619055884225, 0.6065519196646554, 0.6040019052369254, 0.6022160138402667, 0.6050677725246975, 0.6069962637765067, 0.6019890904426575, 0.6019406829561506, 0.6014357464654105, 0.6016875675746373, 0.6006851536887032, 0.6051227109772819, 0.599231311253139, 0.5967027034078326, 0.5972109947885785, 0.6011516451835632, 0.6035112823758807, 0.6065320202282497, 0.6021770749773298, 0.6039357440812247, 0.6029713153839111], "train_acc": [0.5932584269662922, 0.5921348314606741, 0.5921348314606741, 0.5921348314606741, 0.5921348314606741, 0.5921348314606741, 0.5921348314606741, 0.5921348314606741, 0.5921348314606741, 0.5921348314606741, 0.5921348314606741, 0.5921348314606741, 0.5921348314606741, 0.6033707865168539, 0.6393258426966292, 0.6707865168539325, 0.6730337078651686, 0.6775280898876405, 0.697752808988764, 0.6853932584269663, 0.6797752808988764, 0.6887640449438203, 0.6910112359550562, 0.6921348314606741, 0.7033707865168539, 0.6955056179775281, 0.702247191011236, 0.6876404494382022, 0.6898876404494382, 0.6898876404494382, 0.7089887640449438, 0.6910112359550562, 0.6955056179775281, 0.701123595505618, 0.6921348314606741, 0.6955056179775281, 0.6764044943820224, 0.6910112359550562, 0.6853932584269663, 0.7067415730337079, 0.6921348314606741, 0.7112359550561798, 0.7202247191011236, 0.7044943820224719, 0.6966292134831461, 0.7078651685393258, 0.7033707865168539, 0.7033707865168539, 0.6932584269662921, 0.698876404494382, 0.7, 0.7033707865168539, 0.6921348314606741, 0.697752808988764, 0.7123595505617978, 0.7078651685393258, 0.6955056179775281, 0.698876404494382, 0.6966292134831461, 0.6955056179775281, 0.6943820224719102, 0.6887640449438203, 0.701123595505618, 0.702247191011236, 0.6955056179775281, 0.701123595505618, 0.701123595505618, 0.7112359550561798, 0.6966292134831461, 0.7101123595505618, 0.701123595505618, 0.6955056179775281, 0.6966292134831461, 0.7044943820224719, 0.7056179775280899, 0.6898876404494382, 0.7033707865168539, 0.7078651685393258, 0.6943820224719102, 0.702247191011236, 0.6932584269662921, 0.7033707865168539, 0.7157303370786516, 0.702247191011236, 0.698876404494382, 0.6966292134831461, 0.7, 0.7044943820224719, 0.7123595505617978, 0.7089887640449438, 0.697752808988764, 0.701123595505618, 0.7044943820224719, 0.7056179775280899, 0.697752808988764, 0.702247191011236, 0.7056179775280899, 0.6943820224719102, 0.697752808988764, 0.7101123595505618], "val_loss": [0.6832100749015808, 0.6712691187858582, 0.6650399565696716, 0.6657367944717407, 0.6648251414299011, 0.6633986234664917, 0.6625662446022034, 0.6613888144493103, 0.6582766175270081, 0.6561460494995117, 0.6528105735778809, 0.6440121531486511, 0.6306711435317993, 0.6203358173370361, 0.6188436150550842, 0.6097090840339661, 0.6129748821258545, 0.5967598557472229, 0.6027546525001526, 0.5895447134971619, 0.575904130935669, 0.5898192524909973, 0.5891851186752319, 0.5865628123283386, 0.5800049304962158, 0.5825077891349792, 0.5678626298904419, 0.5861509442329407, 0.5718727707862854, 0.5731586217880249, 0.5921474099159241, 0.5741929411888123, 0.5783147215843201, 0.5720239877700806, 0.5748193264007568, 0.5706400275230408, 0.5734442472457886, 0.5738503336906433, 0.5943512320518494, 0.5741454362869263, 0.5883738994598389, 0.5801668763160706, 0.5775626301765442, 0.5768844485282898, 0.5788779854774475, 0.5807563066482544, 0.5760488510131836, 0.5782081484794617, 0.56597501039505, 0.5919058918952942, 0.5759602189064026, 0.5752957463264465, 0.6062091588973999, 0.569303572177887, 0.5779332518577576, 0.5798265337944031, 0.5716882944107056, 0.5700705051422119, 0.5752049088478088, 0.5753086805343628, 0.5769070982933044, 0.5755466818809509, 0.5785477757453918, 0.5789341330528259, 0.5825761556625366, 0.5717944502830505, 0.5939280986785889, 0.5675725936889648, 0.5845751166343689, 0.5764415264129639, 0.5707625150680542, 0.5749949812889099, 0.5830455422401428, 0.564805269241333, 0.583081841468811, 0.5700516104698181, 0.5894924402236938, 0.5650126934051514, 0.5824964642524719, 0.5735816955566406, 0.5718849301338196, 0.5774205327033997, 0.5861595273017883, 0.5681357979774475, 0.5900017023086548, 0.5733769536018372, 0.5767005681991577, 0.5700108408927917, 0.5805568695068359, 0.5683018565177917, 0.5852302312850952, 0.5767654776573181, 0.5822062492370605, 0.5700628757476807, 0.5811689496040344, 0.571155309677124, 0.576317310333252, 0.5862708687782288, 0.5653309226036072, 0.5787165760993958], "val_acc": [0.6216216216216216, 0.6216216216216216, 0.6216216216216216, 0.6216216216216216, 0.6216216216216216, 0.6216216216216216, 0.6216216216216216, 0.6216216216216216, 0.6216216216216216, 0.6216216216216216, 0.6216216216216216, 0.6216216216216216, 0.6216216216216216, 0.7387387387387387, 0.7207207207207207, 0.7387387387387387, 0.7027027027027027, 0.7387387387387387, 0.7027027027027027, 0.6936936936936937, 0.7387387387387387, 0.7117117117117117, 0.7297297297297297, 0.7117117117117117, 0.7117117117117117, 0.7027027027027027, 0.7387387387387387, 0.6936936936936937, 0.7207207207207207, 0.7027027027027027, 0.6756756756756757, 0.7297297297297297, 0.6846846846846847, 0.7387387387387387, 0.6936936936936937, 0.7027027027027027, 0.7027027027027027, 0.7117117117117117, 0.7027027027027027, 0.7387387387387387, 0.6756756756756757, 0.6936936936936937, 0.6936936936936937, 0.6846846846846847, 0.6846846846846847, 0.6936936936936937, 0.6936936936936937, 0.6846846846846847, 0.7477477477477478, 0.6756756756756757, 0.7117117117117117, 0.7117117117117117, 0.6666666666666666, 0.7477477477477478, 0.7027027027027027, 0.6756756756756757, 0.7117117117117117, 0.7117117117117117, 0.7027027027027027, 0.7027027027027027, 0.6756756756756757, 0.6936936936936937, 0.6756756756756757, 0.7117117117117117, 0.6756756756756757, 0.7027027027027027, 0.6846846846846847, 0.7477477477477478, 0.6846846846846847, 0.6756756756756757, 0.7027027027027027, 0.6846846846846847, 0.6756756756756757, 0.7477477477477478, 0.6846846846846847, 0.7117117117117117, 0.6666666666666666, 0.7387387387387387, 0.6756756756756757, 0.7117117117117117, 0.7297297297297297, 0.7027027027027027, 0.6756756756756757, 0.7207207207207207, 0.6666666666666666, 0.7117117117117117, 0.7027027027027027, 0.7207207207207207, 0.6756756756756757, 0.7207207207207207, 0.6756756756756757, 0.6936936936936937, 0.6756756756756757, 0.7207207207207207, 0.6756756756756757, 0.7117117117117117, 0.6936936936936937, 0.6756756756756757, 0.7387387387387387, 0.6756756756756757]}