{"train_loss": [0.6876504250935146, 0.6816121935844421, 0.6792647157396589, 0.6771200895309448, 0.674984736101968, 0.6745096700532096, 0.6716799991471427, 0.6695154479571751, 0.6690040911946978, 0.66336647101811, 0.6596460512706211, 0.656824358872005, 0.6524527413504464, 0.6456622907093593, 0.6457610726356506, 0.6337609376226153, 0.6334339039666312, 0.6342317887714931, 0.6262922883033752, 0.6326169286455426, 0.6204300693103245, 0.6242302741323199, 0.6262843608856201, 0.6216112290109906, 0.6242655856268746, 0.6157030718667167, 0.6132602095603943, 0.6159543991088867, 0.6262929013797215, 0.6156536936759949, 0.6229854140962873, 0.6179393359592983, 0.6097657254764012, 0.607760488986969, 0.620490380695888, 0.6162259067807879, 0.6236915332930428, 0.6209876707621983, 0.6157204849379403, 0.6129708119801113, 0.6141418729509626, 0.6068760241780963, 0.6092514395713806, 0.6161611761365619, 0.6171940820557731, 0.6059802685465131, 0.618994414806366, 0.609967052936554, 0.6136519908905029, 0.6198637911251613, 0.60342104945864, 0.6102315698351178, 0.6043742384229388, 0.616080743925912, 0.6142141904149737, 0.6107807755470276, 0.6092966624668666, 0.6132807305880955, 0.6149750522204808, 0.6119078312601361, 0.6099191648619515, 0.607031796659742, 0.6091211608478001, 0.6058399677276611, 0.6032191004071917, 0.6127119149480548, 0.6108752999986921, 0.6059627192361015, 0.6114958695002964, 0.6113747102873666, 0.6051189047949654, 0.6085455162184579, 0.6073846135820661, 0.6113820927483695, 0.6125571727752686, 0.6045422213418143, 0.6124660543033055, 0.6051735877990723, 0.6140771508216858, 0.6060368929590497, 0.6053044540541512, 0.6135043927601406, 0.604850207056318, 0.6103227819715228, 0.6141806329999652, 0.6057921903473991, 0.5988674419266837, 0.607733428478241, 0.6074434689113072, 0.6121393953050885, 0.6111410515648978, 0.6071333714893886, 0.6132891263280597, 0.6106815338134766, 0.6065191371100289, 0.6046679871422904, 0.6048184888703483, 0.605236428124564, 0.6120597890445164, 0.6054833701678685], "train_acc": [0.5876404494382023, 0.5876404494382023, 0.5876404494382023, 0.5876404494382023, 0.5876404494382023, 0.5876404494382023, 0.5876404494382023, 0.5876404494382023, 0.5876404494382023, 0.5876404494382023, 0.597752808988764, 0.6269662921348315, 0.651685393258427, 0.6561797752808989, 0.6685393258426966, 0.6617977528089888, 0.6752808988764045, 0.6730337078651686, 0.6719101123595506, 0.6741573033707865, 0.6932584269662921, 0.6808988764044944, 0.6752808988764045, 0.6887640449438203, 0.6865168539325842, 0.6898876404494382, 0.6887640449438203, 0.6932584269662921, 0.6898876404494382, 0.6910112359550562, 0.697752808988764, 0.6820224719101123, 0.6865168539325842, 0.7101123595505618, 0.6865168539325842, 0.6786516853932584, 0.6808988764044944, 0.6865168539325842, 0.6910112359550562, 0.7, 0.7044943820224719, 0.6921348314606741, 0.6898876404494382, 0.6910112359550562, 0.6921348314606741, 0.7044943820224719, 0.6943820224719102, 0.6910112359550562, 0.7044943820224719, 0.6853932584269663, 0.7112359550561798, 0.6921348314606741, 0.7101123595505618, 0.6943820224719102, 0.7056179775280899, 0.697752808988764, 0.7044943820224719, 0.6955056179775281, 0.698876404494382, 0.6921348314606741, 0.7, 0.7089887640449438, 0.6898876404494382, 0.702247191011236, 0.701123595505618, 0.701123595505618, 0.6955056179775281, 0.702247191011236, 0.7033707865168539, 0.697752808988764, 0.6966292134831461, 0.7089887640449438, 0.6955056179775281, 0.701123595505618, 0.6898876404494382, 0.7123595505617978, 0.6966292134831461, 0.697752808988764, 0.702247191011236, 0.702247191011236, 0.702247191011236, 0.6921348314606741, 0.7033707865168539, 0.702247191011236, 0.6910112359550562, 0.6955056179775281, 0.7033707865168539, 0.7, 0.6955056179775281, 0.6932584269662921, 0.6842696629213483, 0.702247191011236, 0.6887640449438203, 0.6887640449438203, 0.698876404494382, 0.7101123595505618, 0.7, 0.6966292134831461, 0.6943820224719102, 0.698876404494382], "val_loss": [0.6854393482208252, 0.6818659901618958, 0.6824272871017456, 0.6806704998016357, 0.6794673204421997, 0.6776984333992004, 0.6785143613815308, 0.6742251515388489, 0.6724399328231812, 0.6768376231193542, 0.6670675277709961, 0.6642886400222778, 0.647797703742981, 0.6340314745903015, 0.6531187295913696, 0.6240857839584351, 0.6256155967712402, 0.6211166381835938, 0.6244240999221802, 0.6195478439331055, 0.6110066175460815, 0.6127969026565552, 0.6109883785247803, 0.6125466823577881, 0.608189046382904, 0.6070053577423096, 0.6177108287811279, 0.6091993451118469, 0.6136019825935364, 0.6057865619659424, 0.6073570847511292, 0.611540675163269, 0.5991426706314087, 0.612125813961029, 0.6109817028045654, 0.6058193445205688, 0.6104984879493713, 0.6055453419685364, 0.6114031076431274, 0.606714129447937, 0.6038230061531067, 0.60854172706604, 0.5998049378395081, 0.605446457862854, 0.6065720319747925, 0.602895975112915, 0.6064350605010986, 0.6111732721328735, 0.6057107448577881, 0.6064032316207886, 0.6084907650947571, 0.6071062684059143, 0.6038092374801636, 0.6030874252319336, 0.6084074378013611, 0.6054468750953674, 0.6081907153129578, 0.6017783284187317, 0.6096084117889404, 0.6109261512756348, 0.6037198901176453, 0.6067708134651184, 0.6095330119132996, 0.6082000136375427, 0.6091851592063904, 0.6012000441551208, 0.6080999970436096, 0.6041386127471924, 0.6103363037109375, 0.6036795973777771, 0.6083060503005981, 0.6058265566825867, 0.6053585410118103, 0.6071120500564575, 0.6051861047744751, 0.6049947738647461, 0.6070568561553955, 0.6052020788192749, 0.6062383055686951, 0.6090928912162781, 0.6068398356437683, 0.6074554920196533, 0.6072936654090881, 0.6011087894439697, 0.6075021028518677, 0.6074307560920715, 0.6021714210510254, 0.6045958399772644, 0.601673424243927, 0.610237181186676, 0.6076610088348389, 0.6034380793571472, 0.6028786301612854, 0.6100507974624634, 0.6073797941207886, 0.6059907078742981, 0.6014005541801453, 0.608428418636322, 0.6109016537666321, 0.6056156158447266], "val_acc": [0.5765765765765766, 0.5765765765765766, 0.5765765765765766, 0.5765765765765766, 0.5765765765765766, 0.5765765765765766, 0.5765765765765766, 0.5765765765765766, 0.5765765765765766, 0.5765765765765766, 0.6216216216216216, 0.6216216216216216, 0.6306306306306306, 0.6846846846846847, 0.6306306306306306, 0.6756756756756757, 0.6576576576576577, 0.6936936936936937, 0.6576576576576577, 0.6666666666666666, 0.6756756756756757, 0.6666666666666666, 0.6846846846846847, 0.6666666666666666, 0.6756756756756757, 0.7207207207207207, 0.6576576576576577, 0.7207207207207207, 0.6756756756756757, 0.6936936936936937, 0.6846846846846847, 0.6846846846846847, 0.7297297297297297, 0.6666666666666666, 0.6936936936936937, 0.6936936936936937, 0.6846846846846847, 0.7207207207207207, 0.6846846846846847, 0.6936936936936937, 0.6936936936936937, 0.6846846846846847, 0.7027027027027027, 0.6846846846846847, 0.7027027027027027, 0.6936936936936937, 0.6846846846846847, 0.6846846846846847, 0.6846846846846847, 0.6576576576576577, 0.6756756756756757, 0.6846846846846847, 0.7117117117117117, 0.7027027027027027, 0.6756756756756757, 0.6936936936936937, 0.6756756756756757, 0.7117117117117117, 0.6756756756756757, 0.6936936936936937, 0.7117117117117117, 0.6666666666666666, 0.6666666666666666, 0.7027027027027027, 0.6576576576576577, 0.7297297297297297, 0.6756756756756757, 0.6936936936936937, 0.6576576576576577, 0.6846846846846847, 0.6846846846846847, 0.6846846846846847, 0.7027027027027027, 0.6936936936936937, 0.6846846846846847, 0.6846846846846847, 0.6756756756756757, 0.6846846846846847, 0.6756756756756757, 0.6756756756756757, 0.6846846846846847, 0.7027027027027027, 0.6846846846846847, 0.7117117117117117, 0.6846846846846847, 0.6846846846846847, 0.7027027027027027, 0.6576576576576577, 0.7117117117117117, 0.6576576576576577, 0.7027027027027027, 0.6846846846846847, 0.6936936936936937, 0.6846846846846847, 0.6936936936936937, 0.6486486486486487, 0.7117117117117117, 0.6756756756756757, 0.6756756756756757, 0.6936936936936937]}