{"train_loss": [0.6757170898573739, 0.6719692860330854, 0.6731499859264919, 0.6721845950399127, 0.6725714802742004, 0.6721515485218593, 0.6728612014225551, 0.6718812670026507, 0.6709186179297311, 0.6716209905488151, 0.6693048647471836, 0.6698078172547477, 0.6644360848835537, 0.6603968909808567, 0.6564792479787555, 0.6458837134497506, 0.6361458812441144, 0.6237246819904873, 0.6241198096956525, 0.6207522749900818, 0.6241487605231149, 0.6211504425321307, 0.6145575898034232, 0.6057189702987671, 0.6072535599981036, 0.6087171179907662, 0.6060447352273124, 0.6028631670134408, 0.6129523856299264, 0.5955154299736023, 0.5991031101771763, 0.6002361008099147, 0.5974227700914655, 0.6006350602422442, 0.5962449482509068, 0.5891212139810834, 0.5911733337811061, 0.5928864479064941, 0.601665028503963, 0.6026031800678798, 0.5987399305616107, 0.589136404650552, 0.5871306317193168, 0.5970101952552795, 0.5951828445707049, 0.5986569694110325, 0.6071774874414716, 0.5940945063318525, 0.5915117859840393, 0.5846957394054958, 0.5917740038463047, 0.5853429777281625, 0.590611287525722, 0.593628636428288, 0.5861229300498962, 0.5925326177052089, 0.5857745238712856, 0.5835249423980713, 0.5907729693821498, 0.5965935928480965, 0.5975255455289569, 0.5916731016976493, 0.5866717525890895, 0.5947653310639518, 0.5819793939590454, 0.5976591280528477, 0.5950118473597935, 0.5897013630185809, 0.5872116088867188, 0.5878983565739223, 0.5912478906767709, 0.5962114674704415, 0.5874870504651751, 0.5880377037184579, 0.5836656604494367, 0.5842421736036029, 0.5865939770426069, 0.5779020360537938, 0.5838242854390826, 0.5891787324632917, 0.5815346326146807, 0.5893259729657855, 0.583793078150068, 0.5925716502325875, 0.5778317706925529, 0.5917229056358337, 0.5764552014214652, 0.5892623577799115, 0.5850199290684291, 0.5864617483956474, 0.5916684780802045, 0.5834181904792786, 0.5835638897759574, 0.5833527530942645, 0.582677790096828, 0.5778187002454486, 0.5831364989280701, 0.5831094213894435, 0.5842951025281634, 0.5831941110747201], "train_acc": [0.6022471910112359, 0.6022471910112359, 0.6022471910112359, 0.6022471910112359, 0.6022471910112359, 0.6022471910112359, 0.6022471910112359, 0.6022471910112359, 0.6022471910112359, 0.6022471910112359, 0.6022471910112359, 0.6022471910112359, 0.6022471910112359, 0.6101123595505618, 0.6325842696629214, 0.6348314606741573, 0.6573033707865169, 0.6797752808988764, 0.6966292134831461, 0.697752808988764, 0.6797752808988764, 0.6865168539325842, 0.7033707865168539, 0.698876404494382, 0.6876404494382022, 0.7, 0.698876404494382, 0.7044943820224719, 0.6955056179775281, 0.7089887640449438, 0.7056179775280899, 0.7033707865168539, 0.7202247191011236, 0.7033707865168539, 0.7101123595505618, 0.7134831460674157, 0.7213483146067415, 0.7146067415730337, 0.6921348314606741, 0.701123595505618, 0.7078651685393258, 0.7202247191011236, 0.7134831460674157, 0.7089887640449438, 0.7134831460674157, 0.7213483146067415, 0.6898876404494382, 0.7146067415730337, 0.7101123595505618, 0.7146067415730337, 0.7089887640449438, 0.7146067415730337, 0.7101123595505618, 0.7067415730337079, 0.7191011235955056, 0.7179775280898877, 0.7168539325842697, 0.7224719101123596, 0.7134831460674157, 0.7089887640449438, 0.7168539325842697, 0.7123595505617978, 0.7224719101123596, 0.7067415730337079, 0.7179775280898877, 0.7168539325842697, 0.7067415730337079, 0.7112359550561798, 0.7314606741573034, 0.7202247191011236, 0.7325842696629213, 0.7033707865168539, 0.7168539325842697, 0.7033707865168539, 0.7168539325842697, 0.7067415730337079, 0.7213483146067415, 0.7213483146067415, 0.7191011235955056, 0.7078651685393258, 0.7269662921348314, 0.7123595505617978, 0.7247191011235955, 0.7123595505617978, 0.7314606741573034, 0.7247191011235955, 0.7213483146067415, 0.7134831460674157, 0.7123595505617978, 0.7179775280898877, 0.7168539325842697, 0.7247191011235955, 0.7292134831460674, 0.7134831460674157, 0.7044943820224719, 0.7303370786516854, 0.7157303370786516, 0.7168539325842697, 0.7123595505617978, 0.7146067415730337], "val_loss": [0.6905238628387451, 0.6954848170280457, 0.6935877799987793, 0.6934693455696106, 0.6937374472618103, 0.6934927105903625, 0.6943284273147583, 0.6923234462738037, 0.6931855082511902, 0.6951995491981506, 0.6908423900604248, 0.6943332552909851, 0.6823437213897705, 0.6836194396018982, 0.6668790578842163, 0.6405748128890991, 0.6592369675636292, 0.6634077429771423, 0.640925407409668, 0.655031681060791, 0.6333193182945251, 0.635657012462616, 0.6237571835517883, 0.6334810256958008, 0.6251356601715088, 0.6386101245880127, 0.6295892000198364, 0.6401998400688171, 0.6284123063087463, 0.6353287100791931, 0.6308292150497437, 0.6383065581321716, 0.6388468146324158, 0.641319990158081, 0.6410760283470154, 0.6427813768386841, 0.6441343426704407, 0.6377477049827576, 0.6472451090812683, 0.6365489363670349, 0.6482036113739014, 0.6359014511108398, 0.63567715883255, 0.6405653953552246, 0.6373640894889832, 0.6369348764419556, 0.6368399262428284, 0.6571022868156433, 0.6421709060668945, 0.6533516645431519, 0.6479359269142151, 0.6481250524520874, 0.6475626826286316, 0.6417590379714966, 0.6490740180015564, 0.6503843069076538, 0.6509413719177246, 0.6612526178359985, 0.6461648344993591, 0.6464282870292664, 0.6521970629692078, 0.6432392001152039, 0.6516643166542053, 0.644493818283081, 0.6584989428520203, 0.6426042914390564, 0.6421065926551819, 0.6564739942550659, 0.6611645817756653, 0.6679252982139587, 0.6615968942642212, 0.6493092179298401, 0.6520007848739624, 0.6658827066421509, 0.6695548295974731, 0.6585598587989807, 0.6696758270263672, 0.6544621586799622, 0.6578541398048401, 0.6500615477561951, 0.6531438827514648, 0.6529250144958496, 0.6665766835212708, 0.660961389541626, 0.670630156993866, 0.6523030400276184, 0.6507263779640198, 0.649269163608551, 0.6618403792381287, 0.6685253977775574, 0.6555275917053223, 0.6582688093185425, 0.6597341299057007, 0.66315096616745, 0.6647189259529114, 0.6755202412605286, 0.6667230129241943, 0.6572088003158569, 0.6637579202651978, 0.6692173480987549],