{"train_loss": [0.6859006370816912, 0.6808644277708871, 0.6513168300901141, 0.6514479432787214, 0.6531015975134713, 0.6328564541680473, 0.6236119525773185, 0.6385132840701512, 0.6245296512331281, 0.6142134751592364, 0.6101582561220441, 0.6056068284170968, 0.594955563545227, 0.594557523727417, 0.5949387805802482, 0.5821845276015145, 0.5696466905730111, 0.5796419722693307, 0.5900941916874477, 0.5814334579876491, 0.5667729548045567, 0.5669978175844465, 0.5632010187421527, 0.5540069256510053, 0.5627774681363787, 0.5630947692053658, 0.5561284039701734, 0.5821461081504822, 0.5606034738676888, 0.5713037763323102, 0.5596173575946263, 0.5578847655228206, 0.5658567036901202, 0.5681726677077157, 0.5546013457434518, 0.5568035159792218, 0.5620390347072056, 0.5575301817485264, 0.5573702667440686, 0.5572240820952824, 0.5700477872576032, 0.5684780648776463, 0.562850832939148, 0.5548579607691083, 0.5568487984793526, 0.5581144903387342, 0.5669976387705121, 0.5678815415927342, 0.5616959418569293, 0.5669486607824054, 0.5654821140425546, 0.5747131194387164, 0.5690603256225586, 0.5648114000047956, 0.5490403558526721, 0.5620745888778141, 0.5802299210003444, 0.5757054218224117, 0.5657831515584674, 0.5793259399277824, 0.5607623926230839, 0.5696662664413452, 0.5650787949562073, 0.5781214194638389, 0.5580954083374569, 0.5742025971412659, 0.564926164490836, 0.5597215379987445, 0.562007201569421, 0.5536929368972778, 0.5675728150776455, 0.5649793233190264, 0.5679891364915031, 0.5638859016554696, 0.5469434346471514, 0.5554119093077523, 0.5506220289639064, 0.5622399704796928, 0.5553023772580283, 0.5537562710898263, 0.5542641111782619, 0.5488638877868652, 0.5549438851220267, 0.5484705907957894, 0.5616839442934308, 0.5570183396339417, 0.5460623715605054, 0.553450345993042, 0.5483739631516593, 0.5501427820750645, 0.5516736251967294, 0.5512784847191402, 0.5495244520051139, 0.5524522662162781, 0.5623611296926226, 0.5514201351574489, 0.5511840667043414, 0.5481565254075187, 0.5525968159948077, 0.5548343743596759], "train_acc": [0.5696629213483146, 0.597752808988764, 0.6932584269662921, 0.6573033707865169, 0.6494382022471911, 0.6674157303370787, 0.6786516853932584, 0.6629213483146067, 0.6561797752808989, 0.6898876404494382, 0.7033707865168539, 0.6831460674157304, 0.7134831460674157, 0.7112359550561798, 0.6955056179775281, 0.701123595505618, 0.7224719101123596, 0.7089887640449438, 0.698876404494382, 0.7146067415730337, 0.7112359550561798, 0.7337078651685394, 0.7123595505617978, 0.7438202247191011, 0.7280898876404495, 0.7348314606741573, 0.7404494382022472, 0.7033707865168539, 0.7337078651685394, 0.6932584269662921, 0.7224719101123596, 0.7191011235955056, 0.7337078651685394, 0.7, 0.7258426966292135, 0.7382022471910112, 0.7280898876404495, 0.7382022471910112, 0.7303370786516854, 0.7337078651685394, 0.7146067415730337, 0.7247191011235955, 0.7157303370786516, 0.7303370786516854, 0.7247191011235955, 0.7325842696629213, 0.7146067415730337, 0.7292134831460674, 0.7235955056179775, 0.7303370786516854, 0.7157303370786516, 0.7157303370786516, 0.7382022471910112, 0.7123595505617978, 0.7337078651685394, 0.7224719101123596, 0.6932584269662921, 0.7112359550561798, 0.7157303370786516, 0.7123595505617978, 0.7269662921348314, 0.7168539325842697, 0.7224719101123596, 0.7157303370786516, 0.7235955056179775, 0.6853932584269663, 0.7292134831460674, 0.7314606741573034, 0.7348314606741573, 0.7303370786516854, 0.7269662921348314, 0.7247191011235955, 0.7134831460674157, 0.7213483146067415, 0.7382022471910112, 0.7348314606741573, 0.7303370786516854, 0.7146067415730337, 0.7168539325842697, 0.7359550561797753, 0.7325842696629213, 0.7460674157303371, 0.7314606741573034, 0.7382022471910112, 0.7247191011235955, 0.7359550561797753, 0.7415730337078652, 0.7426966292134831, 0.7404494382022472, 0.7269662921348314, 0.7561797752808989, 0.7426966292134831, 0.7348314606741573, 0.7382022471910112, 0.7224719101123596, 0.7337078651685394, 0.7438202247191011, 0.7426966292134831, 0.7359550561797753, 0.7382022471910112], "val_loss": [0.738915741443634, 0.6820785999298096, 0.7334257960319519, 0.7277284860610962, 0.7020447850227356, 0.6484161019325256, 0.6969186067581177, 0.6281520128250122, 0.6329985857009888, 0.6384403705596924, 0.630256712436676, 0.6248271465301514, 0.6252442598342896, 0.6203991770744324, 0.6318756937980652, 0.6715764999389648, 0.6040269732475281, 0.6119020581245422, 0.6183178424835205, 0.60738605260849, 0.6067976951599121, 0.6084786057472229, 0.6008548736572266, 0.6132336258888245, 0.6068724989891052, 0.6030899882316589, 0.638007402420044, 0.5968407392501831, 0.6458032727241516, 0.6109954118728638, 0.5983647108078003, 0.6258562803268433, 0.6303684115409851, 0.6352655291557312, 0.6069087386131287, 0.6105148792266846, 0.6120545864105225, 0.6131003499031067, 0.6019849181175232, 0.6055127382278442, 0.6104322671890259, 0.628290593624115, 0.6031966805458069, 0.6075752973556519, 0.6147321462631226, 0.6034780740737915, 0.6106911897659302, 0.6005408763885498, 0.6039918661117554, 0.6093899011611938, 0.6295616030693054, 0.6184553503990173, 0.607683539390564, 0.6210216283798218, 0.6103025078773499, 0.6200004816055298, 0.6182211637496948, 0.6286159753799438, 0.6446807980537415, 0.60713791847229, 0.6069374680519104, 0.6399480700492859, 0.6160269379615784, 0.6309793591499329, 0.5995616912841797, 0.6082004308700562, 0.6182775497436523, 0.6164949536323547, 0.6083991527557373, 0.6007193326950073, 0.5966780185699463, 0.6226969361305237, 0.5973488092422485, 0.6076734662055969, 0.6071940660476685, 0.6027984619140625, 0.6180581450462341, 0.6253550052642822, 0.6164876818656921, 0.6240545511245728, 0.6023748517036438, 0.6064081788063049, 0.6090116500854492, 0.6052446961402893, 0.6026338934898376, 0.6055639982223511, 0.606610119342804, 0.6080641746520996, 0.6052364110946655, 0.6068415641784668, 0.607183575630188, 0.6058052778244019, 0.6082545518875122, 0.6084540486335754, 0.6127594709396362, 0.6341610550880432, 0.5947215557098389, 0.633516788482666, 0.6058512330055237, 0.6054328680038452],