{"train_loss": [0.7006263818059649, 0.6776874916894096, 0.6839735507965088, 0.6510471957070487, 0.6435599241937909, 0.6410577297210693, 0.6285069584846497, 0.631971401827676, 0.645574722971235, 0.6714416146278381, 0.638756913798196, 0.6523974708148411, 0.6332834959030151, 0.6159756439072746, 0.619181079523904, 0.6028571043695722, 0.587232598236629, 0.5968589867864337, 0.585279643535614, 0.600434022290366, 0.5772640364510673, 0.5795570824827466, 0.5579069129058293, 0.5486191085406712, 0.5568079352378845, 0.5618187444550651, 0.5557655564376286, 0.5655676296779087, 0.557581901550293, 0.5960746492658343, 0.5922524588448661, 0.5749036243983677, 0.5787176404680524, 0.5542219281196594, 0.5523557492664882, 0.5478500042642865, 0.5452222568648202, 0.5508457549980709, 0.5554792157241276, 0.5539841949939728, 0.5471223252160209, 0.5467714965343475, 0.5546127259731293, 0.5626062708241599, 0.5515421203204564, 0.5532316906111581, 0.5459122061729431, 0.5439624488353729, 0.5417298972606659, 0.5465004529271807, 0.5433241256645748, 0.5510241644723075, 0.5471817808491843, 0.5484452758516584, 0.5391225559370858, 0.5435200376170022, 0.5383423737117222, 0.5429465004376003, 0.5368580051830837, 0.5397359090191978, 0.5432919263839722, 0.5407215867723737, 0.5419599711894989, 0.5426894170897347, 0.558204174041748, 0.5523301831313542, 0.5386860030038017, 0.5453614933150155, 0.535988130739757, 0.5469247783933368, 0.5459279673440116, 0.5428893438407353, 0.5402685361249107, 0.5415595855031695, 0.5417807570525578, 0.5429022141865322, 0.5442530087062291, 0.5436438407216754, 0.537187818969999, 0.53937942641122, 0.5416347810200283, 0.5422036051750183, 0.5413832323891776, 0.5369776955672673, 0.5322751147406442, 0.5357562644141061, 0.538340653691973, 0.5469399520329067, 0.542996483189719, 0.5505420225007194, 0.5422533324786595, 0.5385868123599461, 0.5389069148472377, 0.5402275664465768, 0.5430532949311393, 0.5372276561600822, 0.5377504995891026, 0.5392836332321167, 0.5333576457841056, 0.5346730436597552], "train_acc": [0.5674157303370787, 0.6191011235955056, 0.5674157303370787, 0.6595505617977528, 0.6561797752808989, 0.6629213483146067, 0.6786516853932584, 0.6651685393258427, 0.6561797752808989, 0.6292134831460674, 0.6696629213483146, 0.6617977528089888, 0.6943820224719102, 0.6797752808988764, 0.6921348314606741, 0.6764044943820224, 0.7179775280898877, 0.7157303370786516, 0.7101123595505618, 0.6921348314606741, 0.701123595505618, 0.7112359550561798, 0.7280898876404495, 0.7393258426966293, 0.7370786516853932, 0.7, 0.7224719101123596, 0.7359550561797753, 0.7191011235955056, 0.6943820224719102, 0.6898876404494382, 0.701123595505618, 0.7168539325842697, 0.7370786516853932, 0.748314606741573, 0.7438202247191011, 0.744943820224719, 0.7404494382022472, 0.7325842696629213, 0.7325842696629213, 0.748314606741573, 0.7292134831460674, 0.7303370786516854, 0.7292134831460674, 0.7213483146067415, 0.7393258426966293, 0.7426966292134831, 0.7471910112359551, 0.7415730337078652, 0.7404494382022472, 0.751685393258427, 0.7359550561797753, 0.7404494382022472, 0.749438202247191, 0.749438202247191, 0.7471910112359551, 0.7471910112359551, 0.7460674157303371, 0.749438202247191, 0.7438202247191011, 0.7471910112359551, 0.751685393258427, 0.7471910112359551, 0.7426966292134831, 0.7258426966292135, 0.7258426966292135, 0.7404494382022472, 0.750561797752809, 0.7595505617977528, 0.7382022471910112, 0.7539325842696629, 0.744943820224719, 0.7471910112359551, 0.7528089887640449, 0.7382022471910112, 0.7460674157303371, 0.7393258426966293, 0.744943820224719, 0.744943820224719, 0.7393258426966293, 0.749438202247191, 0.748314606741573, 0.7382022471910112, 0.755056179775281, 0.750561797752809, 0.755056179775281, 0.749438202247191, 0.7528089887640449, 0.750561797752809, 0.7325842696629213, 0.7528089887640449, 0.748314606741573, 0.7539325842696629, 0.7471910112359551, 0.750561797752809, 0.755056179775281, 0.7539325842696629, 0.7573033707865169, 0.7595505617977528, 0.7595505617977528], "val_loss": [0.7009451985359192, 0.7071245908737183, 0.6802383065223694, 0.6571453213691711, 0.646116316318512, 0.6713629961013794, 0.6410684585571289, 0.6466936469078064, 0.6495962738990784, 0.6380022168159485, 0.647621214389801, 0.6780933141708374, 0.6490975618362427, 0.6533743143081665, 0.6436852812767029, 0.6254827976226807, 0.6351593136787415, 0.6418474912643433, 0.6308445334434509, 0.6559529304504395, 0.6699240803718567, 0.6234560608863831, 0.6354461312294006, 0.6845261454582214, 0.6436938047409058, 0.6322973370552063, 0.6549126505851746, 0.6430264711380005, 0.6809022426605225, 0.6180505156517029, 0.6360730528831482, 0.7443364858627319, 0.6318031549453735, 0.6512032747268677, 0.6490783095359802, 0.6210249662399292, 0.6807776689529419, 0.6508596539497375, 0.6241540908813477, 0.654349684715271, 0.6490746140480042, 0.6284134387969971, 0.6475789546966553, 0.6601851582527161, 0.6679570078849792, 0.6346694827079773, 0.6310639381408691, 0.6689139604568481, 0.6576422452926636, 0.6527029275894165, 0.6459651589393616, 0.6404284238815308, 0.6598350405693054, 0.6455166339874268, 0.6494033932685852, 0.6291208863258362, 0.6571701765060425, 0.6494336724281311, 0.6402961015701294, 0.6457028985023499, 0.6370505690574646, 0.6474754214286804, 0.6496493816375732, 0.6593716144561768, 0.6273426413536072, 0.6602140069007874, 0.644031286239624, 0.6505680084228516, 0.6574976444244385, 0.6244152784347534, 0.6589385271072388, 0.6412613391876221, 0.650456428527832, 0.6605195999145508, 0.6425483226776123, 0.6404339075088501, 0.6598086953163147, 0.6306411027908325, 0.6518446803092957, 0.6340762972831726, 0.6542718410491943, 0.6308227181434631, 0.6428864002227783, 0.6501945853233337, 0.6485747694969177, 0.6396186947822571, 0.6588032245635986, 0.6375383138656616, 0.6504209637641907, 0.6321230530738831, 0.6509457230567932, 0.6700162291526794, 0.6326866745948792, 0.6514338850975037, 0.6294645071029663, 0.6651329398155212, 0.6461277008056641, 0.6452640295028687, 0.6436219811439514, 0.6514222025871277], "val_acc": [0.5495495495495496, 0.43243243243243246, 0.6036036036036037, 0.6216216216216216, 0.6216216216216216, 0.5855855855855856, 0.6666666666666666, 0.6126126126126126, 0.6036036036036037, 0.7027027027027027, 0.6486486486486487, 0.6036036036036037, 0.6396396396396397, 0.6846846846846847, 0.6756756756756757, 0.6666666666666666, 0.6936936936936937, 0.6846846846846847, 0.6396396396396397, 0.6666666666666666, 0.6126126126126126, 0.6936936936936937, 0.6936936936936937, 0.6666666666666666, 0.6756756756756757, 0.6936936936936937, 0.6846846846846847, 0.7027027027027027, 0.6936936936936937, 0.6846846846846847, 0.6756756756756757, 0.6666666666666666, 0.6666666666666666, 0.6936936936936937, 0.6936936936936937, 0.7027027027027027, 0.6756756756756757, 0.6846846846846847, 0.6846846846846847, 0.6756756756756757, 0.6666666666666666, 0.6666666666666666, 0.7027027027027027, 0.7117117117117117, 0.6396396396396397, 0.6846846846846847, 0.6936936936936937, 0.6666666666666666, 0.6666666666666666, 0.7027027027027027, 0.6666666666666666, 0.6576576576576577, 0.6936936936936937, 0.6576576576576577, 0.7027027027027027, 0.6846846846846847, 0.6576576576576577, 0.6936936936936937, 0.6756756756756757, 0.6576576576576577, 0.6756756756756757, 0.6666666666666666, 0.7117117117117117, 0.6576576576576577, 0.6936936936936937, 0.6576576576576577, 0.6666666666666666, 0.6396396396396397, 0.6846846846846847, 0.6756756756756757, 0.6576576576576577, 0.6756756756756757, 0.6666666666666666, 0.6846846846846847, 0.6576576576576577, 0.7027027027027027, 0.6576576576576577, 0.6666666666666666, 0.6576576576576577, 0.6576576576576577, 0.6576576576576577, 0.6846846846846847, 0.6666666666666666, 0.6936936936936937, 0.6576576576576577, 0.6846846846846847, 0.6666666666666666, 0.6666666666666666, 0.6846846846846847, 0.6666666666666666, 0.6936936936936937, 0.6666666666666666, 0.6756756756756757, 0.6666666666666666, 0.6846846846846847, 0.6666666666666666, 0.6576576576576577, 0.6846846846846847, 0.6666666666666666, 0.6666666666666666]}