{"train_loss": [0.7024150746209281, 0.6850627405302865, 0.6742590580667768, 0.6716179081371852, 0.6722340072904315, 0.6713995592934745, 0.6717755368777684, 0.6709246124540057, 0.6651898452213832, 0.6665213108062744, 0.6608409200395856, 0.6589681761605399, 0.6539822050503322, 0.6463727865900312, 0.6454255751201085, 0.6304095046860831, 0.6381139329501561, 0.6325731703213283, 0.6275378806250436, 0.6225060990878514, 0.626679173537663, 0.6231414931161063, 0.6199335711342948, 0.6149044377463204, 0.6059466430119106, 0.6058953830174038, 0.61009795325143, 0.6077053036008563, 0.6108751807894025, 0.6000264031546456, 0.6025853838239398, 0.6003848569733756, 0.6042862364224025, 0.5975827148982457, 0.5988009486879621, 0.6022035820143563, 0.6033006821359906, 0.6008922372545514, 0.6061189259801593, 0.6090233836855207, 0.5986643518720355, 0.5947146926607404, 0.594647364956992, 0.6054939457348415, 0.5928915057863507, 0.5910891720226833, 0.5998514379773822, 0.5901268805776324, 0.5931135671479362, 0.5938165528433663, 0.593306473323277, 0.595806964806148, 0.5891066832201821, 0.5885995541300092, 0.5885831032480512, 0.5909205334527152, 0.5957327485084534, 0.5880982875823975, 0.5841947197914124, 0.5955739532198224, 0.5915850145476205, 0.5868395566940308, 0.587348461151123, 0.5891088758196149, 0.5865464380809239, 0.5862535323415484, 0.5898761578968593, 0.584644649709974, 0.585433338369642, 0.5836277774402073, 0.5944845846721104, 0.5977717127118792, 0.5882860507283892, 0.5810775756835938, 0.5872319851602826, 0.5829528059278216, 0.5980542472430638, 0.5794185400009155, 0.5862535493714469, 0.584936933858054, 0.5865698541913714, 0.5753768767629351, 0.5824072701590401, 0.584784175668444, 0.5773000461714608, 0.5868841920580182, 0.5685020344597953, 0.5771595154489789, 0.5775071637971061, 0.5750716243471418, 0.5827661412102836, 0.5815549833433968, 0.578337482043675, 0.5734901598521641, 0.5795747893197196, 0.5761080469403949, 0.5791427918842861, 0.5767678448132106, 0.5762936217444283, 0.5791249360357013], "train_acc": [0.39662921348314606, 0.5752808988764045, 0.6022471910112359, 0.6022471910112359, 0.6022471910112359, 0.6022471910112359, 0.6022471910112359, 0.6022471910112359, 0.6022471910112359, 0.6022471910112359, 0.6022471910112359, 0.6022471910112359, 0.6022471910112359, 0.6067415730337079, 0.6359550561797753, 0.6921348314606741, 0.697752808988764, 0.6932584269662921, 0.7112359550561798, 0.7134831460674157, 0.6842696629213483, 0.7134831460674157, 0.7056179775280899, 0.7123595505617978, 0.7146067415730337, 0.7112359550561798, 0.7056179775280899, 0.7044943820224719, 0.7078651685393258, 0.7112359550561798, 0.7078651685393258, 0.7089887640449438, 0.7146067415730337, 0.7033707865168539, 0.7123595505617978, 0.7067415730337079, 0.7123595505617978, 0.7101123595505618, 0.6910112359550562, 0.697752808988764, 0.7123595505617978, 0.7112359550561798, 0.7123595505617978, 0.7, 0.7179775280898877, 0.7202247191011236, 0.7044943820224719, 0.7101123595505618, 0.702247191011236, 0.7168539325842697, 0.7146067415730337, 0.7033707865168539, 0.7078651685393258, 0.7123595505617978, 0.7112359550561798, 0.7123595505617978, 0.7, 0.7213483146067415, 0.7157303370786516, 0.7078651685393258, 0.7101123595505618, 0.7146067415730337, 0.7157303370786516, 0.7, 0.7168539325842697, 0.7123595505617978, 0.7033707865168539, 0.7078651685393258, 0.7089887640449438, 0.7134831460674157, 0.7067415730337079, 0.7033707865168539, 0.7123595505617978, 0.7224719101123596, 0.7112359550561798, 0.7235955056179775, 0.7033707865168539, 0.7146067415730337, 0.7078651685393258, 0.701123595505618, 0.7157303370786516, 0.7168539325842697, 0.7101123595505618, 0.7213483146067415, 0.7224719101123596, 0.7202247191011236, 0.7269662921348314, 0.7202247191011236, 0.7146067415730337, 0.7213483146067415, 0.7202247191011236, 0.7089887640449438, 0.7325842696629213, 0.7224719101123596, 0.7157303370786516, 0.7247191011235955, 0.7123595505617978, 0.7157303370786516, 0.7213483146067415, 0.7078651685393258], "val_loss": [0.693793773651123, 0.6893908977508545, 0.6998365521430969, 0.6935348510742188, 0.6891993880271912, 0.6879260540008545, 0.6894286274909973, 0.6831535696983337, 0.6852577328681946, 0.6825265884399414, 0.6752033233642578, 0.6758270263671875, 0.6615837216377258, 0.6720463037490845, 0.6585144400596619, 0.6804353594779968, 0.6569879651069641, 0.6675586104393005, 0.6552591323852539, 0.6625177264213562, 0.6587162613868713, 0.6565675735473633, 0.6612130403518677, 0.6531673073768616, 0.6578171253204346, 0.6565538048744202, 0.656099796295166, 0.6485937237739563, 0.6403290629386902, 0.6440917253494263, 0.6458439826965332, 0.6438347101211548, 0.6440836787223816, 0.6474389433860779, 0.6477853059768677, 0.6375360488891602, 0.6371476650238037, 0.6405709981918335, 0.6469900012016296, 0.6389320492744446, 0.6447063684463501, 0.6457316875457764, 0.6501661539077759, 0.6471430063247681, 0.6510930061340332, 0.6474868059158325, 0.6496962904930115, 0.651494026184082, 0.6486985683441162, 0.6488982439041138, 0.6519530415534973, 0.6416351795196533, 0.6510354280471802, 0.6522886157035828, 0.6545741558074951, 0.6519063711166382, 0.6430866122245789, 0.655671238899231, 0.6556763052940369, 0.6540159583091736, 0.668937623500824, 0.6520763635635376, 0.6481831669807434, 0.6500576734542847, 0.6614600419998169, 0.6514627933502197, 0.6651239395141602, 0.6610293984413147, 0.6583928465843201, 0.661145806312561, 0.6574645638465881, 0.6505607962608337, 0.6606642603874207, 0.660338819026947, 0.6649352312088013, 0.6613355875015259, 0.6601136922836304, 0.6520296335220337, 0.6638282537460327, 0.6639147996902466, 0.6672179102897644, 0.6714432835578918, 0.6708755493164062, 0.6560320258140564, 0.679111123085022, 0.6597318649291992, 0.6705707311630249, 0.6688940525054932, 0.6724781394004822, 0.6705799698829651, 0.6574255228042603, 0.6645973324775696, 0.6613072752952576, 0.6717615723609924, 0.672366738319397, 0.6755458116531372, 0.6652836203575134, 0.6707280874252319, 0.6643983125686646, 0.658710241317749], "val_acc": [0.45045045045045046, 0.5495495495495496, 0.5495495495495496, 0.5495495495495496, 0.5495495495495496, 0.5495495495495496, 0.5495495495495496, 0.5495495495495496, 0.5495495495495496, 0.5495495495495496, 0.5495495495495496, 0.5495495495495496, 0.5495495495495496, 0.5765765765765766, 0.6486486486486487, 0.6576576576576577, 0.6486486486486487, 0.6576576576576577, 0.6666666666666666, 0.6666666666666666, 0.6846846846846847, 0.6756756756756757, 0.6846846846846847, 0.6936936936936937, 0.6756756756756757, 0.6666666666666666, 0.6666666666666666, 0.6846846846846847, 0.6666666666666666, 0.6576576576576577, 0.6666666666666666, 0.6756756756756757, 0.6756756756756757, 0.6846846846846847, 0.6756756756756757, 0.6756756756756757, 0.6846846846846847, 0.6846846846846847, 0.6756756756756757, 0.6666666666666666, 0.6846846846846847, 0.6666666666666666, 0.6666666666666666, 0.6756756756756757, 0.6846846846846847, 0.6666666666666666, 0.6756756756756757, 0.6846846846846847, 0.6576576576576577, 0.6756756756756757, 0.6756756756756757, 0.6486486486486487, 0.6666666666666666, 0.6666666666666666, 0.6756756756756757, 0.6666666666666666, 0.6576576576576577, 0.6666666666666666, 0.6576576576576577, 0.6576576576576577, 0.6756756756756757, 0.6666666666666666, 0.6576576576576577, 0.6666666666666666, 0.6576576576576577, 0.6666666666666666, 0.6576576576576577, 0.6756756756756757, 0.6576576576576577, 0.6576576576576577, 0.6486486486486487, 0.6666666666666666, 0.6666666666666666, 0.6666666666666666, 0.6666666666666666, 0.6576576576576577, 0.6486486486486487, 0.6576576576576577, 0.6666666666666666, 0.6666666666666666, 0.6666666666666666, 0.6666666666666666, 0.6666666666666666, 0.6486486486486487, 0.6666666666666666, 0.6486486486486487, 0.6666666666666666, 0.6576576576576577, 0.6666666666666666, 0.6576576576576577, 0.6666666666666666, 0.6666666666666666, 0.6486486486486487, 0.6666666666666666, 0.6666666666666666, 0.6486486486486487, 0.6666666666666666, 0.6756756756756757, 0.6756756756756757, 0.6396396396396397]}