{"train_loss": [0.6805629900523594, 0.6783861262457711, 0.6784664392471313, 0.6773184623037066, 0.6772892219679696, 0.6755193301609584, 0.6755138380186898, 0.6727940269878933, 0.6742060610226223, 0.6728898457118443, 0.6717468244688851, 0.6649307012557983, 0.6670618993895394, 0.6661461932318551, 0.6623855148042951, 0.6583429404667446, 0.654388061591557, 0.6576272164072309, 0.6496512378965106, 0.660246227468763, 0.649967610836029, 0.6605402486664909, 0.6531769122396197, 0.6594675949641636, 0.6514435580798558, 0.6494576334953308, 0.6446370141846793, 0.6455912249428886, 0.6394510013716561, 0.638482826096671, 0.6294215321540833, 0.6285809448787144, 0.6276103343282428, 0.6209621344293866, 0.6186656781605312, 0.6266460929598127, 0.6249740634645734, 0.6319197160857064, 0.6421349389212472, 0.6274134857313973, 0.6197216936520168, 0.6175192935126168, 0.6200211899621146, 0.6149520703724453, 0.6178958245686123, 0.6210005027907235, 0.6160696404320853, 0.6216287868363517, 0.6115544012614659, 0.6154862301690238, 0.6191119381359645, 0.6129809532846723, 0.6082876069205148, 0.611565717629024, 0.6170163324901036, 0.621731834752219, 0.6125038010733468, 0.6169487493378776, 0.6104668719427926, 0.6174220102173942, 0.6132817949567523, 0.6162324036870684, 0.6136182120868138, 0.6236425978796822, 0.612498368535723, 0.6111864277294704, 0.6202020474842617, 0.6206783992903573, 0.6126790813037327, 0.6145577686173576, 0.6080435684749058, 0.6111033643995013, 0.6176871657371521, 0.6142578891345433, 0.6127550091062274, 0.6123014603342328, 0.6087102719715664, 0.6066920842443194, 0.6090350832257952, 0.6066701071602958, 0.6099995459829058, 0.6093079021998814, 0.6005014521735055, 0.6086679441588265, 0.6086085864475795, 0.6128020627158028, 0.6116766844476972, 0.6014020187514169, 0.6009173733847482, 0.6211597578866142, 0.6166173049381801, 0.6187567625726972, 0.6183669907706124, 0.6100570389202663, 0.5999787960733686, 0.6131350653512138, 0.6023891823632377, 0.6048372217587062, 0.6108461362974984, 0.5992492267063686], "train_acc": [0.5876404494382023, 0.5876404494382023, 0.5876404494382023, 0.5876404494382023, 0.5876404494382023, 0.5876404494382023, 0.5876404494382023, 0.5876404494382023, 0.5876404494382023, 0.5876404494382023, 0.5876404494382023, 0.5887640449438202, 0.6146067415730337, 0.6280898876404495, 0.6404494382022472, 0.6348314606741573, 0.6438202247191012, 0.6337078651685393, 0.6494382022471911, 0.6348314606741573, 0.651685393258427, 0.6280898876404495, 0.6393258426966292, 0.6292134831460674, 0.6382022471910113, 0.6528089887640449, 0.6629213483146067, 0.651685393258427, 0.6617977528089888, 0.6696629213483146, 0.6786516853932584, 0.6808988764044944, 0.6842696629213483, 0.6831460674157304, 0.7056179775280899, 0.6707865168539325, 0.6707865168539325, 0.6696629213483146, 0.6561797752808989, 0.6820224719101123, 0.6865168539325842, 0.6966292134831461, 0.6921348314606741, 0.6898876404494382, 0.6910112359550562, 0.6876404494382022, 0.6943820224719102, 0.6943820224719102, 0.7, 0.7033707865168539, 0.6853932584269663, 0.6943820224719102, 0.6921348314606741, 0.6943820224719102, 0.6955056179775281, 0.6955056179775281, 0.7044943820224719, 0.6898876404494382, 0.698876404494382, 0.6898876404494382, 0.701123595505618, 0.6887640449438203, 0.697752808988764, 0.6820224719101123, 0.6921348314606741, 0.6966292134831461, 0.6910112359550562, 0.6932584269662921, 0.698876404494382, 0.6932584269662921, 0.6943820224719102, 0.6898876404494382, 0.6932584269662921, 0.697752808988764, 0.6943820224719102, 0.6955056179775281, 0.7033707865168539, 0.702247191011236, 0.698876404494382, 0.7146067415730337, 0.697752808988764, 0.698876404494382, 0.7067415730337079, 0.701123595505618, 0.7056179775280899, 0.6966292134831461, 0.6932584269662921, 0.7202247191011236, 0.7056179775280899, 0.6876404494382022, 0.6887640449438203, 0.6898876404494382, 0.6831460674157304, 0.7078651685393258, 0.7078651685393258, 0.6898876404494382, 0.7056179775280899, 0.701123595505618, 0.698876404494382, 0.697752808988764], "val_loss": [0.681547224521637, 0.6815855503082275, 0.6811406016349792, 0.6813453435897827, 0.6806244850158691, 0.6805668473243713, 0.6802124977111816, 0.6789733171463013, 0.6779526472091675, 0.6787242293357849, 0.6751851439476013, 0.6788113713264465, 0.6721221804618835, 0.67080157995224, 0.6746199131011963, 0.6677488684654236, 0.672695517539978, 0.6627761125564575, 0.6655738949775696, 0.6602917313575745, 0.6604874134063721, 0.6640691757202148, 0.6600746512413025, 0.6572338342666626, 0.6563304662704468, 0.6457282304763794, 0.637876570224762, 0.622087299823761, 0.629787266254425, 0.6350202560424805, 0.6206544637680054, 0.626521646976471, 0.6188699007034302, 0.6370478868484497, 0.6164648532867432, 0.647956371307373, 0.6244553327560425, 0.6429910063743591, 0.6283690929412842, 0.6221992373466492, 0.6309901475906372, 0.6175390481948853, 0.6325576901435852, 0.6269119381904602, 0.6247329115867615, 0.6207857728004456, 0.6252692341804504, 0.6257847547531128, 0.6221989989280701, 0.6289979219436646, 0.6290881633758545, 0.6220324635505676, 0.6218546032905579, 0.6301548480987549, 0.6272753477096558, 0.6212785840034485, 0.6415485739707947, 0.6212816834449768, 0.6283748745918274, 0.6261700987815857, 0.6255996227264404, 0.635267972946167, 0.6224620938301086, 0.6285462975502014, 0.6284383535385132, 0.6209015250205994, 0.640133261680603, 0.6254863739013672, 0.6311453580856323, 0.6212747097015381, 0.6295042037963867, 0.63071209192276, 0.6229300498962402, 0.6335064768791199, 0.6217201352119446, 0.6310464143753052, 0.6331196427345276, 0.6251596212387085, 0.625415563583374, 0.6324509382247925, 0.6281968355178833, 0.6251818537712097, 0.635719895362854, 0.6295856833457947, 0.6257673501968384, 0.6268966794013977, 0.6249898076057434, 0.6273501515388489, 0.619640052318573, 0.6291810870170593, 0.6436985731124878, 0.6310672163963318, 0.627336859703064, 0.6276172995567322, 0.6182498335838318, 0.6173773407936096, 0.6206373572349548, 0.6289346218109131, 0.6272631287574768, 0.6199665069580078],