{"train_loss": [0.6855173792157855, 0.6631582719939095, 0.674514251095908, 0.6416536399296352, 0.6582351326942444, 0.6687929459980556, 0.652395418712071, 0.640158372265952, 0.6415894457272121, 0.651650105203901, 0.651735646384103, 0.6452723230634417, 0.6190293857029506, 0.6137957572937012, 0.6183991602488926, 0.6179349677903312, 0.5976061395236424, 0.603146527494703, 0.5989904233387539, 0.6050369569233486, 0.6077292816979545, 0.5922907846314567, 0.5899513363838196, 0.5812956009592328, 0.5872274381773812, 0.5937906418527875, 0.5676794392721993, 0.569866052695683, 0.5802679998534066, 0.5837238516126361, 0.5885665842464992, 0.5965660384723118, 0.5986365335328239, 0.5839729819978986, 0.5793987427439008, 0.5724119458879743, 0.5764905554907662, 0.578599921294621, 0.5750416261809213, 0.5767839636121478, 0.562784058707101, 0.5612369860921588, 0.569893513407026, 0.5668765987668719, 0.5719464506421771, 0.575062130178724, 0.5712392713342395, 0.5817481279373169, 0.5631026710782733, 0.5661843078477042, 0.581201297896249, 0.5829129985400608, 0.5648137245859418, 0.5693242720195225, 0.5727715236800057, 0.5641289012772697, 0.5658057246889386, 0.564790278673172, 0.5628935183797564, 0.5713625550270081, 0.5719374247959682, 0.5803993429456439, 0.5752378361565726, 0.5738486817904881, 0.5743832843644279, 0.5815063885280064, 0.5691383736474174, 0.5602506058556693, 0.5607976317405701, 0.5665436046464103, 0.5517288105828422, 0.5606504125254494, 0.5627188852855137, 0.560977748462132, 0.5716709750039237, 0.569434574672154, 0.5623263376099723, 0.5717687862260001, 0.5659290296690804, 0.5693137560571943, 0.5616015791893005, 0.5657253776277814, 0.5628888351576669, 0.5659813370023455, 0.5654638920511518, 0.5686462606702533, 0.5597254293305534, 0.558982287134443, 0.5671863641057696, 0.572014604296003, 0.5681589926992144, 0.5671629309654236, 0.5868415662220546, 0.5683121085166931, 0.5658442888941083, 0.5681007163865226, 0.5584320255688259, 0.5632115730217525, 0.5564062339918954, 0.5645770728588104], "train_acc": [0.597752808988764, 0.6393258426966292, 0.6101123595505618, 0.6752808988764045, 0.650561797752809, 0.6056179775280899, 0.6561797752808989, 0.6685393258426966, 0.6662921348314607, 0.6617977528089888, 0.6449438202247191, 0.6606741573033708, 0.6921348314606741, 0.7056179775280899, 0.6685393258426966, 0.6707865168539325, 0.7067415730337079, 0.6966292134831461, 0.6910112359550562, 0.697752808988764, 0.6674157303370787, 0.7044943820224719, 0.6943820224719102, 0.701123595505618, 0.7067415730337079, 0.6865168539325842, 0.7179775280898877, 0.7258426966292135, 0.698876404494382, 0.7112359550561798, 0.7056179775280899, 0.6921348314606741, 0.6831460674157304, 0.6943820224719102, 0.7123595505617978, 0.7213483146067415, 0.7123595505617978, 0.7134831460674157, 0.7202247191011236, 0.7, 0.7168539325842697, 0.7247191011235955, 0.7101123595505618, 0.7134831460674157, 0.7202247191011236, 0.7179775280898877, 0.7123595505617978, 0.7123595505617978, 0.7258426966292135, 0.7101123595505618, 0.7123595505617978, 0.7, 0.7202247191011236, 0.7247191011235955, 0.7, 0.7235955056179775, 0.7123595505617978, 0.7168539325842697, 0.7202247191011236, 0.7168539325842697, 0.7202247191011236, 0.7191011235955056, 0.6955056179775281, 0.7146067415730337, 0.7123595505617978, 0.698876404494382, 0.7123595505617978, 0.7235955056179775, 0.7213483146067415, 0.7123595505617978, 0.7247191011235955, 0.7191011235955056, 0.7314606741573034, 0.7292134831460674, 0.7314606741573034, 0.7112359550561798, 0.7123595505617978, 0.7168539325842697, 0.7337078651685394, 0.7213483146067415, 0.7404494382022472, 0.7303370786516854, 0.7202247191011236, 0.7348314606741573, 0.7224719101123596, 0.7134831460674157, 0.7348314606741573, 0.7303370786516854, 0.7247191011235955, 0.7168539325842697, 0.7157303370786516, 0.7247191011235955, 0.7134831460674157, 0.7179775280898877, 0.7303370786516854, 0.7292134831460674, 0.7258426966292135, 0.7202247191011236, 0.7359550561797753, 0.7269662921348314], "val_loss": [0.6946159601211548, 0.6893230080604553, 0.6372413039207458, 0.5885938405990601, 0.7434828281402588, 0.6276945471763611, 0.6548423171043396, 0.6118102073669434, 0.6245000958442688, 0.6377524733543396, 0.6458936333656311, 0.5865773558616638, 0.5705202221870422, 0.5957381725311279, 0.5719001293182373, 0.5286951661109924, 0.5584399104118347, 0.5386801958084106, 0.5138257145881653, 0.5380586981773376, 0.5584615468978882, 0.5534406304359436, 0.4990994334220886, 0.4962713122367859, 0.4904879927635193, 0.48809683322906494, 0.531533420085907, 0.4851445257663727, 0.47165074944496155, 0.49751219153404236, 0.5100584030151367, 0.5848729014396667, 0.49375879764556885, 0.4766468107700348, 0.4890919327735901, 0.4877677857875824, 0.4921989440917969, 0.46413883566856384, 0.5386348366737366, 0.4728087782859802, 0.4591398537158966, 0.49606138467788696, 0.4711448848247528, 0.48105570673942566, 0.4721358120441437, 0.5337855815887451, 0.46830588579177856, 0.4861004054546356, 0.469646155834198, 0.4822029173374176, 0.4790528118610382, 0.49234890937805176, 0.5004488229751587, 0.4716832935810089, 0.4742783010005951, 0.5008478164672852, 0.47265705466270447, 0.4690147638320923, 0.5154799818992615, 0.46382230520248413, 0.4817631244659424, 0.5308994054794312, 0.4755745828151703, 0.46868664026260376, 0.5445972681045532, 0.47521159052848816, 0.47746968269348145, 0.4770289957523346, 0.47095242142677307, 0.5002570748329163, 0.46712198853492737, 0.4775767922401428, 0.49268838763237, 0.46854662895202637, 0.4801236093044281, 0.48529762029647827, 0.48481467366218567, 0.4748245179653168, 0.4740750193595886, 0.4949687123298645, 0.46629083156585693, 0.4947158396244049, 0.4735850393772125, 0.48519474267959595, 0.48246338963508606, 0.4968067407608032, 0.4725051820278168, 0.48867276310920715, 0.4731609523296356, 0.4930356740951538, 0.5099037289619446, 0.46887126564979553, 0.503087043762207, 0.4758850336074829, 0.47311219573020935, 0.4964179992675781, 0.4824613928794861, 0.4815694987773895, 0.47706687450408936, 0.46921271085739136],