{"train_loss": [0.6757892625672477, 0.671705595084599, 0.6731792773519244, 0.6719627295221601, 0.6724154353141785, 0.6721955793244498, 0.6728651693889073, 0.6715673633984157, 0.6703953657831464, 0.6713925089154925, 0.668181129864284, 0.6693208473069328, 0.662365700517382, 0.6553010174206325, 0.6459743210247585, 0.6355183805738177, 0.6307865040642875, 0.6216441307749067, 0.6191658633095878, 0.6204803160258702, 0.6252721122332981, 0.6255243420600891, 0.6153226665088108, 0.6077289666448321, 0.6155138611793518, 0.6138550979750497, 0.6130784409386771, 0.6050671764782497, 0.6129194838660104, 0.5963452458381653, 0.5997731174741473, 0.5987199459757123, 0.5991226349558149, 0.6009732825415475, 0.5988101618630546, 0.5923100539616176, 0.6009330579212734, 0.5991126043455941, 0.6005029422896249, 0.6007938640458244, 0.5910183787345886, 0.5946865848132542, 0.585547855922154, 0.5964582817895072, 0.5972543358802795, 0.5992330483027867, 0.6103826080049787, 0.5956522481782096, 0.5976848261696952, 0.5878183926854815, 0.5909973978996277, 0.5820598006248474, 0.5901891929762704, 0.596000075340271, 0.5879737394196647, 0.5955004862376622, 0.5833704727036613, 0.5829279593058995, 0.5916727866445269, 0.5987994926316398, 0.5936368192945208, 0.5874849728175572, 0.5858576382909503, 0.5899079442024231, 0.5798724038260323, 0.5874073845999581, 0.5868935244424003, 0.5874474900109428, 0.5897046157291957, 0.5832971164158413, 0.5965191466467721, 0.5943097046443394, 0.5887625047138759, 0.5863334195954459, 0.5933156609535217, 0.5778343081474304, 0.5870472873960223, 0.5717392904417855, 0.5818438955715725, 0.5897066508020673, 0.5768242904118129, 0.5866637740816388, 0.5801626699311393, 0.5855269091469901, 0.5733407480376107, 0.5851772512708392, 0.570541330746242, 0.5786165595054626, 0.5885089465550014, 0.5810725859233311, 0.5829288278307233, 0.5761256643704006, 0.5770539811679295, 0.5727547662598746, 0.5750399146761213, 0.570931783744267, 0.5717215367725917, 0.5771634834153312, 0.5728937132017953, 0.5780216796057565], "train_acc": [0.6022471910112359, 0.6022471910112359, 0.6022471910112359, 0.6022471910112359, 0.6022471910112359, 0.6022471910112359, 0.6022471910112359, 0.6022471910112359, 0.6022471910112359, 0.6022471910112359, 0.6022471910112359, 0.6022471910112359, 0.6022471910112359, 0.604494382022472, 0.6550561797752809, 0.6719101123595506, 0.702247191011236, 0.6910112359550562, 0.702247191011236, 0.6752808988764045, 0.6876404494382022, 0.698876404494382, 0.702247191011236, 0.698876404494382, 0.6955056179775281, 0.6876404494382022, 0.6898876404494382, 0.7146067415730337, 0.7067415730337079, 0.7224719101123596, 0.7112359550561798, 0.7089887640449438, 0.7033707865168539, 0.7146067415730337, 0.6921348314606741, 0.7191011235955056, 0.7179775280898877, 0.701123595505618, 0.702247191011236, 0.7067415730337079, 0.7213483146067415, 0.7134831460674157, 0.7438202247191011, 0.7112359550561798, 0.7101123595505618, 0.7202247191011236, 0.6876404494382022, 0.7146067415730337, 0.7078651685393258, 0.7134831460674157, 0.7224719101123596, 0.7224719101123596, 0.7123595505617978, 0.7089887640449438, 0.7146067415730337, 0.7123595505617978, 0.7179775280898877, 0.7213483146067415, 0.7123595505617978, 0.7112359550561798, 0.7213483146067415, 0.7134831460674157, 0.7168539325842697, 0.7123595505617978, 0.7213483146067415, 0.7269662921348314, 0.7224719101123596, 0.7191011235955056, 0.7157303370786516, 0.7157303370786516, 0.7235955056179775, 0.7067415730337079, 0.7112359550561798, 0.7269662921348314, 0.7146067415730337, 0.7292134831460674, 0.7179775280898877, 0.7269662921348314, 0.7168539325842697, 0.7224719101123596, 0.7415730337078652, 0.7067415730337079, 0.7168539325842697, 0.7112359550561798, 0.7348314606741573, 0.7213483146067415, 0.7348314606741573, 0.7224719101123596, 0.7269662921348314, 0.7314606741573034, 0.7292134831460674, 0.7393258426966293, 0.7303370786516854, 0.7235955056179775, 0.7258426966292135, 0.7393258426966293, 0.7292134831460674, 0.7191011235955056, 0.7337078651685394, 0.7269662921348314], "val_loss": [0.6905792951583862, 0.6956819891929626, 0.6934396028518677, 0.6932176947593689, 0.6935389041900635, 0.6930932998657227, 0.6938976645469666, 0.6917299628257751, 0.6927708983421326, 0.6941430568695068, 0.6893442273139954, 0.6921757459640503, 0.6727343201637268, 0.6730987429618835, 0.659290075302124, 0.6571596264839172, 0.6514763832092285, 0.6314234733581543, 0.6307116746902466, 0.6496008634567261, 0.6366234421730042, 0.642180323600769, 0.6370398998260498, 0.6357496976852417, 0.6323778033256531, 0.6306126117706299, 0.6394845247268677, 0.639531672000885, 0.6413776874542236, 0.6443586349487305, 0.6446726322174072, 0.6366762518882751, 0.6460296511650085, 0.6460489630699158, 0.6469398140907288, 0.6551666855812073, 0.6444522142410278, 0.6463891267776489, 0.6481055021286011, 0.6427094340324402, 0.6501661539077759, 0.6437996625900269, 0.6500272154808044, 0.646244466304779, 0.6490224003791809, 0.6507396101951599, 0.6448110342025757, 0.6669347286224365, 0.6481110453605652, 0.6580263376235962, 0.6614305377006531, 0.6460925936698914, 0.6619750261306763, 0.6587875485420227, 0.6603342294692993, 0.646892786026001, 0.6514368653297424, 0.665854811668396, 0.6573954224586487, 0.6485123634338379, 0.6584230065345764, 0.6527646780014038, 0.6567823886871338, 0.6561124920845032, 0.6652141809463501, 0.6496751308441162, 0.6612306833267212, 0.6544609665870667, 0.6586819887161255, 0.6621977090835571, 0.6506391167640686, 0.63990318775177, 0.6563822031021118, 0.6681429743766785, 0.6637426614761353, 0.6512413620948792, 0.6693062782287598, 0.6551244854927063, 0.6632993817329407, 0.662540853023529, 0.6512847542762756, 0.6515921354293823, 0.6658266186714172, 0.6683056354522705, 0.6791854500770569, 0.6634500622749329, 0.67962247133255, 0.6606194376945496, 0.6894828081130981, 0.6480623483657837, 0.649782657623291, 0.6712360978126526, 0.6793357133865356, 0.6792231202125549, 0.6574918627738953, 0.6935470104217529, 0.6681447625160217, 0.6721374988555908, 0.6835371851921082, 0.6532996892929077],