{"train_loss": [0.693872196333749, 0.675834732396262, 0.6778406075068882, 0.6777028526578631, 0.6766194871493748, 0.6759522642408099, 0.6739007745470319, 0.6741971032960075, 0.6738062756402152, 0.6724715658596584, 0.6685019476073129, 0.6633085182734898, 0.6647780367306301, 0.663372814655304, 0.6604289412498474, 0.657387546130589, 0.6559933509145465, 0.6587306261062622, 0.647697423185621, 0.6450271350996835, 0.6413264955793109, 0.6483102696282523, 0.639765237058912, 0.6315383570534843, 0.6285995159830365, 0.6410482951572963, 0.6257558294704982, 0.6206130300249372, 0.6209794453212193, 0.6172020179884774, 0.6223767570086888, 0.6182959846087864, 0.6302556225231716, 0.6169415882655552, 0.6243176971163068, 0.6198117477553231, 0.6226322991507394, 0.631407516343253, 0.627598490033831, 0.6203136358942304, 0.6235113314219883, 0.6213917987687247, 0.6173379846981594, 0.6136048606463841, 0.6117331555911473, 0.625508793762752, 0.6140260185514178, 0.6226705823625837, 0.6258336986814227, 0.6113098434039524, 0.6131140163966587, 0.6258125730923244, 0.6171730245862689, 0.6174706305776324, 0.6073653101921082, 0.6088507941790989, 0.6013369645391192, 0.6116877538817269, 0.6100042973245893, 0.6082313401358468, 0.6204634734562465, 0.6027665734291077, 0.6111857209886823, 0.609238360609327, 0.606829013143267, 0.6144497990608215, 0.5987647005489894, 0.6100745456559318, 0.5983661242893764, 0.6078765988349915, 0.612202627318246, 0.6099478602409363, 0.6114865371159145, 0.6045120358467102, 0.6025158507483346, 0.6085768597466605, 0.6162696651050023, 0.6104115332875933, 0.6056333013943264, 0.6125642827578953, 0.5981783100536892, 0.6017669524465289, 0.6079109651701791, 0.6052327070917402, 0.5991006152970451, 0.6097736699240548, 0.6155313423701695, 0.6010646564619881, 0.6127159425190517, 0.6057114175387791, 0.6034147994858878, 0.6060587934085301, 0.5964386974062238, 0.5984903744288853, 0.6113054837499347, 0.6029874341828483, 0.5994663664272853, 0.6086784175464085, 0.6174846376691546, 0.6059901203427996], "train_acc": [0.49213483146067416, 0.5921348314606741, 0.5921348314606741, 0.5921348314606741, 0.5921348314606741, 0.5921348314606741, 0.5921348314606741, 0.5921348314606741, 0.5921348314606741, 0.5921348314606741, 0.5921348314606741, 0.5921348314606741, 0.6213483146067416, 0.6247191011235955, 0.6303370786516854, 0.6494382022471911, 0.6415730337078651, 0.6426966292134831, 0.647191011235955, 0.6584269662921348, 0.6741573033707865, 0.6707865168539325, 0.6775280898876405, 0.6752808988764045, 0.6853932584269663, 0.6707865168539325, 0.6842696629213483, 0.6955056179775281, 0.6898876404494382, 0.6955056179775281, 0.6887640449438203, 0.6820224719101123, 0.6876404494382022, 0.6853932584269663, 0.6932584269662921, 0.6955056179775281, 0.6853932584269663, 0.6764044943820224, 0.6741573033707865, 0.6921348314606741, 0.6775280898876405, 0.6842696629213483, 0.6887640449438203, 0.698876404494382, 0.6876404494382022, 0.6741573033707865, 0.702247191011236, 0.6831460674157304, 0.6808988764044944, 0.7, 0.6943820224719102, 0.6876404494382022, 0.6955056179775281, 0.6764044943820224, 0.6943820224719102, 0.698876404494382, 0.697752808988764, 0.6943820224719102, 0.6887640449438203, 0.6966292134831461, 0.6808988764044944, 0.6966292134831461, 0.6887640449438203, 0.6898876404494382, 0.701123595505618, 0.6943820224719102, 0.7101123595505618, 0.6876404494382022, 0.7, 0.6943820224719102, 0.6910112359550562, 0.6932584269662921, 0.6831460674157304, 0.697752808988764, 0.697752808988764, 0.701123595505618, 0.6887640449438203, 0.702247191011236, 0.701123595505618, 0.6865168539325842, 0.7067415730337079, 0.6955056179775281, 0.7033707865168539, 0.6898876404494382, 0.7123595505617978, 0.6966292134831461, 0.6730337078651686, 0.7, 0.6786516853932584, 0.7, 0.7067415730337079, 0.6955056179775281, 0.7123595505617978, 0.7067415730337079, 0.6887640449438203, 0.6955056179775281, 0.701123595505618, 0.6853932584269663, 0.7044943820224719, 0.6910112359550562], "val_loss": [0.6786816120147705, 0.6645501852035522, 0.6702463030815125, 0.6732137203216553, 0.6670491695404053, 0.6638263463973999, 0.6667100191116333, 0.6669761538505554, 0.6609787940979004, 0.6617229580879211, 0.6602460741996765, 0.6582831740379333, 0.65682053565979, 0.650600790977478, 0.6521225571632385, 0.6391564011573792, 0.6580460071563721, 0.6312999129295349, 0.6142450571060181, 0.6326042413711548, 0.5968002676963806, 0.6343309283256531, 0.6118592023849487, 0.6202133297920227, 0.5902237892150879, 0.6060861349105835, 0.5851891040802002, 0.5932512283325195, 0.5690036416053772, 0.5760875344276428, 0.585018515586853, 0.5751696228981018, 0.5692234039306641, 0.5746077299118042, 0.5611321330070496, 0.5818594098091125, 0.5723156332969666, 0.5796535611152649, 0.5946427583694458, 0.5644105672836304, 0.5859174728393555, 0.5726947784423828, 0.5714441537857056, 0.5668329000473022, 0.5721692442893982, 0.562608003616333, 0.5755705833435059, 0.5665033459663391, 0.562343418598175, 0.575788140296936, 0.5585142970085144, 0.5732505321502686, 0.5869166254997253, 0.5541858673095703, 0.570015549659729, 0.5654361248016357, 0.5575091242790222, 0.5629076361656189, 0.5568387508392334, 0.557889461517334, 0.5621176362037659, 0.5598322749137878, 0.5557199716567993, 0.5574730038642883, 0.5544314980506897, 0.5616165399551392, 0.5524987578392029, 0.5634904503822327, 0.5470667481422424, 0.5606634020805359, 0.5469843745231628, 0.5505778789520264, 0.5590976476669312, 0.5506862998008728, 0.5572636127471924, 0.5618255138397217, 0.5660862326622009, 0.5437535643577576, 0.5671570301055908, 0.5505083203315735, 0.5504449605941772, 0.5445854663848877, 0.5573154091835022, 0.5449240803718567, 0.5591215491294861, 0.5478494763374329, 0.5596352815628052, 0.5485150218009949, 0.549995481967926, 0.5432758927345276, 0.5609445571899414, 0.5439808964729309, 0.5340420007705688, 0.5390136241912842, 0.5498936772346497, 0.5377185344696045, 0.5641517639160156, 0.5362519025802612, 0.5518432259559631, 0.5663347244262695], "val_acc": [0.6216216216216216, 0.6216216216216216, 0.6216216216216216, 0.6216216216216216, 0.6216216216216216, 0.6216216216216216, 0.6216216216216216, 0.6216216216216216, 0.6216216216216216, 0.6216216216216216, 0.6216216216216216, 0.6216216216216216, 0.6846846846846847, 0.6756756756756757, 0.7027027027027027, 0.6756756756756757, 0.6036036036036037, 0.6756756756756757, 0.7207207207207207, 0.6486486486486487, 0.7207207207207207, 0.6936936936936937, 0.7387387387387387, 0.7027027027027027, 0.7117117117117117, 0.7117117117117117, 0.7297297297297297, 0.7207207207207207, 0.7117117117117117, 0.7477477477477478, 0.7297297297297297, 0.7027027027027027, 0.7297297297297297, 0.7027027027027027, 0.7297297297297297, 0.7027027027027027, 0.7117117117117117, 0.7117117117117117, 0.6936936936936937, 0.7387387387387387, 0.7387387387387387, 0.6846846846846847, 0.7207207207207207, 0.6936936936936937, 0.7207207207207207, 0.7117117117117117, 0.7387387387387387, 0.7387387387387387, 0.7387387387387387, 0.7387387387387387, 0.6936936936936937, 0.7117117117117117, 0.7297297297297297, 0.7387387387387387, 0.7207207207207207, 0.6936936936936937, 0.6936936936936937, 0.7027027027027027, 0.7027027027027027, 0.7387387387387387, 0.7297297297297297, 0.6936936936936937, 0.7027027027027027, 0.7207207207207207, 0.7117117117117117, 0.7207207207207207, 0.7027027027027027, 0.7567567567567568, 0.7117117117117117, 0.7477477477477478, 0.7027027027027027, 0.7027027027027027, 0.7027027027027027, 0.6936936936936937, 0.6936936936936937, 0.7027027027027027, 0.7207207207207207, 0.7387387387387387, 0.7387387387387387, 0.7117117117117117, 0.7297297297297297, 0.7207207207207207, 0.7387387387387387, 0.7117117117117117, 0.7477477477477478, 0.7027027027027027, 0.6936936936936937, 0.7117117117117117, 0.7207207207207207, 0.7207207207207207, 0.7477477477477478, 0.7207207207207207, 0.7297297297297297, 0.7297297297297297, 0.7387387387387387, 0.7387387387387387, 0.7207207207207207, 0.7207207207207207, 0.7477477477477478, 0.7297297297297297]}