{"train_loss": [0.6824242046901158, 0.6789200731686184, 0.6437739559582302, 0.6252778257642474, 0.6481031264577594, 0.6214497004236493, 0.5954389316695077, 0.6071760143552508, 0.5969124691826957, 0.5901353103773934, 0.59713762147086, 0.6079762152263096, 0.6066446389470782, 0.5939375502722604, 0.5795171345983233, 0.5963666864803859, 0.5947036572865078, 0.5944297398839679, 0.587381226675851, 0.5837962286812919, 0.5853004285267421, 0.5745710986001151, 0.5793982573917934, 0.5704789331981114, 0.5742711254528591, 0.5644900373050145, 0.5672044157981873, 0.5823723503521511, 0.5637441022055489, 0.574747656072889, 0.576177179813385, 0.5669608073575156, 0.5752734797341483, 0.5686106511524746, 0.570969249520983, 0.5669557281902858, 0.5626559087208339, 0.5626557895115444, 0.5553957436765943, 0.5691420904227665, 0.5648755431175232, 0.5634861801351819, 0.5593038541930062, 0.5602987578936985, 0.5513588147503989, 0.5537981050355094, 0.5589543964181628, 0.5485147408076695, 0.5477720499038696, 0.545632758310863, 0.5503129277910505, 0.556314366204398, 0.5695400152887616, 0.5542515942028591, 0.548114150762558, 0.5510339651788984, 0.5603078774043492, 0.5566905226026263, 0.5588757140295846, 0.5471632991518293, 0.5525155408041817, 0.5478150589125497, 0.5465036460331508, 0.5522568566458566, 0.55257619704519, 0.5472465370382581, 0.5448263159820012, 0.5432240792683193, 0.5453819802829197, 0.5408410174506051, 0.5515315362385341, 0.5547213469232831, 0.5548381805419922, 0.5478320973260062, 0.5465648514883858, 0.5477896205016545, 0.5586674511432648, 0.5483190885611943, 0.5469954439571926, 0.5462489937032972, 0.5429119510310036, 0.5387807147843497, 0.5363986577306475, 0.5390994506222861, 0.5439941968236651, 0.5361511409282684, 0.538126460143498, 0.5372649771826608, 0.5443239297185626, 0.5383139678410122, 0.536826125213078, 0.5362871672425952, 0.5365838280745915, 0.5353545801980155, 0.5440579737935748, 0.5445467233657837, 0.5374504796096257, 0.5406166442802974, 0.5406753463404519, 0.5374770249639239], "train_acc": [0.5606741573033708, 0.5910112359550562, 0.6932584269662921, 0.6820224719101123, 0.6640449438202247, 0.6696629213483146, 0.7112359550561798, 0.702247191011236, 0.6865168539325842, 0.7033707865168539, 0.7101123595505618, 0.6876404494382022, 0.6865168539325842, 0.6955056179775281, 0.7101123595505618, 0.7123595505617978, 0.7033707865168539, 0.702247191011236, 0.698876404494382, 0.7056179775280899, 0.7202247191011236, 0.7269662921348314, 0.7101123595505618, 0.7191011235955056, 0.7146067415730337, 0.7213483146067415, 0.7258426966292135, 0.7213483146067415, 0.7269662921348314, 0.702247191011236, 0.7101123595505618, 0.7078651685393258, 0.7089887640449438, 0.7224719101123596, 0.7224719101123596, 0.7337078651685394, 0.7325842696629213, 0.7258426966292135, 0.7404494382022472, 0.7191011235955056, 0.7382022471910112, 0.7404494382022472, 0.7292134831460674, 0.7213483146067415, 0.7393258426966293, 0.7348314606741573, 0.7337078651685394, 0.7348314606741573, 0.7382022471910112, 0.7370786516853932, 0.7393258426966293, 0.7393258426966293, 0.7303370786516854, 0.7337078651685394, 0.7438202247191011, 0.7370786516853932, 0.7258426966292135, 0.7224719101123596, 0.7213483146067415, 0.7382022471910112, 0.7348314606741573, 0.7426966292134831, 0.7426966292134831, 0.7404494382022472, 0.7404494382022472, 0.7471910112359551, 0.744943820224719, 0.7325842696629213, 0.7370786516853932, 0.7426966292134831, 0.7382022471910112, 0.7393258426966293, 0.7415730337078652, 0.7528089887640449, 0.7426966292134831, 0.7438202247191011, 0.7269662921348314, 0.7325842696629213, 0.7393258426966293, 0.7438202247191011, 0.7393258426966293, 0.7471910112359551, 0.7438202247191011, 0.7471910112359551, 0.7415730337078652, 0.7438202247191011, 0.7584269662921348, 0.7460674157303371, 0.7382022471910112, 0.7415730337078652, 0.7528089887640449, 0.7539325842696629, 0.748314606741573, 0.7629213483146068, 0.750561797752809, 0.7573033707865169, 0.7561797752808989, 0.7528089887640449, 0.744943820224719, 0.7471910112359551], "val_loss": [0.7426932454109192, 0.6827976703643799, 0.7223249673843384, 0.7039893865585327, 0.6450555920600891, 0.6205592751502991, 0.6606851816177368, 0.6001973748207092, 0.6097106337547302, 0.6004992127418518, 0.6700427532196045, 0.6680974960327148, 0.6125996112823486, 0.6038148403167725, 0.6077773571014404, 0.6076388955116272, 0.6331818103790283, 0.6101797223091125, 0.6180022358894348, 0.6158120036125183, 0.6009684801101685, 0.6066395044326782, 0.5986656546592712, 0.6039531230926514, 0.6028005480766296, 0.6014260053634644, 0.6088023781776428, 0.5921995639801025, 0.6429521441459656, 0.6037774085998535, 0.5988550186157227, 0.6045006513595581, 0.5924187898635864, 0.6245947480201721, 0.5962812900543213, 0.6153048872947693, 0.6070492267608643, 0.5962268710136414, 0.5969151854515076, 0.5968615412712097, 0.5921075344085693, 0.5980423092842102, 0.6041290760040283, 0.5983294248580933, 0.6090381145477295, 0.5912705063819885, 0.6007093787193298, 0.5887892246246338, 0.5901457071304321, 0.5932005643844604, 0.5898934602737427, 0.6206375956535339, 0.5880376696586609, 0.6105417013168335, 0.5884422063827515, 0.6104419231414795, 0.5912476778030396, 0.5906694531440735, 0.5865788459777832, 0.5926759243011475, 0.5877991914749146, 0.5936732888221741, 0.5855807065963745, 0.5865878462791443, 0.5848169922828674, 0.5864810943603516, 0.5941123366355896, 0.5876172184944153, 0.5888000130653381, 0.5919677019119263, 0.580847978591919, 0.5830191373825073, 0.5805533528327942, 0.584235429763794, 0.5811582207679749, 0.5898304581642151, 0.5811651945114136, 0.5839017629623413, 0.5842533707618713, 0.5853393077850342, 0.5807281136512756, 0.5906631350517273, 0.5823811292648315, 0.5813254117965698, 0.5764898061752319, 0.5902791619300842, 0.5785977244377136, 0.5811586976051331, 0.5834607481956482, 0.5809510350227356, 0.5810316801071167, 0.5784185528755188, 0.5810398459434509, 0.583928108215332, 0.5737081170082092, 0.5878497362136841, 0.5804303884506226, 0.5930642485618591, 0.5791680216789246, 0.5780450701713562],