{"train_loss": [0.6804481489317757, 0.6569153666496277, 0.6630865505763462, 0.6285298977579389, 0.6425325700214931, 0.6709957718849182, 0.6327081918716431, 0.6272197791508266, 0.6111060551234654, 0.6069812263761248, 0.6118222049304417, 0.6034954786300659, 0.5876988683428083, 0.5945540240832737, 0.62126282283238, 0.602232847894941, 0.5834125876426697, 0.5945527298109872, 0.5900915861129761, 0.6062502009528024, 0.588815416608538, 0.5912375961031232, 0.580848753452301, 0.583647004195622, 0.6023759586470467, 0.5965536407061985, 0.5837850740977696, 0.5754887631961277, 0.5936310461589268, 0.5833901933261326, 0.587636479309627, 0.5971735886165074, 0.5933864031519208, 0.5844494700431824, 0.5999622600419181, 0.5840513961655753, 0.5869610905647278, 0.5812516382762364, 0.5883847645350865, 0.5838813526289803, 0.5714604003088815, 0.5631830436842782, 0.5670728257724217, 0.5622080479349408, 0.5687363318034581, 0.5704363584518433, 0.5663133859634399, 0.5687856589044843, 0.5593916007450649, 0.5603485192571368, 0.5667487212589809, 0.5765774931226458, 0.5596226879528591, 0.5626380443572998, 0.5693636621747699, 0.5607745349407196, 0.5636771023273468, 0.5648627025740487, 0.5499446306909833, 0.5578985980578831, 0.5629179690565381, 0.5605805558817727, 0.5631505591528756, 0.5570979458945138, 0.5640341469219753, 0.5636259061949593, 0.5510529662881579, 0.5532756618091038, 0.5469921997615269, 0.5535568850381034, 0.5515870835099902, 0.5535272444997515, 0.550852222102029, 0.5507311139787946, 0.5487545686108726, 0.5554112792015076, 0.559569137437003, 0.5589105061122349, 0.5515376542295728, 0.5559884224619184, 0.5568673270089286, 0.5474111906119755, 0.5471078753471375, 0.5548396365983146, 0.5536699295043945, 0.5511750323431832, 0.5493398649351937, 0.5510759609086173, 0.5504456503050668, 0.5494347810745239, 0.5609203108719417, 0.5570766414914813, 0.5615160805838448, 0.5455217702048165, 0.5526013033730643, 0.5461789880480085, 0.54697756256376, 0.5492915638855526, 0.5470271110534668, 0.5534540116786957], "train_acc": [0.6022471910112359, 0.6404494382022472, 0.6438202247191012, 0.6730337078651686, 0.6730337078651686, 0.6213483146067416, 0.6775280898876405, 0.6876404494382022, 0.6865168539325842, 0.7, 0.6752808988764045, 0.7067415730337079, 0.7168539325842697, 0.7134831460674157, 0.6741573033707865, 0.6752808988764045, 0.7033707865168539, 0.6853932584269663, 0.6932584269662921, 0.6966292134831461, 0.7078651685393258, 0.7146067415730337, 0.7056179775280899, 0.7044943820224719, 0.6831460674157304, 0.6707865168539325, 0.7134831460674157, 0.7089887640449438, 0.6910112359550562, 0.698876404494382, 0.6943820224719102, 0.698876404494382, 0.6876404494382022, 0.7, 0.6898876404494382, 0.6820224719101123, 0.6955056179775281, 0.7134831460674157, 0.6943820224719102, 0.7089887640449438, 0.7067415730337079, 0.7202247191011236, 0.7213483146067415, 0.7101123595505618, 0.7078651685393258, 0.7112359550561798, 0.7168539325842697, 0.7067415730337079, 0.7179775280898877, 0.7134831460674157, 0.7157303370786516, 0.701123595505618, 0.7157303370786516, 0.7202247191011236, 0.7044943820224719, 0.7202247191011236, 0.7067415730337079, 0.7134831460674157, 0.7157303370786516, 0.7101123595505618, 0.7269662921348314, 0.7168539325842697, 0.701123595505618, 0.7112359550561798, 0.7235955056179775, 0.7101123595505618, 0.7303370786516854, 0.7157303370786516, 0.7224719101123596, 0.7359550561797753, 0.7157303370786516, 0.7202247191011236, 0.7101123595505618, 0.7168539325842697, 0.7325842696629213, 0.7224719101123596, 0.7067415730337079, 0.7157303370786516, 0.7213483146067415, 0.7191011235955056, 0.7157303370786516, 0.7202247191011236, 0.7078651685393258, 0.7280898876404495, 0.7146067415730337, 0.7280898876404495, 0.7247191011235955, 0.7269662921348314, 0.7292134831460674, 0.7269662921348314, 0.7123595505617978, 0.7202247191011236, 0.7179775280898877, 0.7337078651685394, 0.7247191011235955, 0.7404494382022472, 0.7303370786516854, 0.7202247191011236, 0.7292134831460674, 0.7179775280898877], "val_loss": [0.69176185131073, 0.6238824725151062, 0.6097992658615112, 0.6069705486297607, 0.6243505477905273, 0.6224503517150879, 0.6424501538276672, 0.5946468114852905, 0.5696658492088318, 0.5763143301010132, 0.5710914134979248, 0.5348860621452332, 0.559548020362854, 0.6535326838493347, 0.5460056662559509, 0.5240478515625, 0.5596834421157837, 0.5276957154273987, 0.5294585824012756, 0.5116903781890869, 0.5380775332450867, 0.5520341992378235, 0.5143530964851379, 0.5749891400337219, 0.5348953604698181, 0.5382859706878662, 0.5394015908241272, 0.5041004419326782, 0.5050613880157471, 0.5030661225318909, 0.5620526671409607, 0.5759457945823669, 0.515880286693573, 0.4917588233947754, 0.5241958498954773, 0.5383111834526062, 0.5160607695579529, 0.4971776306629181, 0.5634551644325256, 0.5024029016494751, 0.48053470253944397, 0.5042871236801147, 0.49131736159324646, 0.4860421121120453, 0.49683669209480286, 0.5194829106330872, 0.47273051738739014, 0.49346470832824707, 0.4685240387916565, 0.4840698540210724, 0.4807074964046478, 0.4850340485572815, 0.5120967626571655, 0.47246676683425903, 0.47902625799179077, 0.5140512585639954, 0.48318567872047424, 0.4689740836620331, 0.5225455164909363, 0.4704199433326721, 0.4783175587654114, 0.5173059701919556, 0.46655383706092834, 0.4706785976886749, 0.5303963422775269, 0.46417737007141113, 0.483102411031723, 0.47344350814819336, 0.4673686921596527, 0.5051182508468628, 0.4762144386768341, 0.48115554451942444, 0.4892613887786865, 0.4758591651916504, 0.4774929881095886, 0.4930294454097748, 0.4838891327381134, 0.4783046245574951, 0.47929680347442627, 0.49667006731033325, 0.4611422121524811, 0.49742504954338074, 0.45966318249702454, 0.48895910382270813, 0.4743292033672333, 0.495803564786911, 0.46355709433555603, 0.48858731985092163, 0.46208006143569946, 0.4796864986419678, 0.5112805962562561, 0.46037063002586365, 0.49953094124794006, 0.45861393213272095, 0.48380351066589355, 0.4632730782032013, 0.508371889591217, 0.4616135358810425, 0.4866377115249634, 0.4770577549934387],