{"train_loss": [0.689625450542995, 0.6835132752146039, 0.678712785243988, 0.6773341127804348, 0.6743461489677429, 0.672724791935512, 0.6722207069396973, 0.6683627026421683, 0.6643299204962594, 0.6582803130149841, 0.6458854675292969, 0.6333683814321246, 0.6238888076373509, 0.6227798461914062, 0.6099121911185128, 0.5997084890093122, 0.6034308757100787, 0.6123308028493609, 0.6041185685566494, 0.5949795757021222, 0.5908043299402509, 0.5856080395834786, 0.5798770529883248, 0.5926540579114642, 0.5927214452198574, 0.5868004475321088, 0.591500427041735, 0.5843556523323059, 0.5902037450245449, 0.5848895055907113, 0.5837439128330776, 0.5852079732077462, 0.5794989211218697, 0.5883907931191581, 0.5863632644925799, 0.5889314838818142, 0.594964998109, 0.5870303852217538, 0.5924872756004333, 0.5849653652736119, 0.5868880919047764, 0.5880634273801532, 0.5767992649759565, 0.5786648222378322, 0.5853495172091893, 0.5836243970053536, 0.5936611465045384, 0.5908636791365487, 0.586689932005746, 0.5793798395565578, 0.5900823729378837, 0.594761175768716, 0.5874544126646859, 0.5775522078786578, 0.5828388418470111, 0.5721609166690281, 0.5839851711477552, 0.5805257047925677, 0.5738128934587751, 0.57356515952519, 0.5776416574205671, 0.5778031093733651, 0.5687338794980731, 0.5776991077831813, 0.5808790922164917, 0.5786771178245544, 0.575086236000061, 0.5731660340513501, 0.5775851351874215, 0.5835287145205906, 0.5785354035241264, 0.5746996360165733, 0.5748003125190735, 0.57211720091956, 0.5769054463931492, 0.5778667330741882, 0.5847638845443726, 0.586304349558694, 0.5752061775752476, 0.5750493662697929, 0.5706722395760673, 0.569584310054779, 0.5759906087602887, 0.5733227389199393, 0.5713894963264465, 0.5770291856357029, 0.573408305644989, 0.5746427008083889, 0.5786560944148472, 0.5743449756077358, 0.5631134978362492, 0.5755648357527596, 0.5686441319329398, 0.5669125105653491, 0.5653159703527179, 0.5636936511312213, 0.5654645221573966, 0.5680548676422664, 0.5691296458244324, 0.5606047766549247], "train_acc": [0.5921348314606741, 0.5921348314606741, 0.5921348314606741, 0.5921348314606741, 0.5921348314606741, 0.5921348314606741, 0.5921348314606741, 0.5921348314606741, 0.5921348314606741, 0.5921348314606741, 0.6022471910112359, 0.6696629213483146, 0.7134831460674157, 0.697752808988764, 0.6966292134831461, 0.7044943820224719, 0.7056179775280899, 0.6820224719101123, 0.6932584269662921, 0.7056179775280899, 0.7123595505617978, 0.7157303370786516, 0.7179775280898877, 0.7101123595505618, 0.7112359550561798, 0.7056179775280899, 0.7078651685393258, 0.7179775280898877, 0.7033707865168539, 0.7112359550561798, 0.7078651685393258, 0.7157303370786516, 0.7179775280898877, 0.7168539325842697, 0.7112359550561798, 0.7213483146067415, 0.701123595505618, 0.7146067415730337, 0.7112359550561798, 0.7213483146067415, 0.7202247191011236, 0.702247191011236, 0.7314606741573034, 0.7146067415730337, 0.7089887640449438, 0.7213483146067415, 0.7067415730337079, 0.702247191011236, 0.7089887640449438, 0.7179775280898877, 0.7, 0.7044943820224719, 0.7056179775280899, 0.7191011235955056, 0.7191011235955056, 0.7179775280898877, 0.7101123595505618, 0.7247191011235955, 0.7157303370786516, 0.7202247191011236, 0.7292134831460674, 0.7123595505617978, 0.7213483146067415, 0.7056179775280899, 0.7247191011235955, 0.7224719101123596, 0.7258426966292135, 0.7224719101123596, 0.7213483146067415, 0.7134831460674157, 0.7224719101123596, 0.7292134831460674, 0.7134831460674157, 0.7213483146067415, 0.7078651685393258, 0.7, 0.7101123595505618, 0.7213483146067415, 0.7146067415730337, 0.7191011235955056, 0.7191011235955056, 0.7213483146067415, 0.7146067415730337, 0.7157303370786516, 0.7191011235955056, 0.7157303370786516, 0.7269662921348314, 0.7157303370786516, 0.7202247191011236, 0.7202247191011236, 0.7202247191011236, 0.7146067415730337, 0.7235955056179775, 0.7269662921348314, 0.7247191011235955, 0.7224719101123596, 0.7191011235955056, 0.7269662921348314, 0.7168539325842697, 0.7269662921348314], "val_loss": [0.6842197775840759, 0.6738423705101013, 0.6654752492904663, 0.6645748615264893, 0.6631317734718323, 0.6621048450469971, 0.6611930131912231, 0.6554763913154602, 0.6501452326774597, 0.6388006806373596, 0.6169586777687073, 0.5923182368278503, 0.6029086709022522, 0.5672594904899597, 0.567907452583313, 0.561373233795166, 0.5594038963317871, 0.5624122023582458, 0.5513074398040771, 0.5465839505195618, 0.5465022921562195, 0.5433683395385742, 0.5484688878059387, 0.531468391418457, 0.5494758486747742, 0.5349794030189514, 0.529995322227478, 0.5540163516998291, 0.5378052592277527, 0.5402280688285828, 0.5379987359046936, 0.5286654829978943, 0.5382373929023743, 0.5291810035705566, 0.5261485576629639, 0.5382689237594604, 0.5395964980125427, 0.5338456630706787, 0.539895236492157, 0.5412464141845703, 0.5422847270965576, 0.5302667617797852, 0.533074676990509, 0.5331863760948181, 0.5324774384498596, 0.5340139865875244, 0.5340678691864014, 0.5427750945091248, 0.5283845663070679, 0.5339442491531372, 0.5290828347206116, 0.5344914197921753, 0.5543134212493896, 0.5278334021568298, 0.528306245803833, 0.5274320840835571, 0.5269165635108948, 0.5259222984313965, 0.5228229761123657, 0.5305987000465393, 0.5293149352073669, 0.5210762619972229, 0.520883321762085, 0.5230162143707275, 0.5166434049606323, 0.5235410332679749, 0.5207199454307556, 0.5176749229431152, 0.5173264145851135, 0.5316223502159119, 0.5207613110542297, 0.5246681571006775, 0.5204722881317139, 0.5144771933555603, 0.523630678653717, 0.5185733437538147, 0.5217543840408325, 0.5190967917442322, 0.5212262868881226, 0.5086974501609802, 0.5145596861839294, 0.5094702243804932, 0.5058345794677734, 0.5071380138397217, 0.513944685459137, 0.5069704055786133, 0.5068541169166565, 0.5118058919906616, 0.5118792653083801, 0.5075414180755615, 0.5140719413757324, 0.5133614540100098, 0.49460166692733765, 0.5037345290184021, 0.49587759375572205, 0.49802255630493164, 0.5089611411094666, 0.4920375645160675, 0.5148587226867676, 0.48767367005348206], "val_acc": [0.6216216216216216, 0.6216216216216216, 0.6216216216216216, 0.6216216216216216, 0.6216216216216216, 0.6216216216216216, 0.6216216216216216, 0.6216216216216216, 0.6216216216216216, 0.6216216216216216, 0.6576576576576577, 0.7117117117117117, 0.6576576576576577, 0.7207207207207207, 0.7477477477477478, 0.7297297297297297, 0.7477477477477478, 0.7117117117117117, 0.7297297297297297, 0.7297297297297297, 0.7297297297297297, 0.7297297297297297, 0.7297297297297297, 0.7477477477477478, 0.7387387387387387, 0.7387387387387387, 0.7567567567567568, 0.7207207207207207, 0.7387387387387387, 0.7297297297297297, 0.7297297297297297, 0.7477477477477478, 0.7297297297297297, 0.7387387387387387, 0.7567567567567568, 0.7387387387387387, 0.7207207207207207, 0.7477477477477478, 0.7387387387387387, 0.7387387387387387, 0.7117117117117117, 0.7477477477477478, 0.7387387387387387, 0.7297297297297297, 0.7387387387387387, 0.7387387387387387, 0.7297297297297297, 0.7567567567567568, 0.7477477477477478, 0.7387387387387387, 0.7477477477477478, 0.7297297297297297, 0.7657657657657657, 0.7387387387387387, 0.7477477477477478, 0.7567567567567568, 0.7477477477477478, 0.7567567567567568, 0.7387387387387387, 0.7387387387387387, 0.7477477477477478, 0.7477477477477478, 0.7657657657657657, 0.7567567567567568, 0.7477477477477478, 0.7567567567567568, 0.7657657657657657, 0.7657657657657657, 0.7477477477477478, 0.7567567567567568, 0.7387387387387387, 0.7567567567567568, 0.7657657657657657, 0.7387387387387387, 0.7387387387387387, 0.7477477477477478, 0.7477477477477478, 0.7387387387387387, 0.7567567567567568, 0.7477477477477478, 0.7477477477477478, 0.7657657657657657, 0.7567567567567568, 0.7567567567567568, 0.7567567567567568, 0.7477477477477478, 0.7657657657657657, 0.7477477477477478, 0.7657657657657657, 0.7477477477477478, 0.7657657657657657, 0.7657657657657657, 0.7567567567567568, 0.7657657657657657, 0.7477477477477478, 0.7657657657657657, 0.7837837837837838, 0.7387387387387387, 0.7567567567567568, 0.7567567567567568]}