{"train_loss": [0.6808951326778957, 0.6778086338724408, 0.676776111125946, 0.6762664573533195, 0.6766474161829267, 0.6756034578595843, 0.6757007666996547, 0.6696240305900574, 0.6685429385730198, 0.6677512611661639, 0.6620462877409798, 0.6573843955993652, 0.6521487065723964, 0.6478790300233024, 0.6510334781238011, 0.6537418110030038, 0.6523746848106384, 0.6459414192608425, 0.6438863788332257, 0.6359210184642247, 0.644849453653608, 0.6345424822398594, 0.6366557904652187, 0.627229128565107, 0.6314427086285183, 0.6065781882831028, 0.613377571105957, 0.5953353473118373, 0.6102635945592608, 0.6051107048988342, 0.6113682985305786, 0.6024157915796552, 0.602392145565578, 0.5961127621786935, 0.6031280415398734, 0.5991642986025129, 0.6036849277360099, 0.6018660153661456, 0.5976364357130868, 0.5944936530930656, 0.5939432808331081, 0.5876737662724086, 0.5996815051351275, 0.5893267904009137, 0.5927942906107221, 0.5846341337476458, 0.5896943977900914, 0.586707421711513, 0.5894642557416644, 0.5835103222302028, 0.5904737625803266, 0.5858745319502694, 0.5964775340897697, 0.5968290397099086, 0.592983773776463, 0.5970505050250462, 0.5811248932565961, 0.579767644405365, 0.5914657882281712, 0.5857610276767186, 0.5725490706307548, 0.5808183295386178, 0.5847687295504979, 0.5913334829466683, 0.5845872163772583, 0.5870466828346252, 0.5755771057946342, 0.5886377096176147, 0.5809880920818874, 0.5827243157795498, 0.5837939041001456, 0.579527463231768, 0.588851307119642, 0.5776423726763044, 0.5888450486319405, 0.5732235738209316, 0.5844600370952061, 0.5786615184375218, 0.5723970787865775, 0.5842876604625157, 0.5826181301048824, 0.5831158246312823, 0.5723548786980766, 0.5876080649239677, 0.5749128631183079, 0.5765284981046405, 0.5799590689795358, 0.5738496354648045, 0.5783840673310416, 0.5757822394371033, 0.5754210012299674, 0.577768691948482, 0.5842802694865635, 0.5706307888031006, 0.5787549104009356, 0.5827502608299255, 0.5785058651651654, 0.580605149269104, 0.5735149298395429, 0.5707078916685921], "train_acc": [0.5876404494382023, 0.5876404494382023, 0.5876404494382023, 0.5876404494382023, 0.5876404494382023, 0.5876404494382023, 0.5876404494382023, 0.5876404494382023, 0.5876404494382023, 0.5876404494382023, 0.6258426966292134, 0.6337078651685393, 0.6662921348314607, 0.651685393258427, 0.650561797752809, 0.6292134831460674, 0.6573033707865169, 0.6595505617977528, 0.6584269662921348, 0.6707865168539325, 0.6426966292134831, 0.6606741573033708, 0.6775280898876405, 0.6719101123595506, 0.6752808988764045, 0.7, 0.698876404494382, 0.701123595505618, 0.6876404494382022, 0.6955056179775281, 0.6943820224719102, 0.6887640449438203, 0.7, 0.7123595505617978, 0.6910112359550562, 0.7101123595505618, 0.6943820224719102, 0.6876404494382022, 0.7134831460674157, 0.6876404494382022, 0.7078651685393258, 0.7112359550561798, 0.6921348314606741, 0.7044943820224719, 0.6955056179775281, 0.7191011235955056, 0.7089887640449438, 0.7157303370786516, 0.7089887640449438, 0.7134831460674157, 0.7101123595505618, 0.7168539325842697, 0.7078651685393258, 0.6887640449438203, 0.7101123595505618, 0.6808988764044944, 0.7089887640449438, 0.7224719101123596, 0.7157303370786516, 0.7168539325842697, 0.7202247191011236, 0.7168539325842697, 0.7112359550561798, 0.6966292134831461, 0.6955056179775281, 0.7033707865168539, 0.7314606741573034, 0.6943820224719102, 0.7078651685393258, 0.7112359550561798, 0.7134831460674157, 0.7303370786516854, 0.7056179775280899, 0.7, 0.7089887640449438, 0.7089887640449438, 0.7089887640449438, 0.7146067415730337, 0.7191011235955056, 0.7202247191011236, 0.7134831460674157, 0.7280898876404495, 0.7191011235955056, 0.7146067415730337, 0.7157303370786516, 0.7235955056179775, 0.7101123595505618, 0.7269662921348314, 0.7146067415730337, 0.7269662921348314, 0.7224719101123596, 0.7157303370786516, 0.7067415730337079, 0.7258426966292135, 0.7089887640449438, 0.6943820224719102, 0.7157303370786516, 0.7224719101123596, 0.7235955056179775, 0.7134831460674157], "val_loss": [0.6813422441482544, 0.681927502155304, 0.6809319853782654, 0.6805192828178406, 0.6800350546836853, 0.6786602139472961, 0.6785112619400024, 0.6758933067321777, 0.6758937239646912, 0.6720865368843079, 0.6724194884300232, 0.6625710725784302, 0.6689761281013489, 0.6640958189964294, 0.6780122518539429, 0.6547548174858093, 0.6548045873641968, 0.6544157266616821, 0.6489213705062866, 0.64706951379776, 0.6394578814506531, 0.6279166340827942, 0.6221534013748169, 0.6298788189888, 0.6125722527503967, 0.5939105749130249, 0.595049262046814, 0.5873026251792908, 0.5893739461898804, 0.603029727935791, 0.6001995801925659, 0.5926613807678223, 0.6031839847564697, 0.59145188331604, 0.5899924635887146, 0.5981201529502869, 0.5943064093589783, 0.5915589928627014, 0.5999249219894409, 0.5886724591255188, 0.5941821336746216, 0.5908159017562866, 0.5884003639221191, 0.5953897833824158, 0.592524528503418, 0.595119833946228, 0.5900821089744568, 0.591672956943512, 0.5952038168907166, 0.5918534994125366, 0.5977088212966919, 0.5880311131477356, 0.5878489017486572, 0.5914913415908813, 0.5953588485717773, 0.591213047504425, 0.6057541966438293, 0.5938393473625183, 0.6047333478927612, 0.5913628935813904, 0.5907633304595947, 0.5953038930892944, 0.5922878384590149, 0.5911543369293213, 0.5963490009307861, 0.5921156406402588, 0.6099395751953125, 0.5927847027778625, 0.6055269837379456, 0.5936702489852905, 0.6148707866668701, 0.5900550484657288, 0.6214140057563782, 0.5893444418907166, 0.5945314764976501, 0.5966718792915344, 0.593483030796051, 0.5908864140510559, 0.610309898853302, 0.5966294407844543, 0.599062442779541, 0.5993131995201111, 0.5916057825088501, 0.602436363697052, 0.5943756699562073, 0.6009421348571777, 0.5949281454086304, 0.5996182560920715, 0.5982866883277893, 0.5998925566673279, 0.5913142561912537, 0.6055710315704346, 0.591529369354248, 0.606033205986023, 0.6000016927719116, 0.6050014495849609, 0.5963103175163269, 0.6016890406608582, 0.6020073890686035, 0.598477840423584], "val_acc": [0.5765765765765766, 0.5765765765765766, 0.5765765765765766, 0.5765765765765766, 0.5765765765765766, 0.5765765765765766, 0.5765765765765766, 0.5765765765765766, 0.5765765765765766, 0.6036036036036037, 0.6036036036036037, 0.6396396396396397, 0.6036036036036037, 0.6216216216216216, 0.5855855855855856, 0.6306306306306306, 0.6396396396396397, 0.6396396396396397, 0.6396396396396397, 0.6306306306306306, 0.6396396396396397, 0.6576576576576577, 0.6306306306306306, 0.7117117117117117, 0.6936936936936937, 0.6846846846846847, 0.7207207207207207, 0.6846846846846847, 0.6936936936936937, 0.7117117117117117, 0.7027027027027027, 0.6936936936936937, 0.7027027027027027, 0.6936936936936937, 0.6846846846846847, 0.7027027027027027, 0.6936936936936937, 0.6846846846846847, 0.6846846846846847, 0.6936936936936937, 0.7027027027027027, 0.6936936936936937, 0.6846846846846847, 0.7027027027027027, 0.7027027027027027, 0.6936936936936937, 0.6936936936936937, 0.7027027027027027, 0.7027027027027027, 0.6936936936936937, 0.7027027027027027, 0.6756756756756757, 0.6756756756756757, 0.6756756756756757, 0.6936936936936937, 0.7027027027027027, 0.7027027027027027, 0.7027027027027027, 0.6936936936936937, 0.6846846846846847, 0.6756756756756757, 0.7117117117117117, 0.7027027027027027, 0.6756756756756757, 0.7027027027027027, 0.6756756756756757, 0.6846846846846847, 0.7027027027027027, 0.7027027027027027, 0.6846846846846847, 0.6846846846846847, 0.6936936936936937, 0.6666666666666666, 0.6756756756756757, 0.6666666666666666, 0.7027027027027027, 0.7027027027027027, 0.7027027027027027, 0.6756756756756757, 0.7027027027027027, 0.6936936936936937, 0.6666666666666666, 0.6936936936936937, 0.6666666666666666, 0.7027027027027027, 0.6936936936936937, 0.6666666666666666, 0.6756756756756757, 0.6846846846846847, 0.6756756756756757, 0.7027027027027027, 0.6756756756756757, 0.6846846846846847, 0.6846846846846847, 0.6846846846846847, 0.6756756756756757, 0.6846846846846847, 0.6846846846846847, 0.6846846846846847, 0.6666666666666666]}