{"train_loss": [0.7020130668367658, 0.694551374231066, 0.6792509215218681, 0.6688291345323835, 0.6737920045852661, 0.6647801228931972, 0.6682951535497393, 0.6608403495379856, 0.6584055934633527, 0.6523865035602024, 0.6438571555273873, 0.635538365159716, 0.6379931483949933, 0.6311937144824437, 0.6184414965765817, 0.6124018175261361, 0.6164150578635079, 0.5950081518718174, 0.6033770527158465, 0.5900006379399981, 0.5933120761598859, 0.5942061032567706, 0.5958950093814305, 0.6048303927694049, 0.5933944838387626, 0.5823264462607247, 0.5935606360435486, 0.5907248684338161, 0.5846849254199437, 0.5887645908764431, 0.5786553706441607, 0.5857377563204084, 0.5828579579080854, 0.5834907633917672, 0.5859182391847882, 0.5820584978376117, 0.5840878060885838, 0.5839669704437256, 0.5803359491484505, 0.5782857963017055, 0.57979268687112, 0.5828694445746285, 0.5771517413003104, 0.5744000843593052, 0.5758563024657113, 0.5786939859390259, 0.5844172324453082, 0.5649896008627755, 0.5792999693325588, 0.5786318864141192, 0.5747979879379272, 0.5853833471025739, 0.5689216043267932, 0.5863594157355172, 0.5667192041873932, 0.571486907345908, 0.5677290388516018, 0.5842977677072797, 0.571439802646637, 0.5642010825020927, 0.5711725865091596, 0.5704663736479623, 0.583357402256557, 0.5814192805971418, 0.5774369580405099, 0.5695006932531085, 0.5711944443838937, 0.5692887306213379, 0.565833215202604, 0.5653066549982343, 0.5666430251938956, 0.563943475484848, 0.5815174239022392, 0.5694026861871991, 0.5664653778076172, 0.5681557272161756, 0.5711372366973332, 0.5606659139905658, 0.5676124053342002, 0.564700505563191, 0.5596415485654559, 0.5574010397706713, 0.5571627872330802, 0.5628415942192078, 0.5521703788212368, 0.5512494955744062, 0.5577273666858673, 0.5615680813789368, 0.5547341534069606, 0.574122565133231, 0.5564660259655544, 0.5470663223947797, 0.5430538824626377, 0.547940228666578, 0.539398329598563, 0.554350027016231, 0.5463868720190865, 0.5443119491849627, 0.5434207192489079, 0.5505117305687496], "train_acc": [0.4, 0.4764044943820225, 0.6, 0.6, 0.6, 0.6, 0.6, 0.6, 0.6, 0.6033707865168539, 0.6348314606741573, 0.6584269662921348, 0.7033707865168539, 0.6898876404494382, 0.697752808988764, 0.7112359550561798, 0.701123595505618, 0.7101123595505618, 0.698876404494382, 0.7112359550561798, 0.7033707865168539, 0.7078651685393258, 0.7157303370786516, 0.702247191011236, 0.7067415730337079, 0.7157303370786516, 0.7157303370786516, 0.7168539325842697, 0.7235955056179775, 0.7168539325842697, 0.7168539325842697, 0.7224719101123596, 0.7235955056179775, 0.7134831460674157, 0.7191011235955056, 0.7146067415730337, 0.7101123595505618, 0.7101123595505618, 0.7191011235955056, 0.7191011235955056, 0.7179775280898877, 0.7191011235955056, 0.7213483146067415, 0.7269662921348314, 0.7292134831460674, 0.7280898876404495, 0.7168539325842697, 0.7325842696629213, 0.7123595505617978, 0.7258426966292135, 0.7247191011235955, 0.7213483146067415, 0.7292134831460674, 0.7168539325842697, 0.7292134831460674, 0.7247191011235955, 0.7370786516853932, 0.702247191011236, 0.7213483146067415, 0.7258426966292135, 0.7280898876404495, 0.7314606741573034, 0.7123595505617978, 0.7179775280898877, 0.7168539325842697, 0.7280898876404495, 0.7224719101123596, 0.7337078651685394, 0.7224719101123596, 0.7393258426966293, 0.7359550561797753, 0.7337078651685394, 0.7213483146067415, 0.7292134831460674, 0.7303370786516854, 0.7191011235955056, 0.7235955056179775, 0.7314606741573034, 0.7213483146067415, 0.7325842696629213, 0.7213483146067415, 0.7280898876404495, 0.7348314606741573, 0.7224719101123596, 0.7426966292134831, 0.7370786516853932, 0.7359550561797753, 0.7370786516853932, 0.7415730337078652, 0.7179775280898877, 0.7359550561797753, 0.744943820224719, 0.7370786516853932, 0.7393258426966293, 0.7426966292134831, 0.7280898876404495, 0.7415730337078652, 0.7460674157303371, 0.744943820224719, 0.7314606741573034], "val_loss": [0.6960650682449341, 0.6908740997314453, 0.6898961663246155, 0.6996977925300598, 0.6960486769676208, 0.6867375373840332, 0.6849059462547302, 0.688007116317749, 0.6823009252548218, 0.6752104759216309, 0.6705234050750732, 0.6530848741531372, 0.6756913661956787, 0.6490373611450195, 0.6451297402381897, 0.6504456996917725, 0.6398333311080933, 0.6399357318878174, 0.637713611125946, 0.6327099204063416, 0.628783106803894, 0.6251596212387085, 0.6271169185638428, 0.6224167943000793, 0.624407172203064, 0.6261090636253357, 0.612748384475708, 0.6282691359519958, 0.6175899505615234, 0.6255059242248535, 0.6160386800765991, 0.6250660419464111, 0.6191127896308899, 0.6191046833992004, 0.6345011591911316, 0.6244659423828125, 0.6167359948158264, 0.6131232380867004, 0.6222130060195923, 0.6218546032905579, 0.6199156641960144, 0.6169233322143555, 0.6087619066238403, 0.6121697425842285, 0.6139093637466431, 0.6194370985031128, 0.6190518140792847, 0.6186097264289856, 0.6182622909545898, 0.628297746181488, 0.6199989914894104, 0.6170432567596436, 0.616668164730072, 0.6181963682174683, 0.6178889274597168, 0.6251124739646912, 0.6184619069099426, 0.6149115562438965, 0.6163889169692993, 0.6183115243911743, 0.6192834973335266, 0.620055615901947, 0.6151673793792725, 0.6132922768592834, 0.6133326888084412, 0.6130545139312744, 0.6192428469657898, 0.6195068359375, 0.6194440722465515, 0.6156796813011169, 0.613805890083313, 0.61577969789505, 0.6141185760498047, 0.6126961708068848, 0.6115491986274719, 0.6136423349380493, 0.6110001802444458, 0.6137008666992188, 0.6118692755699158, 0.6091722846031189, 0.6145148277282715, 0.6069161891937256, 0.6089627146720886, 0.602656900882721, 0.5977326035499573, 0.616991400718689, 0.5990911722183228, 0.5943500995635986, 0.6055288314819336, 0.605699360370636, 0.5956897139549255, 0.5959579944610596, 0.6008532643318176, 0.5989107489585876, 0.5860345959663391, 0.5889430046081543, 0.6011993885040283, 0.5893526673316956, 0.6000770330429077, 0.5903589725494385], "val_acc": [0.45045045045045046, 0.5495495495495496, 0.5495495495495496, 0.5495495495495496, 0.5495495495495496, 0.5495495495495496, 0.5495495495495496, 0.5495495495495496, 0.5495495495495496, 0.5765765765765766, 0.5765765765765766, 0.6396396396396397, 0.5765765765765766, 0.6396396396396397, 0.6396396396396397, 0.6306306306306306, 0.6216216216216216, 0.6486486486486487, 0.6306306306306306, 0.6576576576576577, 0.6486486486486487, 0.6396396396396397, 0.6396396396396397, 0.6666666666666666, 0.6666666666666666, 0.6576576576576577, 0.6666666666666666, 0.6576576576576577, 0.6846846846846847, 0.6576576576576577, 0.6756756756756757, 0.6576576576576577, 0.6846846846846847, 0.6846846846846847, 0.6396396396396397, 0.6846846846846847, 0.6846846846846847, 0.6936936936936937, 0.6576576576576577, 0.6756756756756757, 0.6846846846846847, 0.6756756756756757, 0.6936936936936937, 0.6846846846846847, 0.6936936936936937, 0.6756756756756757, 0.6846846846846847, 0.6756756756756757, 0.6756756756756757, 0.6756756756756757, 0.6756756756756757, 0.6756756756756757, 0.6756756756756757, 0.6756756756756757, 0.6756756756756757, 0.6756756756756757, 0.6756756756756757, 0.6756756756756757, 0.6756756756756757, 0.6666666666666666, 0.6846846846846847, 0.6756756756756757, 0.6756756756756757, 0.6666666666666666, 0.6846846846846847, 0.6846846846846847, 0.6756756756756757, 0.6846846846846847, 0.6756756756756757, 0.6756756756756757, 0.6846846846846847, 0.6846846846846847, 0.6846846846846847, 0.6936936936936937, 0.6756756756756757, 0.6846846846846847, 0.6756756756756757, 0.6846846846846847, 0.6846846846846847, 0.6846846846846847, 0.6936936936936937, 0.6846846846846847, 0.6846846846846847, 0.6846846846846847, 0.6846846846846847, 0.6846846846846847, 0.6936936936936937, 0.7027027027027027, 0.6846846846846847, 0.6846846846846847, 0.7117117117117117, 0.6936936936936937, 0.6846846846846847, 0.7027027027027027, 0.7117117117117117, 0.7027027027027027, 0.7207207207207207, 0.7027027027027027, 0.6936936936936937, 0.6936936936936937]}