{"train_loss": [0.6977127279554095, 0.675968417099544, 0.6716481447219849, 0.6385861720357623, 0.6261368989944458, 0.6048542857170105, 0.5992086359432766, 0.5984729528427124, 0.5816625186375209, 0.6025262645312718, 0.5970381668635777, 0.58731780733381, 0.5948936258043561, 0.5870453204427447, 0.5890226023537772, 0.6010554007121495, 0.5891900914055961, 0.5915857298033578, 0.5705557295254299, 0.5740062594413757, 0.5636605705533709, 0.5912984141281673, 0.5812716484069824, 0.5703155483518328, 0.5697737761906215, 0.576674589088985, 0.5716995937483651, 0.5749897190502712, 0.5770191465105329, 0.6082386289324079, 0.5909736752510071, 0.5725584285599845, 0.5672210369791303, 0.5562718255179269, 0.5569449833461216, 0.558747683252607, 0.5505892251219068, 0.5558573390756335, 0.5593628202165876, 0.5639905078070504, 0.5622772404125759, 0.5450171828269958, 0.5518303939274379, 0.5589606038161686, 0.542328485420772, 0.5444993674755096, 0.5461862342698234, 0.5410433624471936, 0.541180683033807, 0.5422771232468742, 0.5400332382747105, 0.5472598671913147, 0.5465858067784991, 0.5523362415177482, 0.5419470710413796, 0.5377491329397474, 0.5378360322543553, 0.5349748602935246, 0.5363651599202838, 0.5387324052197593, 0.5372924932411739, 0.5367710377488818, 0.5376901541437421, 0.5351864142077309, 0.5435661886419568, 0.5437322854995728, 0.5385503258023944, 0.5363394958632333, 0.5340467946869987, 0.5386899411678314, 0.5365117958613804, 0.5399441378457206, 0.5341315610068185, 0.5332735180854797, 0.5347961783409119, 0.5354189148971013, 0.5467115640640259, 0.5441837991986956, 0.5424685137612479, 0.5337161890098027, 0.5337846236569541, 0.5382939875125885, 0.5325120985507965, 0.531439734356744, 0.5274690389633179, 0.5321650547640664, 0.5291095205715725, 0.5383721675191607, 0.5354887545108795, 0.5306764926229205, 0.5315619025911603, 0.5275675100939614, 0.5314121629510608, 0.5289366117545536, 0.5250271516186851, 0.5272481484072549, 0.5281393357685634, 0.5311044497149331, 0.5292856863566807, 0.5263183798108783], "train_acc": [0.5674157303370787, 0.6101123595505618, 0.596629213483146, 0.6820224719101123, 0.6730337078651686, 0.7033707865168539, 0.7179775280898877, 0.701123595505618, 0.7078651685393258, 0.7, 0.701123595505618, 0.702247191011236, 0.6932584269662921, 0.6955056179775281, 0.698876404494382, 0.6730337078651686, 0.6876404494382022, 0.7179775280898877, 0.7224719101123596, 0.7314606741573034, 0.7191011235955056, 0.7056179775280899, 0.7134831460674157, 0.7168539325842697, 0.7191011235955056, 0.697752808988764, 0.7056179775280899, 0.7202247191011236, 0.7292134831460674, 0.6752808988764045, 0.7123595505617978, 0.7134831460674157, 0.7213483146067415, 0.7235955056179775, 0.7292134831460674, 0.7292134831460674, 0.7325842696629213, 0.7303370786516854, 0.7157303370786516, 0.7213483146067415, 0.7337078651685394, 0.7382022471910112, 0.7191011235955056, 0.7202247191011236, 0.7382022471910112, 0.7325842696629213, 0.7348314606741573, 0.7404494382022472, 0.7393258426966293, 0.7404494382022472, 0.7325842696629213, 0.7359550561797753, 0.7382022471910112, 0.7359550561797753, 0.7382022471910112, 0.7393258426966293, 0.7393258426966293, 0.7404494382022472, 0.744943820224719, 0.7370786516853932, 0.7460674157303371, 0.7438202247191011, 0.7359550561797753, 0.7348314606741573, 0.7337078651685394, 0.7348314606741573, 0.7471910112359551, 0.749438202247191, 0.749438202247191, 0.7370786516853932, 0.751685393258427, 0.7438202247191011, 0.7471910112359551, 0.749438202247191, 0.7359550561797753, 0.7471910112359551, 0.7235955056179775, 0.7404494382022472, 0.7471910112359551, 0.750561797752809, 0.7415730337078652, 0.7460674157303371, 0.7438202247191011, 0.7528089887640449, 0.748314606741573, 0.7460674157303371, 0.7393258426966293, 0.7426966292134831, 0.7415730337078652, 0.750561797752809, 0.7539325842696629, 0.7528089887640449, 0.749438202247191, 0.749438202247191, 0.7584269662921348, 0.7426966292134831, 0.7561797752808989, 0.7382022471910112, 0.744943820224719, 0.750561797752809], "val_loss": [0.7019404768943787, 0.6843160390853882, 0.6823937892913818, 0.6603765487670898, 0.6398159265518188, 0.6286817193031311, 0.6023293137550354, 0.6098482012748718, 0.6323074698448181, 0.5913782119750977, 0.6476911306381226, 0.6242581605911255, 0.6091910600662231, 0.6414285898208618, 0.6440030336380005, 0.650770366191864, 0.6236460208892822, 0.6393892168998718, 0.5997196435928345, 0.6223700046539307, 0.6319754123687744, 0.6154400110244751, 0.5992962121963501, 0.6172752976417542, 0.6301206946372986, 0.6176841259002686, 0.6226456165313721, 0.6433519124984741, 0.6310203075408936, 0.6226991415023804, 0.6338542103767395, 0.6589926481246948, 0.6181255578994751, 0.6236780285835266, 0.6125097274780273, 0.6008387207984924, 0.6403419375419617, 0.6288110613822937, 0.6164727210998535, 0.6377308964729309, 0.6183242797851562, 0.618492066860199, 0.6181422472000122, 0.614050030708313, 0.6454046964645386, 0.60823655128479, 0.6093670129776001, 0.6320146918296814, 0.6243595480918884, 0.6144787073135376, 0.619418740272522, 0.6209796071052551, 0.6393565535545349, 0.6071656346321106, 0.6403242945671082, 0.5982576012611389, 0.6301413178443909, 0.6227973699569702, 0.6090900301933289, 0.6302180886268616, 0.6205499768257141, 0.6189311742782593, 0.6156907081604004, 0.6482661962509155, 0.606763482093811, 0.6263659596443176, 0.6174579858779907, 0.642216145992279, 0.5931307077407837, 0.6286838054656982, 0.6266586780548096, 0.6208133101463318, 0.6170339584350586, 0.6213654279708862, 0.6289877891540527, 0.6189829111099243, 0.6061503887176514, 0.6722846627235413, 0.6027994155883789, 0.6430492401123047, 0.6110258102416992, 0.6314585208892822, 0.6195974946022034, 0.6311253905296326, 0.6273384690284729, 0.6138604879379272, 0.6491232514381409, 0.6022289991378784, 0.6409077644348145, 0.6162169575691223, 0.6296345591545105, 0.6392248868942261, 0.6146602034568787, 0.634119987487793, 0.6209312081336975, 0.6352031230926514, 0.6128233075141907, 0.6439996957778931, 0.6127618551254272, 0.6372693777084351],