{"train_loss": [4.265464241542514, 2.704831085507832, 2.0780113405651517, 1.8709951033667913, 1.7967780232429504, 1.840459408268096, 1.766847012534974, 1.7877628718103682, 1.7432306512953744, 1.7498873169459994, 1.7279453854712228, 1.6926906761668978, 1.7060022950172424, 1.724757501057216, 1.7009948879953414, 1.666579072437589, 1.7275049686431885, 1.7282300137338185, 1.7903338178755746, 1.700975999945686, 1.7129377571363298, 1.7306558641176375, 1.6332110507147652, 1.6506426939888605, 1.6484102076954312, 1.646298648819091, 1.6429685089323256, 1.666878118401482, 1.658845311119443, 1.649803588314662], "train_mae": [1.554575004274883, 1.130399171322111, 0.898248417036874, 0.8282463493801299, 0.7968435694300939, 0.814627296394772, 0.7800913490946331, 0.7810231371531411, 0.7762471711824811, 0.7807741789590745, 0.7625100981621515, 0.7629807837425716, 0.7652693494917855, 0.7678424715995789, 0.7591406088026743, 0.7466010754070584, 0.7756423306843591, 0.7701606390968202, 0.7555787553862919, 0.7645871610868544, 0.7717764756036183, 0.7691078507711017, 0.7353069763334971, 0.7452622538521176, 0.7426228580020723, 0.7387533973133753, 0.7376115861393157, 0.7523682174228487, 0.7418766163644337, 0.7401463531312489], "val_loss": [3.62793305516243, 1.7039896696805954, 1.5513013750314713, 1.461741916835308, 1.4593889228999615, 1.3888323679566383, 1.2830104976892471, 1.5346617847681046, 1.2676777839660645, 1.3904924765229225, 1.3298132605850697, 1.2407641857862473, 1.3289719559252262, 1.2964012920856476, 1.3116395771503448, 1.2528089061379433, 1.3576500192284584, 1.3433499075472355, 1.201708361506462, 1.2692906931042671, 1.8632209822535515, 1.2514655776321888, 1.3253820091485977, 1.313595950603485, 1.241608664393425, 1.2059195041656494, 1.3150978311896324, 1.321857113391161, 1.4003088474273682, 1.2293063141405582], "val_mae": [1.498655766248703, 0.9677550196647644, 0.8671947717666626, 0.7674106657505035, 0.7026558741927147, 0.7557208091020584, 0.7439981773495674, 0.7564330920577049, 0.742673322558403, 0.6960601285099983, 0.6881900727748871, 0.6664751842617989, 0.6828241050243378, 0.7433310300111771, 0.7316847294569016, 0.6867439821362495, 0.6953545734286308, 0.7043772712349892, 0.7333739995956421, 0.7069339230656624, 0.8738158643245697, 0.6925152838230133, 0.6922581493854523, 0.6713025569915771, 0.6814150661230087, 0.642144463956356, 0.721510037779808, 0.6658802032470703, 0.703816331923008, 0.6467311680316925]}