{"train_loss": [805.33669368426, 4.131970946750943, 3.5751602460467624, 3.0767732328838773, 2.9519007641171653, 2.8625408505636547, 2.6596818102730646, 2.477340130578904, 2.38971571884458, 2.2748417371795293, 2.278617684803312, 2.320682548341297, 2.1331327084511047, 2.192177907815055, 2.13323165878417, 2.095657475410946, 2.148976411138262, 2.0824257655749245, 2.176347485610417, 2.2797679049628123, 2.019873676792024, 1.9155964037728688, 1.9501911061150687, 1.8420823159671964, 1.928842781082032, 1.8450992589905149, 1.9077376609756833, 1.9152888873266796, 1.9019768020463368, 1.848749802226112], "train_mae": [10.855403118663364, 1.4708086536044167, 1.350549989276462, 1.21540381605663, 1.2017463265903412, 1.180579944262429, 1.1139833700089228, 1.058168459506262, 1.0297616663433256, 1.0020776892465257, 1.0106162173407418, 1.0212851970914811, 0.9488625573733497, 0.9765484210044618, 0.9558854973505414, 0.9296772451627822, 0.9533734179678417, 0.9289793504609002, 0.9214051252319699, 1.012213265138959, 0.9062748135082306, 0.8596881079295325, 0.8823396478380475, 0.8476433299836659, 0.8722522324985928, 0.8423922478206574, 0.8684090281289721, 0.8682111917980133, 0.8527379915827796, 0.8398333220254808], "val_loss": [7.676049172878265, 3.81709685921669, 3.6235063076019287, 3.6429553627967834, 3.6849736273288727, 3.3553968369960785, 2.382453441619873, 2.8228405714035034, 2.6134232580661774, 1.5655573606491089, 3.804007649421692, 2.571700543165207, 1.5076594352722168, 1.4230169206857681, 1.778752624988556, 1.483548492193222, 2.4252598881721497, 1.5800969004631042, 3.282607287168503, 3.0152848064899445, 1.626630537211895, 1.6058666706085205, 1.625496931374073, 1.4308252036571503, 1.964429721236229, 1.649881936609745, 1.8039957880973816, 1.985562413930893, 1.4435152560472488, 1.3690121844410896], "val_mae": [2.4534379839897156, 1.6695007681846619, 1.6122073978185654, 1.6539576947689056, 1.6803353428840637, 1.575946420431137, 1.2421762645244598, 1.417507290840149, 1.3519887924194336, 0.8470063284039497, 1.7249602526426315, 1.3399154543876648, 0.8212854713201523, 0.74036905169487, 1.0044377893209457, 0.8058196306228638, 1.2757542580366135, 0.8619387373328209, 1.5943177491426468, 1.5084666013717651, 0.908045306801796, 0.9101239517331123, 0.9306577369570732, 0.7867243960499763, 1.1076056361198425, 0.9406739175319672, 1.0196055248379707, 1.1008978337049484, 0.7270591780543327, 0.7434801682829857]}