{"train_loss": [3.212697829518999, 1.8274760501725333, 1.7425793939166598, 1.6627840456508456, 1.696800706878541, 1.692254864980304, 1.6593663947922843, 1.647682994131058, 1.7043699565387906, 1.6864262507075356, 1.664959332299611, 1.6486367904950703, 1.6603589985105727, 1.6477227854350256, 1.6353101683041407, 1.6342221422800942, 1.6339804776131162, 1.6692271336676583, 1.6518650017087422, 1.7379000295722296, 1.6928350575386533, 1.6233864445534965, 1.5934768555656311, 1.604429040636335, 1.6068691800511072, 1.6098150346014235, 1.5687471438967993, 1.618823131398549, 1.6337371742914593, 1.6447559140977406], "train_mae": [1.2699390242970179, 0.8199343246126932, 0.7720375098879375, 0.7426566055842808, 0.752543136240944, 0.7549723027244447, 0.7333969511683025, 0.7352086390767779, 0.762500576556675, 0.753877269843268, 0.7462566069194249, 0.7253246061385624, 0.7421022227832249, 0.7362039174352374, 0.7352835100794596, 0.7261292186994401, 0.7235752211676704, 0.7389659711292812, 0.7330629087629772, 0.7786507218603104, 0.759161923612867, 0.728621796956138, 0.7089603420287843, 0.7205065223905776, 0.7203552704008799, 0.7256604130305941, 0.7039213558984181, 0.7299497742501516, 0.7341643042034574, 0.743929075816321], "val_loss": [1.939380332827568, 1.5056170672178268, 1.5078773945569992, 1.4549413993954659, 1.435597077012062, 1.407073363661766, 1.4369366019964218, 1.401446059346199, 1.8799896240234375, 1.600427284836769, 1.413596048951149, 1.4149853363633156, 1.5467045679688454, 1.437592975795269, 1.406319446861744, 1.438738539814949, 1.5017004758119583, 1.4655610993504524, 1.5707787722349167, 1.7358386814594269, 1.3966573253273964, 1.3603728041052818, 1.3997225239872932, 1.4021401703357697, 1.3981418758630753, 1.4886543825268745, 1.3714406415820122, 1.3529891148209572, 1.3999025896191597, 1.3737124428153038], "val_mae": [0.851162426173687, 0.7190036773681641, 0.7949941083788872, 0.7188480794429779, 0.697124756872654, 0.6492109596729279, 0.6587704494595528, 0.6875063702464104, 0.8186061456799507, 0.7111857682466507, 0.6818146035075188, 0.6770296096801758, 0.6777037903666496, 0.6723611168563366, 0.6499062180519104, 0.686000868678093, 0.6857717037200928, 0.751643493771553, 0.8460426777601242, 0.8368010148406029, 0.6851797923445702, 0.6501551121473312, 0.6947946026921272, 0.6676874682307243, 0.6420989334583282, 0.6675388440489769, 0.6691561043262482, 0.6481797397136688, 0.6635142415761948, 0.6812087073922157]}