{"train_loss": [2.7455471394554016, 1.8363616201612685, 1.695469325497037, 1.5699357125494215, 1.56528978120713, 1.521553381094857, 1.5441865939942618, 1.49771543533083, 1.503905437295399, 1.507649609020778, 1.5573109558650426, 1.4625498718685574, 1.5298983577697995, 1.5010678654625302, 1.49305492876068, 1.471455899495927, 1.4743631813261244, 1.488672756013416, 1.48784524580789, 1.4565225990991744, 1.4852783594812666, 1.4626364641719394, 1.4486244429671575, 1.4329582329780337, 1.4244226406490992, 1.4371142680682834, 1.4599515649061354, 1.4294312331411574, 1.4662534168788366, 1.4109198143557897], "train_mae": [1.1911497437764729, 0.8883127399853298, 0.8251617777915228, 0.7844281773718577, 0.7807463606198629, 0.7601420879364014, 0.7741587616148449, 0.7603770560688443, 0.7580303880903456, 0.7658501503959535, 0.7741360863049825, 0.7445524722810776, 0.7693580568782867, 0.7549808886316087, 0.7398932292347863, 0.7418203098433358, 0.7397315388634091, 0.7492106093300713, 0.7531635941021027, 0.7320847955961076, 0.7494048428913903, 0.7449343299108838, 0.7293021054494948, 0.7230072948667738, 0.7216108677879213, 0.7252771589491103, 0.7319312710610647, 0.7200558743779621, 0.7339705361260308, 0.7100484683400109], "val_loss": [3.5249587297439575, 2.9068624153733253, 2.950919769704342, 2.9808209389448166, 2.811110347509384, 2.749211274087429, 2.7120985127985477, 2.948074698448181, 2.7337271571159363, 2.7185195423662663, 2.773150712251663, 2.7568550258874893, 2.9312599375844, 2.77942131459713, 2.7157243005931377, 2.8180613294243813, 2.766991041600704, 2.9843883514404297, 2.798778623342514, 2.8854413107037544, 2.7275660932064056, 2.738738492131233, 2.7258845567703247, 2.7133205235004425, 2.7270637527108192, 2.7194673903286457, 2.745345674455166, 2.780770618468523, 2.718631476163864, 2.7602692507207394], "val_mae": [0.9356711953878403, 0.7239583656191826, 0.763668455183506, 0.7294758930802345, 0.7386134937405586, 0.7073133587837219, 0.6694169566035271, 0.7230813801288605, 0.7312479764223099, 0.6954140737652779, 0.6702802628278732, 0.685997486114502, 0.7239437475800514, 0.6829492151737213, 0.6908104494214058, 0.6690007820725441, 0.6585118100047112, 0.7330155223608017, 0.6658283025026321, 0.6832714006304741, 0.6942349746823311, 0.6615051478147507, 0.646007813513279, 0.6460279785096645, 0.6398744657635689, 0.6630558222532272, 0.6650188863277435, 0.6526597440242767, 0.6818345636129379, 0.6581299304962158]}