{"train_loss": [163770.7778117127, 26.63617199186295, 11.054014425429086, 11.686645311022561, 7.521827796148876, 6.201010219634525, 5.882982999559433, 6.930312103695339, 6.07773861052498, 4.998669196688939, 4.803034142842368, 4.885451778532967, 4.685343352575151, 4.866145690282186, 4.643927570373293, 4.522110023195782, 4.329658636971126, 4.346890052159627, 4.461607872493683, 4.183867708085075, 4.331603334063575, 4.1668502149127775, 4.171272686549595, 4.474100260507493, 4.20307047026498, 4.304707436334519, 4.059578350612095, 3.8978696134355335, 3.9519068437909324, 3.914388369000147], "train_mae": [135.49139056508503, 3.469010443914504, 2.5124271294427296, 2.2565301164748175, 2.0123836199442544, 1.842068594599527, 1.8123174357035803, 1.8088886151238093, 1.6960319999664548, 1.6541729805961487, 1.6196399340553889, 1.6394640358667525, 1.592040016537621, 1.603557335005866, 1.564847987795633, 1.5650242604906597, 1.5187258512254744, 1.5281006211326236, 1.5532705745999775, 1.5053291036969139, 1.525906699044364, 1.502424881571815, 1.4899678797948928, 1.4987764566663713, 1.5079628456206549, 1.5223404112316312, 1.472087445713225, 1.4381705654991999, 1.444080222220648, 1.443585986182803], "val_loss": [675.820130109787, 61.96922826766968, 42.53935122489929, 22.452253460884094, 10.946572721004486, 8.044227302074432, 4.9489621222019196, 5.156051695346832, 6.348601281642914, 5.31596839427948, 5.645836442708969, 4.068820238113403, 4.109117150306702, 5.496417075395584, 3.9238140881061554, 5.462872177362442, 4.696973443031311, 5.461782604455948, 6.029278934001923, 4.723455429077148, 3.972777783870697, 3.9455413222312927, 4.426682949066162, 6.091321289539337, 4.112974792718887, 6.714052736759186, 4.530551910400391, 5.208948254585266, 5.890687465667725, 4.268215358257294], "val_mae": [4.310461789369583, 5.030458867549896, 3.9687638878822327, 3.055278331041336, 1.8374291509389877, 2.045094072818756, 1.5168611109256744, 1.5874734371900558, 1.8645463585853577, 1.6377012580633163, 1.7116850763559341, 1.4148881137371063, 1.425853744149208, 1.6787247061729431, 1.4080087095499039, 1.6983258426189423, 1.5326750874519348, 1.6899895071983337, 1.8078049421310425, 1.5352218747138977, 1.4036076068878174, 1.3961036205291748, 1.4950009733438492, 1.836438626050949, 1.4462517946958542, 2.0181929618120193, 1.5193830132484436, 1.6802763938903809, 1.8174435645341873, 1.467721477150917]}