{"train_loss": [3.9470741975875128, 2.1033091450494434, 1.8680649314607893, 1.8061514241354806, 1.7426765069128975, 1.7188185812934997, 1.7855170984116813, 1.667993901740937, 1.710841071038019, 1.7736582897958302, 1.6826793362223913, 2.113556354764908, 1.6768294222771176, 1.6904267734951444, 1.6142176030174133, 1.6139921668976072, 1.6040729241711753, 1.601986066689567, 1.5767994797418987, 1.6088718185349116, 1.6198371667710563, 1.6073320422853743, 1.6166365411546495, 1.60756355334842, 1.568040062510778, 1.581707355521974, 1.6072308421134949, 1.5926223037734863, 1.6124897097784376, 1.5899470921546695], "train_mae": [1.4649414959407987, 0.9323116436837211, 0.8442606613749549, 0.815832687748803, 0.7913989103029645, 0.7828241179859827, 0.7921111460716005, 0.7647770283714174, 0.7792258764070178, 0.8211169015793574, 0.7681168961146522, 0.9224568472968208, 0.7642305956946479, 0.7724301190603347, 0.7433069934920659, 0.7401886147166056, 0.7361775844816177, 0.7423398844779484, 0.7244275685340639, 0.7407723428711058, 0.7473115419584607, 0.7435995293042016, 0.7519448219783722, 0.7367315566728986, 0.7271766331460741, 0.7316078127376617, 0.7386763559447395, 0.7428814418732174, 0.7230406308931018, 0.7210064643905276], "val_loss": [2.166873201727867, 1.2038018181920052, 1.3067535012960434, 1.4614934623241425, 1.2584410458803177, 1.2339962497353554, 1.303528107702732, 1.1955555453896523, 1.5409783869981766, 1.2269991412758827, 1.246216967701912, 1.108342558145523, 1.247908890247345, 1.158973403275013, 1.1032660454511642, 1.2504629269242287, 1.105586163699627, 1.1378593817353249, 1.1255281642079353, 1.1271174028515816, 1.084911659359932, 1.1378988847136497, 1.2279778197407722, 1.1169552579522133, 1.1500926911830902, 1.2030367478728294, 1.2034109383821487, 1.0795954391360283, 1.2067591175436974, 1.1609138548374176], "val_mae": [1.0899293273687363, 0.7398189306259155, 0.7309131771326065, 0.9446310549974442, 0.7492963895201683, 0.7019779086112976, 0.8159861639142036, 0.7313576489686966, 0.8151608631014824, 0.7008740454912186, 0.8152951374650002, 0.6959149092435837, 0.826704278588295, 0.7577729299664497, 0.7122497335076332, 0.8260142505168915, 0.6768399477005005, 0.7491879984736443, 0.7230592370033264, 0.6848729103803635, 0.668893575668335, 0.745540551841259, 0.7743136659264565, 0.6920291259884834, 0.7368996813893318, 0.773517869412899, 0.7760245278477669, 0.6844532638788223, 0.7965099439024925, 0.7422046884894371]}