{"train_loss": [1695.133743244504, 3.542644249068366, 3.182904901958647, 2.984880118142991, 2.8661254852537126, 2.7465536405169773, 2.682018448436071, 2.5180831825922407, 2.3889744792665755, 2.326150651962038, 2.282774529759846, 2.248449268795195, 2.1559377927628773, 2.130469020396944, 2.1053767904402716, 2.081237850681184, 2.059086003000774, 2.063152293364207, 1.9972962774927654, 1.9995407206671578, 2.0038996007707386, 1.9731978121257963, 1.991630010188572, 1.9381097782225836, 1.8950444232849848, 1.9276363158982897, 2.0109594908971635, 1.9375136854156616, 1.9409937404450917, 1.9639060071536474], "train_mae": [15.12874976983146, 1.375688214150686, 1.2843641118397788, 1.2250407574668762, 1.1864127043693784, 1.1563988167142112, 1.1302262118884496, 1.0887573891215854, 1.0460907504672097, 1.0311059488190546, 1.0000861589870755, 1.0021411227801489, 0.9619127597127642, 0.9547892430471996, 0.9456164590896122, 0.9390309916602241, 0.9318649683679853, 0.935769484156654, 0.9072099829476977, 0.9143840992261493, 0.9045109436625526, 0.8917055035394336, 0.9083790088456775, 0.883398123203762, 0.8661049150285267, 0.8814931984931703, 0.903052012125651, 0.882405125905597, 0.8678150328378829, 0.8776662898442101], "val_loss": [3.304811716079712, 2.7372124195098877, 2.530012860894203, 2.3707085251808167, 2.2950100004673004, 2.2360385358333588, 2.022589400410652, 1.8715185672044754, 1.9413640052080154, 1.7698675394058228, 1.7891505658626556, 1.6853249818086624, 1.7036203891038895, 1.6344998180866241, 1.667222410440445, 1.6598355770111084, 1.7642523795366287, 1.5760303288698196, 1.6300915479660034, 1.5003861039876938, 1.5086315274238586, 1.6085528135299683, 1.4866037517786026, 1.5072495639324188, 1.5059660375118256, 1.5222465544939041, 1.6342376917600632, 1.4914074391126633, 1.5674972981214523, 1.5948980897665024], "val_mae": [1.4444850236177444, 1.253253310918808, 1.1999773383140564, 1.1250430047512054, 1.1213526278734207, 1.0548179149627686, 1.021424412727356, 0.9726161658763885, 0.9731548801064491, 0.970111146569252, 0.9939164966344833, 0.8885094523429871, 0.8893342092633247, 0.8889271840453148, 0.8804492875933647, 0.9326845109462738, 0.9001121446490288, 0.9107850342988968, 0.8890469521284103, 0.872790589928627, 0.8934656381607056, 0.9570879116654396, 0.8434646874666214, 0.8279157876968384, 0.8543914705514908, 0.8987247049808502, 0.9515577629208565, 0.8837530687451363, 0.8915257081389427, 0.9011646583676338]}