{"train_loss": [4.1088625779227606, 3.52556402153439, 1.9984201088784233, 1.817766206605094, 1.8244345481433566, 1.772003213564555, 1.7575324963009546, 1.7093766880413843, 1.7307467375482832, 1.7124423999635001, 1.737495017430139, 1.7174944281578064, 1.6860381705420358, 1.6671909377688454, 1.6759106091090612, 1.6799175691983057, 1.720913511420053, 1.7568019902895367, 1.729024589061737, 1.6535509332777962, 1.695799658222804, 1.652186025702764, 1.64534957919802, 1.6701272640909468, 1.6510791296050662, 1.6431497950402518, 1.6228265804903848, 1.6339471652394248, 1.646903738142952, 1.6577783737863814], "train_mae": [1.511220407864404, 1.3547139357006739, 0.8855941532150148, 0.8061446878645155, 0.8056570291519165, 0.7853884536122518, 0.781926052910941, 0.7694471364929563, 0.7666729792716012, 0.7707128505858164, 0.7785038039797828, 0.7583972963075789, 0.7534986403253343, 0.7453877235215808, 0.7551984749143086, 0.7473774277974689, 0.7688499812095885, 0.7705043620533414, 0.7734278818917653, 0.7395748940725175, 0.7565954535726517, 0.7366166209417676, 0.7346764888082232, 0.7437333332167732, 0.738727605532086, 0.738229617239937, 0.7290838635157025, 0.7317112003053937, 0.7375731619577559, 0.7468328334036327], "val_loss": [3.9012410938739777, 2.0427388101816177, 1.6258101761341095, 1.623846910893917, 1.5562979876995087, 1.5651030465960503, 1.4601500406861305, 1.5094507783651352, 1.816666379570961, 1.5718154460191727, 1.5083392336964607, 1.5383250415325165, 1.474224604666233, 1.4725044593214989, 1.4531498402357101, 1.5049701184034348, 1.4737550988793373, 1.6405547708272934, 1.6236983761191368, 1.4942021816968918, 1.4611051827669144, 1.4527610093355179, 1.4691890478134155, 1.5212772339582443, 1.4798067808151245, 1.5198414325714111, 1.4560067057609558, 1.4740908071398735, 1.4686817303299904, 1.4461135119199753], "val_mae": [1.5334720760583878, 0.9916177019476891, 0.8244090899825096, 0.8152157217264175, 0.7230828627943993, 0.6924044489860535, 0.7279121354222298, 0.7204427570104599, 0.7824588641524315, 0.72272989153862, 0.7745227217674255, 0.6941839680075645, 0.7511097937822342, 0.6859048008918762, 0.6914533227682114, 0.7751383483409882, 0.7135665342211723, 0.7273666188120842, 0.7301770448684692, 0.6777726784348488, 0.6988994926214218, 0.7216990441083908, 0.7069531455636024, 0.8038847744464874, 0.685818612575531, 0.6809290423989296, 0.6856668144464493, 0.7744345292448997, 0.6977673321962357, 0.7339820861816406]}