{"train_loss": [3.4552522973408775, 1.8897837031455267, 1.770000229752253, 1.7393695532329498, 1.697762217786577, 1.7276999363823542, 1.7816998088170612, 1.696922276701246, 1.6955370127208649, 1.6735318624784077, 1.6828104200817289, 1.6673574409787617, 1.7484459621565682, 1.7239999108844333, 1.6601424226685175, 1.6433107370422, 1.6150998671849568, 1.6298101553841242, 1.6526371656902252, 1.661316850828746, 1.6114120615853205, 1.6301968353135246, 1.5988788751382677, 1.635239269052233, 1.6483208868238661, 1.6010676925144498, 1.6658093560309637, 1.6512355161091639, 1.6561982187013777, 1.6306603380611964], "train_mae": [1.3605753798333426, 0.8517581271746802, 0.7983168581175426, 0.7797875716572716, 0.7668580744001601, 0.7792806568599883, 0.7861450428054446, 0.7704961829715304, 0.7602317162922451, 0.758443071728661, 0.7537358951947045, 0.7504845412950667, 0.7840674396545168, 0.7796178649342249, 0.748941405424996, 0.7417090790612357, 0.7270196676254272, 0.7379180382168482, 0.7515737073762077, 0.756910280575828, 0.7256549246727474, 0.7420424506777809, 0.7258173208388071, 0.7358216955548241, 0.7481766399883089, 0.7239775581965371, 0.7557722604463971, 0.7492526145208449, 0.7324955463409424, 0.7299320934310792], "val_loss": [1.6782799661159515, 1.3225744813680649, 1.1678358390927315, 1.1750983372330666, 1.3203040286898613, 1.6938809007406235, 1.1163192316889763, 1.3292868062853813, 1.5430017784237862, 1.1936660185456276, 1.1294573694467545, 1.1437219753861427, 1.181594006717205, 1.2898327261209488, 1.1459694504737854, 1.1117308363318443, 1.1089449748396873, 1.0807891562581062, 1.2525948360562325, 1.206532247364521, 1.085368536412716, 1.1062102243304253, 1.091365672647953, 1.052793338894844, 1.117650143802166, 1.0711413994431496, 1.233751319348812, 1.0410367846488953, 1.0918625071644783, 1.1572565138339996], "val_mae": [0.9325327947735786, 0.8750856295228004, 0.717915914952755, 0.7641862630844116, 0.7207204028964043, 0.8540321737527847, 0.6802530884742737, 0.7247714698314667, 0.8139153867959976, 0.6822857558727264, 0.7448280081152916, 0.668111726641655, 0.7840038612484932, 0.8594052121043205, 0.6974311545491219, 0.700997956097126, 0.6543775051832199, 0.6792842745780945, 0.7762340530753136, 0.6831662580370903, 0.6519970521330833, 0.7207213044166565, 0.6544748246669769, 0.6795648038387299, 0.7522535845637321, 0.6676882281899452, 0.7078444138169289, 0.6808305457234383, 0.7034995332360268, 0.7860653474926949]}