{"train_loss": [3.0800768042367603, 2.0583275320037964, 2.0202408603259494, 1.930970913834042, 1.8834428664237735, 1.8582811431279258, 1.8500093458190796, 1.8295884387833732, 1.7946660092898779, 1.7776649603768, 1.7318522334098816, 1.7545204020681835, 1.738038142522176, 1.7259882641217066, 1.7515309963907515, 1.6881396344729833, 1.7045878597668238, 1.7691967988771105, 1.7168373948051816, 1.7676415471803575, 1.671680650067708, 1.6618076364199321, 1.6617740553522866, 1.7226920799603538, 1.6837626250963362, 1.6286381440503257, 1.6388592720031738, 1.6920850049881708, 1.7155984318445598, 1.7209311657481723], "train_mae": [1.2478894156122964, 0.9096975118394882, 0.8890506303499616, 0.8536928021718585, 0.8334868711138529, 0.8316735436045934, 0.8205252157317268, 0.8225557160755944, 0.8088511815146794, 0.7971194916301303, 0.781422181734963, 0.791995298294794, 0.7867751244514708, 0.7839330652403453, 0.7931597999164036, 0.7644267810715569, 0.76703665559254, 0.7843564966368297, 0.774630866353474, 0.7969925517127627, 0.7563128301075527, 0.7570378496533349, 0.7580728161902655, 0.7695295394413055, 0.7532280910582769, 0.7438199870170109, 0.7442683993823944, 0.7655907907183208, 0.7712252518487355, 0.7864996062384711], "val_loss": [1.9191597551107407, 1.691526673734188, 1.7900687530636787, 1.741091012954712, 1.5880231782793999, 1.618619255721569, 1.5126554816961288, 1.5763129442930222, 1.7570210322737694, 1.5698325410485268, 1.4872116968035698, 1.4339971244335175, 1.5881230905652046, 1.4681159555912018, 1.4021569192409515, 1.4121372625231743, 1.5243897661566734, 1.5448654145002365, 1.42344731092453, 1.4101870581507683, 1.6109410524368286, 1.4205492287874222, 1.4270655885338783, 1.4177336394786835, 1.4400966688990593, 1.5311692357063293, 1.503397859632969, 1.4089463204145432, 1.5980370938777924, 1.4182313829660416], "val_mae": [0.9365067407488823, 0.8755010589957237, 0.9413677304983139, 0.7876628786325455, 0.8193758428096771, 0.7462681382894516, 0.7055221125483513, 0.7490215599536896, 0.7746477574110031, 0.7312028631567955, 0.7550639733672142, 0.7091806009411812, 0.7256362736225128, 0.7115621194243431, 0.6892821937799454, 0.704687088727951, 0.7080917432904243, 0.6944386959075928, 0.6704424470663071, 0.6880359649658203, 0.825111910700798, 0.6967906057834625, 0.7283423319458961, 0.7241769507527351, 0.6701265722513199, 0.6940777599811554, 0.7249714434146881, 0.7098851427435875, 0.7436152100563049, 0.7138985618948936]}