{"train_loss": [3.313721335123456, 1.7578795873929585, 1.7102549265301417, 1.557107855403234, 1.5304424904641651, 1.5332704214822679, 1.529573472719344, 1.5423474311828613, 1.5246133047436912, 1.5612015364662049, 1.5582234916232882, 1.5653545648332625, 1.5281862938214863, 1.4943544145614382, 1.5283241451732696, 1.5111288295851812, 1.4866349857950967, 1.515967831725166, 1.4894705376927815, 1.492360356308165, 1.5087638762262132, 1.501761251971835, 1.5261812720979964, 1.481586443999457, 1.4752104358067588, 1.456974260390751, 1.520827257443988, 1.4877865295561532, 1.496704037227328, 1.4797677071321578], "train_mae": [1.3416898553333585, 0.8529561729658217, 0.8334344445712982, 0.774363154456729, 0.755487753285302, 0.7613762446812221, 0.7565223418530964, 0.7729596013114566, 0.7583147798265729, 0.7726724214024014, 0.7726417127109709, 0.7737843555117411, 0.7585684799012684, 0.7448212523309011, 0.7566700180371603, 0.7478757727713812, 0.7376145588027107, 0.7532441947195265, 0.7413384394040183, 0.7420629007475716, 0.7448867975719391, 0.7456318499549986, 0.7651908577434601, 0.7315463064208864, 0.7360905380476088, 0.7270378962395683, 0.7630576794109647, 0.7480263218047127, 0.7453673850922358, 0.7353402820844499], "val_loss": [3.545938804745674, 2.877949170768261, 2.9607726708054543, 2.873738519847393, 2.838987246155739, 2.792872093617916, 2.8113059401512146, 2.8532817363739014, 2.8408099189400673, 2.873944602906704, 2.789679430425167, 2.7900676131248474, 2.900476895272732, 2.818181350827217, 2.7790073677897453, 2.770491361618042, 2.7922831550240517, 2.7890561521053314, 2.7848877012729645, 2.8635751232504845, 2.858811780810356, 2.900064989924431, 2.8642669543623924, 2.7760230377316475, 2.7814574241638184, 2.8024333715438843, 2.799266204237938, 3.0685582607984543, 2.7561569288372993, 2.7651930674910545], "val_mae": [0.9434133693575859, 0.7908090278506279, 0.7529981732368469, 0.715386226773262, 0.7586411610245705, 0.6889028549194336, 0.6857577636837959, 0.6926468014717102, 0.6964335143566132, 0.773979090154171, 0.7593319788575172, 0.7331240475177765, 0.7019680961966515, 0.6824204176664352, 0.7060006409883499, 0.7003218680620193, 0.6945152878761292, 0.7155318856239319, 0.7485710456967354, 0.6859825327992439, 0.81094541400671, 0.6963463798165321, 0.7124811112880707, 0.7296118885278702, 0.6971777006983757, 0.6916689276695251, 0.6949687972664833, 0.7635899037122726, 0.6885129064321518, 0.6782088428735733]}