{"train_loss": [3.330208812441145, 1.8780215278504386, 1.7328151256319075, 1.663917567048754, 1.7110305466349163, 1.648178287914821, 1.679566274559687, 1.6955869178923348, 1.6335000405235895, 1.6775263585741558, 1.6214944710807195, 1.6329861633361331, 1.6685304547113085, 1.6134388796866885, 1.6348912573996044, 1.62559488746855, 1.6164549882449801, 1.6537749578082372, 1.7073748504358626, 1.6239681291201757, 1.5897214289695498, 1.6158570344485934, 1.5933535430166457, 1.6296662650411091, 1.6027248700459797, 1.5801179224536532, 1.5853916841839988, 1.5975500733133345, 1.6280446941890414, 1.6414699507138086], "train_mae": [1.305346199444362, 0.8358605513497005, 0.7655911824059864, 0.7374306661742074, 0.7533012978614323, 0.7217561271455553, 0.7421983754824079, 0.7506362701219226, 0.718801668712071, 0.7432304289605882, 0.7166909849832929, 0.7217349797960312, 0.7370586944004845, 0.7098620297416808, 0.7231635791914803, 0.7200215884617397, 0.7168754727121384, 0.712909578330933, 0.7568988175619216, 0.7237899549423702, 0.7043449547555711, 0.7176469479288373, 0.7034024520525857, 0.7214507753886874, 0.704737144803244, 0.7010196310187143, 0.7080301235592554, 0.7025325099627177, 0.7194944421450297, 0.7290634739966619], "val_loss": [1.7667513564229012, 1.5633357614278793, 1.505998581647873, 1.4669325724244118, 1.4483545124530792, 1.4303289130330086, 1.5125564709305763, 1.4737293869256973, 1.5474597737193108, 1.5443588569760323, 1.4270396754145622, 1.4430659115314484, 1.4426405355334282, 1.4336004704236984, 1.4275763556361198, 1.4288556426763535, 1.4683459401130676, 1.4216238036751747, 1.6270416155457497, 1.4070490822196007, 1.6809906512498856, 1.4098702371120453, 1.411637619137764, 1.4319374561309814, 1.4239083975553513, 1.4793657287955284, 1.4267397075891495, 1.4388491585850716, 1.5075076073408127, 1.4330409690737724], "val_mae": [0.8544022813439369, 0.7953816577792168, 0.7254327312111855, 0.6595568507909775, 0.7019514515995979, 0.654736764729023, 0.6734705045819283, 0.6870902851223946, 0.6945223584771156, 0.6980078294873238, 0.6734711229801178, 0.6819447875022888, 0.7331789284944534, 0.6746959313750267, 0.6438061445951462, 0.7188833430409431, 0.650110051035881, 0.7030452713370323, 0.744363471865654, 0.632473349571228, 0.868511974811554, 0.6625371053814888, 0.6426120549440384, 0.7296191975474358, 0.6385924890637398, 0.6366910636425018, 0.6382880881428719, 0.7467633858323097, 0.6764937788248062, 0.695378340780735]}