{"train_loss": [3.2112729000666786, 1.780619548426734, 1.6032091596769908, 1.4843262670532105, 1.5494718078583005, 1.4685154921478696, 1.5071760127468714, 1.5197199658742027, 1.4874609727708121, 1.5057248406940036, 1.5197949806849163, 1.4904011535266088, 1.4898913242514171, 1.4521167439127725, 1.4863307722031125, 1.443800215683286, 1.4315574121853663, 1.459191378146883, 1.4457337080486237, 1.4463772518294198, 1.4561573106145103, 1.4403300578632052, 1.4139733200981504, 1.4202215359324502, 1.4604280959992182, 1.4006419106135293, 1.4280873291076175, 1.4060537904974013, 1.4789869160879225, 1.4459830588764615], "train_mae": [1.321412986233121, 0.8658841337476458, 0.7821066247092353, 0.7331975149729896, 0.7592200532792106, 0.7285301552878486, 0.7461370182415795, 0.7606287059329805, 0.7329083283742269, 0.7423724778114803, 0.7506611886478606, 0.7326573322689722, 0.7402491616824317, 0.7188400607260447, 0.7282836560219054, 0.7111055690144735, 0.7049479352103339, 0.7241733547240968, 0.7166457554650685, 0.7176715826231336, 0.7233779449311514, 0.7140757006312174, 0.6965866807907347, 0.6998074537231809, 0.7313989618467907, 0.6921971175405714, 0.7088953521516588, 0.6965570052464803, 0.7284257090280927, 0.7126259813233028], "val_loss": [3.7009776830673218, 3.0928550735116005, 2.8202777057886124, 2.9369167163968086, 2.795185685157776, 2.7988747358322144, 2.7966627329587936, 2.801624894142151, 2.7954198345541954, 2.8920022696256638, 2.818470671772957, 2.794556237757206, 2.9464732483029366, 2.81039746850729, 2.777776390314102, 2.765201173722744, 2.7750403061509132, 2.937144659459591, 2.7495405450463295, 2.884391963481903, 2.7788799703121185, 2.746203102171421, 2.745402544736862, 2.7458207979798317, 2.754219189286232, 2.7328815311193466, 2.7883104905486107, 2.770310588181019, 2.878214403986931, 2.822829619050026], "val_mae": [0.991381511092186, 0.9922660142183304, 0.7789076566696167, 0.7242111414670944, 0.7391317188739777, 0.7005673497915268, 0.681317962706089, 0.7182926461100578, 0.6624973341822624, 0.7990949973464012, 0.6728576123714447, 0.6786763742566109, 0.7111300602555275, 0.6642171293497086, 0.7255351096391678, 0.66299057751894, 0.6751330941915512, 0.7335275113582611, 0.7118870466947556, 0.6763164028525352, 0.7568269819021225, 0.6652508303523064, 0.6623306423425674, 0.661028079688549, 0.7020205184817314, 0.6596188992261887, 0.7691546753048897, 0.6484086327254772, 0.6643236614763737, 0.6555071994662285]}