{"train_loss": [215059.04524511003, 38.758690606980096, 16.370267807491242, 13.473277515835232, 11.494801135290237, 9.684885774339948, 8.228043344285753, 7.721927476307703, 6.83562409688556, 6.226538060203431, 6.144852607969254, 5.631175468838404, 5.389800503140404, 5.494502741193014, 5.3141623338063555, 5.139617306845529, 4.720018269523742, 4.748972983587356, 5.221701080836947, 4.647572846639724, 4.505197161719913, 4.464026943085686, 4.415371830501254, 4.232259837407915, 4.176178625651768, 4.370898458692762, 5.153222814438835, 4.204044289059109, 4.49259614944458, 4.232347106176709], "train_mae": [155.38958090449137, 4.530459778649466, 3.032254272037082, 2.7359098517705522, 2.525346453227694, 2.3408158298522705, 2.1638944073328896, 2.061271173613412, 1.9611679712931316, 1.8661994877315702, 1.8453582960461814, 1.7894607744519673, 1.7366222162095328, 1.7326474341135176, 1.6975744451795305, 1.684804462251209, 1.642720347359067, 1.624379623503912, 1.6318538661987063, 1.6194050463419112, 1.5911983705702282, 1.5810500761819264, 1.582438520022801, 1.553210667201451, 1.5479960801109436, 1.5366049626516918, 1.561834310728406, 1.5550433113461448, 1.5663367282776606, 1.5409305247049483], "val_loss": [137.11438941955566, 21.884862661361694, 18.549612641334534, 14.380030393600464, 8.73534882068634, 8.07809454202652, 9.15519231557846, 8.241993188858032, 9.726402997970581, 7.316167593002319, 7.1691606640815735, 7.117209494113922, 8.272767573595047, 7.65812748670578, 9.202930927276611, 7.058695137500763, 6.6132394671440125, 6.487084448337555, 7.8423930406570435, 6.911360651254654, 6.600816160440445, 6.59518900513649, 6.114812821149826, 6.307558596134186, 6.229682505130768, 6.2139527797698975, 7.881255120038986, 6.2661581337451935, 5.849250048398972, 5.996087074279785], "val_mae": [11.081411361694336, 3.85223987698555, 3.0732344686985016, 2.6349663138389587, 1.9476196020841599, 1.8527968674898148, 1.9183764159679413, 1.9109926372766495, 1.934569090604782, 1.8807831555604935, 1.8550126999616623, 1.7987172156572342, 1.8597191274166107, 1.8713348805904388, 1.9831535518169403, 1.9311387240886688, 1.8537674397230148, 1.8263604640960693, 1.7657545655965805, 1.8487940430641174, 1.9030074924230576, 1.8653445392847061, 1.8010400831699371, 1.8189619928598404, 1.8038410991430283, 1.8016703128814697, 1.9246411174535751, 1.7295268177986145, 1.6527890413999557, 1.7252715677022934]}