{"train_loss": [2632.3090757377563, 4.445394235943991, 3.9760172480628606, 3.5172559325657193, 3.220902098549737, 2.997392593868195, 2.874724335140652, 2.758286434506613, 2.675078206592136, 2.6611919705829923, 2.526554141725813, 2.5175209764450317, 2.4771111333180986, 2.364528428940546, 2.379218233956231, 2.3704476186207364, 2.3030745888513233, 2.300160320978316, 2.245424160881648, 2.2069550847250317, 2.1904518661044894, 2.194771108173189, 2.1184365049241083, 2.1373273928960166, 2.0847535833479864, 2.0742577484675815, 2.056598142972068, 2.0446332390346225, 2.0304364334969294, 1.989018133708409], "train_mae": [20.70922761304038, 1.5841980150767736, 1.4762001662027269, 1.3696529316523718, 1.2837370539468431, 1.2311345121217152, 1.1940700279341803, 1.1582967411904108, 1.1369094299891638, 1.140982409318288, 1.1014161270762246, 1.0894629245712644, 1.0789423982302349, 1.047596223770626, 1.0482240063803536, 1.0358857380019293, 1.0277120319623796, 1.02296596387076, 1.0006425863220578, 0.9874679588136219, 0.9863755901654562, 0.9832948824715992, 0.9583629653567359, 0.954158087571462, 0.9355595688971262, 0.9316518041822646, 0.9219800886653718, 0.9271378592839317, 0.9056137260936555, 0.8972577045834254], "val_loss": [3.6122480928897858, 3.154558837413788, 2.7815438210964203, 2.494626224040985, 2.2920366376638412, 2.2417812198400497, 2.0293887704610825, 2.0587106943130493, 1.9656201899051666, 2.108010947704315, 2.1166718155145645, 1.839014545083046, 1.8981252014636993, 1.8032636642456055, 1.7812813222408295, 2.1207698583602905, 1.966228723526001, 1.7602193802595139, 1.8654056787490845, 1.7192936837673187, 1.6230716854333878, 1.7394848018884659, 1.6199888736009598, 1.54298597574234, 1.9903188049793243, 1.7156956791877747, 1.6297291070222855, 1.5182195007801056, 1.6004707962274551, 1.4014448300004005], "val_mae": [1.4938605427742004, 1.372303545475006, 1.2836752831935883, 1.2194195985794067, 1.1604230105876923, 1.160025417804718, 1.0648219734430313, 1.0955069661140442, 1.0640662014484406, 1.1436789631843567, 1.1473837941884995, 0.9914387241005898, 1.049096718430519, 0.9972467571496964, 0.986597329378128, 1.152608722448349, 0.997055746614933, 0.9790078923106194, 1.0459722951054573, 0.9687550589442253, 0.9258750006556511, 1.0004204884171486, 0.9373237267136574, 0.9033870920538902, 1.138115905225277, 1.0118653029203415, 0.9637415334582329, 0.9036207422614098, 0.9482615143060684, 0.8211281895637512]}