{"train_loss": [3.0274230128242854, 2.026831939106896, 1.8882881999015808, 1.7717098063892789, 1.7699806217163327, 1.7957149242597914, 1.8541229764620464, 1.7887668846145508, 1.7353318901289077, 1.6938812543475439, 1.714202898835379, 1.6967353991099767, 1.7032269826011053, 1.6797199608787658, 1.6878544839601668, 1.665490807048858, 1.779198286079225, 1.6768427406038557, 1.8165849967608376, 1.6906615112509047, 1.6920932739500016, 1.7155952283314295, 1.6602223146529425, 1.6668326050516158, 1.7009053012681385, 1.633450839727644, 1.6619810244393727, 1.6590551819120134, 1.6378580066892836, 1.6341148794643463], "train_mae": [1.2231524492067003, 0.8970004178228832, 0.8332036080814543, 0.7767020132806566, 0.7815836384182885, 0.794596516896808, 0.8119202710333324, 0.7817891211736769, 0.7662654452853732, 0.7463964110329038, 0.7425767504979693, 0.7564589400140066, 0.7498082234745934, 0.7379583574476696, 0.7422759750532726, 0.737392973332178, 0.787343114141434, 0.741408331999703, 0.7444672073636737, 0.7461181074853928, 0.7544009193541512, 0.753453272675711, 0.7313004372611879, 0.7431686832791283, 0.7478467831535945, 0.720019331054082, 0.7289888376281375, 0.7355299998843481, 0.7237467141378493, 0.7218506137530009], "val_loss": [1.6621477901935577, 1.5292202681303024, 1.4271347001194954, 1.2955364771187305, 1.357000656425953, 1.3695579394698143, 1.4850706309080124, 1.3085391446948051, 1.3123414516448975, 1.364738292992115, 1.23716539144516, 1.2255379781126976, 1.211530663073063, 1.2396598681807518, 1.3313972353935242, 1.263322800397873, 1.2359415590763092, 1.2051797099411488, 1.2790555506944656, 1.226381115615368, 1.4990683645009995, 1.2670445777475834, 1.2737277522683144, 1.2406889647245407, 1.2335262224078178, 1.204806949943304, 1.348506160080433, 1.3061479665338993, 1.1854585334658623, 1.2235817313194275], "val_mae": [0.9237232506275177, 0.8608468249440193, 0.7649717777967453, 0.6828155815601349, 0.6785546392202377, 0.6999020352959633, 0.8554709106683731, 0.659246638417244, 0.7503251358866692, 0.6599028259515762, 0.6867323964834213, 0.6589801013469696, 0.6336320973932743, 0.6743283867835999, 0.779185451567173, 0.7066316083073616, 0.653230831027031, 0.6377330459654331, 0.7462929114699364, 0.6642963737249374, 0.7245561480522156, 0.7050950601696968, 0.6806046739220619, 0.6367836147546768, 0.6767947748303413, 0.6265430487692356, 0.772270604968071, 0.6379640400409698, 0.631127268075943, 0.625956330448389]}