{"train_loss": [3977.6069715742083, 5.109277668453398, 4.52619811466762, 4.43652752089122, 4.2694087066347635, 4.030134507587978, 3.927706684385027, 3.8977360971390254, 3.7854183439224487, 3.77353088439457, 3.6455390074896434, 3.560027947501531, 3.5932611567633495, 3.4492430308508495, 3.4184373030586848, 3.2630793329269165, 3.2622082990313332, 3.3146580098167298, 3.178775492168608, 3.0021166252711464, 2.9445127002776617, 2.7835702158155895, 2.725331751127092, 2.637356162071228, 2.5902911651702154, 2.5407641123211575, 2.4338353550623335, 2.3350073401890103, 2.325110564156184, 2.268654431615557], "train_mae": [19.541422062449985, 1.7034124684712244, 1.5813127831807212, 1.564591572398231, 1.5358010057419065, 1.4774885139768086, 1.449640327029758, 1.441924846361554, 1.4113589922587078, 1.4093366577511741, 1.3817866927101499, 1.3659261994891696, 1.3691590532423958, 1.338885055647956, 1.329454018956139, 1.2956732454754056, 1.284939832157559, 1.293248454729716, 1.2575485649563016, 1.2049422131644354, 1.1925688584645588, 1.145375491134704, 1.125618350884271, 1.0992885515803383, 1.0909070514497303, 1.0655581988985576, 1.0380395442720443, 1.0058128767543368, 1.0048917115680756, 0.9886313468690903], "val_loss": [4.122655481100082, 3.52098748087883, 4.720642268657684, 3.530457764863968, 3.3904499113559723, 3.8049601018428802, 3.8605174720287323, 3.9819630086421967, 3.2358094602823257, 3.486911118030548, 3.33555006980896, 3.1008851528167725, 3.1063555479049683, 3.0757452249526978, 2.9997915774583817, 3.06222864985466, 2.938958764076233, 2.7150065153837204, 2.608213350176811, 2.606329694390297, 2.546852707862854, 2.5582491606473923, 2.679419159889221, 3.2590135037899017, 2.7522244453430176, 2.234479784965515, 2.4705515801906586, 2.1386218667030334, 2.495912715792656, 2.3754891753196716], "val_mae": [1.5976583063602448, 1.4444692134857178, 1.8102065026760101, 1.4999704360961914, 1.3991338610649109, 1.5871484279632568, 1.5982910096645355, 1.6408218294382095, 1.3026787787675858, 1.4996864050626755, 1.451753482222557, 1.302007257938385, 1.3644915372133255, 1.3629910349845886, 1.3381626307964325, 1.3585558384656906, 1.308918684720993, 1.2350848466157913, 1.2094898372888565, 1.2104391157627106, 1.1761616319417953, 1.1992485374212265, 1.2754101306200027, 1.4912593960762024, 1.321010634303093, 1.1210814416408539, 1.2238782793283463, 1.0737217590212822, 1.2292475998401642, 1.1976301297545433]}