{"train_loss": [3.450359026590983, 1.9043581050539773, 1.7381360483547998, 1.5886923245021276, 1.6053323565967499, 1.5389461195658123, 1.5760575286925784, 1.6211373332947019, 1.5316693054305182, 1.5311948827334814, 1.510058020315473, 1.5164607928858862, 1.4921521232241677, 1.4815808856298054, 1.4741921245105682, 1.4329172637727525, 1.4822592669063144, 1.4634021028639779, 1.4269024914219266, 1.4355112489253756, 1.4600870684971885, 1.4383723915569366, 1.4803712434238858, 1.4217381165141152, 1.4557889841851734, 1.4328349289439974, 1.4426729073600164, 1.4526750521054344, 1.4285587450814625, 1.4406849032356626], "train_mae": [1.3845384452078078, 0.9216861847847228, 0.8412759739255148, 0.78423844064985, 0.7872218678868006, 0.7585753959322733, 0.7716827969702463, 0.8047049310472276, 0.7531669518304249, 0.7599836455451118, 0.7485381620270866, 0.756135985018715, 0.7394451480063181, 0.7364521272598751, 0.7304997907744514, 0.7153659415623498, 0.735783785108536, 0.729215351362077, 0.710183686680264, 0.7178780001307291, 0.7214602392817301, 0.7163035860137333, 0.7387363986363487, 0.7090873368202694, 0.7294225162929959, 0.7127782863283915, 0.7197946470881266, 0.723623792330424, 0.7054024456985413, 0.7124732600318061], "val_loss": [3.759741425514221, 2.9736689031124115, 2.850762203335762, 2.8145621344447136, 2.7788118720054626, 2.7764776200056076, 2.7798813357949257, 2.7981459498405457, 2.7181515097618103, 2.8135968074202538, 2.7780054807662964, 2.7445414438843727, 2.856901988387108, 2.867696799337864, 2.7274934500455856, 2.7970147654414177, 2.7207696065306664, 2.8284358978271484, 2.778792604804039, 2.7459727823734283, 2.709970384836197, 2.7484604939818382, 2.751589134335518, 2.751766085624695, 2.724109925329685, 2.7684981301426888, 2.7921162769198418, 2.885631710290909, 2.8070084303617477, 2.7695556432008743], "val_mae": [1.0227002054452896, 0.8310205116868019, 0.7922004088759422, 0.7381911128759384, 0.7502855509519577, 0.736961118876934, 0.6975729241967201, 0.6957462430000305, 0.6625143513083458, 0.7925207614898682, 0.7782056033611298, 0.6955491527915001, 0.6755147129297256, 0.6820122823119164, 0.7287658900022507, 0.6660075262188911, 0.6942315176129341, 0.6731132939457893, 0.6545144468545914, 0.6642440855503082, 0.6976708918809891, 0.6541420295834541, 0.657167099416256, 0.7064597755670547, 0.708686001598835, 0.6772483214735985, 0.7075062841176987, 0.6814042776823044, 0.6628989204764366, 0.6551518440246582]}