{"train_loss": [0.6780513269560677, 0.6755808080945697, 0.6692198685237339, 0.6675395284380231, 0.6672592759132385, 0.6648442830358233, 0.6567407591002328, 0.656569242477417, 0.6558013217789787, 0.6512993403843471, 0.64951149054936, 0.6465768814086914, 0.6472892335483006, 0.639291022505079, 0.6409194384302411, 0.6424629858561924, 0.6443045650209699, 0.6399609020778111, 0.6395929455757141, 0.6434850096702576, 0.636660499232156, 0.6369841694831848, 0.6400608760969979, 0.6323005046163287, 0.6339031287602016, 0.6345114878245762, 0.6349601660455976, 0.6296228425843375, 0.6273632049560547, 0.6290090765271869, 0.62279155424663, 0.6290460228919983, 0.6261587228093829, 0.6245567117418561, 0.6202292272022792, 0.6206407291548592, 0.6234862378665379, 0.6246952499662127, 0.6214099611554827, 0.6189645613942828, 0.6195834534508842, 0.6209904551506042, 0.6209839752742222, 0.619938245841435, 0.6159537264278957, 0.6225866164479937, 0.6226159845079694, 0.6219671794346401, 0.616520609174456, 0.6137102586882455, 0.6199978504862104, 0.6246829373495919, 0.6100913797106061, 0.6210130367960248, 0.6231451375143868, 0.6163029755864825, 0.6121687548501151, 0.6118426663534982, 0.620754097189222, 0.6167188371930804, 0.6160262908254351, 0.616003726209913, 0.6139759251049587, 0.6165173734937396, 0.6119865264211383, 0.6109519345419747, 0.6093887346131461, 0.6091627734048026, 0.6146974563598633, 0.6197623951094491, 0.6112847668784005, 0.6069490313529968, 0.6126647080693927, 0.6063520056860787, 0.6096521445683071, 0.6069061926433018, 0.6074766176087516, 0.611519992351532, 0.6038379498890468, 0.6196356500898089, 0.610173727784838, 0.6039657592773438, 0.6065928850855146, 0.6150144168308803, 0.6089326739311218, 0.6092622705868312, 0.6090486560549054, 0.6091766698019845, 0.6091683847563607, 0.603550774710519, 0.6094417997768947, 0.6080138513020107, 0.6133937324796405, 0.6068989719663348, 0.6061533519199916, 0.6079364844730922, 0.6122563225882394, 0.6147385495049613, 0.6151846051216125, 0.6112049392291478], "train_acc": [0.5853932584269663, 0.5943820224719101, 0.6022471910112359, 0.6213483146067416, 0.6314606741573033, 0.6224719101123596, 0.6404494382022472, 0.650561797752809, 0.6370786516853932, 0.6393258426966292, 0.647191011235955, 0.651685393258427, 0.6539325842696629, 0.6595505617977528, 0.6539325842696629, 0.6651685393258427, 0.6494382022471911, 0.650561797752809, 0.6752808988764045, 0.6595505617977528, 0.6617977528089888, 0.6786516853932584, 0.6629213483146067, 0.6617977528089888, 0.6775280898876405, 0.6786516853932584, 0.6685393258426966, 0.6853932584269663, 0.6719101123595506, 0.6719101123595506, 0.6932584269662921, 0.6719101123595506, 0.6775280898876405, 0.6865168539325842, 0.6719101123595506, 0.6752808988764045, 0.6820224719101123, 0.6741573033707865, 0.6887640449438203, 0.698876404494382, 0.6797752808988764, 0.6943820224719102, 0.6910112359550562, 0.6955056179775281, 0.6865168539325842, 0.6820224719101123, 0.6831460674157304, 0.6876404494382022, 0.6966292134831461, 0.6943820224719102, 0.6921348314606741, 0.6808988764044944, 0.7, 0.6955056179775281, 0.6955056179775281, 0.6865168539325842, 0.697752808988764, 0.7044943820224719, 0.6898876404494382, 0.6943820224719102, 0.6966292134831461, 0.6921348314606741, 0.6932584269662921, 0.6865168539325842, 0.697752808988764, 0.6955056179775281, 0.7067415730337079, 0.7, 0.6853932584269663, 0.6853932584269663, 0.6932584269662921, 0.697752808988764, 0.6955056179775281, 0.6943820224719102, 0.6955056179775281, 0.7, 0.7044943820224719, 0.697752808988764, 0.698876404494382, 0.6966292134831461, 0.7033707865168539, 0.7, 0.7157303370786516, 0.6865168539325842, 0.6887640449438203, 0.701123595505618, 0.6966292134831461, 0.7067415730337079, 0.7, 0.7044943820224719, 0.6966292134831461, 0.7067415730337079, 0.6887640449438203, 0.6921348314606741, 0.7033707865168539, 0.697752808988764, 0.6808988764044944, 0.697752808988764, 0.6853932584269663, 0.7078651685393258], "val_loss": [0.6629136800765991, 0.664856493473053, 0.665216326713562, 0.6649063229560852, 0.6603683829307556, 0.6576988697052002, 0.6548677086830139, 0.6499853134155273, 0.644649088382721, 0.6407855153083801, 0.6371959447860718, 0.6358473300933838, 0.6299381256103516, 0.6240330338478088, 0.6227301955223083, 0.6250182390213013, 0.6182866096496582, 0.620759904384613, 0.6105688810348511, 0.6097456812858582, 0.6171159744262695, 0.6127843260765076, 0.6095478534698486, 0.6097056865692139, 0.6134748458862305, 0.6040300726890564, 0.6040616631507874, 0.6069020628929138, 0.6010050177574158, 0.6028029918670654, 0.6008033156394958, 0.5973065495491028, 0.5946808457374573, 0.5964378714561462, 0.5982792377471924, 0.5933890342712402, 0.5954024195671082, 0.5937306880950928, 0.5959828495979309, 0.5856409668922424, 0.5871525406837463, 0.590388298034668, 0.5865163803100586, 0.5862798690795898, 0.5849897861480713, 0.5838634967803955, 0.5853338241577148, 0.585456907749176, 0.5794775485992432, 0.5806426405906677, 0.5834492444992065, 0.5817056894302368, 0.5906834006309509, 0.5770484805107117, 0.5786787867546082, 0.580928385257721, 0.5773513317108154, 0.5785640478134155, 0.5786532163619995, 0.5781714916229248, 0.5824800133705139, 0.5739513635635376, 0.5734574198722839, 0.5813920497894287, 0.5757087469100952, 0.5729189515113831, 0.5786840915679932, 0.5713751912117004, 0.5738168358802795, 0.5734253525733948, 0.5750013589859009, 0.5758180618286133, 0.576457679271698, 0.571778416633606, 0.5731406211853027, 0.5703255534172058, 0.5806548595428467, 0.5728849768638611, 0.5662204027175903, 0.5653637051582336, 0.5711014270782471, 0.5708993673324585, 0.5764152407646179, 0.5669118762016296, 0.5715068578720093, 0.5712358355522156, 0.572345495223999, 0.5712465047836304, 0.572563111782074, 0.5670530200004578, 0.5683851838111877, 0.5759005546569824, 0.575221061706543, 0.564085066318512, 0.5704174041748047, 0.5702430009841919, 0.5665367841720581, 0.5782788395881653, 0.5656670331954956, 0.5657134652137756], "val_acc": [0.6216216216216216, 0.6216216216216216, 0.6306306306306306, 0.6666666666666666, 0.6486486486486487, 0.6756756756756757, 0.6666666666666666, 0.6666666666666666, 0.6756756756756757, 0.6666666666666666, 0.6576576576576577, 0.6486486486486487, 0.6576576576576577, 0.6666666666666666, 0.6666666666666666, 0.6576576576576577, 0.6666666666666666, 0.7207207207207207, 0.7297297297297297, 0.7387387387387387, 0.7207207207207207, 0.7207207207207207, 0.7297297297297297, 0.7207207207207207, 0.7117117117117117, 0.7297297297297297, 0.7207207207207207, 0.7207207207207207, 0.7297297297297297, 0.7207207207207207, 0.7117117117117117, 0.7117117117117117, 0.7027027027027027, 0.7207207207207207, 0.7207207207207207, 0.7117117117117117, 0.7117117117117117, 0.7297297297297297, 0.6936936936936937, 0.7117117117117117, 0.7027027027027027, 0.7117117117117117, 0.7117117117117117, 0.7117117117117117, 0.7207207207207207, 0.7207207207207207, 0.7207207207207207, 0.7117117117117117, 0.7297297297297297, 0.7117117117117117, 0.7117117117117117, 0.7387387387387387, 0.7027027027027027, 0.7207207207207207, 0.7297297297297297, 0.7117117117117117, 0.7387387387387387, 0.7297297297297297, 0.7297297297297297, 0.7297297297297297, 0.7027027027027027, 0.7207207207207207, 0.7297297297297297, 0.7207207207207207, 0.7207207207207207, 0.7477477477477478, 0.7207207207207207, 0.7207207207207207, 0.7297297297297297, 0.7207207207207207, 0.7207207207207207, 0.7297297297297297, 0.7207207207207207, 0.7477477477477478, 0.7207207207207207, 0.7387387387387387, 0.7117117117117117, 0.7387387387387387, 0.7297297297297297, 0.7297297297297297, 0.7477477477477478, 0.7207207207207207, 0.6936936936936937, 0.7387387387387387, 0.7117117117117117, 0.7207207207207207, 0.7117117117117117, 0.7297297297297297, 0.7117117117117117, 0.7297297297297297, 0.7297297297297297, 0.7207207207207207, 0.7207207207207207, 0.7477477477477478, 0.7117117117117117, 0.7477477477477478, 0.7387387387387387, 0.7297297297297297, 0.7657657657657657, 0.7387387387387387]}