{"train_loss": [0.689847469329834, 0.6782950588635036, 0.6715975318636213, 0.6706611939838955, 0.6687293308121818, 0.6672377926962716, 0.6647500310625348, 0.6632952434676034, 0.6627651112420219, 0.662575500352042, 0.6578437345368522, 0.6568433216639927, 0.6544870138168335, 0.652478814125061, 0.6501783898898533, 0.6513634238924298, 0.646707934992654, 0.6441658139228821, 0.641209432056972, 0.6424174734524318, 0.640783565385001, 0.6345346484865461, 0.6315410988671439, 0.6308270267077855, 0.6312425647463117, 0.6247414520808628, 0.6222079821995327, 0.6257119859967913, 0.6160058804920742, 0.6175344501222882, 0.6222850169454303, 0.621939446244921, 0.6191855583872113, 0.6123128703662327, 0.6186294896262032, 0.6135969161987305, 0.6106301035199847, 0.615019508770534, 0.6169977017811367, 0.6158228601728167, 0.6100180319377354, 0.6057616812842233, 0.6081309744289943, 0.6143643430301121, 0.609284690448216, 0.6061123098645892, 0.6092048117092678, 0.6074461426053729, 0.6043540239334106, 0.6133590000016349, 0.6104817134993417, 0.6026138322693961, 0.6098926322800773, 0.6069110376494271, 0.6100956286702838, 0.6089238609586444, 0.6060542208807809, 0.6030236567769732, 0.6053103889737811, 0.604973588671003, 0.6031115140233722, 0.6021900262151446, 0.603240260056087, 0.5998924459729876, 0.6005960021700177, 0.6109996523175921, 0.5992368289402553, 0.6069808687482562, 0.6090700881821769, 0.6014741659164429, 0.6101560933249337, 0.6056836332593646, 0.5994059528623309, 0.6031300340379987, 0.6029843177114215, 0.6011512194361005, 0.6084133982658386, 0.6012835332325527, 0.600641804082053, 0.5932196463857379, 0.6077044691358294, 0.6033479571342468, 0.5997769747461591, 0.6020928706441607, 0.5989682589258466, 0.5995909060750689, 0.5976215856415885, 0.601570759500776, 0.5997332079069955, 0.599578491279057, 0.599329514162881, 0.5986636706760952, 0.6068452937262399, 0.5964390465191433, 0.5960456558636257, 0.6025418894631522, 0.6006859711238316, 0.5978675569806781, 0.5985428435461861, 0.5918905224118914], "train_acc": [0.550561797752809, 0.6022471910112359, 0.6022471910112359, 0.6022471910112359, 0.6022471910112359, 0.6022471910112359, 0.6022471910112359, 0.6022471910112359, 0.6033707865168539, 0.6078651685393258, 0.6089887640449438, 0.6224719101123596, 0.6258426966292134, 0.6269662921348315, 0.6269662921348315, 0.6325842696629214, 0.6370786516853932, 0.6370786516853932, 0.6404494382022472, 0.6494382022471911, 0.647191011235955, 0.647191011235955, 0.6651685393258427, 0.6730337078651686, 0.6674157303370787, 0.6707865168539325, 0.6629213483146067, 0.6831460674157304, 0.698876404494382, 0.702247191011236, 0.6808988764044944, 0.6786516853932584, 0.6775280898876405, 0.702247191011236, 0.6820224719101123, 0.7056179775280899, 0.698876404494382, 0.6808988764044944, 0.6853932584269663, 0.6831460674157304, 0.702247191011236, 0.7, 0.701123595505618, 0.6853932584269663, 0.6955056179775281, 0.701123595505618, 0.701123595505618, 0.7, 0.6966292134831461, 0.6932584269662921, 0.702247191011236, 0.7044943820224719, 0.6943820224719102, 0.6932584269662921, 0.6932584269662921, 0.7, 0.701123595505618, 0.7067415730337079, 0.6955056179775281, 0.7, 0.701123595505618, 0.701123595505618, 0.7033707865168539, 0.7033707865168539, 0.7067415730337079, 0.6966292134831461, 0.702247191011236, 0.7, 0.701123595505618, 0.6943820224719102, 0.697752808988764, 0.698876404494382, 0.7078651685393258, 0.6943820224719102, 0.7044943820224719, 0.6966292134831461, 0.7067415730337079, 0.6921348314606741, 0.7078651685393258, 0.7202247191011236, 0.6966292134831461, 0.7033707865168539, 0.7224719101123596, 0.7033707865168539, 0.7157303370786516, 0.7089887640449438, 0.7168539325842697, 0.7044943820224719, 0.7134831460674157, 0.7089887640449438, 0.7044943820224719, 0.702247191011236, 0.6887640449438203, 0.7089887640449438, 0.7067415730337079, 0.7067415730337079, 0.697752808988764, 0.7078651685393258, 0.7078651685393258, 0.7101123595505618], "val_loss": [0.6895449757575989, 0.6890415549278259, 0.6926493644714355, 0.6945486068725586, 0.6909435987472534, 0.6854935884475708, 0.683314323425293, 0.6805158257484436, 0.6801435351371765, 0.680645227432251, 0.6759347915649414, 0.673603892326355, 0.6704511046409607, 0.6667003035545349, 0.6663359999656677, 0.6642955541610718, 0.6589996814727783, 0.6571301221847534, 0.6569214463233948, 0.6475102305412292, 0.653014600276947, 0.6470441222190857, 0.6436479091644287, 0.6432797312736511, 0.6413516402244568, 0.640772819519043, 0.6393940448760986, 0.6347240209579468, 0.633965015411377, 0.635314404964447, 0.6364153027534485, 0.6327211260795593, 0.6301445364952087, 0.6315494775772095, 0.6314179301261902, 0.627906084060669, 0.6296302676200867, 0.6348608732223511, 0.6238327622413635, 0.6291423439979553, 0.6322706341743469, 0.6242880821228027, 0.625576376914978, 0.6246859431266785, 0.6296516060829163, 0.62802654504776, 0.6202014088630676, 0.632375955581665, 0.6268476843833923, 0.6197438836097717, 0.6290295720100403, 0.6252038478851318, 0.6239811182022095, 0.6215838193893433, 0.624427318572998, 0.6277629137039185, 0.6204835772514343, 0.6254091858863831, 0.6240877509117126, 0.6211647391319275, 0.6244717836380005, 0.625625491142273, 0.6232062578201294, 0.6207742691040039, 0.6241883039474487, 0.625359296798706, 0.6193273663520813, 0.626582145690918, 0.6224395036697388, 0.6208998560905457, 0.6283196806907654, 0.6165096759796143, 0.63338303565979, 0.6304761171340942, 0.6157709956169128, 0.6195850968360901, 0.6428787112236023, 0.6181468367576599, 0.6169416904449463, 0.6333009600639343, 0.630088746547699, 0.6157441735267639, 0.6252346038818359, 0.6280422210693359, 0.623460590839386, 0.6203134655952454, 0.6239393949508667, 0.6263715028762817, 0.6232770085334778, 0.6226675510406494, 0.6241397261619568, 0.624484658241272, 0.6238278746604919, 0.6211442947387695, 0.6250301003456116, 0.6287106275558472, 0.6244558095932007, 0.6206234097480774, 0.6286275386810303, 0.6252315640449524], "val_acc": [0.5495495495495496, 0.5495495495495496, 0.5495495495495496, 0.5495495495495496, 0.5495495495495496, 0.5495495495495496, 0.5495495495495496, 0.5495495495495496, 0.5495495495495496, 0.5495495495495496, 0.5765765765765766, 0.5855855855855856, 0.5855855855855856, 0.6126126126126126, 0.6036036036036037, 0.6126126126126126, 0.5945945945945946, 0.5945945945945946, 0.5945945945945946, 0.5945945945945946, 0.5945945945945946, 0.5945945945945946, 0.6666666666666666, 0.6126126126126126, 0.6126126126126126, 0.6846846846846847, 0.6846846846846847, 0.6756756756756757, 0.6756756756756757, 0.6846846846846847, 0.6846846846846847, 0.6756756756756757, 0.6936936936936937, 0.6846846846846847, 0.6936936936936937, 0.7027027027027027, 0.6936936936936937, 0.6756756756756757, 0.6936936936936937, 0.7027027027027027, 0.6936936936936937, 0.6936936936936937, 0.7027027027027027, 0.7117117117117117, 0.6936936936936937, 0.7027027027027027, 0.7027027027027027, 0.6846846846846847, 0.7027027027027027, 0.7027027027027027, 0.6936936936936937, 0.7117117117117117, 0.7117117117117117, 0.7117117117117117, 0.7117117117117117, 0.7027027027027027, 0.7027027027027027, 0.7027027027027027, 0.7117117117117117, 0.7117117117117117, 0.7117117117117117, 0.7027027027027027, 0.7117117117117117, 0.7117117117117117, 0.7117117117117117, 0.7027027027027027, 0.7117117117117117, 0.7117117117117117, 0.7027027027027027, 0.7117117117117117, 0.7027027027027027, 0.6936936936936937, 0.6846846846846847, 0.6846846846846847, 0.7027027027027027, 0.7117117117117117, 0.6936936936936937, 0.7027027027027027, 0.7027027027027027, 0.6936936936936937, 0.6936936936936937, 0.6936936936936937, 0.7117117117117117, 0.6936936936936937, 0.7027027027027027, 0.7117117117117117, 0.7117117117117117, 0.7027027027027027, 0.7117117117117117, 0.7117117117117117, 0.7117117117117117, 0.7027027027027027, 0.7027027027027027, 0.7117117117117117, 0.7117117117117117, 0.6936936936936937, 0.7027027027027027, 0.7027027027027027, 0.6936936936936937, 0.6936936936936937]}