{"train_loss": [0.6727577362741742, 0.6694343345505851, 0.6632676124572754, 0.6641018220356533, 0.6588257806641715, 0.6549403837748936, 0.6520536031041827, 0.6489546469279698, 0.6425327232905796, 0.6441548892429897, 0.6400836706161499, 0.6366709130150932, 0.6383523259844098, 0.6308727094105312, 0.6287965433938163, 0.6269664083208356, 0.6263493725231716, 0.6242335949625287, 0.6220090729849679, 0.6252447111266, 0.6287454877580915, 0.6167801788875035, 0.6160141485077995, 0.6087773271969387, 0.6146888732910156, 0.6155849099159241, 0.6158434918948582, 0.6125392062323434, 0.6153815558978489, 0.6113484927586147, 0.6103631683758327, 0.6098662444523403, 0.6105250205312457, 0.6109247122492109, 0.6055781074932644, 0.6048021571976798, 0.6032113347734723, 0.6105041759354728, 0.614008000918797, 0.6139927591596331, 0.6083117212568011, 0.6044664893831525, 0.6079255853380475, 0.6058505432946342, 0.5988673908369881, 0.6009154830660138, 0.6074570843151638, 0.5996294362204415, 0.5989125711577279, 0.5971978902816772, 0.5974288923399789, 0.5971530590738569, 0.6113321270261493, 0.59956066097532, 0.6098638687814985, 0.5985391054834638, 0.5954741494996207, 0.5954927291188922, 0.593287638255528, 0.5991208297865731, 0.5908626743725368, 0.5957836253302438, 0.6003941638129098, 0.6019330450466701, 0.6038347482681274, 0.6039855139596122, 0.599171553339277, 0.5991214684077671, 0.603923865727016, 0.5929383209773472, 0.6048027787889753, 0.6048653977257865, 0.5953750440052578, 0.5961125322750637, 0.5940763694899422, 0.5928694520677839, 0.6017523407936096, 0.5883526631764003, 0.5946897694042751, 0.599146476813725, 0.5969018510409764, 0.5994137440408979, 0.5936555947576251, 0.5999166284288678, 0.5926182440349034, 0.5974181720188686, 0.5886520062174115, 0.5949445537158421, 0.5966030614716666, 0.5877266951969692, 0.5922791617257255, 0.5922337429864066, 0.5932785102299282, 0.5846782326698303, 0.5865767427853176, 0.590569155556815, 0.5915818810462952, 0.6000731076513018, 0.5890101364680699, 0.5919228196144104], "train_acc": [0.6101123595505618, 0.6022471910112359, 0.6033707865168539, 0.6258426966292134, 0.6179775280898876, 0.6370786516853932, 0.6359550561797753, 0.6539325842696629, 0.6438202247191012, 0.6438202247191012, 0.6640449438202247, 0.6606741573033708, 0.650561797752809, 0.6887640449438203, 0.6696629213483146, 0.6730337078651686, 0.6853932584269663, 0.6775280898876405, 0.6876404494382022, 0.6820224719101123, 0.6640449438202247, 0.6808988764044944, 0.6842696629213483, 0.6898876404494382, 0.6966292134831461, 0.697752808988764, 0.6921348314606741, 0.6820224719101123, 0.6887640449438203, 0.6955056179775281, 0.6853932584269663, 0.6853932584269663, 0.702247191011236, 0.6831460674157304, 0.6887640449438203, 0.701123595505618, 0.7, 0.6853932584269663, 0.6943820224719102, 0.6842696629213483, 0.6966292134831461, 0.7056179775280899, 0.697752808988764, 0.7089887640449438, 0.7089887640449438, 0.7078651685393258, 0.7044943820224719, 0.6898876404494382, 0.6966292134831461, 0.7146067415730337, 0.6921348314606741, 0.7089887640449438, 0.6876404494382022, 0.7044943820224719, 0.7033707865168539, 0.7056179775280899, 0.7101123595505618, 0.6943820224719102, 0.7112359550561798, 0.7044943820224719, 0.7146067415730337, 0.7067415730337079, 0.7078651685393258, 0.702247191011236, 0.7179775280898877, 0.6932584269662921, 0.6966292134831461, 0.7067415730337079, 0.7123595505617978, 0.7146067415730337, 0.6820224719101123, 0.6921348314606741, 0.7033707865168539, 0.697752808988764, 0.698876404494382, 0.7089887640449438, 0.6876404494382022, 0.7067415730337079, 0.7044943820224719, 0.702247191011236, 0.6955056179775281, 0.7033707865168539, 0.7134831460674157, 0.6966292134831461, 0.7033707865168539, 0.7134831460674157, 0.6966292134831461, 0.7134831460674157, 0.6955056179775281, 0.7224719101123596, 0.702247191011236, 0.6932584269662921, 0.698876404494382, 0.7168539325842697, 0.7089887640449438, 0.702247191011236, 0.7179775280898877, 0.698876404494382, 0.7044943820224719, 0.701123595505618], "val_loss": [0.6928630471229553, 0.6895210146903992, 0.6791866421699524, 0.6771535277366638, 0.6763571500778198, 0.6689854264259338, 0.6664078235626221, 0.6576181650161743, 0.6596469879150391, 0.6549943089485168, 0.6463416218757629, 0.6575852632522583, 0.6413108706474304, 0.6407457590103149, 0.6509672403335571, 0.6395085453987122, 0.6394421458244324, 0.6450276970863342, 0.6361038088798523, 0.633161187171936, 0.6479170322418213, 0.6290870904922485, 0.6365616917610168, 0.6366873383522034, 0.6348190307617188, 0.6358652710914612, 0.6324313282966614, 0.6319960355758667, 0.6291993260383606, 0.6348230242729187, 0.6354987621307373, 0.6310716867446899, 0.6311700344085693, 0.6340106129646301, 0.632093608379364, 0.6274610161781311, 0.6351901888847351, 0.6307319402694702, 0.6281202435493469, 0.6347742080688477, 0.6280943751335144, 0.6295017600059509, 0.6280951499938965, 0.6255548596382141, 0.6358482837677002, 0.6330033540725708, 0.6253281831741333, 0.6365020871162415, 0.623744547367096, 0.6353301405906677, 0.6344771385192871, 0.630278468132019, 0.6330780386924744, 0.6249504685401917, 0.6328385472297668, 0.6378896236419678, 0.6262570023536682, 0.6363769173622131, 0.6292293667793274, 0.6288332343101501, 0.6362902522087097, 0.6326581239700317, 0.6310271620750427, 0.6315301656723022, 0.635165810585022, 0.6251343488693237, 0.6275674700737, 0.6400468945503235, 0.6257330179214478, 0.6348198056221008, 0.6358324885368347, 0.6225858330726624, 0.6530505418777466, 0.6259719133377075, 0.6318134069442749, 0.6305285096168518, 0.6396893858909607, 0.6256045699119568, 0.6337003111839294, 0.6389842629432678, 0.6278143525123596, 0.6271936893463135, 0.6409597992897034, 0.6273748874664307, 0.6396596431732178, 0.6298515796661377, 0.6307209730148315, 0.6388888955116272, 0.6305245757102966, 0.6308951377868652, 0.6335880160331726, 0.63381028175354, 0.6304379105567932, 0.6334651112556458, 0.638260006904602, 0.6317458748817444, 0.6340783834457397, 0.6310590505599976, 0.6435542702674866, 0.6265994906425476],