{"train_loss": [0.6777264560971942, 0.6699907864843097, 0.6654667939458575, 0.6606499552726746, 0.6599239451544625, 0.6575702173369271, 0.6564875159944806, 0.6514014090810504, 0.6516141721180507, 0.6493262222834996, 0.6455829995019096, 0.6432481833866665, 0.6382229668753487, 0.6419388481548854, 0.6337553177561078, 0.6400982396943229, 0.6334062814712524, 0.6329666801861354, 0.6315121820994786, 0.628436701638358, 0.6318113548415047, 0.6290477429117475, 0.6283742359706334, 0.6254833681242806, 0.6237328478268215, 0.6231767620359149, 0.6238168052264622, 0.6251866221427917, 0.6168524708066668, 0.6130604147911072, 0.6167151587350028, 0.6159843717302594, 0.6184450132506234, 0.6142030698912484, 0.6198879054614476, 0.6151694059371948, 0.6139907666615078, 0.6154462609972272, 0.6091290712356567, 0.6134979043688092, 0.6137042897088187, 0.6093396629605975, 0.6110626203673226, 0.6121080688067845, 0.6079098156520298, 0.6126971415110997, 0.6145104595593044, 0.6112631729670933, 0.602945055280413, 0.6098477670124599, 0.609102760042463, 0.6050635235650199, 0.605378542627607, 0.6080683810370309, 0.6021940793309893, 0.6005690182958331, 0.6060539143426078, 0.6045937197549003, 0.6113027845110212, 0.6052241665976388, 0.6093845111983163, 0.61395035471235, 0.6120849592345101, 0.6055920975548881, 0.5996525883674622, 0.6064976538930621, 0.6022089804921832, 0.6032240561076573, 0.6046127762113299, 0.6061907495771136, 0.6138612287385123, 0.5980603524616787, 0.6083323870386396, 0.6075517194611686, 0.5997465423175267, 0.602567298071725, 0.6036694475582668, 0.6072218503270831, 0.6016386491911752, 0.5977639300482613, 0.5984900764056614, 0.6008408921105521, 0.6024185419082642, 0.604894859450204, 0.6012377483504159, 0.6006304791995457, 0.6016316839626857, 0.6039526121956962, 0.5985515713691711, 0.5919252634048462, 0.6006601793425423, 0.6023232851709638, 0.6037353192056928, 0.5959005611283439, 0.5971301623753139, 0.6005232589585441, 0.6021478857312884, 0.6012738857950483, 0.5953171082905361, 0.598780129637037], "train_acc": [0.601123595505618, 0.6, 0.601123595505618, 0.6247191011235955, 0.6168539325842697, 0.6303370786516854, 0.6325842696629214, 0.6426966292134831, 0.6337078651685393, 0.648314606741573, 0.6449438202247191, 0.6359550561797753, 0.6584269662921348, 0.6573033707865169, 0.650561797752809, 0.651685393258427, 0.6797752808988764, 0.6629213483146067, 0.6707865168539325, 0.6853932584269663, 0.6764044943820224, 0.6797752808988764, 0.6865168539325842, 0.6808988764044944, 0.6876404494382022, 0.6921348314606741, 0.6741573033707865, 0.6853932584269663, 0.6943820224719102, 0.6876404494382022, 0.6786516853932584, 0.6921348314606741, 0.6775280898876405, 0.6932584269662921, 0.6887640449438203, 0.7, 0.6831460674157304, 0.6921348314606741, 0.697752808988764, 0.701123595505618, 0.701123595505618, 0.698876404494382, 0.6887640449438203, 0.6943820224719102, 0.698876404494382, 0.6853932584269663, 0.6966292134831461, 0.698876404494382, 0.7146067415730337, 0.7044943820224719, 0.6966292134831461, 0.697752808988764, 0.6943820224719102, 0.702247191011236, 0.7078651685393258, 0.7112359550561798, 0.698876404494382, 0.7078651685393258, 0.6786516853932584, 0.6932584269662921, 0.6966292134831461, 0.6966292134831461, 0.6842696629213483, 0.701123595505618, 0.7123595505617978, 0.6943820224719102, 0.7, 0.7078651685393258, 0.6955056179775281, 0.7044943820224719, 0.6842696629213483, 0.7078651685393258, 0.702247191011236, 0.6966292134831461, 0.7101123595505618, 0.697752808988764, 0.7056179775280899, 0.6921348314606741, 0.698876404494382, 0.7056179775280899, 0.702247191011236, 0.7056179775280899, 0.7, 0.7, 0.7123595505617978, 0.7044943820224719, 0.7033707865168539, 0.7, 0.6966292134831461, 0.7056179775280899, 0.7078651685393258, 0.6898876404494382, 0.7101123595505618, 0.7101123595505618, 0.7067415730337079, 0.7101123595505618, 0.698876404494382, 0.698876404494382, 0.7112359550561798, 0.7056179775280899], "val_loss": [0.6888992190361023, 0.6922507286071777, 0.6807294487953186, 0.6762356162071228, 0.6799270510673523, 0.6749533414840698, 0.6705944538116455, 0.6704088449478149, 0.6670805811882019, 0.6609556674957275, 0.6612513661384583, 0.659909725189209, 0.6545567512512207, 0.6557074189186096, 0.6555644273757935, 0.6480594277381897, 0.6511836051940918, 0.6518124938011169, 0.6459917426109314, 0.647051990032196, 0.6466330289840698, 0.6428910493850708, 0.6424708962440491, 0.6462169289588928, 0.6411804556846619, 0.6407238245010376, 0.641112744808197, 0.6393463015556335, 0.6392233371734619, 0.6454241871833801, 0.6363725662231445, 0.6432428956031799, 0.6366971731185913, 0.6378082633018494, 0.6416229605674744, 0.6359845399856567, 0.640034019947052, 0.6357197165489197, 0.6345080733299255, 0.6422234177589417, 0.6358221769332886, 0.6366703510284424, 0.6390786170959473, 0.6331543326377869, 0.6368299722671509, 0.6347996592521667, 0.6343262791633606, 0.6376312971115112, 0.6350221633911133, 0.6324167847633362, 0.6355831623077393, 0.6339767575263977, 0.6358484029769897, 0.6358926296234131, 0.6317440867424011, 0.6363643407821655, 0.635206401348114, 0.6317669153213501, 0.635107696056366, 0.637508749961853, 0.6338944435119629, 0.6303853988647461, 0.6507773399353027, 0.6307163834571838, 0.6365503072738647, 0.636888325214386, 0.6318426728248596, 0.6354945302009583, 0.6368228793144226, 0.6338882446289062, 0.6425539255142212, 0.6318909525871277, 0.6377882957458496, 0.6384243369102478, 0.6314283609390259, 0.6414130926132202, 0.63506019115448, 0.6340494751930237, 0.6372761130332947, 0.6351633667945862, 0.6354414820671082, 0.6357829570770264, 0.6367637515068054, 0.6348450779914856, 0.6338316798210144, 0.634763240814209, 0.6402055621147156, 0.6343735456466675, 0.6361727118492126, 0.635089635848999, 0.6391898393630981, 0.6372065544128418, 0.6350008249282837, 0.6373560428619385, 0.6382322311401367, 0.6335731744766235, 0.6352479457855225, 0.6395044922828674, 0.6331929564476013, 0.6346144080162048], "val_acc": [0.5495495495495496, 0.5495495495495496, 0.5675675675675675, 0.5675675675675675, 0.5855855855855856, 0.5855855855855856, 0.5765765765765766, 0.5765765765765766, 0.5765765765765766, 0.6036036036036037, 0.5675675675675675, 0.5765765765765766, 0.5855855855855856, 0.5945945945945946, 0.6576576576576577, 0.6216216216216216, 0.6666666666666666, 0.6576576576576577, 0.6486486486486487, 0.6486486486486487, 0.6666666666666666, 0.6576576576576577, 0.6576576576576577, 0.6576576576576577, 0.6576576576576577, 0.6486486486486487, 0.6666666666666666, 0.6576576576576577, 0.6756756756756757, 0.6486486486486487, 0.6486486486486487, 0.6576576576576577, 0.6576576576576577, 0.6936936936936937, 0.6576576576576577, 0.6666666666666666, 0.6576576576576577, 0.6396396396396397, 0.6576576576576577, 0.6576576576576577, 0.6756756756756757, 0.6756756756756757, 0.6666666666666666, 0.6486486486486487, 0.6576576576576577, 0.6756756756756757, 0.6756756756756757, 0.6666666666666666, 0.6846846846846847, 0.6576576576576577, 0.6576576576576577, 0.6756756756756757, 0.6846846846846847, 0.6666666666666666, 0.6486486486486487, 0.6756756756756757, 0.6846846846846847, 0.6486486486486487, 0.6756756756756757, 0.6756756756756757, 0.6576576576576577, 0.6486486486486487, 0.6756756756756757, 0.6576576576576577, 0.6846846846846847, 0.6666666666666666, 0.6576576576576577, 0.6666666666666666, 0.6756756756756757, 0.6576576576576577, 0.6846846846846847, 0.6486486486486487, 0.6846846846846847, 0.6846846846846847, 0.6486486486486487, 0.6756756756756757, 0.6756756756756757, 0.6666666666666666, 0.6666666666666666, 0.6666666666666666, 0.6756756756756757, 0.6666666666666666, 0.6936936936936937, 0.6756756756756757, 0.6756756756756757, 0.6756756756756757, 0.6846846846846847, 0.6666666666666666, 0.6756756756756757, 0.6576576576576577, 0.6666666666666666, 0.6756756756756757, 0.6666666666666666, 0.6666666666666666, 0.6666666666666666, 0.6576576576576577, 0.6666666666666666, 0.6936936936936937, 0.6576576576576577, 0.6756756756756757]}