{"train_loss": [0.6854749747685024, 0.6787888578006199, 0.6753693733896527, 0.6727551817893982, 0.6725735834666661, 0.671328706400735, 0.6690200822693961, 0.6668220928737095, 0.6647516403879438, 0.6628250735146659, 0.6590890543801444, 0.6566881196839469, 0.6559495415006366, 0.653995965208326, 0.652366646698543, 0.6488386648041862, 0.6471629568508693, 0.6439216647829328, 0.6455365759985787, 0.6462570088250297, 0.6395973307745797, 0.6394244347299848, 0.6390810097966876, 0.6392013941492353, 0.6320596422467913, 0.6328705974987575, 0.631650413785662, 0.6306427887507847, 0.6315939085824149, 0.6287217906543187, 0.6251505953924996, 0.6267201900482178, 0.6302243896893093, 0.6262849909918649, 0.620101809501648, 0.6291475551468986, 0.6247884631156921, 0.6259168045861381, 0.6180210794721331, 0.620613523891994, 0.6184601528303963, 0.625201267855508, 0.6223093271255493, 0.6131572042192731, 0.6227731875010899, 0.618233289037432, 0.6212978788784572, 0.6174978528703962, 0.6193255186080933, 0.6173548017229352, 0.6187852706227984, 0.624236558164869, 0.6239485910960606, 0.6158096194267273, 0.6190427201134818, 0.6151607888085502, 0.6192338381494794, 0.6172603283609662, 0.6133128149168832, 0.6183436853545052, 0.6167271988732475, 0.6196699397904533, 0.6192677702222552, 0.61565044096538, 0.6153068372181484, 0.6110190493719918, 0.610558535371508, 0.6090080227170672, 0.6108900053160531, 0.6131987060819354, 0.6149803570338658, 0.6124633806092399, 0.6100884846278599, 0.6125567725726536, 0.6127810648509434, 0.6128554088728768, 0.6126827938216073, 0.6120161499295916, 0.6141390970775059, 0.6120056424822126, 0.609826385974884, 0.6115338717188153, 0.6082878283091954, 0.6157190884862628, 0.6115074668611798, 0.6101838520595005, 0.6129793695041111, 0.609802850655147, 0.6164391721997943, 0.611724146774837, 0.6093883855002267, 0.6102935586656842, 0.6183606130736214, 0.608504559312548, 0.607389782156263, 0.6138027395520892, 0.6104110394205365, 0.60825685943876, 0.6091880031994411, 0.6039018375532967], "train_acc": [0.6067415730337079, 0.5921348314606741, 0.5921348314606741, 0.5921348314606741, 0.5921348314606741, 0.5921348314606741, 0.5921348314606741, 0.5988764044943821, 0.6067415730337079, 0.6112359550561798, 0.6146067415730337, 0.6280898876404495, 0.6382022471910113, 0.6325842696629214, 0.6382022471910113, 0.6382022471910113, 0.6359550561797753, 0.650561797752809, 0.647191011235955, 0.6460674157303371, 0.6460674157303371, 0.650561797752809, 0.6674157303370787, 0.6494382022471911, 0.6651685393258427, 0.6786516853932584, 0.6797752808988764, 0.6865168539325842, 0.6865168539325842, 0.6808988764044944, 0.6797752808988764, 0.6943820224719102, 0.6898876404494382, 0.6910112359550562, 0.6955056179775281, 0.6921348314606741, 0.6966292134831461, 0.6797752808988764, 0.698876404494382, 0.7044943820224719, 0.7078651685393258, 0.6820224719101123, 0.7033707865168539, 0.6943820224719102, 0.6865168539325842, 0.6898876404494382, 0.6921348314606741, 0.6943820224719102, 0.698876404494382, 0.6921348314606741, 0.6853932584269663, 0.6910112359550562, 0.6786516853932584, 0.698876404494382, 0.7033707865168539, 0.7033707865168539, 0.6932584269662921, 0.698876404494382, 0.702247191011236, 0.697752808988764, 0.698876404494382, 0.6943820224719102, 0.6887640449438203, 0.701123595505618, 0.6910112359550562, 0.702247191011236, 0.6955056179775281, 0.7056179775280899, 0.698876404494382, 0.6955056179775281, 0.6853932584269663, 0.7, 0.7112359550561798, 0.698876404494382, 0.6955056179775281, 0.6943820224719102, 0.6921348314606741, 0.7101123595505618, 0.7101123595505618, 0.7112359550561798, 0.701123595505618, 0.697752808988764, 0.7056179775280899, 0.6853932584269663, 0.7056179775280899, 0.7044943820224719, 0.702247191011236, 0.7033707865168539, 0.6943820224719102, 0.702247191011236, 0.6910112359550562, 0.7089887640449438, 0.6932584269662921, 0.7067415730337079, 0.702247191011236, 0.6955056179775281, 0.6898876404494382, 0.698876404494382, 0.6955056179775281, 0.7134831460674157], "val_loss": [0.6740143895149231, 0.668349027633667, 0.664818286895752, 0.6635652184486389, 0.6625412702560425, 0.6622811555862427, 0.6625761985778809, 0.6617920994758606, 0.6598067879676819, 0.657770037651062, 0.6560683250427246, 0.6550152897834778, 0.6533036231994629, 0.6496854424476624, 0.646009624004364, 0.6446841955184937, 0.6418364644050598, 0.6403391361236572, 0.6345981359481812, 0.6303734183311462, 0.6301487684249878, 0.6300507187843323, 0.6261049509048462, 0.6222655773162842, 0.623054027557373, 0.6192941069602966, 0.6138664484024048, 0.6129946112632751, 0.6110739707946777, 0.6097517013549805, 0.6084051728248596, 0.6085819005966187, 0.603864312171936, 0.6038384437561035, 0.6046276092529297, 0.6004124283790588, 0.6023738384246826, 0.6009624004364014, 0.5970794558525085, 0.5972160696983337, 0.5960710048675537, 0.5978683829307556, 0.599332869052887, 0.5960969924926758, 0.5923372507095337, 0.5932013988494873, 0.5942960977554321, 0.5942223072052002, 0.5885185599327087, 0.5862200856208801, 0.593140721321106, 0.5896313786506653, 0.5900967717170715, 0.5920676589012146, 0.5886332392692566, 0.5865544676780701, 0.5864725708961487, 0.5866677761077881, 0.586586058139801, 0.5889225602149963, 0.5915877819061279, 0.5838484168052673, 0.5815941095352173, 0.5866902470588684, 0.5864203572273254, 0.5836731791496277, 0.5859957337379456, 0.5833167433738708, 0.5812103748321533, 0.5799686312675476, 0.5850504040718079, 0.5834866166114807, 0.5827560424804688, 0.5793572068214417, 0.5798819065093994, 0.5785409212112427, 0.5871461033821106, 0.5847102403640747, 0.576393723487854, 0.5778306722640991, 0.5833333730697632, 0.5804277658462524, 0.5840848684310913, 0.576106071472168, 0.5769367218017578, 0.5824817419052124, 0.583337664604187, 0.5775249004364014, 0.5775066018104553, 0.5758054852485657, 0.5734912157058716, 0.5817644000053406, 0.5900760889053345, 0.573702871799469, 0.5713648200035095, 0.5759721398353577, 0.5767092108726501, 0.5860372185707092, 0.5737756490707397, 0.5709480047225952], "val_acc": [0.6216216216216216, 0.6216216216216216, 0.6216216216216216, 0.6216216216216216, 0.6216216216216216, 0.6216216216216216, 0.6216216216216216, 0.6306306306306306, 0.6306306306306306, 0.6486486486486487, 0.6666666666666666, 0.6486486486486487, 0.6666666666666666, 0.6666666666666666, 0.6576576576576577, 0.6666666666666666, 0.6666666666666666, 0.6486486486486487, 0.6576576576576577, 0.6576576576576577, 0.6576576576576577, 0.6306306306306306, 0.6576576576576577, 0.6666666666666666, 0.7027027027027027, 0.6486486486486487, 0.6576576576576577, 0.7297297297297297, 0.7297297297297297, 0.7297297297297297, 0.7297297297297297, 0.7207207207207207, 0.7297297297297297, 0.7297297297297297, 0.7297297297297297, 0.7387387387387387, 0.7027027027027027, 0.7297297297297297, 0.7297297297297297, 0.7207207207207207, 0.7387387387387387, 0.7297297297297297, 0.7117117117117117, 0.7297297297297297, 0.7387387387387387, 0.7297297297297297, 0.7387387387387387, 0.7117117117117117, 0.7387387387387387, 0.7477477477477478, 0.7117117117117117, 0.7387387387387387, 0.7297297297297297, 0.7117117117117117, 0.7387387387387387, 0.7567567567567568, 0.7297297297297297, 0.7567567567567568, 0.7297297297297297, 0.7477477477477478, 0.7297297297297297, 0.7387387387387387, 0.7297297297297297, 0.7387387387387387, 0.7207207207207207, 0.7387387387387387, 0.7297297297297297, 0.7207207207207207, 0.7567567567567568, 0.7387387387387387, 0.7117117117117117, 0.7477477477477478, 0.7297297297297297, 0.7567567567567568, 0.7297297297297297, 0.7387387387387387, 0.7207207207207207, 0.7387387387387387, 0.7477477477477478, 0.7477477477477478, 0.7387387387387387, 0.7477477477477478, 0.7117117117117117, 0.7387387387387387, 0.7387387387387387, 0.7387387387387387, 0.7117117117117117, 0.7387387387387387, 0.7477477477477478, 0.7297297297297297, 0.7477477477477478, 0.7387387387387387, 0.7297297297297297, 0.7477477477477478, 0.7297297297297297, 0.7297297297297297, 0.7477477477477478, 0.7207207207207207, 0.7387387387387387, 0.7297297297297297]}