{"train_loss": [0.721261373588017, 0.681245471749987, 0.6847237007958549, 0.6762495551790509, 0.6734934789793832, 0.6728296450206211, 0.6712866510663714, 0.6686328649520874, 0.6675229583467756, 0.6639153191021511, 0.6630838768822807, 0.6644813588687352, 0.6619196534156799, 0.659423998423985, 0.658042481967381, 0.6564285159111023, 0.6569439683641706, 0.6503821526254926, 0.6506463459559849, 0.6460189308438983, 0.6476497820445469, 0.6456857068198067, 0.6413652130535671, 0.643220671585628, 0.642925500869751, 0.6408653770174298, 0.6440928663526263, 0.6384446791240147, 0.6349718996456691, 0.6327656933239528, 0.6385746938841683, 0.6339432937758309, 0.633164278098515, 0.6364769339561462, 0.6290456312043327, 0.6337751405579704, 0.6347354820796421, 0.6375738978385925, 0.6281161052840096, 0.6285207697323391, 0.6302251815795898, 0.6235995462962559, 0.6287568296704974, 0.6288994891302926, 0.6271632313728333, 0.6228051270757403, 0.6238155961036682, 0.623884379863739, 0.6241550530706134, 0.6176086238452366, 0.6230730499540057, 0.6220461641039167, 0.6256227748734611, 0.6198507973126003, 0.6228510567120144, 0.6174253651074001, 0.6218067577907017, 0.6211919954844883, 0.6184568405151367, 0.6277819786752973, 0.6246096236365182, 0.6267643656049456, 0.6185319934572492, 0.6174208947590419, 0.6147274715559823, 0.6203825048037938, 0.6197518961770194, 0.6213728359767369, 0.624439035143171, 0.6248137525149754, 0.6210914765085492, 0.6157417212213788, 0.6143899304526192, 0.6163105964660645, 0.6111262951578412, 0.6181279676301139, 0.614025890827179, 0.6166612591062274, 0.6126753091812134, 0.619488639490945, 0.6195039238248553, 0.6314401796885899, 0.6186736992427281, 0.6209098356110709, 0.609078185898917, 0.6147217069353376, 0.6141426052365985, 0.6094621249607631, 0.6165882008416312, 0.6205811330250331, 0.6103709765842983, 0.6268194147518703, 0.6186593430382865, 0.6150132247379848, 0.6169064215251377, 0.6122428519385201, 0.6138907756124224, 0.6134532349450248, 0.6092081410544259, 0.6159612366131374], "train_acc": [0.44831460674157303, 0.5876404494382023, 0.5876404494382023, 0.5876404494382023, 0.5876404494382023, 0.597752808988764, 0.597752808988764, 0.6, 0.6191011235955056, 0.6449438202247191, 0.6269662921348315, 0.6337078651685393, 0.6426966292134831, 0.6370786516853932, 0.6460674157303371, 0.647191011235955, 0.6370786516853932, 0.650561797752809, 0.6449438202247191, 0.650561797752809, 0.6606741573033708, 0.6404494382022472, 0.6550561797752809, 0.6651685393258427, 0.6550561797752809, 0.6674157303370787, 0.647191011235955, 0.6842696629213483, 0.6674157303370787, 0.6606741573033708, 0.6707865168539325, 0.6674157303370787, 0.6741573033707865, 0.6764044943820224, 0.6831460674157304, 0.6595505617977528, 0.6629213483146067, 0.6707865168539325, 0.6842696629213483, 0.6775280898876405, 0.6752808988764045, 0.6865168539325842, 0.6820224719101123, 0.6741573033707865, 0.6730337078651686, 0.6797752808988764, 0.6831460674157304, 0.6842696629213483, 0.6797752808988764, 0.6966292134831461, 0.6932584269662921, 0.6797752808988764, 0.6831460674157304, 0.6932584269662921, 0.6786516853932584, 0.6932584269662921, 0.6820224719101123, 0.6910112359550562, 0.697752808988764, 0.6808988764044944, 0.6786516853932584, 0.6764044943820224, 0.6887640449438203, 0.6932584269662921, 0.6943820224719102, 0.6853932584269663, 0.6853932584269663, 0.6764044943820224, 0.6887640449438203, 0.6898876404494382, 0.6943820224719102, 0.6797752808988764, 0.6865168539325842, 0.7078651685393258, 0.6865168539325842, 0.6876404494382022, 0.701123595505618, 0.6820224719101123, 0.701123595505618, 0.6853932584269663, 0.6910112359550562, 0.6764044943820224, 0.6786516853932584, 0.6842696629213483, 0.6932584269662921, 0.698876404494382, 0.6943820224719102, 0.702247191011236, 0.6865168539325842, 0.6910112359550562, 0.698876404494382, 0.6876404494382022, 0.6865168539325842, 0.6876404494382022, 0.6853932584269663, 0.701123595505618, 0.6921348314606741, 0.697752808988764, 0.7044943820224719, 0.6932584269662921], "val_loss": [0.6868041157722473, 0.6912630200386047, 0.684747040271759, 0.6801779866218567, 0.6790197491645813, 0.678065836429596, 0.6792514324188232, 0.6771763563156128, 0.6758579015731812, 0.6762651205062866, 0.6761991381645203, 0.673450231552124, 0.6705985069274902, 0.6682350039482117, 0.6656410098075867, 0.663507342338562, 0.6588802933692932, 0.6571062207221985, 0.6557938456535339, 0.6515111923217773, 0.648465633392334, 0.6501659154891968, 0.6432908177375793, 0.6433261632919312, 0.6393358111381531, 0.6397975087165833, 0.6375051140785217, 0.634161651134491, 0.6389818787574768, 0.6320974230766296, 0.6302863359451294, 0.6323397755622864, 0.6281154751777649, 0.6282105445861816, 0.6262140870094299, 0.628892183303833, 0.624935507774353, 0.6286399960517883, 0.6231138110160828, 0.6222245097160339, 0.6237810254096985, 0.6212517619132996, 0.6201091408729553, 0.6223664283752441, 0.6189030408859253, 0.6191365718841553, 0.621458113193512, 0.617650032043457, 0.6176453232765198, 0.6184400916099548, 0.6155933737754822, 0.6155118942260742, 0.6162540912628174, 0.6162240505218506, 0.6139918565750122, 0.6164500117301941, 0.6132592558860779, 0.6138090491294861, 0.6132346987724304, 0.6131995320320129, 0.6131951808929443, 0.6132420897483826, 0.6127771139144897, 0.6161213517189026, 0.6111375093460083, 0.6142946481704712, 0.6112155318260193, 0.6127790212631226, 0.6104744672775269, 0.6124724745750427, 0.6108281016349792, 0.6112755537033081, 0.6116060614585876, 0.6099771857261658, 0.6115900278091431, 0.6091293692588806, 0.6089760065078735, 0.6097121238708496, 0.6083541512489319, 0.6087788939476013, 0.6088749766349792, 0.6092968583106995, 0.6090922355651855, 0.6110517978668213, 0.6087998151779175, 0.6093237996101379, 0.6095584630966187, 0.6079928874969482, 0.6074605584144592, 0.6088796854019165, 0.6091282963752747, 0.6084015369415283, 0.6107811331748962, 0.6071860790252686, 0.608381450176239, 0.608586311340332, 0.6080533266067505, 0.607491135597229, 0.6072320342063904, 0.6078425645828247],