{"train_loss": [0.6752417172704425, 0.6694164957318988, 0.6716283389500209, 0.6676356196403503, 0.6707207134791783, 0.6685024499893188, 0.6685066563742501, 0.6677057147026062, 0.6664013862609863, 0.665671569960458, 0.6644087859562465, 0.663280555180141, 0.6606864929199219, 0.6574051209858486, 0.6556470138686044, 0.6486609492983136, 0.6410881791796003, 0.6334788032940456, 0.6209252050944737, 0.6093769073486328, 0.600880103451865, 0.6018642953463963, 0.5981456296784537, 0.5983708245413644, 0.5936451128550938, 0.5954459054129464, 0.6027149558067322, 0.5945486000605992, 0.6085703372955322, 0.6158175468444824, 0.5995796663420541, 0.5989647507667542, 0.5963954329490662, 0.5954270192555019, 0.5991009729249137, 0.5987661140305656, 0.5888547556740897, 0.5902404870305743, 0.5883758578981672, 0.587601363658905, 0.5863227333341327, 0.5862604635102409, 0.5873977882521493, 0.5876173887934003, 0.5848518695150103, 0.589254549571446, 0.5869919402258736, 0.5858933840479169, 0.5890434895242963, 0.5897561056273324, 0.5851738708359855, 0.590489285332816, 0.5870840294020516, 0.5892597096306937, 0.5858749406678336, 0.5877685546875, 0.5891380480357579, 0.5857087799480983, 0.5892961280686515, 0.5867100187710353, 0.5870543037142072, 0.5910466228212629, 0.5916449683053153, 0.5872180887631008, 0.5854017223630633, 0.583635185446058, 0.5824240275791713, 0.5800997870309013, 0.5807835715157645, 0.5860000252723694, 0.5897178053855896, 0.5849976284163338, 0.5885580778121948, 0.5856512359210423, 0.5905955348696027, 0.5879331954887935, 0.5849514433315822, 0.5923812219074794, 0.5896761757986886, 0.587070609842028, 0.5834000962121146, 0.581464980329786, 0.5840870227132525, 0.5860529371670314, 0.5826679808752877, 0.585245702947889, 0.5842468227658953, 0.5843941228730338, 0.5871065088680812, 0.586464422089713, 0.5830921445574079, 0.5905465909412929, 0.5872014335223606, 0.5845080018043518, 0.5849301559584481, 0.5858132328305926, 0.5841001697949001, 0.585180231503078, 0.5832140445709229, 0.5825032123497554], "train_acc": [0.6101123595505618, 0.604494382022472, 0.6067415730337079, 0.6056179775280899, 0.6, 0.6314606741573033, 0.6325842696629214, 0.6033707865168539, 0.601123595505618, 0.6303370786516854, 0.6325842696629214, 0.6325842696629214, 0.6359550561797753, 0.6393258426966292, 0.6337078651685393, 0.6438202247191012, 0.6617977528089888, 0.6528089887640449, 0.6606741573033708, 0.6808988764044944, 0.6966292134831461, 0.7056179775280899, 0.7146067415730337, 0.7123595505617978, 0.7157303370786516, 0.7112359550561798, 0.7078651685393258, 0.7123595505617978, 0.6887640449438203, 0.6651685393258427, 0.7123595505617978, 0.701123595505618, 0.7067415730337079, 0.7134831460674157, 0.6943820224719102, 0.7202247191011236, 0.7202247191011236, 0.7, 0.7224719101123596, 0.7123595505617978, 0.701123595505618, 0.7191011235955056, 0.7123595505617978, 0.7078651685393258, 0.7123595505617978, 0.7134831460674157, 0.7157303370786516, 0.7078651685393258, 0.7213483146067415, 0.702247191011236, 0.7123595505617978, 0.7213483146067415, 0.7067415730337079, 0.7179775280898877, 0.7112359550561798, 0.7112359550561798, 0.7134831460674157, 0.7078651685393258, 0.7235955056179775, 0.7202247191011236, 0.698876404494382, 0.7202247191011236, 0.7134831460674157, 0.7112359550561798, 0.7213483146067415, 0.7179775280898877, 0.7179775280898877, 0.7247191011235955, 0.7168539325842697, 0.7235955056179775, 0.701123595505618, 0.7134831460674157, 0.7292134831460674, 0.7044943820224719, 0.7134831460674157, 0.7191011235955056, 0.7303370786516854, 0.701123595505618, 0.7224719101123596, 0.7213483146067415, 0.7033707865168539, 0.7202247191011236, 0.7134831460674157, 0.7168539325842697, 0.7224719101123596, 0.7179775280898877, 0.7134831460674157, 0.7067415730337079, 0.7089887640449438, 0.7179775280898877, 0.7269662921348314, 0.698876404494382, 0.7325842696629213, 0.7213483146067415, 0.7067415730337079, 0.7146067415730337, 0.7224719101123596, 0.7168539325842697, 0.7191011235955056, 0.7191011235955056], "val_loss": [0.6927805542945862, 0.6956514120101929, 0.6902644634246826, 0.6937559843063354, 0.7014078497886658, 0.6889224648475647, 0.691927433013916, 0.6958793997764587, 0.6909999251365662, 0.6902797222137451, 0.6914305090904236, 0.694731593132019, 0.6843342781066895, 0.6882250905036926, 0.6855310797691345, 0.6740323901176453, 0.6779628396034241, 0.668846070766449, 0.6633175611495972, 0.6594462394714355, 0.6577418446540833, 0.6647219061851501, 0.6586263179779053, 0.6631218194961548, 0.6501235961914062, 0.6495198607444763, 0.6540191769599915, 0.6411141753196716, 0.642423152923584, 0.6471447348594666, 0.647203266620636, 0.6488449573516846, 0.6457688808441162, 0.638817310333252, 0.6412677764892578, 0.6449642181396484, 0.6403108835220337, 0.6361610889434814, 0.6332738399505615, 0.633176326751709, 0.6319952011108398, 0.6304227113723755, 0.6291943788528442, 0.625863790512085, 0.6273086667060852, 0.6284254789352417, 0.6249732375144958, 0.6254592537879944, 0.6276014447212219, 0.6234462261199951, 0.6234183311462402, 0.6275722980499268, 0.6248809695243835, 0.6276965737342834, 0.6272780299186707, 0.6248222589492798, 0.6266869902610779, 0.624788761138916, 0.6241025924682617, 0.6273714303970337, 0.6286299824714661, 0.6271956562995911, 0.6334373950958252, 0.6261112689971924, 0.6287325620651245, 0.6287735104560852, 0.626478374004364, 0.6259441375732422, 0.6288326382637024, 0.6268094778060913, 0.6277226209640503, 0.6250589489936829, 0.6248254776000977, 0.6263579726219177, 0.624823808670044, 0.6278153657913208, 0.628020703792572, 0.6266725659370422, 0.6282495856285095, 0.6289901733398438, 0.6263011693954468, 0.6259480118751526, 0.6254657506942749, 0.6258450150489807, 0.6241596937179565, 0.6215949058532715, 0.6253159046173096, 0.6274217367172241, 0.6254559755325317, 0.623343825340271, 0.6261938810348511, 0.6269506216049194, 0.6216093897819519, 0.6238245368003845, 0.6263843774795532, 0.625644862651825, 0.6230146288871765, 0.6246314644813538, 0.6231018900871277, 0.6219555735588074], "val_acc": [0.5675675675675675, 0.5495495495495496, 0.5405405405405406, 0.5405405405405406, 0.5405405405405406, 0.5855855855855856, 0.5495495495495496, 0.5405405405405406, 0.5495495495495496, 0.5765765765765766, 0.5585585585585585, 0.5585585585585585, 0.5765765765765766, 0.5855855855855856, 0.5675675675675675, 0.5945945945945946, 0.5945945945945946, 0.6126126126126126, 0.6126126126126126, 0.7027027027027027, 0.6936936936936937, 0.6576576576576577, 0.6846846846846847, 0.7117117117117117, 0.6756756756756757, 0.6846846846846847, 0.7027027027027027, 0.6666666666666666, 0.6666666666666666, 0.6576576576576577, 0.6666666666666666, 0.6666666666666666, 0.6936936936936937, 0.6756756756756757, 0.6576576576576577, 0.6756756756756757, 0.6576576576576577, 0.6756756756756757, 0.6576576576576577, 0.6576576576576577, 0.6846846846846847, 0.6756756756756757, 0.6846846846846847, 0.6666666666666666, 0.6846846846846847, 0.6666666666666666, 0.6756756756756757, 0.6846846846846847, 0.6846846846846847, 0.6756756756756757, 0.6846846846846847, 0.6846846846846847, 0.6666666666666666, 0.6846846846846847, 0.6756756756756757, 0.6756756756756757, 0.6666666666666666, 0.6846846846846847, 0.6756756756756757, 0.6756756756756757, 0.6666666666666666, 0.6936936936936937, 0.6576576576576577, 0.6846846846846847, 0.6756756756756757, 0.6666666666666666, 0.6846846846846847, 0.6846846846846847, 0.6666666666666666, 0.6846846846846847, 0.6576576576576577, 0.6846846846846847, 0.6756756756756757, 0.6666666666666666, 0.6846846846846847, 0.6756756756756757, 0.6666666666666666, 0.6666666666666666, 0.7027027027027027, 0.6576576576576577, 0.6756756756756757, 0.6846846846846847, 0.6666666666666666, 0.6846846846846847, 0.6846846846846847, 0.6756756756756757, 0.6666666666666666, 0.6756756756756757, 0.6756756756756757, 0.6936936936936937, 0.6756756756756757, 0.6756756756756757, 0.6756756756756757, 0.6756756756756757, 0.6756756756756757, 0.6756756756756757, 0.6666666666666666, 0.6846846846846847, 0.6756756756756757, 0.6756756756756757]}