{"train_loss": [0.6898325681686401, 0.6783452374594552, 0.6713584320885795, 0.6708552752222333, 0.6686621904373169, 0.6670071567807879, 0.6650418894631522, 0.6633008718490601, 0.6628802844456264, 0.6627676657267979, 0.6577928577150617, 0.6571463772228786, 0.6549076437950134, 0.652803191116878, 0.6509122422763279, 0.6513702954564776, 0.6467606936182294, 0.644770222050803, 0.6421147499765668, 0.6431266069412231, 0.6415041855403355, 0.6362657802445548, 0.6336753794125148, 0.633336101259504, 0.6335239410400391, 0.6269540531294686, 0.6253564868654523, 0.6283594710486275, 0.6189622708729335, 0.6209682907376971, 0.6255025352750506, 0.624505911554609, 0.6227578095027378, 0.615708019052233, 0.6223394019263131, 0.6168164270264762, 0.6141818676676069, 0.6181817906243461, 0.6209881561143058, 0.6195333259446281, 0.6135905470166888, 0.6096699408122471, 0.6121362958635602, 0.6174478445734296, 0.6134516511644635, 0.6107148017202105, 0.613742436681475, 0.6126851780073983, 0.6093413063458034, 0.6178782326834542, 0.61588397196361, 0.6072479827063424, 0.6145977037293571, 0.6116445064544678, 0.6142643690109253, 0.6128224049295697, 0.6104417187826974, 0.6096078498022897, 0.609314671584538, 0.6103045259203229, 0.607860973903111, 0.6065183792795453, 0.6082503710474286, 0.6048274125371661, 0.6046192560877118, 0.6146385329110282, 0.6044563821383885, 0.6102345415524074, 0.6127512029239109, 0.6076396192823138, 0.6130860958780561, 0.6100549357278007, 0.6033423542976379, 0.607103168964386, 0.6072693807738168, 0.6069551280566624, 0.6108519349779401, 0.6082918133054461, 0.606696367263794, 0.5984665070261274, 0.6122507623263768, 0.6092869469097683, 0.6036331909043449, 0.6050945860998971, 0.6058307119778225, 0.6042485748018537, 0.6038162708282471, 0.606448267187391, 0.6038361958095005, 0.6030326400484357, 0.6029186504227775, 0.6032715780394418, 0.6095819132668632, 0.60165878704616, 0.6010230183601379, 0.6049837044307164, 0.6061522449765887, 0.6030087130410331, 0.6035657865660531, 0.5976944395474025], "train_acc": [0.5528089887640449, 0.6022471910112359, 0.6022471910112359, 0.6022471910112359, 0.6022471910112359, 0.6022471910112359, 0.6022471910112359, 0.6022471910112359, 0.6033707865168539, 0.6033707865168539, 0.6101123595505618, 0.6213483146067416, 0.6258426966292134, 0.6280898876404495, 0.6280898876404495, 0.6314606741573033, 0.6370786516853932, 0.6415730337078651, 0.6426966292134831, 0.6438202247191012, 0.648314606741573, 0.651685393258427, 0.6595505617977528, 0.6730337078651686, 0.6764044943820224, 0.6730337078651686, 0.6651685393258427, 0.6865168539325842, 0.702247191011236, 0.6966292134831461, 0.6842696629213483, 0.6775280898876405, 0.6752808988764045, 0.7033707865168539, 0.6898876404494382, 0.702247191011236, 0.698876404494382, 0.6853932584269663, 0.6853932584269663, 0.6831460674157304, 0.7033707865168539, 0.7, 0.7033707865168539, 0.6887640449438203, 0.6966292134831461, 0.698876404494382, 0.701123595505618, 0.7078651685393258, 0.6943820224719102, 0.697752808988764, 0.6932584269662921, 0.7044943820224719, 0.698876404494382, 0.7033707865168539, 0.6876404494382022, 0.6943820224719102, 0.698876404494382, 0.7067415730337079, 0.701123595505618, 0.702247191011236, 0.7089887640449438, 0.7089887640449438, 0.698876404494382, 0.7067415730337079, 0.7033707865168539, 0.6910112359550562, 0.697752808988764, 0.7067415730337079, 0.7, 0.6955056179775281, 0.6932584269662921, 0.698876404494382, 0.7067415730337079, 0.6932584269662921, 0.7078651685393258, 0.698876404494382, 0.7056179775280899, 0.6876404494382022, 0.7033707865168539, 0.7123595505617978, 0.6797752808988764, 0.7, 0.7168539325842697, 0.697752808988764, 0.7134831460674157, 0.701123595505618, 0.7112359550561798, 0.7101123595505618, 0.702247191011236, 0.7056179775280899, 0.6966292134831461, 0.702247191011236, 0.6865168539325842, 0.7033707865168539, 0.7067415730337079, 0.697752808988764, 0.6955056179775281, 0.7033707865168539, 0.7157303370786516, 0.7112359550561798], "val_loss": [0.6894633769989014, 0.6888570785522461, 0.6925167441368103, 0.6946073770523071, 0.6909164786338806, 0.6856114268302917, 0.6835651397705078, 0.6808443665504456, 0.6803038120269775, 0.6806450486183167, 0.6760035753250122, 0.6738120317459106, 0.670783281326294, 0.6670648455619812, 0.6666132211685181, 0.6651361584663391, 0.6601936221122742, 0.6581419706344604, 0.6579378247261047, 0.6493203639984131, 0.6544904112815857, 0.6489579081535339, 0.6462305188179016, 0.645422101020813, 0.6439152359962463, 0.6441150307655334, 0.6425642967224121, 0.6379080414772034, 0.6374580264091492, 0.639586865901947, 0.6408571004867554, 0.6367433071136475, 0.6344869136810303, 0.635800838470459, 0.6356599926948547, 0.6325993537902832, 0.6337944865226746, 0.6399939060211182, 0.6290910840034485, 0.6338520646095276, 0.6373171210289001, 0.6298782229423523, 0.6306349039077759, 0.6299239993095398, 0.6352004408836365, 0.6336947083473206, 0.626139760017395, 0.6372726559638977, 0.634036660194397, 0.6263020038604736, 0.6333882808685303, 0.6320913434028625, 0.6298667192459106, 0.627225935459137, 0.6306646466255188, 0.6342933177947998, 0.6275842785835266, 0.6304910778999329, 0.6305816769599915, 0.6275271773338318, 0.6291074156761169, 0.6321122050285339, 0.63056480884552, 0.6273051500320435, 0.6296616792678833, 0.6325888633728027, 0.6266114115715027, 0.6315261721611023, 0.6299266219139099, 0.6281128525733948, 0.6338186264038086, 0.6240991353988647, 0.6373223066329956, 0.6378393769264221, 0.6236576437950134, 0.6246188879013062, 0.6471715569496155, 0.6275754570960999, 0.623229444026947, 0.6360679864883423, 0.6399320960044861, 0.6236622333526611, 0.6286377310752869, 0.6357905864715576, 0.6322172284126282, 0.626142144203186, 0.6288901567459106, 0.633776843547821, 0.6303175091743469, 0.6287407279014587, 0.6303513646125793, 0.6311550736427307, 0.6308767199516296, 0.6275449395179749, 0.6300071477890015, 0.63480544090271, 0.6323689222335815, 0.6277065277099609, 0.6330395340919495, 0.6331341862678528], "val_acc": [0.5495495495495496, 0.5495495495495496, 0.5495495495495496, 0.5495495495495496, 0.5495495495495496, 0.5495495495495496, 0.5495495495495496, 0.5495495495495496, 0.5495495495495496, 0.5495495495495496, 0.5585585585585585, 0.5855855855855856, 0.5945945945945946, 0.6126126126126126, 0.6126126126126126, 0.6126126126126126, 0.6036036036036037, 0.5945945945945946, 0.5945945945945946, 0.6126126126126126, 0.5945945945945946, 0.5945945945945946, 0.6666666666666666, 0.6846846846846847, 0.6846846846846847, 0.6756756756756757, 0.6756756756756757, 0.6846846846846847, 0.6846846846846847, 0.6846846846846847, 0.6846846846846847, 0.6936936936936937, 0.6846846846846847, 0.6846846846846847, 0.7027027027027027, 0.6936936936936937, 0.7027027027027027, 0.6666666666666666, 0.6936936936936937, 0.6936936936936937, 0.6756756756756757, 0.6936936936936937, 0.6936936936936937, 0.7117117117117117, 0.6936936936936937, 0.7027027027027027, 0.7027027027027027, 0.6756756756756757, 0.6936936936936937, 0.7027027027027027, 0.6936936936936937, 0.7027027027027027, 0.7117117117117117, 0.7027027027027027, 0.7027027027027027, 0.7027027027027027, 0.7027027027027027, 0.7027027027027027, 0.7027027027027027, 0.7117117117117117, 0.7027027027027027, 0.7027027027027027, 0.7027027027027027, 0.7117117117117117, 0.7027027027027027, 0.6936936936936937, 0.7027027027027027, 0.7027027027027027, 0.6936936936936937, 0.7027027027027027, 0.7027027027027027, 0.7027027027027027, 0.6936936936936937, 0.6936936936936937, 0.6936936936936937, 0.6936936936936937, 0.6936936936936937, 0.7117117117117117, 0.7027027027027027, 0.6936936936936937, 0.6936936936936937, 0.7027027027027027, 0.7027027027027027, 0.6936936936936937, 0.6936936936936937, 0.7027027027027027, 0.7027027027027027, 0.6936936936936937, 0.7027027027027027, 0.7027027027027027, 0.7027027027027027, 0.6936936936936937, 0.6936936936936937, 0.7027027027027027, 0.7027027027027027, 0.6936936936936937, 0.6936936936936937, 0.7117117117117117, 0.6936936936936937, 0.6936936936936937]}