{"train_loss": [0.7214070388248989, 0.6813279390335083, 0.6848578708512443, 0.6763269645827157, 0.6735813447407314, 0.6729110309055873, 0.6715165291513715, 0.6688494171415057, 0.6678073406219482, 0.6647783177239555, 0.6635479586465018, 0.6652884568486895, 0.6630468198231289, 0.6611101286751884, 0.6600167240415301, 0.6586624979972839, 0.6587996142251151, 0.6530113305364337, 0.6543112226894924, 0.6505433065550668, 0.6523277163505554, 0.6488500663212368, 0.64593448809215, 0.6477778894560677, 0.6481087378093174, 0.6453778573444912, 0.648676906313215, 0.6434350439480373, 0.6401969875608172, 0.6391819374901908, 0.6432367137500218, 0.6397878016744342, 0.638952238219125, 0.6417441112654549, 0.6351971626281738, 0.6396768178258624, 0.6414292199271066, 0.6427448391914368, 0.6350365706852504, 0.6350756543023246, 0.6363208038466317, 0.6286773596491132, 0.6345719609941755, 0.6345225061689105, 0.6320984619004386, 0.628075863633837, 0.6294168063572475, 0.6305069497653416, 0.6294431175504412, 0.6233598249299186, 0.6300207887377057, 0.6279348475592477, 0.6318486673491341, 0.6268753494535174, 0.628830577645983, 0.6239486507007054, 0.6274744868278503, 0.6279667956488473, 0.6234084793499538, 0.6313419767788478, 0.6291132313864571, 0.6311392102922712, 0.6227729320526123, 0.6228732466697693, 0.6189176269939968, 0.624125497681754, 0.623017532484872, 0.6257973739079067, 0.6287367429052081, 0.6281393425805228, 0.6254207577024188, 0.6211073994636536, 0.6193702987262181, 0.6209336944988796, 0.617055356502533, 0.6213844673974174, 0.6186271480151585, 0.6207272580691746, 0.6194303291184562, 0.6226856623377118, 0.6250399947166443, 0.6347807986395699, 0.6233304228101458, 0.6242321048464093, 0.6146159086908612, 0.620499312877655, 0.6193451370511737, 0.6145357063838414, 0.6218067067010062, 0.6246507508414132, 0.6173151050295148, 0.6282073089054653, 0.6222161310059684, 0.6194400531905038, 0.6229260904448373, 0.6175211412566048, 0.6176837171827044, 0.6168581332479205, 0.6140801565987724, 0.6203328285898481], "train_acc": [0.44719101123595506, 0.5876404494382023, 0.5876404494382023, 0.5876404494382023, 0.5876404494382023, 0.6, 0.597752808988764, 0.6022471910112359, 0.6235955056179775, 0.6449438202247191, 0.6303370786516854, 0.6280898876404495, 0.6404494382022472, 0.6393258426966292, 0.6415730337078651, 0.647191011235955, 0.6404494382022472, 0.651685393258427, 0.6426966292134831, 0.6393258426966292, 0.6550561797752809, 0.6348314606741573, 0.648314606741573, 0.6595505617977528, 0.6573033707865169, 0.6595505617977528, 0.6404494382022472, 0.6820224719101123, 0.6730337078651686, 0.6438202247191012, 0.6685393258426966, 0.6561797752808989, 0.6528089887640449, 0.6696629213483146, 0.6786516853932584, 0.6584269662921348, 0.6741573033707865, 0.6674157303370787, 0.6741573033707865, 0.6719101123595506, 0.6797752808988764, 0.6808988764044944, 0.6831460674157304, 0.6719101123595506, 0.6730337078651686, 0.6752808988764045, 0.6775280898876405, 0.6797752808988764, 0.6842696629213483, 0.6921348314606741, 0.6865168539325842, 0.6797752808988764, 0.6808988764044944, 0.6876404494382022, 0.6842696629213483, 0.6932584269662921, 0.6797752808988764, 0.6853932584269663, 0.6853932584269663, 0.6752808988764045, 0.6775280898876405, 0.6775280898876405, 0.6820224719101123, 0.6910112359550562, 0.6966292134831461, 0.6820224719101123, 0.6887640449438203, 0.6797752808988764, 0.6865168539325842, 0.6876404494382022, 0.6898876404494382, 0.6842696629213483, 0.6921348314606741, 0.697752808988764, 0.6797752808988764, 0.6921348314606741, 0.6955056179775281, 0.6865168539325842, 0.6898876404494382, 0.6797752808988764, 0.6910112359550562, 0.6741573033707865, 0.6797752808988764, 0.6887640449438203, 0.697752808988764, 0.6966292134831461, 0.6932584269662921, 0.6943820224719102, 0.6910112359550562, 0.6808988764044944, 0.6876404494382022, 0.6853932584269663, 0.6808988764044944, 0.6932584269662921, 0.6808988764044944, 0.6910112359550562, 0.6808988764044944, 0.6887640449438203, 0.6887640449438203, 0.6910112359550562], "val_loss": [0.6865565776824951, 0.6909199357032776, 0.6846096515655518, 0.6804443001747131, 0.6796050667762756, 0.678781270980835, 0.6800589561462402, 0.6782785654067993, 0.6770603656768799, 0.6775023341178894, 0.6775755286216736, 0.6754482984542847, 0.673541247844696, 0.6721932888031006, 0.6701371669769287, 0.6676954627037048, 0.6644428968429565, 0.6633511185646057, 0.6627051830291748, 0.6601671576499939, 0.6569797396659851, 0.6588640809059143, 0.6527787446975708, 0.6523441076278687, 0.6495375037193298, 0.6494213342666626, 0.6479954719543457, 0.6450828909873962, 0.6483361124992371, 0.6433849334716797, 0.6415449976921082, 0.6423549056053162, 0.6393469572067261, 0.6385053992271423, 0.6366164684295654, 0.6393256783485413, 0.6360675096511841, 0.6377836465835571, 0.6340216398239136, 0.6330820322036743, 0.6339070796966553, 0.6323147416114807, 0.6312858462333679, 0.6330767869949341, 0.6299633383750916, 0.6298494935035706, 0.6328226923942566, 0.6286209225654602, 0.6283443570137024, 0.6297985315322876, 0.6268776655197144, 0.6265876889228821, 0.6273055672645569, 0.6274394392967224, 0.6256946325302124, 0.6276353001594543, 0.6249274611473083, 0.625186562538147, 0.6252082586288452, 0.6241580247879028, 0.6242607831954956, 0.6247710585594177, 0.6242972612380981, 0.627204954624176, 0.6225605010986328, 0.6246759295463562, 0.6224701404571533, 0.6234960556030273, 0.6214738488197327, 0.6230728626251221, 0.6214317679405212, 0.6216421723365784, 0.6220020651817322, 0.6208158135414124, 0.6219145655632019, 0.6201257705688477, 0.6195541024208069, 0.6203482151031494, 0.6190248727798462, 0.6194542050361633, 0.6198183298110962, 0.6197221875190735, 0.6194544434547424, 0.6213059425354004, 0.6192591190338135, 0.6197133660316467, 0.6196198463439941, 0.618445873260498, 0.6178900003433228, 0.6189476251602173, 0.6193750500679016, 0.6184421181678772, 0.6204456090927124, 0.6179225444793701, 0.6184715032577515, 0.6187155246734619, 0.6183757781982422, 0.6179237961769104, 0.6178992986679077, 0.6182979345321655],