{"train_loss": [0.6773157375199454, 0.672075126852308, 0.6713836533682687, 0.669559121131897, 0.6694509897913251, 0.667863837310246, 0.6688881857054574, 0.6673976523535592, 0.6669711896351406, 0.6661618947982788, 0.6653058358601162, 0.6626666699137006, 0.6608635442597526, 0.6598102365221296, 0.6585193020956857, 0.6513250299862453, 0.6492732082094465, 0.638795622757503, 0.632515183516911, 0.6237756099019732, 0.6189152257783073, 0.6111156003815787, 0.6096162114824567, 0.6095339741025653, 0.604052449975695, 0.5952928151403155, 0.6014062506811959, 0.5971636687006269, 0.5984423841748919, 0.5955744385719299, 0.5948425190789359, 0.5976647564343044, 0.5940917304583958, 0.5904074396405902, 0.5918968660490853, 0.5950943061283657, 0.5989558185849871, 0.5956299645560128, 0.5930068492889404, 0.5915092485291618, 0.5922049965177264, 0.5930206435067313, 0.5932999849319458, 0.593033356325967, 0.585384087903159, 0.5883155379976545, 0.5912383965083531, 0.5903500659125192, 0.5910562872886658, 0.5954979487827846, 0.5914733069283622, 0.5906693169048854, 0.5890432681356158, 0.589368292263576, 0.586043928350721, 0.5916938185691833, 0.5862193192754473, 0.5859383770397731, 0.5871520808764866, 0.5872900826590401, 0.5859917828014919, 0.5861997008323669, 0.5931249005453927, 0.5921624643462045, 0.5878497447286334, 0.5854807240622384, 0.5910125204495021, 0.5874801618712289, 0.5859592727252415, 0.5938995225088937, 0.5882929818970817, 0.5893184457506452, 0.5866556593350002, 0.5886642166546413, 0.5910496882029942, 0.5850550617490496, 0.585109429700034, 0.5851877161434719, 0.5870454651968819, 0.5914048297064645, 0.5873182926859174, 0.5864794339452472, 0.5847974249294826, 0.5856817194393703, 0.5858234252248492, 0.5843627537999835, 0.5866718207086835, 0.588174854006086, 0.5857128586087909, 0.5902664661407471, 0.5865038590771812, 0.5912843687193734, 0.5846317495618548, 0.5893114634922573, 0.5868076000894819, 0.5858374834060669, 0.5853759561266217, 0.5888864398002625, 0.5862296691962651, 0.5853150061198643], "train_acc": [0.553932584269663, 0.6426966292134831, 0.6314606741573033, 0.6280898876404495, 0.6224719101123596, 0.6348314606741573, 0.6303370786516854, 0.6494382022471911, 0.6629213483146067, 0.6393258426966292, 0.6595505617977528, 0.6606741573033708, 0.6370786516853932, 0.650561797752809, 0.6696629213483146, 0.6550561797752809, 0.6674157303370787, 0.6696629213483146, 0.6629213483146067, 0.6617977528089888, 0.6775280898876405, 0.6696629213483146, 0.6898876404494382, 0.6943820224719102, 0.701123595505618, 0.7044943820224719, 0.7, 0.6921348314606741, 0.697752808988764, 0.7101123595505618, 0.6910112359550562, 0.7067415730337079, 0.7089887640449438, 0.698876404494382, 0.7112359550561798, 0.698876404494382, 0.7146067415730337, 0.6955056179775281, 0.701123595505618, 0.7, 0.7112359550561798, 0.6955056179775281, 0.7146067415730337, 0.702247191011236, 0.7235955056179775, 0.7146067415730337, 0.7112359550561798, 0.7101123595505618, 0.7213483146067415, 0.702247191011236, 0.701123595505618, 0.7056179775280899, 0.7, 0.7280898876404495, 0.697752808988764, 0.7157303370786516, 0.7056179775280899, 0.7314606741573034, 0.7146067415730337, 0.7146067415730337, 0.7157303370786516, 0.701123595505618, 0.7247191011235955, 0.697752808988764, 0.7179775280898877, 0.701123595505618, 0.7157303370786516, 0.7101123595505618, 0.7280898876404495, 0.7044943820224719, 0.7202247191011236, 0.7112359550561798, 0.7056179775280899, 0.7089887640449438, 0.7157303370786516, 0.702247191011236, 0.7056179775280899, 0.7168539325842697, 0.7191011235955056, 0.701123595505618, 0.7179775280898877, 0.7112359550561798, 0.7235955056179775, 0.7292134831460674, 0.7134831460674157, 0.7179775280898877, 0.7123595505617978, 0.7146067415730337, 0.7056179775280899, 0.7067415730337079, 0.7067415730337079, 0.7112359550561798, 0.7067415730337079, 0.7033707865168539, 0.7146067415730337, 0.7134831460674157, 0.7134831460674157, 0.7168539325842697, 0.7101123595505618, 0.7179775280898877], "val_loss": [0.6842603087425232, 0.6905296444892883, 0.687468409538269, 0.6812290549278259, 0.6842652559280396, 0.6852157115936279, 0.6872921586036682, 0.6811161637306213, 0.6829177141189575, 0.6898507475852966, 0.6806495785713196, 0.6810379028320312, 0.6828136444091797, 0.6766167879104614, 0.6784114241600037, 0.6728935837745667, 0.6640018820762634, 0.6656897664070129, 0.65594083070755, 0.647490918636322, 0.6525473594665527, 0.6440204977989197, 0.6422110199928284, 0.6435309052467346, 0.639720618724823, 0.6420857906341553, 0.6352402567863464, 0.6413147449493408, 0.6299707293510437, 0.630529522895813, 0.6250813603401184, 0.6261250376701355, 0.6278623938560486, 0.6240906715393066, 0.6270805597305298, 0.6256998181343079, 0.6229050755500793, 0.6224584579467773, 0.6245097517967224, 0.6200583577156067, 0.6223962903022766, 0.6206506490707397, 0.6256309747695923, 0.6205151677131653, 0.6254536509513855, 0.6240014433860779, 0.625349760055542, 0.620699405670166, 0.6274508237838745, 0.621239960193634, 0.6223457455635071, 0.6208820343017578, 0.6235993504524231, 0.622827410697937, 0.6242599487304688, 0.6237432956695557, 0.6221504807472229, 0.6240012645721436, 0.6268188953399658, 0.6230208277702332, 0.6312659382820129, 0.6224270462989807, 0.6276535391807556, 0.6242510080337524, 0.6235355734825134, 0.6291947364807129, 0.624008059501648, 0.6244813203811646, 0.6231042742729187, 0.6250125169754028, 0.6226290464401245, 0.6244120597839355, 0.623888373374939, 0.6226908564567566, 0.6253817677497864, 0.6239724159240723, 0.6259605884552002, 0.6222550272941589, 0.6301109194755554, 0.6229491829872131, 0.6235333681106567, 0.6273102760314941, 0.6227425336837769, 0.6316840648651123, 0.6234246492385864, 0.6237401962280273, 0.6244218349456787, 0.6249752044677734, 0.6229886412620544, 0.6243084073066711, 0.6244639754295349, 0.6227007508277893, 0.6264352798461914, 0.6228839159011841, 0.6259611248970032, 0.6229486465454102, 0.6231299042701721, 0.6241315603256226, 0.6235173344612122, 0.623746931552887], "val_acc": [0.5945945945945946, 0.6036036036036037, 0.6036036036036037, 0.5945945945945946, 0.5945945945945946, 0.6036036036036037, 0.6036036036036037, 0.6306306306306306, 0.6036036036036037, 0.5945945945945946, 0.6126126126126126, 0.5855855855855856, 0.6036036036036037, 0.6126126126126126, 0.6126126126126126, 0.6126126126126126, 0.6396396396396397, 0.6126126126126126, 0.6036036036036037, 0.6126126126126126, 0.6396396396396397, 0.6756756756756757, 0.6846846846846847, 0.6756756756756757, 0.6846846846846847, 0.6756756756756757, 0.7027027027027027, 0.6846846846846847, 0.6846846846846847, 0.6846846846846847, 0.6756756756756757, 0.6756756756756757, 0.6846846846846847, 0.6756756756756757, 0.6756756756756757, 0.6846846846846847, 0.6756756756756757, 0.6756756756756757, 0.6846846846846847, 0.6756756756756757, 0.6846846846846847, 0.6756756756756757, 0.6756756756756757, 0.6756756756756757, 0.6846846846846847, 0.6756756756756757, 0.6846846846846847, 0.6756756756756757, 0.6846846846846847, 0.6756756756756757, 0.6846846846846847, 0.6756756756756757, 0.6756756756756757, 0.6846846846846847, 0.6756756756756757, 0.6756756756756757, 0.6846846846846847, 0.6756756756756757, 0.6756756756756757, 0.6846846846846847, 0.6936936936936937, 0.6666666666666666, 0.6846846846846847, 0.6756756756756757, 0.6756756756756757, 0.6936936936936937, 0.6846846846846847, 0.6756756756756757, 0.6846846846846847, 0.6756756756756757, 0.6846846846846847, 0.6846846846846847, 0.6846846846846847, 0.6936936936936937, 0.6846846846846847, 0.6756756756756757, 0.6846846846846847, 0.6756756756756757, 0.7027027027027027, 0.6846846846846847, 0.6846846846846847, 0.6936936936936937, 0.6756756756756757, 0.6936936936936937, 0.6756756756756757, 0.6846846846846847, 0.6936936936936937, 0.6846846846846847, 0.6846846846846847, 0.6756756756756757, 0.6846846846846847, 0.6846846846846847, 0.6846846846846847, 0.6756756756756757, 0.6846846846846847, 0.6846846846846847, 0.6936936936936937, 0.6846846846846847, 0.6846846846846847, 0.6936936936936937]}