{"train_loss": [0.6754446540560041, 0.6696426612990243, 0.671704283782414, 0.6678927881377084, 0.6708991953304836, 0.6687211564608982, 0.6688301818711417, 0.6678469266210284, 0.6666517342839923, 0.6658809866224017, 0.6643554397991726, 0.6630574209349496, 0.6599097507340568, 0.6559592400278363, 0.6530108451843262, 0.6447438853127616, 0.6356935160500663, 0.6261821218899318, 0.6114738583564758, 0.59944201367242, 0.5923361437661308, 0.5916175586836678, 0.5900151303836277, 0.5875261340822492, 0.5823401979037693, 0.5833343182291303, 0.5941294261387416, 0.5864976218768528, 0.5978453840528216, 0.6084959081241063, 0.590225875377655, 0.5907259583473206, 0.5858105846813747, 0.5841670206614903, 0.5894040209906442, 0.5902001176561628, 0.5804905806268964, 0.5829199637685504, 0.5807979277202061, 0.5798560295786176, 0.5790653569357735, 0.5783570749419076, 0.5802436130387443, 0.5790525249072483, 0.576393152986254, 0.5779732465744019, 0.5799495237214225, 0.5763925228800092, 0.5807179638317653, 0.5816264067377362, 0.5764356170381818, 0.581471426146371, 0.5786076954432896, 0.5807114669254848, 0.5788784537996564, 0.5793387123516628, 0.5790339027132306, 0.5770407659666879, 0.5795657123838153, 0.5786770837647575, 0.5785283616610936, 0.5842219931738717, 0.5840714148112706, 0.5785629493849618, 0.5759306039128985, 0.5756751128605434, 0.5731398463249207, 0.5713043808937073, 0.5732993866716113, 0.5788116369928632, 0.5815190161977496, 0.5772621291024345, 0.5791027035032, 0.5754078711782183, 0.5813174503190177, 0.5794463285378048, 0.576866728918893, 0.5836682489940098, 0.5800105588776725, 0.5770227142742702, 0.5745693274906704, 0.5731477396828788, 0.575000558580671, 0.5759211097444806, 0.574693466935839, 0.5762870354311806, 0.5747270328657967, 0.575035844530378, 0.5767723492213658, 0.5783497861453465, 0.5725372348512922, 0.582099165235247, 0.5779518570218768, 0.5748248015131269, 0.576227034841265, 0.5770003029278347, 0.5744904960904803, 0.5756246362413678, 0.5753403646605355, 0.5727464173521314], "train_acc": [0.6067415730337079, 0.6022471910112359, 0.6067415730337079, 0.6089887640449438, 0.601123595505618, 0.6258426966292134, 0.6370786516853932, 0.6022471910112359, 0.601123595505618, 0.6247191011235955, 0.6280898876404495, 0.6314606741573033, 0.6382022471910113, 0.6449438202247191, 0.6348314606741573, 0.6460674157303371, 0.6662921348314607, 0.6561797752808989, 0.6808988764044944, 0.698876404494382, 0.7213483146067415, 0.7157303370786516, 0.7213483146067415, 0.7213483146067415, 0.7235955056179775, 0.7247191011235955, 0.7202247191011236, 0.7179775280898877, 0.7089887640449438, 0.6797752808988764, 0.7101123595505618, 0.7112359550561798, 0.7123595505617978, 0.7292134831460674, 0.7067415730337079, 0.7213483146067415, 0.7224719101123596, 0.7191011235955056, 0.7224719101123596, 0.7157303370786516, 0.7067415730337079, 0.7292134831460674, 0.7191011235955056, 0.7258426966292135, 0.7303370786516854, 0.7224719101123596, 0.7213483146067415, 0.7213483146067415, 0.7292134831460674, 0.7157303370786516, 0.7179775280898877, 0.7303370786516854, 0.7258426966292135, 0.7280898876404495, 0.7168539325842697, 0.7337078651685394, 0.7213483146067415, 0.7179775280898877, 0.7247191011235955, 0.7247191011235955, 0.7134831460674157, 0.7269662921348314, 0.7191011235955056, 0.7123595505617978, 0.7325842696629213, 0.7191011235955056, 0.7269662921348314, 0.7303370786516854, 0.7303370786516854, 0.7314606741573034, 0.7101123595505618, 0.7280898876404495, 0.7280898876404495, 0.7202247191011236, 0.7213483146067415, 0.7247191011235955, 0.7280898876404495, 0.7179775280898877, 0.7280898876404495, 0.7235955056179775, 0.7224719101123596, 0.7247191011235955, 0.7269662921348314, 0.7269662921348314, 0.7303370786516854, 0.7314606741573034, 0.7269662921348314, 0.7134831460674157, 0.7191011235955056, 0.7303370786516854, 0.7280898876404495, 0.7123595505617978, 0.7393258426966293, 0.7269662921348314, 0.7191011235955056, 0.7224719101123596, 0.7292134831460674, 0.7213483146067415, 0.7280898876404495, 0.7269662921348314], "val_loss": [0.6923491954803467, 0.6951940655708313, 0.6899785399436951, 0.693374752998352, 0.700854480266571, 0.6884010434150696, 0.6915193796157837, 0.695397675037384, 0.6906189322471619, 0.6895174384117126, 0.6906000375747681, 0.6936774849891663, 0.6828140616416931, 0.6863573789596558, 0.6812033653259277, 0.6690597534179688, 0.6706653237342834, 0.6592395305633545, 0.6543014049530029, 0.6507313847541809, 0.6504135727882385, 0.654218316078186, 0.648563802242279, 0.6478828191757202, 0.637290894985199, 0.633621335029602, 0.6401594281196594, 0.6287257671356201, 0.6345272064208984, 0.6398059129714966, 0.6389473080635071, 0.6428601145744324, 0.6370598077774048, 0.6314027905464172, 0.6353176832199097, 0.6376404166221619, 0.6378347277641296, 0.6319584846496582, 0.6289928555488586, 0.6312533020973206, 0.6278470754623413, 0.6276218295097351, 0.6266281604766846, 0.62360680103302, 0.624671220779419, 0.6264469623565674, 0.6226940155029297, 0.622559666633606, 0.6245266795158386, 0.620776891708374, 0.6201402544975281, 0.6248682141304016, 0.6207543611526489, 0.6230078339576721, 0.6237810254096985, 0.6206091046333313, 0.624725341796875, 0.6213513612747192, 0.6210476756095886, 0.6259766221046448, 0.6253564953804016, 0.6224234700202942, 0.632775068283081, 0.6219663619995117, 0.6238089799880981, 0.6256008744239807, 0.6224541664123535, 0.6204410195350647, 0.6250249743461609, 0.6225632429122925, 0.6245515942573547, 0.6203200817108154, 0.6201814413070679, 0.621757447719574, 0.6203184127807617, 0.6236064434051514, 0.6219512224197388, 0.6209560036659241, 0.6211694478988647, 0.6246282458305359, 0.6200340390205383, 0.6189875602722168, 0.6198949813842773, 0.6195321083068848, 0.615769624710083, 0.6143272519111633, 0.6187458634376526, 0.6177017092704773, 0.6160076260566711, 0.6152861714363098, 0.6209055185317993, 0.6179956197738647, 0.6122049689292908, 0.6148893237113953, 0.6170523166656494, 0.614875078201294, 0.6130743622779846, 0.6146476864814758, 0.6125383973121643, 0.6119555234909058],