{"train_loss": [0.6770937357630048, 0.6712503518377032, 0.6693814737456185, 0.6684973239898682, 0.6672155942235675, 0.6666699818202427, 0.6676190069743565, 0.6661109072821481, 0.6662883077348981, 0.6645862374986921, 0.6635273694992065, 0.6631477730614799, 0.6613432594708034, 0.6600123388426644, 0.6597356881414141, 0.6536956429481506, 0.6509988393102374, 0.6430256707327706, 0.6342792766434806, 0.6255879827908107, 0.6170087712151664, 0.6107522419520787, 0.6004470842225211, 0.6098648948328835, 0.6014523846762521, 0.5960314444133213, 0.5983232855796814, 0.5957879764693124, 0.5911849992615836, 0.5930860894066947, 0.5944775002343314, 0.5906253286770412, 0.586540264742715, 0.5898474199431283, 0.5887698531150818, 0.5950777871268136, 0.5924214124679565, 0.5917615635054452, 0.5869844896452767, 0.5837226339748928, 0.5850739393915448, 0.5845643367086139, 0.5871156624385289, 0.5843054737363543, 0.5826271091188703, 0.5822369626590184, 0.5889649561473301, 0.5823101231030056, 0.5856536626815796, 0.5852973716599601, 0.5850696734019688, 0.5842097657067435, 0.5865019645009723, 0.5806247166224888, 0.5833218693733215, 0.5840139474187579, 0.5819598436355591, 0.5811200737953186, 0.5794423052242824, 0.581431678363255, 0.5801246251378741, 0.585414707660675, 0.5878794278417315, 0.5832035030637469, 0.583917328289577, 0.5836738262857709, 0.5856191005025592, 0.5823171819959369, 0.5814561673573085, 0.5834223926067352, 0.5792668376650129, 0.5835080402238029, 0.5806448289326259, 0.5828732252120972, 0.5768693685531616, 0.5828723907470703, 0.5809910127094814, 0.5823368430137634, 0.581842303276062, 0.576752884047372, 0.5815634472029549, 0.5821599364280701, 0.5810532569885254, 0.5804353782108852, 0.5821804744856698, 0.5817419971738543, 0.5774531449590411, 0.5824354631560189, 0.5791769623756409, 0.5842829176357814, 0.5781686348574502, 0.5840288741247994, 0.5769085202898298, 0.5799900378499713, 0.5779222335134234, 0.5788318514823914, 0.5783091357776097, 0.5790521843092782, 0.5797880973134723, 0.5795217326709202], "train_acc": [0.553932584269663, 0.647191011235955, 0.6415730337078651, 0.6191011235955056, 0.6202247191011236, 0.6325842696629214, 0.6292134831460674, 0.6460674157303371, 0.6606741573033708, 0.6449438202247191, 0.6629213483146067, 0.6573033707865169, 0.6382022471910113, 0.6370786516853932, 0.6685393258426966, 0.6573033707865169, 0.6606741573033708, 0.6685393258426966, 0.6640449438202247, 0.6662921348314607, 0.6752808988764045, 0.6719101123595506, 0.7235955056179775, 0.6808988764044944, 0.7146067415730337, 0.7112359550561798, 0.697752808988764, 0.7224719101123596, 0.7134831460674157, 0.7146067415730337, 0.7146067415730337, 0.7213483146067415, 0.7191011235955056, 0.7067415730337079, 0.7134831460674157, 0.7089887640449438, 0.7157303370786516, 0.7, 0.7078651685393258, 0.7269662921348314, 0.7089887640449438, 0.7146067415730337, 0.7202247191011236, 0.7067415730337079, 0.7168539325842697, 0.7202247191011236, 0.7033707865168539, 0.7146067415730337, 0.7258426966292135, 0.7033707865168539, 0.7101123595505618, 0.7056179775280899, 0.7157303370786516, 0.7191011235955056, 0.7067415730337079, 0.7146067415730337, 0.7101123595505618, 0.7269662921348314, 0.7179775280898877, 0.7224719101123596, 0.7258426966292135, 0.6932584269662921, 0.7134831460674157, 0.7067415730337079, 0.7224719101123596, 0.7101123595505618, 0.7146067415730337, 0.7146067415730337, 0.7157303370786516, 0.7101123595505618, 0.7235955056179775, 0.7112359550561798, 0.7157303370786516, 0.7044943820224719, 0.7224719101123596, 0.7067415730337079, 0.7112359550561798, 0.7134831460674157, 0.7235955056179775, 0.7078651685393258, 0.7247191011235955, 0.7089887640449438, 0.7168539325842697, 0.7202247191011236, 0.7112359550561798, 0.7123595505617978, 0.7235955056179775, 0.7123595505617978, 0.7202247191011236, 0.7134831460674157, 0.7123595505617978, 0.7157303370786516, 0.7191011235955056, 0.7224719101123596, 0.7157303370786516, 0.7247191011235955, 0.7191011235955056, 0.7168539325842697, 0.7179775280898877, 0.7235955056179775], "val_loss": [0.682960033416748, 0.6861425042152405, 0.686832070350647, 0.6802257895469666, 0.6819257140159607, 0.6829673051834106, 0.6850566267967224, 0.6794098615646362, 0.6808524131774902, 0.6877564191818237, 0.6792261600494385, 0.6787317395210266, 0.6805468201637268, 0.6762357950210571, 0.6763623952865601, 0.6734748482704163, 0.6652243733406067, 0.6638927459716797, 0.6561580300331116, 0.6439225673675537, 0.645836591720581, 0.6320756673812866, 0.631763756275177, 0.629669189453125, 0.6254922747612, 0.6331577897071838, 0.621760368347168, 0.6280882358551025, 0.6227318048477173, 0.6180562973022461, 0.6179503202438354, 0.614912211894989, 0.6166659593582153, 0.6125462055206299, 0.6107511520385742, 0.6172829270362854, 0.6097989678382874, 0.6148138046264648, 0.6068835854530334, 0.606232762336731, 0.6057876944541931, 0.6039110422134399, 0.6056498885154724, 0.6032716631889343, 0.6034154295921326, 0.6068987250328064, 0.6028160452842712, 0.5997769236564636, 0.6029155850410461, 0.5991489887237549, 0.5990792512893677, 0.5990265607833862, 0.5991748571395874, 0.5993449687957764, 0.5997546315193176, 0.5982527136802673, 0.5966007113456726, 0.5976100564002991, 0.6002678871154785, 0.5962043404579163, 0.5995711088180542, 0.595554769039154, 0.5988819003105164, 0.5976790189743042, 0.5956146717071533, 0.601722240447998, 0.5947059988975525, 0.5970895290374756, 0.5948967933654785, 0.5959001183509827, 0.5953162312507629, 0.5951852798461914, 0.59542316198349, 0.5940722227096558, 0.5954383015632629, 0.5945007801055908, 0.597070574760437, 0.592829704284668, 0.5970569849014282, 0.5944690108299255, 0.5932105779647827, 0.5975612998008728, 0.5929899215698242, 0.5982208251953125, 0.5931953191757202, 0.5930551886558533, 0.5937719941139221, 0.5938840508460999, 0.5939311981201172, 0.5942826867103577, 0.5955650806427002, 0.5927135944366455, 0.5963671803474426, 0.5925431847572327, 0.5953823328018188, 0.593261182308197, 0.5928377509117126, 0.5921533703804016, 0.5946224927902222, 0.5920381546020508],