{"train_loss": [0.6723351308277675, 0.6705396175384521, 0.6666046891893659, 0.6618548546518598, 0.6580276233809335, 0.6555288263729641, 0.6549789309501648, 0.6488234911646161, 0.6449802006993975, 0.6403060725757054, 0.6367870228631156, 0.6299528394426618, 0.630270642893655, 0.6287948744637626, 0.620979300567082, 0.6175669687134879, 0.6172883595739093, 0.6092706492968968, 0.6002857089042664, 0.6102106826645988, 0.6164958221571786, 0.6074056199618748, 0.6103857925959996, 0.601554947240012, 0.5941018632480076, 0.5994763714926583, 0.5929771491459438, 0.5945259588105338, 0.5970425690923419, 0.5923895154680524, 0.5876384207180568, 0.5917939969471523, 0.5881665689604623, 0.5857782363891602, 0.5866983958653041, 0.5891801033701215, 0.5887638415609088, 0.5900185448782784, 0.5935121434075492, 0.5890471594674247, 0.5772177747317723, 0.5720052548817226, 0.5706612042018345, 0.5771098136901855, 0.5766352840832302, 0.5730117303984505, 0.5765213966369629, 0.5762357626642499, 0.5704706651823861, 0.5816515343529838, 0.5654158932822091, 0.5781363333974566, 0.5713455251285008, 0.5724425911903381, 0.5698819075311933, 0.5698395541736058, 0.5656212057386126, 0.564133516379765, 0.5623052205358233, 0.5542305878230503, 0.5645706312997001, 0.5596597620419094, 0.5668056522096906, 0.55685208099229, 0.5570383497646877, 0.5673356141362872, 0.5603869216782706, 0.5601534673145839, 0.5590750745364598, 0.5569127372332981, 0.5588574452059609, 0.5638529317719596, 0.5581398563725608, 0.5473356970718929, 0.5603100572313581, 0.5520013741084507, 0.5482557884284428, 0.5471767357417515, 0.5513673254421779, 0.554052974496569, 0.5599570785249982, 0.5565872532980782, 0.5477329279695239, 0.5544502479689462, 0.5463899374008179, 0.5526074852262225, 0.5516817569732666, 0.5469470492431096, 0.5504029308046613, 0.5479253615651812, 0.5544581540993282, 0.5395300558635167, 0.5413688889571598, 0.5463442461831229, 0.5341290490967887, 0.5324723677975791, 0.5401427149772644, 0.5351622913564954, 0.5353275409766606, 0.5379940526826041], "train_acc": [0.6056179775280899, 0.6022471910112359, 0.604494382022472, 0.6202247191011236, 0.6168539325842697, 0.6280898876404495, 0.6213483146067416, 0.6404494382022472, 0.6337078651685393, 0.6325842696629214, 0.6404494382022472, 0.6539325842696629, 0.6561797752808989, 0.6842696629213483, 0.6617977528089888, 0.6752808988764045, 0.6820224719101123, 0.6842696629213483, 0.698876404494382, 0.701123595505618, 0.6741573033707865, 0.698876404494382, 0.6921348314606741, 0.6876404494382022, 0.702247191011236, 0.7044943820224719, 0.701123595505618, 0.7101123595505618, 0.7, 0.7033707865168539, 0.698876404494382, 0.7056179775280899, 0.7067415730337079, 0.7157303370786516, 0.6943820224719102, 0.7101123595505618, 0.7112359550561798, 0.698876404494382, 0.7033707865168539, 0.6955056179775281, 0.7146067415730337, 0.7123595505617978, 0.7280898876404495, 0.7303370786516854, 0.7224719101123596, 0.7056179775280899, 0.7146067415730337, 0.7033707865168539, 0.7280898876404495, 0.7213483146067415, 0.7168539325842697, 0.7157303370786516, 0.7191011235955056, 0.7134831460674157, 0.7303370786516854, 0.7112359550561798, 0.7078651685393258, 0.7202247191011236, 0.7325842696629213, 0.7292134831460674, 0.7359550561797753, 0.7235955056179775, 0.7134831460674157, 0.7303370786516854, 0.7314606741573034, 0.7078651685393258, 0.7280898876404495, 0.7191011235955056, 0.7280898876404495, 0.7280898876404495, 0.7292134831460674, 0.7303370786516854, 0.7123595505617978, 0.7280898876404495, 0.7235955056179775, 0.7224719101123596, 0.7269662921348314, 0.7325842696629213, 0.7370786516853932, 0.7247191011235955, 0.7179775280898877, 0.7348314606741573, 0.7337078651685394, 0.7269662921348314, 0.7191011235955056, 0.7247191011235955, 0.7235955056179775, 0.7269662921348314, 0.7337078651685394, 0.7247191011235955, 0.7269662921348314, 0.7314606741573034, 0.7269662921348314, 0.7258426966292135, 0.7359550561797753, 0.7382022471910112, 0.7325842696629213, 0.7471910112359551, 0.7393258426966293, 0.7258426966292135], "val_loss": [0.6952059864997864, 0.691696047782898, 0.6800074577331543, 0.6785928010940552, 0.6782851815223694, 0.6723320484161377, 0.6697230935096741, 0.6615092158317566, 0.6636324524879456, 0.657840371131897, 0.6474963426589966, 0.6548537611961365, 0.6375648975372314, 0.636498749256134, 0.6433324813842773, 0.6328386664390564, 0.6353548765182495, 0.6331796646118164, 0.627205491065979, 0.6265271902084351, 0.6325950026512146, 0.6174759268760681, 0.6276288628578186, 0.6204819083213806, 0.6222439408302307, 0.6217361092567444, 0.6176828145980835, 0.6177387833595276, 0.6133477091789246, 0.6198834180831909, 0.6182258725166321, 0.616140604019165, 0.6103783845901489, 0.61580890417099, 0.612407386302948, 0.6103043556213379, 0.6142969131469727, 0.6116754412651062, 0.611262857913971, 0.6165547966957092, 0.6052757501602173, 0.6127495765686035, 0.6082444787025452, 0.6099513173103333, 0.6123346090316772, 0.6130033135414124, 0.6057766079902649, 0.6154261231422424, 0.60344398021698, 0.6132187247276306, 0.6124151349067688, 0.609051525592804, 0.6079704761505127, 0.6057530045509338, 0.6121055483818054, 0.6138068437576294, 0.6038426160812378, 0.6148261427879333, 0.6055920124053955, 0.6071072816848755, 0.6074701547622681, 0.6112940907478333, 0.609479546546936, 0.606513261795044, 0.6179034113883972, 0.5979210734367371, 0.6124545335769653, 0.606619119644165, 0.6020697355270386, 0.6100393533706665, 0.6038300395011902, 0.6066674590110779, 0.6232011914253235, 0.5954557061195374, 0.6115036606788635, 0.5964987874031067, 0.6193968057632446, 0.5876802206039429, 0.6116957664489746, 0.6011706590652466, 0.5995712280273438, 0.6024017930030823, 0.610724925994873, 0.5941868424415588, 0.6210148334503174, 0.5908414125442505, 0.6125070452690125, 0.6001343131065369, 0.5995882153511047, 0.5992250442504883, 0.5988928079605103, 0.610542893409729, 0.5899057984352112, 0.602811872959137, 0.6003028154373169, 0.6064803600311279, 0.5984811186790466, 0.6006973385810852, 0.6136541962623596, 0.586165189743042],