{"train_loss": [0.6773421083177839, 0.6712343948228019, 0.6692989638873509, 0.6658059443746295, 0.6622635637010846, 0.6585918494633266, 0.6572183115141732, 0.6539838739803859, 0.6522459387779236, 0.6515748926571437, 0.6463960153715951, 0.6428026131221226, 0.6382610627583095, 0.6381261348724365, 0.6351537874766758, 0.6344579032489231, 0.6351933309010097, 0.6205415896006993, 0.6247473444257464, 0.6179120710917881, 0.6142879043306623, 0.6180689079420907, 0.6101900850023542, 0.60955924647195, 0.6061836906841823, 0.6025061011314392, 0.6083117808614459, 0.6042936784880502, 0.6091812423297337, 0.6081232683999198, 0.6012710928916931, 0.6055334295545306, 0.602900505065918, 0.5962202208382743, 0.5986812966210502, 0.5974759459495544, 0.595884655203138, 0.5926573531968253, 0.5903966682297843, 0.5910742878913879, 0.5856084483010429, 0.5896555355616978, 0.5869828122002738, 0.590807318687439, 0.5844566992350987, 0.5742804748671395, 0.5844905972480774, 0.5755519441195897, 0.5816668101719448, 0.5832047717911857, 0.583354788167136, 0.576946531023298, 0.5714351619992938, 0.5806158866201129, 0.5695947791848864, 0.5715106640543256, 0.5783904961177281, 0.5729394895689828, 0.5666794989790235, 0.5698162828172956, 0.5727016840662275, 0.5646704605647496, 0.5743159055709839, 0.5725926842008319, 0.567354645047869, 0.5771115677697318, 0.5661805442401341, 0.5681911366326469, 0.5732712490218026, 0.5666737641607013, 0.5674310071127755, 0.5605743995734623, 0.5751139351299831, 0.5615761450358799, 0.5631406051771981, 0.5616172764982496, 0.5646931954792568, 0.5592561449323382, 0.5610328401838031, 0.5522749679429191, 0.5569538474082947, 0.5599491681371417, 0.5550917557307652, 0.5596554960523333, 0.5508717809404645, 0.5580036767891475, 0.5637462862900325, 0.5493333850588117, 0.5535303013665336, 0.5485431211335319, 0.5475367137363979, 0.5500930632863726, 0.5560082878385272, 0.5599888563156128, 0.5598844758101872, 0.5562487925801959, 0.5496177588190351, 0.5491461966718946, 0.5503587297030857, 0.5384192637034825], "train_acc": [0.6033707865168539, 0.6, 0.6, 0.6067415730337079, 0.6146067415730337, 0.6112359550561798, 0.6303370786516854, 0.6449438202247191, 0.6426966292134831, 0.6359550561797753, 0.647191011235955, 0.6359550561797753, 0.6415730337078651, 0.6550561797752809, 0.6359550561797753, 0.6674157303370787, 0.6629213483146067, 0.6674157303370787, 0.6876404494382022, 0.6966292134831461, 0.6842696629213483, 0.6865168539325842, 0.6966292134831461, 0.6921348314606741, 0.6966292134831461, 0.702247191011236, 0.6898876404494382, 0.701123595505618, 0.698876404494382, 0.6898876404494382, 0.7033707865168539, 0.7044943820224719, 0.7033707865168539, 0.6966292134831461, 0.6887640449438203, 0.7067415730337079, 0.698876404494382, 0.7089887640449438, 0.7067415730337079, 0.7044943820224719, 0.7235955056179775, 0.7067415730337079, 0.7101123595505618, 0.7078651685393258, 0.7213483146067415, 0.7224719101123596, 0.697752808988764, 0.7213483146067415, 0.7168539325842697, 0.7112359550561798, 0.7056179775280899, 0.7213483146067415, 0.7123595505617978, 0.7112359550561798, 0.7235955056179775, 0.7224719101123596, 0.7067415730337079, 0.7303370786516854, 0.7191011235955056, 0.7213483146067415, 0.7224719101123596, 0.7303370786516854, 0.7123595505617978, 0.7168539325842697, 0.7146067415730337, 0.7112359550561798, 0.7134831460674157, 0.7258426966292135, 0.7134831460674157, 0.7202247191011236, 0.7067415730337079, 0.7247191011235955, 0.7213483146067415, 0.7168539325842697, 0.7292134831460674, 0.7101123595505618, 0.7146067415730337, 0.7325842696629213, 0.7292134831460674, 0.7325842696629213, 0.7202247191011236, 0.7280898876404495, 0.7235955056179775, 0.7337078651685394, 0.7337078651685394, 0.7348314606741573, 0.7134831460674157, 0.7325842696629213, 0.7314606741573034, 0.7359550561797753, 0.7303370786516854, 0.7247191011235955, 0.7303370786516854, 0.7101123595505618, 0.7258426966292135, 0.7314606741573034, 0.7348314606741573, 0.7280898876404495, 0.7337078651685394, 0.7280898876404495], "val_loss": [0.6898932456970215, 0.6953272223472595, 0.6837121248245239, 0.6784358620643616, 0.6805581450462341, 0.6766916513442993, 0.6726217269897461, 0.6715942025184631, 0.6692541837692261, 0.6632693409919739, 0.6633699536323547, 0.661204993724823, 0.6541120409965515, 0.6550291180610657, 0.6519781351089478, 0.6435583233833313, 0.6469653248786926, 0.6437195539474487, 0.6382033824920654, 0.6394093632698059, 0.6362528800964355, 0.6323117613792419, 0.6312215924263, 0.6337591409683228, 0.6283748745918274, 0.6291387677192688, 0.6239628791809082, 0.6266099214553833, 0.6228014826774597, 0.6259905695915222, 0.6189844608306885, 0.6278035640716553, 0.6168489456176758, 0.6201274991035461, 0.6207151412963867, 0.6143925189971924, 0.6200219988822937, 0.6121982336044312, 0.6134503483772278, 0.6165329813957214, 0.6107972264289856, 0.6153846383094788, 0.6099879741668701, 0.6107927560806274, 0.609474778175354, 0.6082266569137573, 0.6077982187271118, 0.6081386208534241, 0.6063679456710815, 0.6074973940849304, 0.604947566986084, 0.6078025102615356, 0.606755793094635, 0.6031800508499146, 0.6027737259864807, 0.607380211353302, 0.6015252470970154, 0.6002001166343689, 0.6058251261711121, 0.6032140851020813, 0.6021902561187744, 0.6009772419929504, 0.6101088523864746, 0.5961130261421204, 0.6115739345550537, 0.5958731770515442, 0.6047195792198181, 0.5995282530784607, 0.6007909774780273, 0.5990147590637207, 0.6025480031967163, 0.594321608543396, 0.6088828444480896, 0.5974322557449341, 0.5950425267219543, 0.6079126596450806, 0.594666600227356, 0.6039202809333801, 0.5944573879241943, 0.5998188257217407, 0.5948325991630554, 0.5953964591026306, 0.5994953513145447, 0.5939630270004272, 0.5945384502410889, 0.5946449637413025, 0.6024051308631897, 0.5896450877189636, 0.5995059609413147, 0.5897390842437744, 0.6054387092590332, 0.5880756378173828, 0.6014844179153442, 0.5921048521995544, 0.594536542892456, 0.5867410898208618, 0.5947566628456116, 0.5882575511932373, 0.5870485305786133, 0.5928191542625427],