{"train_loss": [0.6924400585038322, 0.6851136428969247, 0.6776889222008842, 0.6721519998141697, 0.6700606005532401, 0.665859545980181, 0.6648482510021755, 0.6625816822052002, 0.6606731499944415, 0.6587849089077541, 0.6551176139286586, 0.6536141889435905, 0.6502120494842529, 0.6477630649294172, 0.6427365796906608, 0.6394844395773751, 0.6373494352613177, 0.6331662961414882, 0.6303005559103829, 0.6259310841560364, 0.6230226840291705, 0.618705792086465, 0.6174120392118182, 0.6124042698315212, 0.6125866089548383, 0.6129822731018066, 0.6096674714769635, 0.6060756274632045, 0.6062945297786168, 0.6031712804521833, 0.5964086992400033, 0.5991222602980477, 0.601918808051518, 0.5997887679508754, 0.5955232041222709, 0.600861736706325, 0.5937783292361668, 0.5929744328771319, 0.5952415892056057, 0.5921932118279594, 0.5896186232566833, 0.5930960604122707, 0.5959411518914359, 0.5959456307547433, 0.5956227609089443, 0.5920629927090236, 0.5937454104423523, 0.5888925790786743, 0.5955177034650531, 0.5853778549603054, 0.5921888181141445, 0.5908697758402143, 0.5866958498954773, 0.5916427629334586, 0.5872240151677813, 0.5868269205093384, 0.5917326211929321, 0.5839563948767525, 0.5802814194134304, 0.5795307500021798, 0.5927421110016959, 0.5897922941616603, 0.5849946992737907, 0.5879448822566441, 0.5858456747872489, 0.5911394357681274, 0.5785976307732719, 0.5860989604677472, 0.5849150504384723, 0.5894616161073957, 0.5841352428708758, 0.5818028109414237, 0.5856361474309649, 0.583082778113229, 0.5851710949625287, 0.5827121308871678, 0.5821634616170611, 0.5771193163735526, 0.5789540495191302, 0.5854324102401733, 0.5769720077514648, 0.5760254945073809, 0.579137785094125, 0.5767339723450797, 0.5766823376928057, 0.5850295679909843, 0.5768007040023804, 0.5753173146929059, 0.5767285142626081, 0.580485999584198, 0.5754006334713527, 0.5751418130738395, 0.5805558221680778, 0.5767498697553363, 0.5843557459967477, 0.5720758267811367, 0.5813665304865155, 0.5857933589390346, 0.5724106005259922, 0.5772964911801475], "train_acc": [0.5314606741573034, 0.6022471910112359, 0.6, 0.6, 0.6, 0.6, 0.6, 0.6, 0.601123595505618, 0.6056179775280899, 0.6258426966292134, 0.6280898876404495, 0.6370786516853932, 0.6404494382022472, 0.6393258426966292, 0.6438202247191012, 0.6629213483146067, 0.6606741573033708, 0.6573033707865169, 0.6876404494382022, 0.6752808988764045, 0.6876404494382022, 0.6943820224719102, 0.7056179775280899, 0.6842696629213483, 0.7078651685393258, 0.7, 0.7033707865168539, 0.7134831460674157, 0.698876404494382, 0.702247191011236, 0.7134831460674157, 0.7179775280898877, 0.7033707865168539, 0.7157303370786516, 0.7033707865168539, 0.7179775280898877, 0.7179775280898877, 0.7123595505617978, 0.7202247191011236, 0.7101123595505618, 0.7191011235955056, 0.7089887640449438, 0.7168539325842697, 0.7134831460674157, 0.7134831460674157, 0.698876404494382, 0.7191011235955056, 0.7056179775280899, 0.7269662921348314, 0.7101123595505618, 0.7247191011235955, 0.7202247191011236, 0.7191011235955056, 0.7146067415730337, 0.7235955056179775, 0.7202247191011236, 0.7179775280898877, 0.7235955056179775, 0.7213483146067415, 0.7089887640449438, 0.7101123595505618, 0.7191011235955056, 0.7033707865168539, 0.7112359550561798, 0.7101123595505618, 0.7224719101123596, 0.7191011235955056, 0.7134831460674157, 0.7146067415730337, 0.7258426966292135, 0.7191011235955056, 0.7235955056179775, 0.7202247191011236, 0.7179775280898877, 0.7247191011235955, 0.7101123595505618, 0.7269662921348314, 0.7191011235955056, 0.7157303370786516, 0.7258426966292135, 0.7157303370786516, 0.7235955056179775, 0.7123595505617978, 0.7247191011235955, 0.7157303370786516, 0.7168539325842697, 0.7179775280898877, 0.7191011235955056, 0.7089887640449438, 0.7292134831460674, 0.7191011235955056, 0.7157303370786516, 0.7213483146067415, 0.7168539325842697, 0.7258426966292135, 0.7146067415730337, 0.7247191011235955, 0.7258426966292135, 0.7191011235955056], "val_loss": [0.6905002593994141, 0.6878423690795898, 0.6865294575691223, 0.6866830587387085, 0.688749372959137, 0.689006507396698, 0.686531126499176, 0.683696448802948, 0.6815207600593567, 0.6784798502922058, 0.6765280961990356, 0.6758823990821838, 0.6721343398094177, 0.6687229871749878, 0.6678469777107239, 0.6616265773773193, 0.6583203077316284, 0.6577265858650208, 0.6533076763153076, 0.6494359970092773, 0.6482364535331726, 0.6442655920982361, 0.6397112011909485, 0.6414875388145447, 0.6382878422737122, 0.6339926719665527, 0.6354350447654724, 0.6335573792457581, 0.6299572587013245, 0.6346515417098999, 0.6297017931938171, 0.6281665563583374, 0.627656102180481, 0.6278241276741028, 0.6276319622993469, 0.6239479184150696, 0.6259331107139587, 0.6241115927696228, 0.6209571361541748, 0.6240176558494568, 0.6220759749412537, 0.6196407675743103, 0.6202667951583862, 0.6185165047645569, 0.6189073324203491, 0.6186156868934631, 0.6165750026702881, 0.618304967880249, 0.6180635690689087, 0.6140395402908325, 0.6166883111000061, 0.6144647598266602, 0.6125304102897644, 0.6188198924064636, 0.6125233769416809, 0.6113805770874023, 0.6169801950454712, 0.6111518740653992, 0.6104585528373718, 0.6148138642311096, 0.6152455806732178, 0.6082119345664978, 0.6161843538284302, 0.6084075570106506, 0.6091567873954773, 0.6126818060874939, 0.6095501184463501, 0.6068318486213684, 0.6114015579223633, 0.6087504029273987, 0.609744668006897, 0.6066892743110657, 0.6066281199455261, 0.6082016825675964, 0.6061355471611023, 0.6091415286064148, 0.6071123480796814, 0.6051316857337952, 0.6070597767829895, 0.6052730083465576, 0.6051791310310364, 0.6067773103713989, 0.6063064932823181, 0.6057341694831848, 0.6045087575912476, 0.6023048162460327, 0.6085814833641052, 0.603675127029419, 0.6022942066192627, 0.6013832688331604, 0.6052846908569336, 0.6035358309745789, 0.6004372835159302, 0.601988673210144, 0.6033059358596802, 0.5993980765342712, 0.6000128388404846, 0.6033812761306763, 0.5976184010505676, 0.5975708961486816], "val_acc": [0.5585585585585585, 0.5495495495495496, 0.5495495495495496, 0.5495495495495496, 0.5495495495495496, 0.5495495495495496, 0.5495495495495496, 0.5495495495495496, 0.5675675675675675, 0.5855855855855856, 0.5675675675675675, 0.5855855855855856, 0.5765765765765766, 0.5855855855855856, 0.5765765765765766, 0.5855855855855856, 0.5945945945945946, 0.5945945945945946, 0.6036036036036037, 0.5765765765765766, 0.5855855855855856, 0.6486486486486487, 0.6396396396396397, 0.6486486486486487, 0.6486486486486487, 0.6486486486486487, 0.6396396396396397, 0.6396396396396397, 0.6486486486486487, 0.6666666666666666, 0.6396396396396397, 0.6486486486486487, 0.6486486486486487, 0.6396396396396397, 0.6486486486486487, 0.6396396396396397, 0.6486486486486487, 0.6486486486486487, 0.6396396396396397, 0.6576576576576577, 0.6576576576576577, 0.6486486486486487, 0.6486486486486487, 0.6486486486486487, 0.6576576576576577, 0.6576576576576577, 0.6576576576576577, 0.6576576576576577, 0.6486486486486487, 0.6486486486486487, 0.6576576576576577, 0.6576576576576577, 0.6576576576576577, 0.6486486486486487, 0.6486486486486487, 0.6576576576576577, 0.6576576576576577, 0.6486486486486487, 0.6756756756756757, 0.6576576576576577, 0.6666666666666666, 0.6846846846846847, 0.6576576576576577, 0.6666666666666666, 0.6666666666666666, 0.6576576576576577, 0.6576576576576577, 0.6666666666666666, 0.6576576576576577, 0.6666666666666666, 0.6576576576576577, 0.6756756756756757, 0.6666666666666666, 0.6576576576576577, 0.6576576576576577, 0.6576576576576577, 0.6576576576576577, 0.6666666666666666, 0.6666666666666666, 0.6756756756756757, 0.6756756756756757, 0.6666666666666666, 0.6666666666666666, 0.6756756756756757, 0.6666666666666666, 0.6756756756756757, 0.6666666666666666, 0.6756756756756757, 0.6756756756756757, 0.6756756756756757, 0.6756756756756757, 0.6756756756756757, 0.6756756756756757, 0.6756756756756757, 0.6846846846846847, 0.6756756756756757, 0.6846846846846847, 0.6756756756756757, 0.6846846846846847, 0.6846846846846847]}