{"train_loss": [0.6706961733954293, 0.670650771686009, 0.6666282841137477, 0.6667996644973755, 0.6660866396767753, 0.6662975634847369, 0.666769129889352, 0.6669936350413731, 0.6642739943095616, 0.6657460587365287, 0.6625692078045436, 0.6639013631003243, 0.660414091178349, 0.6603120395115444, 0.6555853571210589, 0.6506434508732387, 0.6455917358398438, 0.6368957076753888, 0.6246493288448879, 0.615749214376722, 0.6134937490735736, 0.5969686167580741, 0.5844300048691886, 0.5800011839185443, 0.5792595999581474, 0.5809500472886222, 0.5801116824150085, 0.5732361333710807, 0.5754996963909694, 0.5707137329237801, 0.5651447091783796, 0.570705098765237, 0.5691175205366952, 0.5713164806365967, 0.5712193548679352, 0.5673256942204067, 0.5694927317755563, 0.5671396000044686, 0.5695461801120213, 0.5684066840580532, 0.5672871385301862, 0.5651510443006244, 0.5630699481282916, 0.5630393028259277, 0.5676177442073822, 0.5612349765641349, 0.5718538122517722, 0.5642416477203369, 0.5688596112387521, 0.5612774235861642, 0.564600237778255, 0.5631211570331028, 0.5639490698065076, 0.5640314136232648, 0.5603390846933637, 0.5635181239673069, 0.5600412743432182, 0.5607099192483085, 0.5593043650899615, 0.562401396887643, 0.5591804385185242, 0.5620743632316589, 0.5599407213074821, 0.5633209475449154, 0.5621361221585955, 0.5602113093648639, 0.5621636254446847, 0.5640531522887093, 0.5627908195768084, 0.5619501301220485, 0.5675497395651681, 0.5624974370002747, 0.5581995802266257, 0.563996034009116, 0.558923099722181, 0.5653043048722404, 0.5618514290877751, 0.5571960125650678, 0.5591090321540833, 0.5576051303318569, 0.560743259532111, 0.5629855990409851, 0.5564651318958828, 0.5633244940212795, 0.5560965708323887, 0.5589502028056553, 0.5581635151590619, 0.5614950997488839, 0.5558456012180873, 0.5615819266864231, 0.5573934018611908, 0.5623379520007542, 0.5584335199424199, 0.5572101048060826, 0.5589061549731663, 0.5588095315865108, 0.5610220517430987, 0.5585356610161918, 0.5621346661022731, 0.5632213354110718], "train_acc": [0.5853932584269663, 0.6202247191011236, 0.6134831460674157, 0.6022471910112359, 0.6089887640449438, 0.6292134831460674, 0.6213483146067416, 0.6303370786516854, 0.6269662921348315, 0.6202247191011236, 0.6280898876404495, 0.6348314606741573, 0.6258426966292134, 0.6280898876404495, 0.6337078651685393, 0.6314606741573033, 0.647191011235955, 0.6528089887640449, 0.6528089887640449, 0.7033707865168539, 0.6764044943820224, 0.7213483146067415, 0.7258426966292135, 0.7146067415730337, 0.7258426966292135, 0.7202247191011236, 0.7426966292134831, 0.7168539325842697, 0.7280898876404495, 0.7280898876404495, 0.7382022471910112, 0.7101123595505618, 0.7337078651685394, 0.7146067415730337, 0.7247191011235955, 0.7101123595505618, 0.7247191011235955, 0.7168539325842697, 0.7224719101123596, 0.7157303370786516, 0.7235955056179775, 0.7235955056179775, 0.7247191011235955, 0.7382022471910112, 0.7292134831460674, 0.7213483146067415, 0.7280898876404495, 0.7247191011235955, 0.7292134831460674, 0.7325842696629213, 0.7235955056179775, 0.7292134831460674, 0.7235955056179775, 0.7269662921348314, 0.7235955056179775, 0.7247191011235955, 0.7325842696629213, 0.7325842696629213, 0.7269662921348314, 0.7382022471910112, 0.7325842696629213, 0.7247191011235955, 0.7258426966292135, 0.7325842696629213, 0.7337078651685394, 0.7269662921348314, 0.7303370786516854, 0.7280898876404495, 0.7168539325842697, 0.7314606741573034, 0.7202247191011236, 0.7337078651685394, 0.7314606741573034, 0.7191011235955056, 0.7325842696629213, 0.7325842696629213, 0.7303370786516854, 0.7415730337078652, 0.7382022471910112, 0.7292134831460674, 0.7269662921348314, 0.7258426966292135, 0.7348314606741573, 0.7202247191011236, 0.7393258426966293, 0.7258426966292135, 0.7404494382022472, 0.7258426966292135, 0.7213483146067415, 0.7325842696629213, 0.7303370786516854, 0.7359550561797753, 0.7325842696629213, 0.7314606741573034, 0.7258426966292135, 0.7370786516853932, 0.7404494382022472, 0.7415730337078652, 0.7179775280898877, 0.7303370786516854], "val_loss": [0.706084132194519, 0.6893863081932068, 0.6908460855484009, 0.6951522827148438, 0.6891524195671082, 0.689357340335846, 0.6939442157745361, 0.6851034164428711, 0.6917567253112793, 0.6933459639549255, 0.6844775676727295, 0.6912379860877991, 0.6865068078041077, 0.6840969920158386, 0.6858201026916504, 0.6817265152931213, 0.6740315556526184, 0.6657314300537109, 0.6542372703552246, 0.6496918797492981, 0.662084698677063, 0.6410545706748962, 0.663530707359314, 0.6566812992095947, 0.6453485488891602, 0.6469484567642212, 0.6586638689041138, 0.6439450979232788, 0.639672577381134, 0.6389510631561279, 0.6464113593101501, 0.6362582445144653, 0.6365393996238708, 0.6355926990509033, 0.6370092630386353, 0.6304649710655212, 0.6294568181037903, 0.6405100226402283, 0.6297667622566223, 0.6335596442222595, 0.6309548616409302, 0.6264805793762207, 0.6291261315345764, 0.6274621486663818, 0.6301246285438538, 0.6310760378837585, 0.6247448325157166, 0.6297709941864014, 0.6315280199050903, 0.626106321811676, 0.6267364621162415, 0.627106785774231, 0.628395140171051, 0.6215451955795288, 0.6277105212211609, 0.6323451399803162, 0.6251822710037231, 0.6252709627151489, 0.6282742023468018, 0.6265241503715515, 0.6270719170570374, 0.6229170560836792, 0.6239272952079773, 0.6296643614768982, 0.625206470489502, 0.6230782270431519, 0.6235570907592773, 0.629798948764801, 0.6207227110862732, 0.6235812306404114, 0.6380807757377625, 0.6200524568557739, 0.6206610798835754, 0.6338852047920227, 0.6271205544471741, 0.6152070164680481, 0.6253835558891296, 0.6253268122673035, 0.6221150159835815, 0.6236741542816162, 0.6276005506515503, 0.6255045533180237, 0.6234926581382751, 0.622674822807312, 0.6274076700210571, 0.6262813806533813, 0.621909499168396, 0.6238860487937927, 0.6264384984970093, 0.6237470507621765, 0.618878960609436, 0.6218985319137573, 0.6234574317932129, 0.6229977011680603, 0.6188966035842896, 0.6207150816917419, 0.6264740824699402, 0.6228867173194885, 0.6198367476463318, 0.6237702965736389],