{"train_loss": [0.6724242653165545, 0.6679876957620893, 0.6698053479194641, 0.6658056122916085, 0.669226518699101, 0.6675001638276237, 0.6680404203278678, 0.6668380924633571, 0.6654462729181562, 0.6652210780552456, 0.6645191822733197, 0.6649256774357387, 0.6631556919642857, 0.661990225315094, 0.6610086049352374, 0.6565764716693333, 0.6524725641523089, 0.6452496903283256, 0.6348327568599156, 0.6214150190353394, 0.6072522486959185, 0.5931793366159711, 0.5893553154809135, 0.5817053403173175, 0.5798243284225464, 0.5801366993359157, 0.5843389630317688, 0.5852068322045463, 0.5893330914633614, 0.6005061864852905, 0.5889267836298261, 0.5862868343080793, 0.5727720856666565, 0.5800887516566685, 0.582816583769662, 0.5841305766786847, 0.5722172430583409, 0.5749189683369228, 0.573438401733126, 0.570797826562609, 0.5707894393375942, 0.5721750514847892, 0.5671657153538295, 0.5705378566469465, 0.5673434734344482, 0.5698861181735992, 0.5742327656064715, 0.570074703012194, 0.5675372651645115, 0.5722276738711766, 0.5687002113887242, 0.5727515135492597, 0.5712758685861316, 0.5666831731796265, 0.5678924194404057, 0.5692300030163356, 0.5717970984322684, 0.5699786969593593, 0.5706239598137992, 0.5653269205774579, 0.5663364359310695, 0.5731541344097683, 0.5709828223500933, 0.5693266562053135, 0.5676304187093463, 0.5700926695551191, 0.5641882164137704, 0.567336482661111, 0.5647468524319785, 0.5684634447097778, 0.567986011505127, 0.5640818136078971, 0.5672086988176618, 0.5667909724371774, 0.566799487386431, 0.5680927293641227, 0.5707839940275464, 0.573590065751757, 0.5672361339841571, 0.566667092697961, 0.5656577774456569, 0.5670946495873588, 0.5620068567139762, 0.565884394305093, 0.5680379101208278, 0.5656409093311855, 0.5667861998081207, 0.5660472341946193, 0.5672273891312736, 0.5641826731818063, 0.5686495729855129, 0.5716858761651176, 0.5673173921448844, 0.5653966409819466, 0.5655012811933245, 0.5676272341183254, 0.5679731113570077, 0.5679518580436707, 0.5674685154642377, 0.5626922079495021], "train_acc": [0.6033707865168539, 0.6033707865168539, 0.6123595505617978, 0.6078651685393258, 0.601123595505618, 0.6224719101123596, 0.6348314606741573, 0.6056179775280899, 0.6033707865168539, 0.6224719101123596, 0.6325842696629214, 0.6280898876404495, 0.6303370786516854, 0.6370786516853932, 0.6292134831460674, 0.6382022471910113, 0.648314606741573, 0.6438202247191012, 0.6494382022471911, 0.6606741573033708, 0.6775280898876405, 0.7146067415730337, 0.7213483146067415, 0.7280898876404495, 0.7280898876404495, 0.7213483146067415, 0.7280898876404495, 0.7157303370786516, 0.7179775280898877, 0.7056179775280899, 0.7134831460674157, 0.7202247191011236, 0.7247191011235955, 0.7348314606741573, 0.7191011235955056, 0.7168539325842697, 0.7258426966292135, 0.7247191011235955, 0.7247191011235955, 0.7292134831460674, 0.7258426966292135, 0.7303370786516854, 0.7247191011235955, 0.7280898876404495, 0.7247191011235955, 0.7258426966292135, 0.7292134831460674, 0.7235955056179775, 0.7370786516853932, 0.7269662921348314, 0.7269662921348314, 0.7370786516853932, 0.7314606741573034, 0.7280898876404495, 0.7269662921348314, 0.7359550561797753, 0.7314606741573034, 0.7146067415730337, 0.7292134831460674, 0.7292134831460674, 0.7269662921348314, 0.7258426966292135, 0.7168539325842697, 0.7247191011235955, 0.7359550561797753, 0.7325842696629213, 0.7337078651685394, 0.7269662921348314, 0.7202247191011236, 0.7303370786516854, 0.7202247191011236, 0.7235955056179775, 0.7348314606741573, 0.7314606741573034, 0.7269662921348314, 0.7314606741573034, 0.7348314606741573, 0.7213483146067415, 0.7359550561797753, 0.7247191011235955, 0.7202247191011236, 0.7382022471910112, 0.7337078651685394, 0.7258426966292135, 0.7348314606741573, 0.7359550561797753, 0.7292134831460674, 0.7247191011235955, 0.7247191011235955, 0.7314606741573034, 0.7348314606741573, 0.7235955056179775, 0.7393258426966293, 0.7359550561797753, 0.7235955056179775, 0.7280898876404495, 0.7303370786516854, 0.7269662921348314, 0.7325842696629213, 0.7370786516853932], "val_loss": [0.6932130455970764, 0.6944237351417542, 0.6899085640907288, 0.693249523639679, 0.7002694010734558, 0.6883851885795593, 0.6908426880836487, 0.6951949596405029, 0.6910089254379272, 0.6896264553070068, 0.6912665963172913, 0.694847047328949, 0.6862610578536987, 0.6888839602470398, 0.6903340816497803, 0.6803775429725647, 0.6834698915481567, 0.6809900403022766, 0.6685445308685303, 0.6654976010322571, 0.6541111469268799, 0.666049599647522, 0.6567716598510742, 0.6670668721199036, 0.6468622088432312, 0.6543822288513184, 0.640008807182312, 0.6386754512786865, 0.6387028694152832, 0.6434149742126465, 0.6410903334617615, 0.6428874731063843, 0.6420040726661682, 0.6319986581802368, 0.6361808180809021, 0.641320526599884, 0.6336100697517395, 0.6290890574455261, 0.6255005598068237, 0.6268409490585327, 0.6240253448486328, 0.6219940781593323, 0.6215060353279114, 0.6184917092323303, 0.6198550462722778, 0.6181394457817078, 0.616140604019165, 0.6164098978042603, 0.6168604493141174, 0.6132863163948059, 0.6144659519195557, 0.6194615364074707, 0.6131184101104736, 0.6159119606018066, 0.6163389682769775, 0.6136959195137024, 0.61635422706604, 0.6143530011177063, 0.6136686205863953, 0.6158971190452576, 0.6154725551605225, 0.6154584288597107, 0.6239877939224243, 0.6146825551986694, 0.6169766783714294, 0.6170551776885986, 0.6151589751243591, 0.614182710647583, 0.616430401802063, 0.6156023740768433, 0.6169357895851135, 0.6144193410873413, 0.6139920353889465, 0.6140918731689453, 0.6123245358467102, 0.6153428554534912, 0.6146409511566162, 0.6132786273956299, 0.6140214204788208, 0.6163365244865417, 0.6129782199859619, 0.6118852496147156, 0.6131263375282288, 0.6134025454521179, 0.6110444664955139, 0.6097663044929504, 0.6129128932952881, 0.6128423810005188, 0.6110809445381165, 0.6109116077423096, 0.6151561737060547, 0.6135843396186829, 0.6090332865715027, 0.6123359799385071, 0.6124715805053711, 0.6112980246543884, 0.6098201274871826, 0.6115345358848572, 0.6088516116142273, 0.6083576083183289],