{"train_loss": [0.6946344545909336, 0.6858487980706351, 0.6797049726758685, 0.6766271676336016, 0.6744407330240522, 0.6717017122677394, 0.6683309844561985, 0.6664819632257734, 0.663264376776559, 0.6593565174511501, 0.6568209188325065, 0.6530823792730059, 0.6507500665528434, 0.6480722257069179, 0.6475178343909127, 0.6434374281338283, 0.6419279830796378, 0.6396321654319763, 0.6380443487848554, 0.6345618367195129, 0.6319321734564645, 0.6330453838620868, 0.6290180512837001, 0.6289913398878915, 0.6237276707376752, 0.6187159674508231, 0.6200793640954154, 0.6195135031427655, 0.6161947761263166, 0.618332394531795, 0.615412780216762, 0.6114431619644165, 0.6105962310518537, 0.6104963762419564, 0.6168567453111921, 0.6133317862238202, 0.6129377995218549, 0.6125644019671849, 0.6085458142416817, 0.6131576980863299, 0.6034693973405021, 0.6102619171142578, 0.6109132255826678, 0.6046805126326424, 0.6031596234866551, 0.6026551978928703, 0.6043756689344134, 0.6074535080364772, 0.6022579669952393, 0.6055377806935992, 0.605666731085096, 0.6006403906004769, 0.6009760243552071, 0.6028392996106829, 0.6007850425583976, 0.6013781939234052, 0.6034158383096967, 0.5994308761187962, 0.5945596269198826, 0.6035752381597247, 0.6047754968915667, 0.5979154024805341, 0.5966597114290509, 0.6005331788744245, 0.6076350467545646, 0.6036048786980766, 0.5978389722960336, 0.6006455847195217, 0.6038852078574044, 0.6022092018808637, 0.5949034776006427, 0.5980689951351711, 0.5985411064965385, 0.5967036741120475, 0.5941462091037205, 0.6014504432678223, 0.5984704409326825, 0.5972851599965777, 0.5996525883674622, 0.5948444349425179, 0.5964533856936863, 0.6009041581835065, 0.5950022339820862, 0.5939027667045593, 0.5996831059455872, 0.595573195389339, 0.5923707485198975, 0.5933444329670498, 0.5879644496100289, 0.5942241890089852, 0.5914404307092939, 0.6010904567582267, 0.5919819729668754, 0.594277160508292, 0.5989778893334525, 0.5907929113933018, 0.5926827362605503, 0.5924373524529594, 0.5860617671694074, 0.5906410898481097], "train_acc": [0.48764044943820223, 0.5876404494382023, 0.5876404494382023, 0.5876404494382023, 0.5876404494382023, 0.5876404494382023, 0.5887640449438202, 0.5876404494382023, 0.6101123595505618, 0.6235955056179775, 0.6303370786516854, 0.6404494382022472, 0.6460674157303371, 0.648314606741573, 0.6573033707865169, 0.6561797752808989, 0.6561797752808989, 0.6550561797752809, 0.6606741573033708, 0.6629213483146067, 0.6662921348314607, 0.6449438202247191, 0.6640449438202247, 0.6820224719101123, 0.6707865168539325, 0.6820224719101123, 0.6786516853932584, 0.6752808988764045, 0.6876404494382022, 0.6865168539325842, 0.7, 0.7146067415730337, 0.6865168539325842, 0.7044943820224719, 0.6943820224719102, 0.6966292134831461, 0.7, 0.697752808988764, 0.701123595505618, 0.7056179775280899, 0.7, 0.701123595505618, 0.6943820224719102, 0.7044943820224719, 0.7078651685393258, 0.7033707865168539, 0.7033707865168539, 0.7033707865168539, 0.702247191011236, 0.697752808988764, 0.6842696629213483, 0.697752808988764, 0.6955056179775281, 0.702247191011236, 0.7078651685393258, 0.7044943820224719, 0.7067415730337079, 0.6943820224719102, 0.7056179775280899, 0.7, 0.7044943820224719, 0.7089887640449438, 0.7202247191011236, 0.6966292134831461, 0.702247191011236, 0.697752808988764, 0.7134831460674157, 0.7044943820224719, 0.697752808988764, 0.7078651685393258, 0.7134831460674157, 0.7033707865168539, 0.7033707865168539, 0.702247191011236, 0.7044943820224719, 0.7089887640449438, 0.7033707865168539, 0.7123595505617978, 0.6943820224719102, 0.7089887640449438, 0.7123595505617978, 0.7056179775280899, 0.7056179775280899, 0.7067415730337079, 0.701123595505618, 0.698876404494382, 0.7202247191011236, 0.7, 0.7067415730337079, 0.7157303370786516, 0.7078651685393258, 0.6943820224719102, 0.7078651685393258, 0.7067415730337079, 0.6876404494382022, 0.7112359550561798, 0.7123595505617978, 0.701123595505618, 0.7146067415730337, 0.7134831460674157], "val_loss": [0.6892860531806946, 0.6835004091262817, 0.680478572845459, 0.6791657209396362, 0.6779672503471375, 0.6758495569229126, 0.6741519570350647, 0.6718835234642029, 0.6697626709938049, 0.6684511303901672, 0.6671653985977173, 0.6654295325279236, 0.6632071733474731, 0.6612503528594971, 0.6581640243530273, 0.655734658241272, 0.6524276733398438, 0.6499592661857605, 0.6478323936462402, 0.6449776887893677, 0.641185462474823, 0.6403931379318237, 0.6354668140411377, 0.633252739906311, 0.6305209398269653, 0.6285956501960754, 0.626585841178894, 0.6238997578620911, 0.6232906579971313, 0.6215784549713135, 0.6186318397521973, 0.6170278191566467, 0.6158878803253174, 0.6150224208831787, 0.6139107346534729, 0.6137422323226929, 0.6113508939743042, 0.6115683317184448, 0.6105408072471619, 0.6095183491706848, 0.6084420084953308, 0.6080632209777832, 0.6072666645050049, 0.607174277305603, 0.6062418818473816, 0.6054187417030334, 0.606269359588623, 0.6047211289405823, 0.6047716736793518, 0.6037692427635193, 0.6034726500511169, 0.6023688316345215, 0.6020910143852234, 0.6020293831825256, 0.6011224985122681, 0.6012025475502014, 0.6010036468505859, 0.5995805859565735, 0.5993202328681946, 0.5989113450050354, 0.5984412431716919, 0.5989891886711121, 0.5997197031974792, 0.5976293087005615, 0.5971097350120544, 0.5975185632705688, 0.5965424180030823, 0.5968339443206787, 0.5963156223297119, 0.5952260494232178, 0.5945244431495667, 0.5944725871086121, 0.5949649214744568, 0.5952962040901184, 0.593542754650116, 0.5932326316833496, 0.5924540758132935, 0.592277467250824, 0.5916702747344971, 0.5916270613670349, 0.5912591814994812, 0.5912346839904785, 0.5906352996826172, 0.590190589427948, 0.5901219844818115, 0.589889407157898, 0.58895343542099, 0.5891715288162231, 0.5882858633995056, 0.5876659154891968, 0.5882863998413086, 0.5883892774581909, 0.5870926380157471, 0.5868780612945557, 0.5864341259002686, 0.5861139297485352, 0.5862749814987183, 0.5851730704307556, 0.5852610468864441, 0.5850235819816589], "val_acc": [0.5765765765765766, 0.5765765765765766, 0.5765765765765766, 0.5765765765765766, 0.5765765765765766, 0.5765765765765766, 0.5765765765765766, 0.5855855855855856, 0.6036036036036037, 0.6036036036036037, 0.6036036036036037, 0.6126126126126126, 0.6036036036036037, 0.6036036036036037, 0.6306306306306306, 0.6126126126126126, 0.6306306306306306, 0.6306306306306306, 0.6126126126126126, 0.6306306306306306, 0.6306306306306306, 0.6126126126126126, 0.6396396396396397, 0.6306306306306306, 0.6936936936936937, 0.7117117117117117, 0.7117117117117117, 0.6936936936936937, 0.6936936936936937, 0.7117117117117117, 0.7027027027027027, 0.7027027027027027, 0.6936936936936937, 0.7027027027027027, 0.7027027027027027, 0.7027027027027027, 0.7117117117117117, 0.6936936936936937, 0.7027027027027027, 0.7027027027027027, 0.7027027027027027, 0.7027027027027027, 0.7117117117117117, 0.7027027027027027, 0.7027027027027027, 0.7027027027027027, 0.7027027027027027, 0.7027027027027027, 0.7027027027027027, 0.7027027027027027, 0.7027027027027027, 0.6936936936936937, 0.7027027027027027, 0.7027027027027027, 0.7027027027027027, 0.7117117117117117, 0.6936936936936937, 0.7027027027027027, 0.7027027027027027, 0.6936936936936937, 0.7027027027027027, 0.7117117117117117, 0.6936936936936937, 0.7027027027027027, 0.7027027027027027, 0.7117117117117117, 0.6936936936936937, 0.6936936936936937, 0.7027027027027027, 0.7027027027027027, 0.7117117117117117, 0.6936936936936937, 0.6936936936936937, 0.7117117117117117, 0.6936936936936937, 0.7027027027027027, 0.6936936936936937, 0.7027027027027027, 0.7027027027027027, 0.6936936936936937, 0.6936936936936937, 0.6936936936936937, 0.7027027027027027, 0.7027027027027027, 0.6936936936936937, 0.7027027027027027, 0.7117117117117117, 0.7027027027027027, 0.7027027027027027, 0.7117117117117117, 0.6936936936936937, 0.7027027027027027, 0.7027027027027027, 0.7027027027027027, 0.7027027027027027, 0.7027027027027027, 0.7027027027027027, 0.6936936936936937, 0.7027027027027027, 0.7117117117117117]}