{"train_loss": [0.6901710884911674, 0.6793705480439323, 0.671484615121569, 0.6695980429649353, 0.6683096885681152, 0.6651947753770011, 0.6638582178524562, 0.6622312579836164, 0.6585221886634827, 0.6568685599735805, 0.6523599965231759, 0.6520763976233346, 0.648633565221514, 0.6471749884741647, 0.6434952616691589, 0.6395946741104126, 0.6333044001034328, 0.6333207402910505, 0.6305538501058306, 0.6240615248680115, 0.6250755786895752, 0.6164704390934536, 0.6099104455539158, 0.6101932866232735, 0.6090412395341056, 0.6043592265674046, 0.6025681155068534, 0.5996921743665423, 0.6022229875837054, 0.5956113253320966, 0.594650217464992, 0.5976340600422451, 0.5967875633920942, 0.5900930847440448, 0.5995011074202401, 0.5996739268302917, 0.5940902999469212, 0.5957045469965253, 0.5942146011761257, 0.5926134671483722, 0.5901005864143372, 0.5902514798300607, 0.582666414124625, 0.5932471922465733, 0.5835755041667393, 0.5852691531181335, 0.5848052757126945, 0.5885983109474182, 0.5833154235567365, 0.5844024590083531, 0.5817744987351554, 0.5803260973521641, 0.5847647104944501, 0.5932655760220119, 0.5804088882037571, 0.5803024768829346, 0.5811183793204171, 0.5809650506292071, 0.5740429759025574, 0.5779646379607064, 0.5778606108256749, 0.5747483117239816, 0.5733008555003575, 0.5773910369191851, 0.5779965775353568, 0.5829724499157497, 0.576781690120697, 0.5800083705357143, 0.5823378307478768, 0.5773926462445941, 0.5760743532861982, 0.5712505919592721, 0.5734081012862069, 0.5778436831065586, 0.5676628691809518, 0.5781602008002145, 0.5793723208563668, 0.5704829181943621, 0.567108154296875, 0.5727834871837071, 0.5735483552728381, 0.5671653492110116, 0.5580591091087886, 0.572004897253854, 0.5670214210237775, 0.5674221004758563, 0.5643496172768729, 0.566115711416517, 0.561639530318124, 0.5583754692758832, 0.5648586707455772, 0.5656963586807251, 0.5584899697984967, 0.5574144039835248, 0.5576328805514744, 0.5688466344560895, 0.562127845627921, 0.563424927847726, 0.5646675910268512, 0.5549902830805097], "train_acc": [0.5550561797752809, 0.6022471910112359, 0.6022471910112359, 0.6022471910112359, 0.6022471910112359, 0.6022471910112359, 0.6022471910112359, 0.6022471910112359, 0.6033707865168539, 0.6067415730337079, 0.6101123595505618, 0.6168539325842697, 0.6337078651685393, 0.6258426966292134, 0.6325842696629214, 0.6292134831460674, 0.651685393258427, 0.647191011235955, 0.6438202247191012, 0.6853932584269663, 0.6730337078651686, 0.6730337078651686, 0.6943820224719102, 0.7101123595505618, 0.7056179775280899, 0.7067415730337079, 0.7033707865168539, 0.7179775280898877, 0.7044943820224719, 0.7134831460674157, 0.7089887640449438, 0.7224719101123596, 0.702247191011236, 0.7157303370786516, 0.7044943820224719, 0.7, 0.7146067415730337, 0.6853932584269663, 0.7123595505617978, 0.6932584269662921, 0.7168539325842697, 0.7191011235955056, 0.7235955056179775, 0.7112359550561798, 0.7202247191011236, 0.7134831460674157, 0.7112359550561798, 0.7101123595505618, 0.7078651685393258, 0.7089887640449438, 0.7112359550561798, 0.702247191011236, 0.7202247191011236, 0.7146067415730337, 0.7101123595505618, 0.7123595505617978, 0.7078651685393258, 0.7179775280898877, 0.7146067415730337, 0.7213483146067415, 0.7348314606741573, 0.7213483146067415, 0.7247191011235955, 0.7202247191011236, 0.7112359550561798, 0.7078651685393258, 0.7168539325842697, 0.7191011235955056, 0.7224719101123596, 0.7134831460674157, 0.7168539325842697, 0.7134831460674157, 0.7134831460674157, 0.7157303370786516, 0.7337078651685394, 0.7168539325842697, 0.7067415730337079, 0.7168539325842697, 0.7213483146067415, 0.7314606741573034, 0.7101123595505618, 0.7348314606741573, 0.7382022471910112, 0.7179775280898877, 0.7224719101123596, 0.7146067415730337, 0.7370786516853932, 0.7179775280898877, 0.7235955056179775, 0.7359550561797753, 0.7213483146067415, 0.7191011235955056, 0.7179775280898877, 0.7348314606741573, 0.7404494382022472, 0.7280898876404495, 0.7280898876404495, 0.7280898876404495, 0.7269662921348314, 0.7370786516853932], "val_loss": [0.689305305480957, 0.687847375869751, 0.6899687051773071, 0.6925039887428284, 0.6906806826591492, 0.6856661438941956, 0.6825960278511047, 0.6785564422607422, 0.6773291230201721, 0.6773802042007446, 0.6719523668289185, 0.6687787175178528, 0.6644375324249268, 0.6596198081970215, 0.6577807664871216, 0.6555622816085815, 0.649624228477478, 0.6458777189254761, 0.6434940099716187, 0.6337828040122986, 0.6402362585067749, 0.6312333941459656, 0.6282156109809875, 0.6283928155899048, 0.6253158450126648, 0.624695897102356, 0.6223898530006409, 0.6168566346168518, 0.6162998080253601, 0.6195145845413208, 0.618932843208313, 0.6155552864074707, 0.6123931407928467, 0.6146153211593628, 0.6139613389968872, 0.6110477447509766, 0.6133933663368225, 0.6163658499717712, 0.6061002612113953, 0.615093469619751, 0.6114060282707214, 0.6064651608467102, 0.6091390252113342, 0.6058571338653564, 0.6107006669044495, 0.613706111907959, 0.6029842495918274, 0.6119537353515625, 0.6076124906539917, 0.6026279330253601, 0.6110749840736389, 0.6076450347900391, 0.6062514185905457, 0.6009978652000427, 0.6056833863258362, 0.6117737293243408, 0.6024773120880127, 0.6075667142868042, 0.6050953269004822, 0.6027382612228394, 0.605484127998352, 0.6086994409561157, 0.6044514179229736, 0.6019760966300964, 0.605579137802124, 0.6061404943466187, 0.597126841545105, 0.6061357259750366, 0.6057825684547424, 0.5989527106285095, 0.6077702045440674, 0.5957804322242737, 0.6081666946411133, 0.6078541874885559, 0.5956117510795593, 0.5973498821258545, 0.615932285785675, 0.5959032773971558, 0.5961469411849976, 0.6101129055023193, 0.6036455035209656, 0.5932815074920654, 0.6050095558166504, 0.6051670908927917, 0.6006223559379578, 0.5968188047409058, 0.6002858281135559, 0.6022019386291504, 0.5977165102958679, 0.5985864400863647, 0.6022164821624756, 0.5994572043418884, 0.5990566611289978, 0.5947620868682861, 0.5969290733337402, 0.6025035977363586, 0.597866415977478, 0.5951650738716125, 0.6032187938690186, 0.5949406027793884],