{"train_loss": [0.7196465134620667, 0.6798260382243565, 0.6813893573624747, 0.674161068030766, 0.6748192821230207, 0.6725359644208636, 0.671469007219587, 0.6660070674760001, 0.6690786736352103, 0.6652971676417759, 0.6666113308497837, 0.6650918892451695, 0.66072507415499, 0.6585836325372968, 0.6593886358397347, 0.6542366828237262, 0.6528976559638977, 0.6513804623058864, 0.6512968029294696, 0.6441191945757184, 0.6494078125272479, 0.6430750063487461, 0.6393627098628453, 0.6427556616919381, 0.6306531173842294, 0.6301336118153164, 0.629661134311131, 0.6365721566336495, 0.6257194025175912, 0.6279105714389256, 0.6248176779065814, 0.6190788405282157, 0.61905608858381, 0.6161606652396066, 0.617053142615727, 0.6292572787829808, 0.6188154731478009, 0.6168360539845058, 0.609880098274776, 0.6153928807803563, 0.6149095552308219, 0.6043296456336975, 0.6060097473008292, 0.6034326979092189, 0.6058406404086522, 0.6041146176201957, 0.6038677436964852, 0.6049901332174029, 0.5970776762281146, 0.5929046017783028, 0.5992358241762433, 0.5961282679012844, 0.5985237274851117, 0.5902631027357919, 0.5980863400868007, 0.5984736510685512, 0.5956250514302935, 0.5925727827208382, 0.593724650996072, 0.5869730625833783, 0.5942236270223346, 0.5877028618540082, 0.5856565492493766, 0.5910276855741229, 0.5860227261270795, 0.5860725215503148, 0.5967523881367275, 0.5839116743632725, 0.5887432183538165, 0.5891652447836739, 0.5932274886540004, 0.5884685942104885, 0.5838148934500558, 0.5815063800130572, 0.5836904559816632, 0.5864591385637011, 0.5824211410113743, 0.5758414268493652, 0.5809784616742816, 0.5758645449365888, 0.5881973079272679, 0.587847752230508, 0.5677215882710048, 0.5829475947788784, 0.5737107651574271, 0.5842251777648926, 0.5713184986795697, 0.5810417532920837, 0.5714436684335981, 0.5820095453943525, 0.5687119449887957, 0.5867106318473816, 0.5670207483427865, 0.5652836561203003, 0.5778002653803144, 0.5679413420813424, 0.5713489140783038, 0.5697897502354213, 0.571560093334743, 0.5706431099346706], "train_acc": [0.4404494382022472, 0.5921348314606741, 0.5876404494382023, 0.5876404494382023, 0.5865168539325842, 0.5910112359550562, 0.5898876404494382, 0.596629213483146, 0.6179775280898876, 0.6303370786516854, 0.6146067415730337, 0.6449438202247191, 0.6337078651685393, 0.6415730337078651, 0.651685393258427, 0.6382022471910113, 0.6370786516853932, 0.6426966292134831, 0.6494382022471911, 0.6494382022471911, 0.6449438202247191, 0.6370786516853932, 0.6539325842696629, 0.6595505617977528, 0.6449438202247191, 0.6764044943820224, 0.6606741573033708, 0.6662921348314607, 0.6820224719101123, 0.6606741573033708, 0.6775280898876405, 0.6865168539325842, 0.6820224719101123, 0.698876404494382, 0.7033707865168539, 0.6573033707865169, 0.6797752808988764, 0.6910112359550562, 0.6910112359550562, 0.6932584269662921, 0.6842696629213483, 0.7, 0.6932584269662921, 0.6966292134831461, 0.6943820224719102, 0.6898876404494382, 0.7067415730337079, 0.6876404494382022, 0.7112359550561798, 0.6887640449438203, 0.6921348314606741, 0.7044943820224719, 0.7033707865168539, 0.7112359550561798, 0.698876404494382, 0.702247191011236, 0.7112359550561798, 0.7033707865168539, 0.7, 0.7056179775280899, 0.6876404494382022, 0.7056179775280899, 0.7067415730337079, 0.6865168539325842, 0.7269662921348314, 0.7, 0.7044943820224719, 0.7101123595505618, 0.6966292134831461, 0.6966292134831461, 0.6966292134831461, 0.698876404494382, 0.7089887640449438, 0.7168539325842697, 0.7123595505617978, 0.7134831460674157, 0.7033707865168539, 0.7056179775280899, 0.701123595505618, 0.7089887640449438, 0.698876404494382, 0.7067415730337079, 0.7134831460674157, 0.7168539325842697, 0.7078651685393258, 0.698876404494382, 0.7168539325842697, 0.7101123595505618, 0.7191011235955056, 0.7, 0.7247191011235955, 0.7067415730337079, 0.7044943820224719, 0.7191011235955056, 0.7033707865168539, 0.7235955056179775, 0.7033707865168539, 0.7202247191011236, 0.7235955056179775, 0.7191011235955056], "val_loss": [0.6867088675498962, 0.6890105605125427, 0.6845070123672485, 0.6801738739013672, 0.6790324449539185, 0.6779741644859314, 0.6787046194076538, 0.6772785782814026, 0.6759198904037476, 0.6761456727981567, 0.6756476163864136, 0.6745709776878357, 0.6728766560554504, 0.6702762842178345, 0.6671440005302429, 0.6656540036201477, 0.6607864499092102, 0.6579472422599792, 0.6560131311416626, 0.6523593068122864, 0.6484057903289795, 0.6489886045455933, 0.6423037648200989, 0.6400938034057617, 0.6350202560424805, 0.6325387358665466, 0.6287631392478943, 0.6253873109817505, 0.6276044845581055, 0.6200095415115356, 0.6183293461799622, 0.6180936694145203, 0.6135451793670654, 0.6122997999191284, 0.6100326180458069, 0.6108862161636353, 0.6093450784683228, 0.6124897599220276, 0.6044537425041199, 0.6029499769210815, 0.6023135781288147, 0.6003422141075134, 0.5980279445648193, 0.5972818732261658, 0.5955106616020203, 0.596651017665863, 0.5941829681396484, 0.5935350656509399, 0.5919207334518433, 0.5894218683242798, 0.5894172191619873, 0.5876515507698059, 0.587043821811676, 0.5864978432655334, 0.58594810962677, 0.5898904204368591, 0.5838937163352966, 0.5837204456329346, 0.5814899206161499, 0.5825308561325073, 0.5791746973991394, 0.578193724155426, 0.5775237083435059, 0.5787874460220337, 0.5775447487831116, 0.5815965533256531, 0.5763211846351624, 0.5767442584037781, 0.5733823776245117, 0.5735587477684021, 0.5729621052742004, 0.5748865008354187, 0.5733053088188171, 0.5692240595817566, 0.570602297782898, 0.5683477520942688, 0.5714932680130005, 0.5680652856826782, 0.5661675333976746, 0.5666664838790894, 0.5672537088394165, 0.5666232705116272, 0.565283477306366, 0.5639836192131042, 0.5655001997947693, 0.5652639865875244, 0.5629006028175354, 0.5618029832839966, 0.561489999294281, 0.5607737898826599, 0.5638505816459656, 0.5612314343452454, 0.5605348944664001, 0.5592549443244934, 0.5622437000274658, 0.5584465265274048, 0.5582385659217834, 0.5557559132575989, 0.5558724999427795, 0.5556831359863281], "val_acc": [0.5765765765765766, 0.5765765765765766, 0.5765765765765766, 0.5765765765765766, 0.5765765765765766, 0.5855855855855856, 0.5765765765765766, 0.5765765765765766, 0.6036036036036037, 0.6036036036036037, 0.6036036036036037, 0.6036036036036037, 0.5855855855855856, 0.5945945945945946, 0.5855855855855856, 0.5945945945945946, 0.6036036036036037, 0.5945945945945946, 0.6126126126126126, 0.5945945945945946, 0.5855855855855856, 0.6036036036036037, 0.6396396396396397, 0.5945945945945946, 0.6936936936936937, 0.6306306306306306, 0.6756756756756757, 0.6936936936936937, 0.6756756756756757, 0.6846846846846847, 0.6936936936936937, 0.6756756756756757, 0.6936936936936937, 0.7027027027027027, 0.6936936936936937, 0.6936936936936937, 0.6846846846846847, 0.6576576576576577, 0.7027027027027027, 0.7117117117117117, 0.7027027027027027, 0.7117117117117117, 0.6936936936936937, 0.7027027027027027, 0.7027027027027027, 0.7027027027027027, 0.7117117117117117, 0.7027027027027027, 0.7117117117117117, 0.7027027027027027, 0.7027027027027027, 0.7027027027027027, 0.7027027027027027, 0.7027027027027027, 0.7117117117117117, 0.6936936936936937, 0.7027027027027027, 0.7027027027027027, 0.7117117117117117, 0.7117117117117117, 0.7117117117117117, 0.7207207207207207, 0.7207207207207207, 0.7027027027027027, 0.7027027027027027, 0.6936936936936937, 0.7027027027027027, 0.7027027027027027, 0.7027027027027027, 0.7117117117117117, 0.7027027027027027, 0.7027027027027027, 0.7027027027027027, 0.7027027027027027, 0.7117117117117117, 0.7117117117117117, 0.7117117117117117, 0.7027027027027027, 0.7027027027027027, 0.7117117117117117, 0.7117117117117117, 0.7117117117117117, 0.7117117117117117, 0.6936936936936937, 0.7117117117117117, 0.7117117117117117, 0.7027027027027027, 0.6936936936936937, 0.7027027027027027, 0.7117117117117117, 0.7117117117117117, 0.6936936936936937, 0.7027027027027027, 0.6936936936936937, 0.6936936936936937, 0.6936936936936937, 0.7027027027027027, 0.7117117117117117, 0.6846846846846847, 0.6936936936936937]}