{"train_loss": [1.8096873462200165, 1.793910652399063, 1.7876695692539215, 1.7694795429706573, 1.769556850194931, 1.757980465888977, 1.7536140978336334, 1.7605711817741394, 1.7554858326911926, 1.757381111383438, 1.7614448368549347, 1.7503650784492493, 1.7530312240123749, 1.7450520396232605, 1.7449557483196259, 1.74396550655365, 1.7503639161586761, 1.7591635286808014, 1.749297708272934, 1.750666230916977, 1.7560080289840698, 1.7455118894577026, 1.7501160800457, 1.76035276055336, 1.7498310804367065, 1.7465824782848358, 1.7366247177124023, 1.7414762079715729, 1.7335765659809113, 1.7413466274738312, 1.7656596302986145, 1.761445939540863, 1.75514617562294, 1.739627867937088, 1.7431345283985138, 1.7407989203929901, 1.7414948344230652, 1.7414464950561523, 1.7300854921340942, 1.7344231307506561, 1.7355574667453766, 1.7485559284687042, 1.7422447502613068, 1.734210878610611, 1.7351144850254059, 1.7278334498405457, 1.7176427841186523, 1.7163322567939758, 1.6902725994586945, 1.6952322125434875, 1.688920110464096, 1.7026691436767578, 1.7057101726531982, 1.699342966079712, 1.693325161933899, 1.685664713382721, 1.6820190250873566, 1.6636269986629486, 1.6804105639457703, 1.6750450134277344, 1.6721820533275604, 1.662568360567093, 1.6590631306171417, 1.6534970998764038, 1.6773023307323456, 1.6947305798530579, 1.6700066924095154, 1.6563507914543152, 1.6622570157051086, 1.6710953116416931, 1.6678277552127838, 1.6660047769546509, 1.6685129404067993, 1.65746009349823, 1.662401795387268, 1.6587191224098206, 1.6463248133659363, 1.6568007171154022, 1.6325183510780334, 1.6629121899604797, 1.635649710893631, 1.6391023993492126, 1.641951322555542, 1.6405915915966034, 1.6302910149097443, 1.6671478748321533, 1.673877775669098, 1.6761908829212189, 1.6777421236038208, 1.6614368259906769, 1.6415184438228607, 1.6341079473495483, 1.643193393945694, 1.6424079239368439, 1.6713847219944, 1.6269379258155823, 1.632993370294571, 1.6234963238239288, 1.6202605664730072, 1.6253706514835358], "train_acc": [0.16041666666666668, 0.19791666666666666, 0.21041666666666667, 0.2125, 0.19791666666666666, 0.20208333333333334, 0.26666666666666666, 0.18541666666666667, 0.2604166666666667, 0.225, 0.23958333333333334, 0.225, 0.21041666666666667, 0.25, 0.2520833333333333, 0.23125, 0.2520833333333333, 0.21041666666666667, 0.2604166666666667, 0.24583333333333332, 0.20416666666666666, 0.28125, 0.25416666666666665, 0.23541666666666666, 0.29791666666666666, 0.21875, 0.26458333333333334, 0.25833333333333336, 0.25833333333333336, 0.2375, 0.2604166666666667, 0.22708333333333333, 0.225, 0.21875, 0.23958333333333334, 0.27291666666666664, 0.24375, 0.20833333333333334, 0.2520833333333333, 0.26875, 0.25416666666666665, 0.25416666666666665, 0.25833333333333336, 0.2604166666666667, 0.25416666666666665, 0.22916666666666666, 0.2791666666666667, 0.30625, 0.28541666666666665, 0.26875, 0.2833333333333333, 0.26666666666666666, 0.28958333333333336, 0.29791666666666666, 0.23958333333333334, 0.30416666666666664, 0.2625, 0.28958333333333336, 0.29791666666666666, 0.2916666666666667, 0.275, 0.2791666666666667, 0.31875, 0.29375, 0.28958333333333336, 0.2833333333333333, 0.3, 0.28125, 0.31666666666666665, 0.3020833333333333, 0.2791666666666667, 0.30416666666666664, 0.26666666666666666, 0.31666666666666665, 0.30833333333333335, 0.29375, 0.3104166666666667, 0.3145833333333333, 0.30833333333333335, 0.31875, 0.32708333333333334, 0.30625, 0.30833333333333335, 0.3333333333333333, 0.3145833333333333, 0.28541666666666665, 0.26875, 0.30625, 0.2916666666666667, 0.29583333333333334, 0.3104166666666667, 0.31666666666666665, 0.30833333333333335, 0.325, 0.32916666666666666, 0.3104166666666667, 0.3020833333333333, 0.32083333333333336, 0.30416666666666664, 0.32916666666666666], "val_loss": [1.7997452020645142, 1.7806568145751953, 1.7663143873214722, 1.7796345949172974, 1.736817717552185, 1.7718127965927124, 1.7647794485092163, 1.762925386428833, 1.7706619501113892, 1.7697035074234009, 1.7763134241104126, 1.7444093227386475, 1.7744415998458862, 1.7609081268310547, 1.7392921447753906, 1.7635514736175537, 1.7556483745574951, 1.7384387254714966, 1.7855188846588135, 1.7385972738265991, 1.7354679107666016, 1.7627109289169312, 1.7634564638137817, 1.7796605825424194, 1.71152925491333, 1.7298160791397095, 1.7956528663635254, 1.7106174230575562, 1.7266312837600708, 1.7060332298278809, 1.7753093242645264, 1.7544344663619995, 1.769060492515564, 1.7548675537109375, 1.7605538368225098, 1.7620551586151123, 1.7460044622421265, 1.7506964206695557, 1.7225266695022583, 1.7423349618911743, 1.7183396816253662, 1.763010859489441, 1.7935951948165894, 1.7580705881118774, 1.7115157842636108, 1.7414660453796387, 1.7094186544418335, 1.7081971168518066, 1.716544270515442, 1.6395736932754517, 1.703197956085205, 1.6144737005233765, 1.7275519371032715, 1.6397901773452759, 1.6577485799789429, 1.6932988166809082, 1.677269697189331, 1.652486801147461, 1.6791125535964966, 1.6186041831970215, 1.637141466140747, 1.6608220338821411, 1.6155955791473389, 1.6174640655517578, 1.7458856105804443, 1.637784481048584, 1.6044528484344482, 1.6530412435531616, 1.696161150932312, 1.6571762561798096, 1.6181517839431763, 1.6431381702423096, 1.594085931777954, 1.5825676918029785, 1.6326433420181274, 1.6103731393814087, 1.6319992542266846, 1.5976887941360474, 1.6203758716583252, 1.57843017578125, 1.618436336517334, 1.5591567754745483, 1.5615482330322266, 1.60133695602417, 1.635154128074646, 1.6161938905715942, 1.6250280141830444, 1.6822336912155151, 1.6248952150344849, 1.5684324502944946, 1.6058900356292725, 1.5766369104385376, 1.5746350288391113, 1.5531201362609863, 1.585995078086853, 1.542785406112671, 1.5805058479309082, 1.5648540258407593, 1.5436019897460938, 1.5854536294937134], "val_acc": [0.18333333333333332, 0.23333333333333334, 0.2, 0.21666666666666667, 0.16666666666666666, 0.16666666666666666, 0.18333333333333332, 0.21666666666666667, 0.16666666666666666, 0.2, 0.21666666666666667, 0.21666666666666667, 0.16666666666666666, 0.21666666666666667, 0.21666666666666667, 0.23333333333333334, 0.18333333333333332, 0.16666666666666666, 0.23333333333333334, 0.15, 0.26666666666666666, 0.21666666666666667, 0.18333333333333332, 0.26666666666666666, 0.2, 0.2, 0.21666666666666667, 0.23333333333333334, 0.26666666666666666, 0.23333333333333334, 0.25, 0.2, 0.18333333333333332, 0.2, 0.18333333333333332, 0.16666666666666666, 0.16666666666666666, 0.21666666666666667, 0.18333333333333332, 0.21666666666666667, 0.21666666666666667, 0.23333333333333334, 0.25, 0.23333333333333334, 0.18333333333333332, 0.25, 0.23333333333333334, 0.23333333333333334, 0.23333333333333334, 0.2, 0.31666666666666665, 0.36666666666666664, 0.26666666666666666, 0.26666666666666666, 0.25, 0.26666666666666666, 0.15, 0.2833333333333333, 0.25, 0.35, 0.25, 0.25, 0.2833333333333333, 0.36666666666666664, 0.21666666666666667, 0.26666666666666666, 0.4, 0.26666666666666666, 0.21666666666666667, 0.3333333333333333, 0.36666666666666664, 0.35, 0.31666666666666665, 0.35, 0.23333333333333334, 0.3333333333333333, 0.4, 0.3333333333333333, 0.43333333333333335, 0.35, 0.26666666666666666, 0.4166666666666667, 0.4, 0.35, 0.31666666666666665, 0.26666666666666666, 0.2833333333333333, 0.31666666666666665, 0.31666666666666665, 0.38333333333333336, 0.36666666666666664, 0.4, 0.36666666666666664, 0.43333333333333335, 0.35, 0.3333333333333333, 0.35, 0.35, 0.3, 0.36666666666666664]}