{"train_loss": [1.8021312952041626, 1.7933793663978577, 1.790868729352951, 1.7684054374694824, 1.777739942073822, 1.7698334157466888, 1.776256114244461, 1.7704078555107117, 1.762065589427948, 1.7585942149162292, 1.7595170438289642, 1.7686186730861664, 1.756212741136551, 1.7642231583595276, 1.7607944011688232, 1.7613581418991089, 1.7564867436885834, 1.7607621848583221, 1.7586897313594818, 1.7516979575157166, 1.7572879195213318, 1.753781497478485, 1.7486546635627747, 1.7544623911380768, 1.771730214357376, 1.7883287072181702, 1.7695181965827942, 1.7557995319366455, 1.7606890201568604, 1.7587558925151825, 1.7590953409671783, 1.7518830299377441, 1.75497168302536, 1.7533739805221558, 1.7772319912910461, 1.766504943370819, 1.7606233656406403, 1.7622861564159393, 1.7569655776023865, 1.7572298645973206, 1.7479173839092255, 1.748103529214859, 1.7473602294921875, 1.7544278800487518, 1.755677968263626, 1.7438984513282776, 1.7378883957862854, 1.7639012932777405, 1.755502074956894, 1.7545525431632996, 1.7570933401584625, 1.754639446735382, 1.7543692290782928, 1.740805596113205, 1.7410596311092377, 1.7400785684585571, 1.7508962750434875, 1.7416257560253143, 1.7449250519275665, 1.7436665296554565, 1.7284643352031708, 1.728050410747528, 1.7345203757286072, 1.7399058640003204, 1.7480285465717316, 1.734881579875946, 1.7354698181152344, 1.7280472815036774, 1.7268163561820984, 1.7181230783462524, 1.7245168387889862, 1.701604187488556, 1.7026809453964233, 1.7269916832447052, 1.71322700381279, 1.6979293823242188, 1.7007758617401123, 1.6893340349197388, 1.689539611339569, 1.6819639801979065, 1.6776524782180786, 1.705834299325943, 1.698405921459198, 1.6927577257156372, 1.6971434652805328, 1.681671380996704, 1.6731241643428802, 1.6579131484031677, 1.6512354612350464, 1.6610154211521149, 1.7124197781085968, 1.670729011297226, 1.6660860478878021, 1.6671275794506073, 1.6715676188468933, 1.6626258194446564, 1.6634824872016907, 1.6316178441047668, 1.6491870284080505, 1.6663935780525208], "train_acc": [0.20833333333333334, 0.15, 0.20833333333333334, 0.22291666666666668, 0.21666666666666667, 0.19583333333333333, 0.20416666666666666, 0.19375, 0.20208333333333334, 0.20208333333333334, 0.175, 0.20416666666666666, 0.22708333333333333, 0.24166666666666667, 0.20208333333333334, 0.20208333333333334, 0.21666666666666667, 0.20625, 0.18333333333333332, 0.20208333333333334, 0.26875, 0.22916666666666666, 0.22708333333333333, 0.23958333333333334, 0.23541666666666666, 0.19166666666666668, 0.20208333333333334, 0.24166666666666667, 0.23958333333333334, 0.24375, 0.24583333333333332, 0.2375, 0.23958333333333334, 0.26666666666666666, 0.24166666666666667, 0.22708333333333333, 0.23125, 0.2604166666666667, 0.27291666666666664, 0.26875, 0.225, 0.23958333333333334, 0.2708333333333333, 0.19166666666666668, 0.21875, 0.22291666666666668, 0.20625, 0.24791666666666667, 0.20416666666666666, 0.20625, 0.23333333333333334, 0.2125, 0.22083333333333333, 0.22083333333333333, 0.25416666666666665, 0.23125, 0.22708333333333333, 0.23333333333333334, 0.23958333333333334, 0.21875, 0.21041666666666667, 0.25833333333333336, 0.225, 0.26666666666666666, 0.19791666666666666, 0.25416666666666665, 0.24375, 0.25416666666666665, 0.2625, 0.2520833333333333, 0.2708333333333333, 0.28125, 0.27291666666666664, 0.2875, 0.25416666666666665, 0.26666666666666666, 0.26666666666666666, 0.3020833333333333, 0.27708333333333335, 0.3, 0.29791666666666666, 0.2833333333333333, 0.30416666666666664, 0.30625, 0.2791666666666667, 0.2875, 0.26458333333333334, 0.29375, 0.29583333333333334, 0.3145833333333333, 0.28125, 0.2833333333333333, 0.2916666666666667, 0.30833333333333335, 0.2916666666666667, 0.32083333333333336, 0.3125, 0.33125, 0.3104166666666667, 0.3125], "val_loss": [1.8065851926803589, 1.795426845550537, 1.8010443449020386, 1.7865337133407593, 1.7591878175735474, 1.7983614206314087, 1.7843496799468994, 1.7890535593032837, 1.7884217500686646, 1.789818525314331, 1.786911129951477, 1.79608952999115, 1.7948334217071533, 1.7847087383270264, 1.7852438688278198, 1.785495400428772, 1.7869690656661987, 1.7916518449783325, 1.7996505498886108, 1.77732253074646, 1.7848860025405884, 1.8003723621368408, 1.7734756469726562, 1.7977925539016724, 1.8054149150848389, 1.8325101137161255, 1.7908809185028076, 1.8072000741958618, 1.7752164602279663, 1.7676379680633545, 1.7780486345291138, 1.7849020957946777, 1.7990384101867676, 1.7652108669281006, 1.7849572896957397, 1.7960686683654785, 1.7830909490585327, 1.7731685638427734, 1.7813609838485718, 1.7811839580535889, 1.7850333452224731, 1.7713947296142578, 1.7929553985595703, 1.79514479637146, 1.788453221321106, 1.7722222805023193, 1.7876496315002441, 1.7941746711730957, 1.8134759664535522, 1.7828775644302368, 1.7888948917388916, 1.7740135192871094, 1.7724738121032715, 1.7887470722198486, 1.7721443176269531, 1.7949120998382568, 1.7704846858978271, 1.7618919610977173, 1.8232074975967407, 1.7826396226882935, 1.7557227611541748, 1.7797417640686035, 1.7862377166748047, 1.8082231283187866, 1.7430057525634766, 1.7642765045166016, 1.7819467782974243, 1.7614028453826904, 1.7546031475067139, 1.8050272464752197, 1.7484947443008423, 1.74602210521698, 1.7746206521987915, 1.7975021600723267, 1.707828402519226, 1.7750340700149536, 1.756934642791748, 1.7609143257141113, 1.6911896467208862, 1.7667492628097534, 1.7585411071777344, 1.764086365699768, 1.7389988899230957, 1.7643420696258545, 1.7424399852752686, 1.7088433504104614, 1.697717308998108, 1.7374287843704224, 1.7161649465560913, 1.8159613609313965, 1.6806528568267822, 1.7564029693603516, 1.7131431102752686, 1.7626616954803467, 1.7209761142730713, 1.781790018081665, 1.7342637777328491, 1.7410684823989868, 1.7399200201034546, 1.7038757801055908], "val_acc": [0.16666666666666666, 0.08333333333333333, 0.18333333333333332, 0.13333333333333333, 0.16666666666666666, 0.18333333333333332, 0.16666666666666666, 0.16666666666666666, 0.16666666666666666, 0.16666666666666666, 0.1, 0.2, 0.18333333333333332, 0.2, 0.16666666666666666, 0.16666666666666666, 0.15, 0.15, 0.13333333333333333, 0.3, 0.2, 0.21666666666666667, 0.2, 0.16666666666666666, 0.16666666666666666, 0.11666666666666667, 0.16666666666666666, 0.26666666666666666, 0.2, 0.2, 0.21666666666666667, 0.18333333333333332, 0.2, 0.21666666666666667, 0.15, 0.2, 0.25, 0.25, 0.21666666666666667, 0.25, 0.18333333333333332, 0.25, 0.16666666666666666, 0.15, 0.2, 0.18333333333333332, 0.16666666666666666, 0.18333333333333332, 0.15, 0.21666666666666667, 0.15, 0.18333333333333332, 0.23333333333333334, 0.18333333333333332, 0.2, 0.2, 0.21666666666666667, 0.23333333333333334, 0.16666666666666666, 0.16666666666666666, 0.21666666666666667, 0.23333333333333334, 0.21666666666666667, 0.2, 0.25, 0.18333333333333332, 0.23333333333333334, 0.2, 0.2, 0.21666666666666667, 0.23333333333333334, 0.18333333333333332, 0.2, 0.2, 0.21666666666666667, 0.18333333333333332, 0.23333333333333334, 0.2, 0.2, 0.18333333333333332, 0.26666666666666666, 0.21666666666666667, 0.18333333333333332, 0.21666666666666667, 0.2, 0.23333333333333334, 0.31666666666666665, 0.16666666666666666, 0.25, 0.18333333333333332, 0.23333333333333334, 0.25, 0.25, 0.21666666666666667, 0.21666666666666667, 0.18333333333333332, 0.23333333333333334, 0.26666666666666666, 0.23333333333333334, 0.26666666666666666]}