{"train_loss": [1.7957820892333984, 1.794933259487152, 1.794683188199997, 1.7939815819263458, 1.794215589761734, 1.7934457659721375, 1.793364256620407, 1.7925589978694916, 1.7928669154644012, 1.7918255627155304, 1.7914268672466278, 1.790695458650589, 1.7922223508358002, 1.7917539179325104, 1.7905025482177734, 1.7919840514659882, 1.7912295460700989, 1.7910888195037842, 1.7912803292274475, 1.7902700006961823, 1.7907879948616028, 1.7903802394866943, 1.79030442237854, 1.791096568107605, 1.790228545665741, 1.7876846492290497, 1.7883509397506714, 1.7859869599342346, 1.782122641801834, 1.7824600636959076, 1.782136231660843, 1.7798393666744232, 1.7785570919513702, 1.7766650915145874, 1.775336503982544, 1.7734969556331635, 1.769349753856659, 1.7705025374889374, 1.764288067817688, 1.7564201951026917, 1.7620266377925873, 1.769401103258133, 1.7572330236434937, 1.7599433958530426, 1.7544173896312714, 1.762499064207077, 1.7526699304580688, 1.7610780000686646, 1.7542844712734222, 1.7598786056041718, 1.7581899464130402, 1.7592198848724365, 1.753400057554245, 1.759342223405838, 1.7523225843906403, 1.7580053210258484, 1.757060170173645, 1.7539305090904236, 1.7560595870018005, 1.7549013197422028, 1.7540467381477356, 1.7554320394992828, 1.7530186772346497, 1.7523387670516968, 1.7533411085605621, 1.7496100962162018, 1.749822735786438, 1.751181721687317, 1.7549555897712708, 1.7488464713096619, 1.7516055405139923, 1.7527699768543243, 1.74561408162117, 1.7494952976703644, 1.7579697966575623, 1.752475082874298, 1.7484491467475891, 1.747195065021515, 1.7489135265350342, 1.7501906752586365, 1.7474061250686646, 1.7435609102249146, 1.7560339868068695, 1.7489375472068787, 1.7422859072685242, 1.7479185163974762, 1.7379755973815918, 1.743778944015503, 1.7374190986156464, 1.7380898594856262, 1.7374929189682007, 1.7338871657848358, 1.7451893091201782, 1.7363110780715942, 1.7317026555538177, 1.74384343624115, 1.7314371466636658, 1.7342387735843658, 1.7422424256801605, 1.728555142879486], "train_acc": [0.16875, 0.16875, 0.16875, 0.16666666666666666, 0.16875, 0.16875, 0.16875, 0.16875, 0.16458333333333333, 0.16458333333333333, 0.16875, 0.16875, 0.14375, 0.14375, 0.1625, 0.16041666666666668, 0.17916666666666667, 0.15625, 0.15833333333333333, 0.19166666666666668, 0.16458333333333333, 0.16041666666666668, 0.16041666666666668, 0.16458333333333333, 0.16875, 0.17083333333333334, 0.1625, 0.15, 0.16458333333333333, 0.15625, 0.1625, 0.18958333333333333, 0.20416666666666666, 0.22083333333333333, 0.21458333333333332, 0.21041666666666667, 0.24375, 0.21666666666666667, 0.2375, 0.25833333333333336, 0.22291666666666668, 0.22708333333333333, 0.24375, 0.24583333333333332, 0.2375, 0.25625, 0.24166666666666667, 0.24791666666666667, 0.25416666666666665, 0.22083333333333333, 0.22916666666666666, 0.2708333333333333, 0.23541666666666666, 0.2604166666666667, 0.25625, 0.25, 0.25625, 0.24166666666666667, 0.24166666666666667, 0.25833333333333336, 0.23958333333333334, 0.25, 0.2375, 0.25, 0.2708333333333333, 0.24375, 0.25, 0.2604166666666667, 0.25, 0.24583333333333332, 0.23333333333333334, 0.23125, 0.2604166666666667, 0.2375, 0.25, 0.24583333333333332, 0.23958333333333334, 0.26666666666666666, 0.24791666666666667, 0.24583333333333332, 0.2625, 0.23125, 0.22083333333333333, 0.22708333333333333, 0.23125, 0.2375, 0.22916666666666666, 0.23958333333333334, 0.22916666666666666, 0.23541666666666666, 0.22083333333333333, 0.22708333333333333, 0.21666666666666667, 0.23541666666666666, 0.25416666666666665, 0.23333333333333334, 0.22916666666666666, 0.22916666666666666, 0.22916666666666666, 0.22916666666666666], "val_loss": [1.7886379957199097, 1.788392186164856, 1.788073182106018, 1.788195252418518, 1.7880662679672241, 1.788232684135437, 1.7886513471603394, 1.7888963222503662, 1.7898508310317993, 1.7903369665145874, 1.790582537651062, 1.7911145687103271, 1.791632056236267, 1.7920355796813965, 1.7924977540969849, 1.7927569150924683, 1.792643666267395, 1.791846513748169, 1.79145085811615, 1.7913403511047363, 1.7913787364959717, 1.7911262512207031, 1.7908726930618286, 1.7905510663986206, 1.7901952266693115, 1.7908508777618408, 1.7926266193389893, 1.7926617860794067, 1.7919951677322388, 1.794472098350525, 1.790428638458252, 1.7866488695144653, 1.77760910987854, 1.7770169973373413, 1.786387324333191, 1.771566390991211, 1.7659956216812134, 1.766451358795166, 1.7676445245742798, 1.7623006105422974, 1.7579962015151978, 1.7600750923156738, 1.75862455368042, 1.7550710439682007, 1.7581191062927246, 1.7582522630691528, 1.7553118467330933, 1.759226679801941, 1.7551655769348145, 1.7562403678894043, 1.7579015493392944, 1.7584004402160645, 1.7571841478347778, 1.7558104991912842, 1.7562930583953857, 1.7599568367004395, 1.7565861940383911, 1.7563458681106567, 1.7560584545135498, 1.7570133209228516, 1.7584437131881714, 1.7579821348190308, 1.7581562995910645, 1.7581216096878052, 1.7579829692840576, 1.7580394744873047, 1.7582260370254517, 1.761270523071289, 1.7606189250946045, 1.7602688074111938, 1.7583770751953125, 1.7587084770202637, 1.7590068578720093, 1.7587735652923584, 1.7613413333892822, 1.763346791267395, 1.7595163583755493, 1.7573139667510986, 1.7604305744171143, 1.7593162059783936, 1.7602542638778687, 1.7608544826507568, 1.7543102502822876, 1.7562342882156372, 1.7581056356430054, 1.7576777935028076, 1.7526600360870361, 1.751120686531067, 1.7502214908599854, 1.7487331628799438, 1.754394292831421, 1.7361207008361816, 1.7516521215438843, 1.7370890378952026, 1.7348906993865967, 1.7361031770706177, 1.727103352546692, 1.728401780128479, 1.73422372341156, 1.7219871282577515], "val_acc": [0.15, 0.15, 0.15, 0.15, 0.15, 0.15, 0.15, 0.15, 0.15, 0.15, 0.15, 0.15, 0.13333333333333333, 0.13333333333333333, 0.13333333333333333, 0.13333333333333333, 0.13333333333333333, 0.15, 0.15, 0.16666666666666666, 0.16666666666666666, 0.15, 0.15, 0.15, 0.15, 0.15, 0.13333333333333333, 0.13333333333333333, 0.13333333333333333, 0.13333333333333333, 0.2, 0.21666666666666667, 0.25, 0.25, 0.25, 0.25, 0.25, 0.26666666666666666, 0.26666666666666666, 0.2833333333333333, 0.15, 0.23333333333333334, 0.26666666666666666, 0.23333333333333334, 0.2833333333333333, 0.26666666666666666, 0.2, 0.25, 0.15, 0.11666666666666667, 0.2833333333333333, 0.26666666666666666, 0.3, 0.26666666666666666, 0.21666666666666667, 0.2833333333333333, 0.2, 0.18333333333333332, 0.2, 0.2, 0.21666666666666667, 0.15, 0.13333333333333333, 0.23333333333333334, 0.23333333333333334, 0.2, 0.15, 0.18333333333333332, 0.16666666666666666, 0.11666666666666667, 0.25, 0.23333333333333334, 0.13333333333333333, 0.21666666666666667, 0.18333333333333332, 0.13333333333333333, 0.16666666666666666, 0.26666666666666666, 0.18333333333333332, 0.21666666666666667, 0.2, 0.16666666666666666, 0.21666666666666667, 0.23333333333333334, 0.2, 0.21666666666666667, 0.23333333333333334, 0.21666666666666667, 0.21666666666666667, 0.21666666666666667, 0.21666666666666667, 0.23333333333333334, 0.21666666666666667, 0.23333333333333334, 0.23333333333333334, 0.2, 0.21666666666666667, 0.23333333333333334, 0.21666666666666667, 0.25]}