{"train_loss": [1.7943166196346283, 1.7931252419948578, 1.792801856994629, 1.792427897453308, 1.7915131151676178, 1.7911290228366852, 1.7906161546707153, 1.789877474308014, 1.7912243604660034, 1.7897847592830658, 1.7904651463031769, 1.7894196808338165, 1.789703369140625, 1.7881178557872772, 1.7878217995166779, 1.7862313985824585, 1.7886378169059753, 1.7875553369522095, 1.7855601608753204, 1.7828777730464935, 1.7841549813747406, 1.7842025458812714, 1.7819215953350067, 1.78192937374115, 1.7813752889633179, 1.7801428437232971, 1.778655767440796, 1.7794808447360992, 1.7753944396972656, 1.7777875661849976, 1.7772838473320007, 1.7732915878295898, 1.7692606449127197, 1.7757152318954468, 1.768363744020462, 1.767553299665451, 1.7695079147815704, 1.7659067511558533, 1.7719203233718872, 1.7659904956817627, 1.7522954046726227, 1.7524093091487885, 1.756142020225525, 1.762369692325592, 1.7590228021144867, 1.7532548010349274, 1.7482023537158966, 1.74869504570961, 1.7559231221675873, 1.75258269906044, 1.7464466392993927, 1.7529796659946442, 1.7468658685684204, 1.7462059557437897, 1.7494412660598755, 1.7462638318538666, 1.7592989206314087, 1.7426977753639221, 1.748971939086914, 1.7357592582702637, 1.7390194833278656, 1.7469635009765625, 1.746775060892105, 1.7372899949550629, 1.742094248533249, 1.7377824783325195, 1.7395302653312683, 1.7406255900859833, 1.7326487600803375, 1.7468008399009705, 1.742124766111374, 1.7417182922363281, 1.7322528958320618, 1.7478077411651611, 1.7355488538742065, 1.7433997094631195, 1.742393434047699, 1.731316715478897, 1.740075796842575, 1.738989382982254, 1.7384509146213531, 1.7415549755096436, 1.74427530169487, 1.74573415517807, 1.733831524848938, 1.7440735697746277, 1.741910845041275, 1.740015834569931, 1.7366720139980316, 1.7275060713291168, 1.7500398457050323, 1.7367895245552063, 1.749827891588211, 1.7372045516967773, 1.7369083166122437, 1.7294634878635406, 1.742623895406723, 1.7328405678272247, 1.7357465326786041, 1.7282128036022186], "train_acc": [0.15833333333333333, 0.16041666666666668, 0.15625, 0.15416666666666667, 0.16458333333333333, 0.17708333333333334, 0.18125, 0.175, 0.1875, 0.15625, 0.175, 0.17708333333333334, 0.18125, 0.17916666666666667, 0.17083333333333334, 0.1875, 0.175, 0.15416666666666667, 0.17291666666666666, 0.21041666666666667, 0.20625, 0.19166666666666668, 0.20625, 0.21458333333333332, 0.20833333333333334, 0.22291666666666668, 0.21666666666666667, 0.21041666666666667, 0.21041666666666667, 0.22083333333333333, 0.20625, 0.20416666666666666, 0.22291666666666668, 0.22083333333333333, 0.21041666666666667, 0.2125, 0.21041666666666667, 0.21666666666666667, 0.21458333333333332, 0.22083333333333333, 0.225, 0.22708333333333333, 0.22291666666666668, 0.22083333333333333, 0.23333333333333334, 0.21666666666666667, 0.21458333333333332, 0.22708333333333333, 0.2375, 0.22291666666666668, 0.2125, 0.2375, 0.2375, 0.21875, 0.23125, 0.22916666666666666, 0.225, 0.22708333333333333, 0.22708333333333333, 0.225, 0.24583333333333332, 0.22083333333333333, 0.21875, 0.23333333333333334, 0.22708333333333333, 0.22708333333333333, 0.23125, 0.23125, 0.225, 0.23125, 0.22291666666666668, 0.21666666666666667, 0.21875, 0.225, 0.22083333333333333, 0.22916666666666666, 0.2375, 0.225, 0.225, 0.21875, 0.22083333333333333, 0.22291666666666668, 0.22083333333333333, 0.24375, 0.22916666666666666, 0.20416666666666666, 0.23333333333333334, 0.22708333333333333, 0.2125, 0.2375, 0.23541666666666666, 0.22083333333333333, 0.22708333333333333, 0.23125, 0.23333333333333334, 0.23333333333333334, 0.20833333333333334, 0.23541666666666666, 0.23333333333333334, 0.21458333333333332], "val_loss": [1.7917430400848389, 1.7918998003005981, 1.7920844554901123, 1.7925432920455933, 1.793091058731079, 1.7943058013916016, 1.7952549457550049, 1.7970435619354248, 1.7975043058395386, 1.796713948249817, 1.7958070039749146, 1.7951414585113525, 1.7954334020614624, 1.795637607574463, 1.7955619096755981, 1.7963802814483643, 1.7981387376785278, 1.7973990440368652, 1.7969615459442139, 1.7960830926895142, 1.799041986465454, 1.800564169883728, 1.7990224361419678, 1.8010294437408447, 1.7992889881134033, 1.7964261770248413, 1.798656940460205, 1.7999194860458374, 1.79058039188385, 1.7881532907485962, 1.7816689014434814, 1.7760647535324097, 1.781609296798706, 1.7715927362442017, 1.7621378898620605, 1.759268879890442, 1.7626099586486816, 1.7520443201065063, 1.7487212419509888, 1.7527549266815186, 1.7562744617462158, 1.7520500421524048, 1.7415534257888794, 1.7403550148010254, 1.7416787147521973, 1.7421942949295044, 1.73696768283844, 1.7372313737869263, 1.7341252565383911, 1.7342567443847656, 1.7429566383361816, 1.7432034015655518, 1.7344253063201904, 1.733893871307373, 1.741221308708191, 1.7409998178482056, 1.7387109994888306, 1.735654354095459, 1.737067461013794, 1.7408612966537476, 1.7409635782241821, 1.7315051555633545, 1.7354336977005005, 1.7347537279129028, 1.735656499862671, 1.7354130744934082, 1.7356820106506348, 1.7376981973648071, 1.7357593774795532, 1.740177035331726, 1.732974648475647, 1.733483910560608, 1.733923316001892, 1.7347272634506226, 1.7379422187805176, 1.7384570837020874, 1.7306050062179565, 1.731333613395691, 1.7326825857162476, 1.7365936040878296, 1.7328623533248901, 1.7311651706695557, 1.736164927482605, 1.7378654479980469, 1.7326408624649048, 1.7295764684677124, 1.730786681175232, 1.731857180595398, 1.7298264503479004, 1.7340178489685059, 1.7301266193389893, 1.7272204160690308, 1.7290568351745605, 1.7415794134140015, 1.7358150482177734, 1.7277246713638306, 1.7277271747589111, 1.7296007871627808, 1.7318109273910522, 1.7325024604797363], "val_acc": [0.18333333333333332, 0.18333333333333332, 0.18333333333333332, 0.18333333333333332, 0.18333333333333332, 0.2, 0.16666666666666666, 0.18333333333333332, 0.16666666666666666, 0.15, 0.13333333333333333, 0.13333333333333333, 0.13333333333333333, 0.15, 0.16666666666666666, 0.18333333333333332, 0.18333333333333332, 0.18333333333333332, 0.2, 0.16666666666666666, 0.18333333333333332, 0.15, 0.13333333333333333, 0.13333333333333333, 0.13333333333333333, 0.15, 0.15, 0.15, 0.11666666666666667, 0.11666666666666667, 0.1, 0.08333333333333333, 0.1, 0.11666666666666667, 0.21666666666666667, 0.21666666666666667, 0.2, 0.23333333333333334, 0.25, 0.21666666666666667, 0.2, 0.2, 0.23333333333333334, 0.21666666666666667, 0.21666666666666667, 0.2, 0.2, 0.18333333333333332, 0.23333333333333334, 0.25, 0.18333333333333332, 0.2, 0.23333333333333334, 0.25, 0.21666666666666667, 0.21666666666666667, 0.21666666666666667, 0.21666666666666667, 0.2, 0.21666666666666667, 0.21666666666666667, 0.23333333333333334, 0.21666666666666667, 0.21666666666666667, 0.21666666666666667, 0.2, 0.2, 0.21666666666666667, 0.2, 0.21666666666666667, 0.2, 0.2, 0.2, 0.2, 0.23333333333333334, 0.21666666666666667, 0.21666666666666667, 0.2, 0.21666666666666667, 0.21666666666666667, 0.2, 0.2, 0.21666666666666667, 0.21666666666666667, 0.21666666666666667, 0.2, 0.21666666666666667, 0.21666666666666667, 0.21666666666666667, 0.21666666666666667, 0.23333333333333334, 0.25, 0.2, 0.18333333333333332, 0.21666666666666667, 0.2, 0.21666666666666667, 0.21666666666666667, 0.21666666666666667, 0.21666666666666667]}