{"train_loss": [1.7931186854839325, 1.7922624349594116, 1.7921878397464752, 1.791292518377304, 1.7918058931827545, 1.790777713060379, 1.7919437885284424, 1.7910588681697845, 1.7924827635288239, 1.791714757680893, 1.790941596031189, 1.7910917401313782, 1.7911441028118134, 1.790573388338089, 1.78922438621521, 1.788502275943756, 1.785355031490326, 1.7768048346042633, 1.769255131483078, 1.7663870453834534, 1.7634084522724152, 1.7644816935062408, 1.7585200071334839, 1.7642145156860352, 1.7569051384925842, 1.7481975257396698, 1.760705441236496, 1.7589966654777527, 1.7586851716041565, 1.7571065723896027, 1.7566786110401154, 1.7473281621932983, 1.7508336305618286, 1.751005619764328, 1.7579847574234009, 1.7473419904708862, 1.7485052645206451, 1.7526045143604279, 1.7505797445774078, 1.7469968795776367, 1.7456931173801422, 1.7445855736732483, 1.7399775981903076, 1.7467443943023682, 1.7345472872257233, 1.7423117756843567, 1.7381213903427124, 1.733402669429779, 1.724010169506073, 1.7341581583023071, 1.736277997493744, 1.7350713610649109, 1.7406562864780426, 1.7303804755210876, 1.7280932664871216, 1.7245528101921082, 1.726727843284607, 1.7324700057506561, 1.72371307015419, 1.7242968082427979, 1.7358813285827637, 1.7270801663398743, 1.7287088334560394, 1.7218742370605469, 1.7076486647129059, 1.7053512036800385, 1.710315614938736, 1.7053802013397217, 1.7176907062530518, 1.7095146179199219, 1.7055357992649078, 1.7214780151844025, 1.713229924440384, 1.7073833048343658, 1.707108199596405, 1.7064467370510101, 1.7015659809112549, 1.7080020904541016, 1.7107242047786713, 1.7044731378555298, 1.7153834402561188, 1.7078254520893097, 1.7027789950370789, 1.702623039484024, 1.706000804901123, 1.6926831603050232, 1.7085825204849243, 1.7316811680793762, 1.697336733341217, 1.708634465932846, 1.698088526725769, 1.7087838351726532, 1.7060245871543884, 1.6974431872367859, 1.7013005316257477, 1.693375438451767, 1.7045571208000183, 1.7001817524433136, 1.693213015794754, 1.7125208377838135], "train_acc": [0.1625, 0.15625, 0.16666666666666666, 0.18333333333333332, 0.15, 0.14583333333333334, 0.18333333333333332, 0.17916666666666667, 0.17916666666666667, 0.15416666666666667, 0.20416666666666666, 0.18958333333333333, 0.18958333333333333, 0.18125, 0.18125, 0.175, 0.17916666666666667, 0.19791666666666666, 0.1875, 0.2, 0.20208333333333334, 0.20416666666666666, 0.18958333333333333, 0.2375, 0.2375, 0.24583333333333332, 0.26458333333333334, 0.23958333333333334, 0.23541666666666666, 0.25416666666666665, 0.24791666666666667, 0.24166666666666667, 0.24791666666666667, 0.24166666666666667, 0.24166666666666667, 0.25416666666666665, 0.25, 0.24791666666666667, 0.24791666666666667, 0.23125, 0.2375, 0.23333333333333334, 0.225, 0.22916666666666666, 0.22916666666666666, 0.2375, 0.23958333333333334, 0.24375, 0.23333333333333334, 0.23125, 0.26458333333333334, 0.24375, 0.22291666666666668, 0.225, 0.22083333333333333, 0.25416666666666665, 0.23958333333333334, 0.225, 0.23541666666666666, 0.24791666666666667, 0.23125, 0.26458333333333334, 0.2520833333333333, 0.23541666666666666, 0.2625, 0.27708333333333335, 0.23958333333333334, 0.25625, 0.2708333333333333, 0.27291666666666664, 0.24375, 0.2833333333333333, 0.275, 0.2708333333333333, 0.26875, 0.2604166666666667, 0.27291666666666664, 0.2833333333333333, 0.275, 0.2625, 0.29791666666666666, 0.28125, 0.27291666666666664, 0.2625, 0.2916666666666667, 0.2708333333333333, 0.25833333333333336, 0.2604166666666667, 0.26458333333333334, 0.26666666666666666, 0.26458333333333334, 0.26875, 0.2875, 0.2708333333333333, 0.30625, 0.2625, 0.2708333333333333, 0.29583333333333334, 0.26666666666666666, 0.27291666666666664], "val_loss": [1.7929936647415161, 1.7921849489212036, 1.7914904356002808, 1.7916395664215088, 1.7911982536315918, 1.7911134958267212, 1.7912724018096924, 1.7913674116134644, 1.7921425104141235, 1.7922371625900269, 1.792019248008728, 1.7920119762420654, 1.7921905517578125, 1.7925382852554321, 1.7929147481918335, 1.7936145067214966, 1.793847680091858, 1.7907488346099854, 1.7798247337341309, 1.769862413406372, 1.7650623321533203, 1.7591885328292847, 1.75845468044281, 1.7549837827682495, 1.7544138431549072, 1.7692922353744507, 1.7668930292129517, 1.756734848022461, 1.7584606409072876, 1.7670189142227173, 1.7608356475830078, 1.7548210620880127, 1.7558071613311768, 1.7598967552185059, 1.7573093175888062, 1.7536321878433228, 1.752919316291809, 1.7533639669418335, 1.7499401569366455, 1.7403738498687744, 1.7341243028640747, 1.7307817935943604, 1.7279009819030762, 1.720260500907898, 1.7194726467132568, 1.7174389362335205, 1.7128791809082031, 1.70444917678833, 1.69820237159729, 1.694390058517456, 1.6946461200714111, 1.6933133602142334, 1.6954911947250366, 1.6956093311309814, 1.695493221282959, 1.6987699270248413, 1.6893723011016846, 1.6866576671600342, 1.6816304922103882, 1.673499584197998, 1.6705939769744873, 1.6906405687332153, 1.6731899976730347, 1.6735607385635376, 1.676318883895874, 1.675459623336792, 1.6725890636444092, 1.674966812133789, 1.673738718032837, 1.6716612577438354, 1.6684691905975342, 1.666483759880066, 1.672711730003357, 1.6683096885681152, 1.6620440483093262, 1.6670030355453491, 1.6631872653961182, 1.6640971899032593, 1.6616700887680054, 1.6657708883285522, 1.663221836090088, 1.6588447093963623, 1.6659702062606812, 1.6686869859695435, 1.6629730463027954, 1.6595827341079712, 1.6636921167373657, 1.6525825262069702, 1.684439778327942, 1.676964521408081, 1.6548023223876953, 1.653406023979187, 1.6596484184265137, 1.6515860557556152, 1.6561896800994873, 1.6569973230361938, 1.6612305641174316, 1.6681801080703735, 1.6602165699005127, 1.6572035551071167], "val_acc": [0.13333333333333333, 0.13333333333333333, 0.25, 0.13333333333333333, 0.13333333333333333, 0.13333333333333333, 0.25, 0.13333333333333333, 0.13333333333333333, 0.13333333333333333, 0.2, 0.21666666666666667, 0.23333333333333334, 0.16666666666666666, 0.18333333333333332, 0.18333333333333332, 0.16666666666666666, 0.2, 0.16666666666666666, 0.25, 0.23333333333333334, 0.18333333333333332, 0.25, 0.21666666666666667, 0.21666666666666667, 0.25, 0.3, 0.18333333333333332, 0.16666666666666666, 0.25, 0.21666666666666667, 0.18333333333333332, 0.2, 0.21666666666666667, 0.18333333333333332, 0.13333333333333333, 0.16666666666666666, 0.21666666666666667, 0.23333333333333334, 0.16666666666666666, 0.16666666666666666, 0.25, 0.2833333333333333, 0.25, 0.23333333333333334, 0.23333333333333334, 0.2833333333333333, 0.2833333333333333, 0.26666666666666666, 0.2833333333333333, 0.31666666666666665, 0.31666666666666665, 0.35, 0.3, 0.3, 0.36666666666666664, 0.31666666666666665, 0.3333333333333333, 0.36666666666666664, 0.3333333333333333, 0.35, 0.35, 0.31666666666666665, 0.31666666666666665, 0.35, 0.3333333333333333, 0.3, 0.26666666666666666, 0.3, 0.26666666666666666, 0.2833333333333333, 0.31666666666666665, 0.25, 0.26666666666666666, 0.3, 0.26666666666666666, 0.2833333333333333, 0.26666666666666666, 0.2833333333333333, 0.3, 0.3, 0.23333333333333334, 0.25, 0.3, 0.31666666666666665, 0.26666666666666666, 0.2833333333333333, 0.3, 0.3, 0.31666666666666665, 0.3, 0.2833333333333333, 0.23333333333333334, 0.3, 0.2833333333333333, 0.25, 0.26666666666666666, 0.2833333333333333, 0.31666666666666665, 0.2833333333333333]}