{"train_loss": [1.7940867841243744, 1.7926908731460571, 1.7910584509372711, 1.7903192043304443, 1.789945274591446, 1.7903617024421692, 1.7905492782592773, 1.7903087437152863, 1.7902508080005646, 1.7880313992500305, 1.787830650806427, 1.7879113256931305, 1.7907317280769348, 1.7862050235271454, 1.7858490943908691, 1.7821684777736664, 1.7777570486068726, 1.7788599133491516, 1.768582969903946, 1.7742644548416138, 1.7639208137989044, 1.7668418288230896, 1.7630710899829865, 1.7636759579181671, 1.7647409439086914, 1.7595964968204498, 1.7587405145168304, 1.765625774860382, 1.7703497111797333, 1.7664643824100494, 1.7573061287403107, 1.760925143957138, 1.7589242160320282, 1.763987809419632, 1.7600957155227661, 1.7633149325847626, 1.7566553056240082, 1.7644506990909576, 1.7560043931007385, 1.7599998712539673, 1.76200932264328, 1.7508790791034698, 1.7475245893001556, 1.7588672041893005, 1.750323861837387, 1.749113142490387, 1.74717777967453, 1.7460550963878632, 1.7366904318332672, 1.7355184853076935, 1.7413949966430664, 1.741284966468811, 1.7483448386192322, 1.7330082952976227, 1.7352750301361084, 1.7261878550052643, 1.7348955571651459, 1.7290749847888947, 1.734864503145218, 1.7260086238384247, 1.738200843334198, 1.7407565712928772, 1.7397993206977844, 1.7305787205696106, 1.7427363991737366, 1.7379818558692932, 1.7312570214271545, 1.7192860841751099, 1.7335939705371857, 1.7230311632156372, 1.7172490656375885, 1.728957176208496, 1.7271874845027924, 1.7286540865898132, 1.7266129851341248, 1.7262349724769592, 1.7280388176441193, 1.728397250175476, 1.7063484191894531, 1.7226920127868652, 1.7253333032131195, 1.7193526327610016, 1.7262814342975616, 1.7192088961601257, 1.7213505804538727, 1.7318174540996552, 1.7175278067588806, 1.73030224442482, 1.7129195630550385, 1.7161253988742828, 1.719052642583847, 1.7217497825622559, 1.7100022435188293, 1.7166238725185394, 1.7093833684921265, 1.7096262872219086, 1.7158104479312897, 1.7124212086200714, 1.7015013098716736, 1.706317663192749], "train_acc": [0.16041666666666668, 0.17916666666666667, 0.18333333333333332, 0.18333333333333332, 0.18125, 0.18333333333333332, 0.17916666666666667, 0.17291666666666666, 0.18125, 0.19166666666666668, 0.18125, 0.19583333333333333, 0.175, 0.1875, 0.19791666666666666, 0.18958333333333333, 0.17916666666666667, 0.17708333333333334, 0.19791666666666666, 0.18958333333333333, 0.20833333333333334, 0.21041666666666667, 0.20833333333333334, 0.21458333333333332, 0.20625, 0.19166666666666668, 0.20833333333333334, 0.2, 0.21458333333333332, 0.21875, 0.22083333333333333, 0.24166666666666667, 0.21458333333333332, 0.20833333333333334, 0.23125, 0.22291666666666668, 0.225, 0.22708333333333333, 0.20416666666666666, 0.21458333333333332, 0.23125, 0.24583333333333332, 0.26458333333333334, 0.25, 0.2604166666666667, 0.2520833333333333, 0.23333333333333334, 0.24166666666666667, 0.23125, 0.225, 0.25833333333333336, 0.24791666666666667, 0.2375, 0.25625, 0.25416666666666665, 0.2375, 0.2125, 0.23958333333333334, 0.225, 0.23333333333333334, 0.27291666666666664, 0.24375, 0.23125, 0.23541666666666666, 0.25416666666666665, 0.24791666666666667, 0.21458333333333332, 0.23333333333333334, 0.25, 0.2520833333333333, 0.23541666666666666, 0.24583333333333332, 0.2375, 0.2604166666666667, 0.23333333333333334, 0.25, 0.25625, 0.2375, 0.25833333333333336, 0.24583333333333332, 0.24166666666666667, 0.275, 0.24583333333333332, 0.24791666666666667, 0.2520833333333333, 0.25, 0.24375, 0.2375, 0.26458333333333334, 0.22083333333333333, 0.23541666666666666, 0.21875, 0.2625, 0.25625, 0.24583333333333332, 0.23958333333333334, 0.26875, 0.24166666666666667, 0.26875, 0.2375], "val_loss": [1.7985478639602661, 1.80400550365448, 1.8052690029144287, 1.8069233894348145, 1.8110172748565674, 1.8142071962356567, 1.8137774467468262, 1.8124417066574097, 1.8089996576309204, 1.8063687086105347, 1.805362343788147, 1.806792974472046, 1.807574987411499, 1.802415370941162, 1.7971118688583374, 1.7902929782867432, 1.7874948978424072, 1.784014105796814, 1.7878724336624146, 1.7918777465820312, 1.828758955001831, 1.7878375053405762, 1.7837752103805542, 1.7850972414016724, 1.7766989469528198, 1.7769848108291626, 1.7826268672943115, 1.7766987085342407, 1.7772915363311768, 1.7873774766921997, 1.7990432977676392, 1.782751441001892, 1.7765709161758423, 1.7832188606262207, 1.7894823551177979, 1.7852981090545654, 1.7804274559020996, 1.7691081762313843, 1.767595887184143, 1.7800520658493042, 1.76617431640625, 1.793176293373108, 1.7819371223449707, 1.7634525299072266, 1.7882412672042847, 1.7524694204330444, 1.7849504947662354, 1.7706105709075928, 1.7584986686706543, 1.7693945169448853, 1.7612574100494385, 1.7556146383285522, 1.726918339729309, 1.7600855827331543, 1.7489076852798462, 1.7303621768951416, 1.7465215921401978, 1.7700053453445435, 1.726989984512329, 1.7225487232208252, 1.7748756408691406, 1.7119892835617065, 1.7287516593933105, 1.7586942911148071, 1.745749592781067, 1.726502776145935, 1.7267844676971436, 1.7421596050262451, 1.7334247827529907, 1.7365303039550781, 1.7171722650527954, 1.7140471935272217, 1.7581093311309814, 1.7266314029693604, 1.7246806621551514, 1.729600191116333, 1.7615419626235962, 1.7282090187072754, 1.7226378917694092, 1.735050082206726, 1.7244457006454468, 1.7142479419708252, 1.720619559288025, 1.7258180379867554, 1.7244532108306885, 1.7075220346450806, 1.7335216999053955, 1.7139840126037598, 1.7074912786483765, 1.717506766319275, 1.7082873582839966, 1.7283552885055542, 1.7380343675613403, 1.724976897239685, 1.7113003730773926, 1.708156943321228, 1.7201225757598877, 1.6949790716171265, 1.7186390161514282, 1.7094197273254395], "val_acc": [0.08333333333333333, 0.08333333333333333, 0.08333333333333333, 0.08333333333333333, 0.08333333333333333, 0.08333333333333333, 0.08333333333333333, 0.08333333333333333, 0.08333333333333333, 0.08333333333333333, 0.08333333333333333, 0.11666666666666667, 0.11666666666666667, 0.11666666666666667, 0.11666666666666667, 0.11666666666666667, 0.08333333333333333, 0.13333333333333333, 0.08333333333333333, 0.1, 0.1, 0.1, 0.1, 0.11666666666666667, 0.11666666666666667, 0.15, 0.2, 0.18333333333333332, 0.21666666666666667, 0.16666666666666666, 0.16666666666666666, 0.18333333333333332, 0.21666666666666667, 0.2, 0.13333333333333333, 0.15, 0.16666666666666666, 0.15, 0.21666666666666667, 0.18333333333333332, 0.15, 0.13333333333333333, 0.16666666666666666, 0.2, 0.15, 0.2, 0.18333333333333332, 0.18333333333333332, 0.21666666666666667, 0.16666666666666666, 0.21666666666666667, 0.21666666666666667, 0.25, 0.23333333333333334, 0.23333333333333334, 0.23333333333333334, 0.2, 0.2, 0.21666666666666667, 0.23333333333333334, 0.18333333333333332, 0.25, 0.23333333333333334, 0.2, 0.18333333333333332, 0.25, 0.21666666666666667, 0.21666666666666667, 0.21666666666666667, 0.25, 0.23333333333333334, 0.23333333333333334, 0.21666666666666667, 0.21666666666666667, 0.21666666666666667, 0.23333333333333334, 0.21666666666666667, 0.23333333333333334, 0.23333333333333334, 0.23333333333333334, 0.23333333333333334, 0.23333333333333334, 0.23333333333333334, 0.21666666666666667, 0.21666666666666667, 0.2833333333333333, 0.25, 0.21666666666666667, 0.2, 0.2, 0.21666666666666667, 0.25, 0.23333333333333334, 0.25, 0.26666666666666666, 0.25, 0.25, 0.25, 0.25, 0.23333333333333334]}