{"train_loss": [1.793662041425705, 1.7924987375736237, 1.7919216752052307, 1.7922833561897278, 1.7911436259746552, 1.790747195482254, 1.7899692356586456, 1.789383739233017, 1.7887991070747375, 1.7874577641487122, 1.786028116941452, 1.784567415714264, 1.7830082476139069, 1.7842585444450378, 1.7801724672317505, 1.781273901462555, 1.7804522812366486, 1.7814338505268097, 1.7775137424468994, 1.7793142199516296, 1.7755846083164215, 1.7789645791053772, 1.7779286205768585, 1.7781235575675964, 1.7791545987129211, 1.7787063121795654, 1.774612545967102, 1.774059236049652, 1.7700866162776947, 1.7744949460029602, 1.775057166814804, 1.7726303935050964, 1.7688327431678772, 1.7679031193256378, 1.7761767208576202, 1.767071396112442, 1.7667517364025116, 1.7714320421218872, 1.7743948698043823, 1.7704481482505798, 1.765663594007492, 1.7683959901332855, 1.760916292667389, 1.760236918926239, 1.764987051486969, 1.7659963965415955, 1.7644042372703552, 1.7565250396728516, 1.7657042145729065, 1.7521138787269592, 1.7610239088535309, 1.7527094185352325, 1.7569290399551392, 1.7563047409057617, 1.7476947009563446, 1.746696412563324, 1.741582840681076, 1.7397480010986328, 1.7427734434604645, 1.742169827222824, 1.7446469068527222, 1.7339178919792175, 1.7318854928016663, 1.7326022684574127, 1.7348072826862335, 1.7288130223751068, 1.7367096245288849, 1.7321268320083618, 1.7264764904975891, 1.7156240940093994, 1.7186583280563354, 1.7230252921581268, 1.7286121249198914, 1.7221716046333313, 1.7211905121803284, 1.7185383439064026, 1.724385678768158, 1.7290747463703156, 1.717288762331009, 1.7255223989486694, 1.7249458730220795, 1.716823697090149, 1.730206310749054, 1.7120570242404938, 1.7203196287155151, 1.711435705423355, 1.7137237191200256, 1.7250255644321442, 1.7170450091362, 1.7201770544052124, 1.7177194356918335, 1.7154944837093353, 1.7065231502056122, 1.7034000158309937, 1.724989503622055, 1.715078890323639, 1.7221532464027405, 1.7177639305591583, 1.7113608419895172, 1.7130174040794373], "train_acc": [0.1625, 0.16875, 0.175, 0.175, 0.175, 0.175, 0.175, 0.175, 0.175, 0.175, 0.175, 0.175, 0.175, 0.16666666666666666, 0.17916666666666667, 0.19166666666666668, 0.2, 0.19583333333333333, 0.2, 0.19375, 0.19375, 0.18541666666666667, 0.19166666666666668, 0.19375, 0.19375, 0.21458333333333332, 0.20416666666666666, 0.2375, 0.22083333333333333, 0.21666666666666667, 0.22708333333333333, 0.23333333333333334, 0.2375, 0.21458333333333332, 0.21666666666666667, 0.23125, 0.22708333333333333, 0.23125, 0.22708333333333333, 0.18958333333333333, 0.20416666666666666, 0.20625, 0.22708333333333333, 0.22916666666666666, 0.22083333333333333, 0.23958333333333334, 0.19166666666666668, 0.20833333333333334, 0.23958333333333334, 0.23333333333333334, 0.24375, 0.2125, 0.24583333333333332, 0.20208333333333334, 0.22916666666666666, 0.24166666666666667, 0.22083333333333333, 0.22291666666666668, 0.25833333333333336, 0.22083333333333333, 0.21458333333333332, 0.23333333333333334, 0.2625, 0.24583333333333332, 0.25625, 0.25416666666666665, 0.2375, 0.23125, 0.24583333333333332, 0.25833333333333336, 0.2625, 0.23958333333333334, 0.23333333333333334, 0.23958333333333334, 0.25833333333333336, 0.26458333333333334, 0.2625, 0.22916666666666666, 0.23958333333333334, 0.23541666666666666, 0.24583333333333332, 0.26666666666666666, 0.24791666666666667, 0.25, 0.23958333333333334, 0.26458333333333334, 0.28125, 0.23541666666666666, 0.25833333333333336, 0.28125, 0.27708333333333335, 0.25833333333333336, 0.23541666666666666, 0.2625, 0.24583333333333332, 0.2604166666666667, 0.25416666666666665, 0.26458333333333334, 0.25416666666666665, 0.27291666666666664], "val_loss": [1.796894907951355, 1.7968829870224, 1.7973551750183105, 1.7980730533599854, 1.798531413078308, 1.799252986907959, 1.8004733324050903, 1.801864504814148, 1.8041657209396362, 1.8071863651275635, 1.8051832914352417, 1.8026140928268433, 1.8020371198654175, 1.800605297088623, 1.798346757888794, 1.7961114645004272, 1.7943172454833984, 1.7906991243362427, 1.7902884483337402, 1.7880905866622925, 1.7893744707107544, 1.7869911193847656, 1.7846029996871948, 1.785512924194336, 1.784237027168274, 1.7850449085235596, 1.785651683807373, 1.7853944301605225, 1.7869590520858765, 1.7858675718307495, 1.7845596075057983, 1.7832963466644287, 1.7818328142166138, 1.781493902206421, 1.7782127857208252, 1.778623104095459, 1.7793960571289062, 1.7803726196289062, 1.779540777206421, 1.7810972929000854, 1.7832046747207642, 1.7795546054840088, 1.7775741815567017, 1.7786591053009033, 1.7803667783737183, 1.7849558591842651, 1.7893867492675781, 1.7795404195785522, 1.776368498802185, 1.7838636636734009, 1.7764911651611328, 1.7733078002929688, 1.774478554725647, 1.787371039390564, 1.773561954498291, 1.7687050104141235, 1.775382161140442, 1.7713366746902466, 1.7725778818130493, 1.7902730703353882, 1.7838644981384277, 1.7623341083526611, 1.7681485414505005, 1.793626070022583, 1.784300684928894, 1.7623180150985718, 1.775712490081787, 1.7763978242874146, 1.7747414112091064, 1.7637665271759033, 1.7709063291549683, 1.7911220788955688, 1.7642942667007446, 1.7727488279342651, 1.7842963933944702, 1.778052806854248, 1.782269835472107, 1.7682934999465942, 1.782798409461975, 1.7882329225540161, 1.7646218538284302, 1.7627557516098022, 1.7788480520248413, 1.782198429107666, 1.774389624595642, 1.762341022491455, 1.7861568927764893, 1.7978901863098145, 1.7669425010681152, 1.7616937160491943, 1.7796756029129028, 1.7953566312789917, 1.7684155702590942, 1.7672351598739624, 1.78879976272583, 1.7770192623138428, 1.7773849964141846, 1.7864667177200317, 1.7695685625076294, 1.7723724842071533], "val_acc": [0.18333333333333332, 0.16666666666666666, 0.11666666666666667, 0.11666666666666667, 0.11666666666666667, 0.11666666666666667, 0.11666666666666667, 0.11666666666666667, 0.11666666666666667, 0.11666666666666667, 0.11666666666666667, 0.11666666666666667, 0.11666666666666667, 0.1, 0.11666666666666667, 0.16666666666666666, 0.18333333333333332, 0.15, 0.11666666666666667, 0.15, 0.11666666666666667, 0.11666666666666667, 0.15, 0.13333333333333333, 0.15, 0.21666666666666667, 0.18333333333333332, 0.2, 0.2, 0.2, 0.21666666666666667, 0.2, 0.21666666666666667, 0.2, 0.21666666666666667, 0.15, 0.15, 0.21666666666666667, 0.16666666666666666, 0.15, 0.16666666666666666, 0.2, 0.18333333333333332, 0.15, 0.15, 0.13333333333333333, 0.13333333333333333, 0.21666666666666667, 0.18333333333333332, 0.18333333333333332, 0.2, 0.18333333333333332, 0.18333333333333332, 0.16666666666666666, 0.18333333333333332, 0.16666666666666666, 0.21666666666666667, 0.16666666666666666, 0.15, 0.21666666666666667, 0.23333333333333334, 0.2, 0.2, 0.21666666666666667, 0.23333333333333334, 0.18333333333333332, 0.2, 0.18333333333333332, 0.18333333333333332, 0.2, 0.2, 0.23333333333333334, 0.21666666666666667, 0.25, 0.18333333333333332, 0.2, 0.2, 0.2, 0.23333333333333334, 0.2, 0.21666666666666667, 0.18333333333333332, 0.18333333333333332, 0.18333333333333332, 0.16666666666666666, 0.21666666666666667, 0.18333333333333332, 0.2, 0.18333333333333332, 0.2, 0.2, 0.21666666666666667, 0.2, 0.21666666666666667, 0.21666666666666667, 0.18333333333333332, 0.18333333333333332, 0.23333333333333334, 0.18333333333333332, 0.21666666666666667]}