{"train_loss": [1.7957761585712433, 1.7949012219905853, 1.7947189211845398, 1.7939552068710327, 1.7942461967468262, 1.7934031784534454, 1.7933449447154999, 1.7926130294799805, 1.7926169633865356, 1.7917180061340332, 1.791127324104309, 1.7904023826122284, 1.791977733373642, 1.7912962436676025, 1.7899071872234344, 1.791584551334381, 1.7899955213069916, 1.7896366119384766, 1.7895591259002686, 1.7875592708587646, 1.7871395349502563, 1.784003883600235, 1.7799203395843506, 1.7802604734897614, 1.776018112897873, 1.7670056223869324, 1.7656080424785614, 1.7670383751392365, 1.753761112689972, 1.7605338096618652, 1.7585600912570953, 1.7541624009609222, 1.7551123201847076, 1.7586542665958405, 1.7579911649227142, 1.7582595348358154, 1.7532439529895782, 1.7589625418186188, 1.7539664506912231, 1.7451684474945068, 1.752575159072876, 1.7568425238132477, 1.7476614713668823, 1.747052550315857, 1.7456420063972473, 1.754576861858368, 1.7414486706256866, 1.748223602771759, 1.7425440549850464, 1.7518712282180786, 1.7471308708190918, 1.7525124549865723, 1.7431241273880005, 1.7474166750907898, 1.738443911075592, 1.7486980557441711, 1.7430590689182281, 1.7383350431919098, 1.7411419451236725, 1.74008047580719, 1.7418200373649597, 1.7399665415287018, 1.7372148633003235, 1.737993210554123, 1.7349324524402618, 1.7328181564807892, 1.7302658557891846, 1.7251971364021301, 1.738024741411209, 1.7236134707927704, 1.729489803314209, 1.730598360300064, 1.7220344245433807, 1.7296411395072937, 1.7333637475967407, 1.7304264605045319, 1.7312201857566833, 1.7269286215305328, 1.7380414605140686, 1.735895037651062, 1.7250611782073975, 1.7296640276908875, 1.738230139017105, 1.7318860590457916, 1.7243106961250305, 1.7274347245693207, 1.7236797213554382, 1.7365298867225647, 1.7194362580776215, 1.7269065380096436, 1.723737210035324, 1.7243174612522125, 1.7274017930030823, 1.7279041111469269, 1.7250881493091583, 1.7350684702396393, 1.7262341678142548, 1.7243921756744385, 1.7275944352149963, 1.7202896177768707], "train_acc": [0.16875, 0.16875, 0.17083333333333334, 0.16875, 0.16666666666666666, 0.16875, 0.16875, 0.16666666666666666, 0.17083333333333334, 0.16458333333333333, 0.16666666666666666, 0.17291666666666666, 0.14791666666666667, 0.15833333333333333, 0.18333333333333332, 0.175, 0.17916666666666667, 0.17083333333333334, 0.19166666666666668, 0.19375, 0.18541666666666667, 0.17291666666666666, 0.19166666666666668, 0.21875, 0.23125, 0.23958333333333334, 0.2375, 0.21875, 0.23333333333333334, 0.23958333333333334, 0.22916666666666666, 0.22708333333333333, 0.2625, 0.22916666666666666, 0.2625, 0.25833333333333336, 0.22708333333333333, 0.21875, 0.23958333333333334, 0.275, 0.2604166666666667, 0.23333333333333334, 0.24166666666666667, 0.25416666666666665, 0.26666666666666666, 0.26458333333333334, 0.24791666666666667, 0.2604166666666667, 0.25, 0.225, 0.22708333333333333, 0.25625, 0.23958333333333334, 0.25, 0.22916666666666666, 0.23958333333333334, 0.23125, 0.22708333333333333, 0.24583333333333332, 0.24375, 0.2, 0.22708333333333333, 0.23541666666666666, 0.2125, 0.22291666666666668, 0.21875, 0.25, 0.22916666666666666, 0.21041666666666667, 0.23958333333333334, 0.225, 0.25, 0.20625, 0.22083333333333333, 0.23958333333333334, 0.21666666666666667, 0.24375, 0.26458333333333334, 0.2125, 0.21458333333333332, 0.27708333333333335, 0.24375, 0.2125, 0.20208333333333334, 0.23333333333333334, 0.23958333333333334, 0.22916666666666666, 0.23541666666666666, 0.225, 0.21666666666666667, 0.23125, 0.23958333333333334, 0.23125, 0.21041666666666667, 0.2375, 0.23958333333333334, 0.22916666666666666, 0.21875, 0.24375, 0.25416666666666665], "val_loss": [1.788718581199646, 1.788381814956665, 1.7881195545196533, 1.7881152629852295, 1.7878504991531372, 1.7879078388214111, 1.78823983669281, 1.7883814573287964, 1.7894562482833862, 1.790061593055725, 1.790299892425537, 1.7908828258514404, 1.7915136814117432, 1.7919622659683228, 1.7923452854156494, 1.792528510093689, 1.7921719551086426, 1.790742039680481, 1.7902817726135254, 1.7899998426437378, 1.789868950843811, 1.7874966859817505, 1.7846424579620361, 1.7806134223937988, 1.7690775394439697, 1.7709938287734985, 1.7611743211746216, 1.7577106952667236, 1.7645165920257568, 1.7559963464736938, 1.7558897733688354, 1.7559447288513184, 1.7557886838912964, 1.7556920051574707, 1.7598720788955688, 1.7570147514343262, 1.7560288906097412, 1.756212830543518, 1.7574541568756104, 1.758274793624878, 1.7546855211257935, 1.7543467283248901, 1.756629467010498, 1.7543749809265137, 1.7533994913101196, 1.7554481029510498, 1.7561144828796387, 1.7608439922332764, 1.7579318284988403, 1.7602124214172363, 1.760791301727295, 1.7578542232513428, 1.7588027715682983, 1.7598652839660645, 1.760316252708435, 1.7593224048614502, 1.7583906650543213, 1.7569173574447632, 1.7586473226547241, 1.7635363340377808, 1.758428931236267, 1.7512985467910767, 1.7531319856643677, 1.7534024715423584, 1.7576338052749634, 1.7523707151412964, 1.7469251155853271, 1.7519726753234863, 1.7556877136230469, 1.7463144063949585, 1.743342638015747, 1.7522979974746704, 1.7436579465866089, 1.7420741319656372, 1.7526116371154785, 1.7492865324020386, 1.7343031167984009, 1.7425462007522583, 1.75985848903656, 1.7356001138687134, 1.7342828512191772, 1.7465355396270752, 1.743924856185913, 1.7486469745635986, 1.7374192476272583, 1.739351511001587, 1.7484229803085327, 1.7439100742340088, 1.7427958250045776, 1.7405788898468018, 1.7440342903137207, 1.7305742502212524, 1.7458603382110596, 1.7440260648727417, 1.7302626371383667, 1.733852744102478, 1.7403926849365234, 1.7335524559020996, 1.7317153215408325, 1.738206386566162], "val_acc": [0.15, 0.15, 0.15, 0.15, 0.15, 0.15, 0.15, 0.15, 0.15, 0.15, 0.15, 0.2, 0.13333333333333333, 0.13333333333333333, 0.13333333333333333, 0.13333333333333333, 0.13333333333333333, 0.23333333333333334, 0.16666666666666666, 0.2, 0.2, 0.2, 0.23333333333333334, 0.23333333333333334, 0.26666666666666666, 0.25, 0.26666666666666666, 0.25, 0.25, 0.26666666666666666, 0.26666666666666666, 0.21666666666666667, 0.18333333333333332, 0.2, 0.26666666666666666, 0.23333333333333334, 0.15, 0.13333333333333333, 0.2, 0.2, 0.13333333333333333, 0.11666666666666667, 0.18333333333333332, 0.21666666666666667, 0.2, 0.21666666666666667, 0.15, 0.2, 0.11666666666666667, 0.13333333333333333, 0.25, 0.2, 0.18333333333333332, 0.16666666666666666, 0.18333333333333332, 0.21666666666666667, 0.16666666666666666, 0.16666666666666666, 0.2, 0.15, 0.16666666666666666, 0.16666666666666666, 0.16666666666666666, 0.18333333333333332, 0.2, 0.18333333333333332, 0.16666666666666666, 0.18333333333333332, 0.18333333333333332, 0.13333333333333333, 0.15, 0.16666666666666666, 0.15, 0.18333333333333332, 0.16666666666666666, 0.16666666666666666, 0.2, 0.15, 0.16666666666666666, 0.23333333333333334, 0.16666666666666666, 0.13333333333333333, 0.18333333333333332, 0.15, 0.18333333333333332, 0.15, 0.15, 0.16666666666666666, 0.2, 0.2, 0.16666666666666666, 0.18333333333333332, 0.16666666666666666, 0.16666666666666666, 0.15, 0.15, 0.15, 0.21666666666666667, 0.2, 0.16666666666666666]}