{"train_loss": [1.7961205542087555, 1.7951976954936981, 1.7945223450660706, 1.7934671342372894, 1.7924563586711884, 1.7915797233581543, 1.7908388376235962, 1.7905270159244537, 1.790670096874237, 1.7897173166275024, 1.7889456748962402, 1.7897197306156158, 1.7905355393886566, 1.789920598268509, 1.7895196080207825, 1.7891264855861664, 1.7891730070114136, 1.7875093817710876, 1.7889862954616547, 1.7904121279716492, 1.7899248003959656, 1.7888740301132202, 1.788520485162735, 1.788602203130722, 1.7887077927589417, 1.7894502878189087, 1.7883505523204803, 1.7885082364082336, 1.7877717018127441, 1.786736637353897, 1.7868088781833649, 1.7859893441200256, 1.7828269302845001, 1.781335711479187, 1.781512200832367, 1.7807448208332062, 1.7748888731002808, 1.7727870643138885, 1.7717718482017517, 1.7740828394889832, 1.764551967382431, 1.771757036447525, 1.7659466564655304, 1.7703183889389038, 1.764368623495102, 1.7648971676826477, 1.7688582837581635, 1.7610671818256378, 1.7637932896614075, 1.7674591839313507, 1.764537900686264, 1.7664850354194641, 1.7700250148773193, 1.764735460281372, 1.7659700810909271, 1.7660269737243652, 1.7679816782474518, 1.7644388377666473, 1.765907883644104, 1.759600043296814, 1.7636859118938446, 1.7702364921569824, 1.7651151418685913, 1.7605358064174652, 1.7618625164031982, 1.7646591663360596, 1.762582689523697, 1.7558604180812836, 1.7645579278469086, 1.7611096501350403, 1.7563070952892303, 1.7566962540149689, 1.7578229010105133, 1.7606176137924194, 1.7580089271068573, 1.7622401714324951, 1.7560465037822723, 1.7688669860363007, 1.763265073299408, 1.76055908203125, 1.7642488181591034, 1.7556961476802826, 1.7593351602554321, 1.7587027549743652, 1.7597958743572235, 1.7677992284297943, 1.754065454006195, 1.7541370391845703, 1.759610265493393, 1.7556866705417633, 1.7638527154922485, 1.7573947608470917, 1.7556771337985992, 1.7649127840995789, 1.757485717535019, 1.7609334290027618, 1.764687031507492, 1.7551379203796387, 1.7590613663196564, 1.761778175830841], "train_acc": [0.16666666666666666, 0.16666666666666666, 0.16666666666666666, 0.17083333333333334, 0.175, 0.17291666666666666, 0.16666666666666666, 0.18541666666666667, 0.18125, 0.16875, 0.18541666666666667, 0.175, 0.17916666666666667, 0.20833333333333334, 0.19583333333333333, 0.18333333333333332, 0.175, 0.20208333333333334, 0.19166666666666668, 0.18541666666666667, 0.18333333333333332, 0.18541666666666667, 0.18541666666666667, 0.20625, 0.20416666666666666, 0.21458333333333332, 0.22083333333333333, 0.19791666666666666, 0.21041666666666667, 0.22291666666666668, 0.22916666666666666, 0.20833333333333334, 0.22291666666666668, 0.22083333333333333, 0.22708333333333333, 0.21875, 0.22083333333333333, 0.21458333333333332, 0.1875, 0.19375, 0.17291666666666666, 0.18541666666666667, 0.19583333333333333, 0.2, 0.22291666666666668, 0.19583333333333333, 0.21666666666666667, 0.21041666666666667, 0.21041666666666667, 0.19166666666666668, 0.19791666666666666, 0.22708333333333333, 0.20208333333333334, 0.18333333333333332, 0.21458333333333332, 0.20833333333333334, 0.2, 0.2125, 0.19791666666666666, 0.22083333333333333, 0.22291666666666668, 0.225, 0.21875, 0.22083333333333333, 0.22083333333333333, 0.19791666666666666, 0.21666666666666667, 0.22291666666666668, 0.21458333333333332, 0.2125, 0.22916666666666666, 0.21875, 0.22708333333333333, 0.2125, 0.225, 0.20416666666666666, 0.20833333333333334, 0.23125, 0.20833333333333334, 0.21666666666666667, 0.22291666666666668, 0.21666666666666667, 0.21458333333333332, 0.2125, 0.225, 0.22916666666666666, 0.24375, 0.22916666666666666, 0.24166666666666667, 0.23541666666666666, 0.20625, 0.2, 0.22708333333333333, 0.21875, 0.21458333333333332, 0.22708333333333333, 0.22291666666666668, 0.22291666666666668, 0.21458333333333332, 0.22708333333333333], "val_loss": [1.7941313982009888, 1.7952114343643188, 1.7956470251083374, 1.7967374324798584, 1.7990695238113403, 1.8030592203140259, 1.8078771829605103, 1.8120791912078857, 1.8131183385849, 1.8116146326065063, 1.8110766410827637, 1.81052565574646, 1.8118202686309814, 1.8113869428634644, 1.8103768825531006, 1.8104864358901978, 1.8107460737228394, 1.8125778436660767, 1.8154793977737427, 1.8163642883300781, 1.815027117729187, 1.8107552528381348, 1.8096872568130493, 1.8087605237960815, 1.8100568056106567, 1.8100465536117554, 1.8101972341537476, 1.8109252452850342, 1.808945894241333, 1.8057717084884644, 1.8041951656341553, 1.8024413585662842, 1.8017737865447998, 1.8083016872406006, 1.7989646196365356, 1.7914153337478638, 1.7863227128982544, 1.7785754203796387, 1.7648295164108276, 1.7584633827209473, 1.7516136169433594, 1.7444508075714111, 1.747595191001892, 1.7466996908187866, 1.7460007667541504, 1.7451201677322388, 1.7450617551803589, 1.7572871446609497, 1.7417680025100708, 1.740106463432312, 1.7526065111160278, 1.7545807361602783, 1.746809482574463, 1.74501371383667, 1.7425764799118042, 1.751575231552124, 1.748859167098999, 1.744226336479187, 1.742920994758606, 1.741361141204834, 1.7510861158370972, 1.732514500617981, 1.7387555837631226, 1.7577844858169556, 1.7538496255874634, 1.7397812604904175, 1.7419540882110596, 1.747559905052185, 1.7418994903564453, 1.7382607460021973, 1.7393896579742432, 1.7351412773132324, 1.7396687269210815, 1.7340205907821655, 1.7397277355194092, 1.729850172996521, 1.7398332357406616, 1.7410722970962524, 1.7374101877212524, 1.7409683465957642, 1.7512568235397339, 1.7434964179992676, 1.7306017875671387, 1.7345813512802124, 1.7443256378173828, 1.737314224243164, 1.7353912591934204, 1.7344106435775757, 1.7410751581192017, 1.7426445484161377, 1.728344202041626, 1.738335132598877, 1.7490421533584595, 1.7476978302001953, 1.7342036962509155, 1.7396296262741089, 1.7543888092041016, 1.7417643070220947, 1.7380180358886719, 1.740738034248352], "val_acc": [0.16666666666666666, 0.16666666666666666, 0.16666666666666666, 0.16666666666666666, 0.13333333333333333, 0.13333333333333333, 0.08333333333333333, 0.08333333333333333, 0.08333333333333333, 0.08333333333333333, 0.08333333333333333, 0.11666666666666667, 0.11666666666666667, 0.11666666666666667, 0.11666666666666667, 0.11666666666666667, 0.11666666666666667, 0.08333333333333333, 0.08333333333333333, 0.08333333333333333, 0.08333333333333333, 0.11666666666666667, 0.11666666666666667, 0.11666666666666667, 0.11666666666666667, 0.11666666666666667, 0.11666666666666667, 0.11666666666666667, 0.11666666666666667, 0.11666666666666667, 0.11666666666666667, 0.15, 0.13333333333333333, 0.11666666666666667, 0.13333333333333333, 0.15, 0.15, 0.15, 0.18333333333333332, 0.2, 0.23333333333333334, 0.26666666666666666, 0.23333333333333334, 0.25, 0.25, 0.25, 0.25, 0.25, 0.26666666666666666, 0.25, 0.23333333333333334, 0.21666666666666667, 0.21666666666666667, 0.23333333333333334, 0.26666666666666666, 0.25, 0.23333333333333334, 0.23333333333333334, 0.23333333333333334, 0.25, 0.25, 0.25, 0.25, 0.23333333333333334, 0.25, 0.26666666666666666, 0.26666666666666666, 0.23333333333333334, 0.25, 0.25, 0.25, 0.25, 0.26666666666666666, 0.25, 0.25, 0.25, 0.25, 0.25, 0.2833333333333333, 0.25, 0.26666666666666666, 0.25, 0.25, 0.25, 0.26666666666666666, 0.26666666666666666, 0.26666666666666666, 0.26666666666666666, 0.25, 0.26666666666666666, 0.25, 0.25, 0.26666666666666666, 0.23333333333333334, 0.26666666666666666, 0.26666666666666666, 0.25, 0.25, 0.25, 0.23333333333333334]}