{"train_loss": [1.794209748506546, 1.7931099832057953, 1.7926947474479675, 1.792451024055481, 1.7916430532932281, 1.791088730096817, 1.7906234860420227, 1.7900586426258087, 1.7910018265247345, 1.790156990289688, 1.7904712855815887, 1.7893557846546173, 1.7899162769317627, 1.7882542610168457, 1.787827044725418, 1.7861602902412415, 1.7887812852859497, 1.787136971950531, 1.7848926484584808, 1.7821281552314758, 1.784097969532013, 1.783819854259491, 1.780513972043991, 1.7806199789047241, 1.7807425558567047, 1.7787458002567291, 1.7775148749351501, 1.7769001722335815, 1.7734372913837433, 1.775774359703064, 1.7761462032794952, 1.771626055240631, 1.7677621841430664, 1.776573807001114, 1.7687160670757294, 1.7723382413387299, 1.771489828824997, 1.7722892463207245, 1.7706992328166962, 1.7716483771800995, 1.7639318108558655, 1.7642630636692047, 1.7635900378227234, 1.770466923713684, 1.7680735290050507, 1.7623604238033295, 1.7598110139369965, 1.7597735822200775, 1.7630531191825867, 1.7605981528759003, 1.7601743340492249, 1.7658426463603973, 1.7589980959892273, 1.7580821812152863, 1.7614794075489044, 1.7583274841308594, 1.765957534313202, 1.7578181326389313, 1.7601920366287231, 1.7546966969966888, 1.75924813747406, 1.7624160945415497, 1.7612853944301605, 1.7573987245559692, 1.7582316100597382, 1.7536614537239075, 1.7570361495018005, 1.7566726505756378, 1.7507967352867126, 1.7582361698150635, 1.7594243288040161, 1.7598565220832825, 1.7543425261974335, 1.7613232135772705, 1.7573924362659454, 1.7611860632896423, 1.7572132050991058, 1.7503924369812012, 1.7570475935935974, 1.7548592388629913, 1.7569444179534912, 1.7551617920398712, 1.7602142989635468, 1.7600503265857697, 1.7551916539669037, 1.756832331418991, 1.758735328912735, 1.7544976770877838, 1.7521853148937225, 1.7476036548614502, 1.7603420615196228, 1.7567448318004608, 1.766847014427185, 1.755253404378891, 1.751911610364914, 1.7503666281700134, 1.7558271288871765, 1.7525633871555328, 1.7522582411766052, 1.7490825951099396], "train_acc": [0.16041666666666668, 0.16041666666666668, 0.15833333333333333, 0.15, 0.1625, 0.17916666666666667, 0.1875, 0.18125, 0.1875, 0.16041666666666668, 0.17291666666666666, 0.18333333333333332, 0.18541666666666667, 0.17083333333333334, 0.16875, 0.18125, 0.18333333333333332, 0.15833333333333333, 0.17708333333333334, 0.20416666666666666, 0.21458333333333332, 0.20833333333333334, 0.19375, 0.21041666666666667, 0.2, 0.20208333333333334, 0.20833333333333334, 0.21666666666666667, 0.23333333333333334, 0.21041666666666667, 0.20625, 0.19166666666666668, 0.20625, 0.2125, 0.19791666666666666, 0.20833333333333334, 0.21666666666666667, 0.2125, 0.21041666666666667, 0.20625, 0.20416666666666666, 0.2, 0.19583333333333333, 0.19375, 0.20416666666666666, 0.19375, 0.18958333333333333, 0.2, 0.2125, 0.19791666666666666, 0.18541666666666667, 0.22291666666666668, 0.20208333333333334, 0.19791666666666666, 0.20208333333333334, 0.20416666666666666, 0.18958333333333333, 0.21041666666666667, 0.21666666666666667, 0.19791666666666666, 0.21666666666666667, 0.20833333333333334, 0.20416666666666666, 0.21666666666666667, 0.20833333333333334, 0.20833333333333334, 0.21458333333333332, 0.2, 0.2125, 0.20625, 0.21458333333333332, 0.19791666666666666, 0.21666666666666667, 0.20833333333333334, 0.18125, 0.21041666666666667, 0.21458333333333332, 0.22291666666666668, 0.2, 0.20208333333333334, 0.20208333333333334, 0.20208333333333334, 0.19375, 0.20416666666666666, 0.22083333333333333, 0.20833333333333334, 0.21875, 0.19583333333333333, 0.20833333333333334, 0.21041666666666667, 0.2125, 0.19375, 0.21458333333333332, 0.21458333333333332, 0.225, 0.23958333333333334, 0.22291666666666668, 0.21041666666666667, 0.21666666666666667, 0.20833333333333334], "val_loss": [1.7917910814285278, 1.791821837425232, 1.7919151782989502, 1.7923166751861572, 1.7929527759552002, 1.7940471172332764, 1.7948594093322754, 1.7964235544204712, 1.7967960834503174, 1.7960984706878662, 1.7953656911849976, 1.794860601425171, 1.795136570930481, 1.7953014373779297, 1.7951797246932983, 1.7959378957748413, 1.7973136901855469, 1.7965927124023438, 1.79654061794281, 1.7957971096038818, 1.7987040281295776, 1.7993229627609253, 1.7975246906280518, 1.7999167442321777, 1.7980080842971802, 1.7937077283859253, 1.7955551147460938, 1.7971051931381226, 1.7866135835647583, 1.7833898067474365, 1.7766135931015015, 1.7714508771896362, 1.7791067361831665, 1.7694084644317627, 1.7597593069076538, 1.7586085796356201, 1.7700644731521606, 1.7630974054336548, 1.7550206184387207, 1.7568504810333252, 1.7664023637771606, 1.772800087928772, 1.7563154697418213, 1.7500207424163818, 1.7549898624420166, 1.7631068229675293, 1.761048674583435, 1.7535208463668823, 1.7512280941009521, 1.749314546585083, 1.762972116470337, 1.7610747814178467, 1.751895785331726, 1.751099944114685, 1.7593857049942017, 1.7586948871612549, 1.7622824907302856, 1.7523592710494995, 1.7514746189117432, 1.7610446214675903, 1.7705168724060059, 1.7505393028259277, 1.7515865564346313, 1.753570318222046, 1.7612656354904175, 1.7582988739013672, 1.7542479038238525, 1.755906581878662, 1.7508275508880615, 1.7544004917144775, 1.7517343759536743, 1.7551311254501343, 1.7516978979110718, 1.749839425086975, 1.756115198135376, 1.7623127698898315, 1.7487674951553345, 1.7464147806167603, 1.7488007545471191, 1.76170814037323, 1.7556039094924927, 1.7462879419326782, 1.7525293827056885, 1.7586309909820557, 1.756678819656372, 1.7450047731399536, 1.746652364730835, 1.7502868175506592, 1.7500466108322144, 1.7568507194519043, 1.7532511949539185, 1.7399121522903442, 1.740512490272522, 1.7518181800842285, 1.7638485431671143, 1.7534922361373901, 1.7478288412094116, 1.7460685968399048, 1.7493842840194702, 1.7547539472579956], "val_acc": [0.18333333333333332, 0.18333333333333332, 0.18333333333333332, 0.18333333333333332, 0.21666666666666667, 0.23333333333333334, 0.16666666666666666, 0.18333333333333332, 0.16666666666666666, 0.15, 0.13333333333333333, 0.11666666666666667, 0.15, 0.13333333333333333, 0.15, 0.18333333333333332, 0.18333333333333332, 0.2, 0.18333333333333332, 0.16666666666666666, 0.18333333333333332, 0.1, 0.13333333333333333, 0.13333333333333333, 0.11666666666666667, 0.1, 0.11666666666666667, 0.11666666666666667, 0.1, 0.08333333333333333, 0.13333333333333333, 0.16666666666666666, 0.1, 0.15, 0.2, 0.2, 0.15, 0.21666666666666667, 0.23333333333333334, 0.23333333333333334, 0.21666666666666667, 0.16666666666666666, 0.23333333333333334, 0.23333333333333334, 0.18333333333333332, 0.18333333333333332, 0.2, 0.23333333333333334, 0.23333333333333334, 0.25, 0.18333333333333332, 0.18333333333333332, 0.18333333333333332, 0.21666666666666667, 0.2, 0.2, 0.2, 0.21666666666666667, 0.21666666666666667, 0.2, 0.13333333333333333, 0.23333333333333334, 0.23333333333333334, 0.21666666666666667, 0.18333333333333332, 0.21666666666666667, 0.18333333333333332, 0.21666666666666667, 0.23333333333333334, 0.18333333333333332, 0.18333333333333332, 0.2, 0.18333333333333332, 0.23333333333333334, 0.21666666666666667, 0.2, 0.23333333333333334, 0.25, 0.2, 0.18333333333333332, 0.21666666666666667, 0.23333333333333334, 0.21666666666666667, 0.21666666666666667, 0.21666666666666667, 0.23333333333333334, 0.2, 0.2, 0.21666666666666667, 0.18333333333333332, 0.2, 0.23333333333333334, 0.23333333333333334, 0.2, 0.18333333333333332, 0.21666666666666667, 0.2, 0.2, 0.21666666666666667, 0.21666666666666667]}