{"train_loss": [1.7950189709663391, 1.7942063510417938, 1.791935920715332, 1.791968584060669, 1.792299598455429, 1.7909185588359833, 1.7920911610126495, 1.7910540699958801, 1.792935460805893, 1.7922781705856323, 1.790971040725708, 1.79133540391922, 1.7917591035366058, 1.7915259897708893, 1.7912580072879791, 1.7908799946308136, 1.7914115190505981, 1.7911568582057953, 1.7910352647304535, 1.790062129497528, 1.7914392352104187, 1.791690856218338, 1.7910719513893127, 1.7909049093723297, 1.7898816168308258, 1.7903432846069336, 1.7869432866573334, 1.785191923379898, 1.7808718383312225, 1.7814480662345886, 1.7772727608680725, 1.7703340947628021, 1.7749868631362915, 1.7655814290046692, 1.7647392749786377, 1.76487597823143, 1.7670934796333313, 1.7682774364948273, 1.7589228451251984, 1.7611038386821747, 1.759466528892517, 1.7595008313655853, 1.7596677541732788, 1.7635082006454468, 1.7558293044567108, 1.7588539719581604, 1.7600614726543427, 1.7596678733825684, 1.7608153522014618, 1.7543514966964722, 1.7577013969421387, 1.7594690918922424, 1.7549104988574982, 1.756770670413971, 1.7524827420711517, 1.7499314546585083, 1.7581064105033875, 1.7565773725509644, 1.7517881393432617, 1.7517848908901215, 1.7563959658145905, 1.7555885910987854, 1.7504507899284363, 1.7487296164035797, 1.7433812022209167, 1.74080029129982, 1.7396033108234406, 1.742171585559845, 1.7356503903865814, 1.7429377436637878, 1.743278443813324, 1.74007049202919, 1.7354701459407806, 1.7471764385700226, 1.7403334379196167, 1.7389555871486664, 1.7342723906040192, 1.7449162900447845, 1.753535509109497, 1.7417975068092346, 1.7365679740905762, 1.7469727098941803, 1.7406398057937622, 1.7423929274082184, 1.730284422636032, 1.7312431335449219, 1.7356263995170593, 1.7307661771774292, 1.7294968366622925, 1.734647810459137, 1.7267946302890778, 1.732333093881607, 1.7401604652404785, 1.7343144714832306, 1.7296324670314789, 1.7289157509803772, 1.7235656380653381, 1.7353741526603699, 1.7283450365066528, 1.7178337574005127], "train_acc": [0.15, 0.1625, 0.17291666666666666, 0.17083333333333334, 0.15208333333333332, 0.175, 0.16458333333333333, 0.2, 0.16875, 0.16041666666666668, 0.16458333333333333, 0.17916666666666667, 0.17291666666666666, 0.16875, 0.17083333333333334, 0.16875, 0.19583333333333333, 0.17291666666666666, 0.18333333333333332, 0.18333333333333332, 0.19166666666666668, 0.18541666666666667, 0.175, 0.16875, 0.19166666666666668, 0.17291666666666666, 0.18958333333333333, 0.15208333333333332, 0.19166666666666668, 0.1875, 0.17708333333333334, 0.19375, 0.19791666666666666, 0.21458333333333332, 0.21041666666666667, 0.21041666666666667, 0.20416666666666666, 0.18541666666666667, 0.21458333333333332, 0.21041666666666667, 0.20833333333333334, 0.1875, 0.23333333333333334, 0.21458333333333332, 0.22708333333333333, 0.22083333333333333, 0.20625, 0.24791666666666667, 0.22291666666666668, 0.19375, 0.225, 0.20416666666666666, 0.22291666666666668, 0.23125, 0.22083333333333333, 0.22708333333333333, 0.2375, 0.24166666666666667, 0.25416666666666665, 0.21666666666666667, 0.24583333333333332, 0.225, 0.21666666666666667, 0.21875, 0.23958333333333334, 0.22083333333333333, 0.22083333333333333, 0.225, 0.2, 0.21666666666666667, 0.20625, 0.20833333333333334, 0.22916666666666666, 0.23333333333333334, 0.24583333333333332, 0.21458333333333332, 0.2125, 0.19583333333333333, 0.18333333333333332, 0.2520833333333333, 0.24583333333333332, 0.21875, 0.22708333333333333, 0.225, 0.2125, 0.21458333333333332, 0.20208333333333334, 0.20416666666666666, 0.21041666666666667, 0.20416666666666666, 0.20833333333333334, 0.2375, 0.21666666666666667, 0.21875, 0.20833333333333334, 0.21666666666666667, 0.21666666666666667, 0.225, 0.20208333333333334, 0.24583333333333332], "val_loss": [1.8019561767578125, 1.8012558221817017, 1.8007181882858276, 1.8003932237625122, 1.7988659143447876, 1.7979978322982788, 1.7973110675811768, 1.7980772256851196, 1.798208236694336, 1.7977076768875122, 1.797223448753357, 1.7963346242904663, 1.7960740327835083, 1.7961324453353882, 1.7959476709365845, 1.7957805395126343, 1.7958972454071045, 1.7951821088790894, 1.7951645851135254, 1.7943603992462158, 1.7928694486618042, 1.7919763326644897, 1.7937530279159546, 1.7941516637802124, 1.7935030460357666, 1.789605736732483, 1.791340947151184, 1.7802997827529907, 1.7776024341583252, 1.781548023223877, 1.772642970085144, 1.7754263877868652, 1.770647644996643, 1.7760285139083862, 1.782619833946228, 1.7807968854904175, 1.792370319366455, 1.7811005115509033, 1.7788832187652588, 1.7752615213394165, 1.7784476280212402, 1.7781939506530762, 1.7766793966293335, 1.775949478149414, 1.7761305570602417, 1.7774293422698975, 1.7791355848312378, 1.778740644454956, 1.7790756225585938, 1.7780735492706299, 1.7785606384277344, 1.7793242931365967, 1.7774723768234253, 1.776597261428833, 1.777982473373413, 1.7752430438995361, 1.7804714441299438, 1.779584288597107, 1.7793033123016357, 1.778610110282898, 1.779416561126709, 1.7751736640930176, 1.7803364992141724, 1.784517526626587, 1.7800159454345703, 1.7798107862472534, 1.7907742261886597, 1.7839360237121582, 1.7787915468215942, 1.7794373035430908, 1.7732900381088257, 1.7744295597076416, 1.775341272354126, 1.7725118398666382, 1.7774494886398315, 1.7719268798828125, 1.7664846181869507, 1.77272367477417, 1.777339220046997, 1.7683907747268677, 1.7630749940872192, 1.7633941173553467, 1.7641772031784058, 1.7640398740768433, 1.760908603668213, 1.7544200420379639, 1.7548898458480835, 1.7508198022842407, 1.7499961853027344, 1.7517956495285034, 1.752874493598938, 1.7488495111465454, 1.7473596334457397, 1.7479679584503174, 1.7538188695907593, 1.7509747743606567, 1.7516611814498901, 1.75019371509552, 1.7567473649978638, 1.7534993886947632], "val_acc": [0.18333333333333332, 0.08333333333333333, 0.08333333333333333, 0.08333333333333333, 0.08333333333333333, 0.08333333333333333, 0.08333333333333333, 0.08333333333333333, 0.08333333333333333, 0.08333333333333333, 0.08333333333333333, 0.08333333333333333, 0.08333333333333333, 0.08333333333333333, 0.08333333333333333, 0.08333333333333333, 0.08333333333333333, 0.18333333333333332, 0.18333333333333332, 0.2, 0.18333333333333332, 0.18333333333333332, 0.13333333333333333, 0.13333333333333333, 0.11666666666666667, 0.11666666666666667, 0.11666666666666667, 0.18333333333333332, 0.18333333333333332, 0.11666666666666667, 0.1, 0.15, 0.16666666666666666, 0.16666666666666666, 0.18333333333333332, 0.13333333333333333, 0.18333333333333332, 0.15, 0.16666666666666666, 0.16666666666666666, 0.2, 0.21666666666666667, 0.16666666666666666, 0.2, 0.2, 0.2, 0.18333333333333332, 0.2, 0.2, 0.18333333333333332, 0.2, 0.18333333333333332, 0.16666666666666666, 0.18333333333333332, 0.15, 0.21666666666666667, 0.21666666666666667, 0.2, 0.18333333333333332, 0.16666666666666666, 0.16666666666666666, 0.18333333333333332, 0.16666666666666666, 0.2, 0.13333333333333333, 0.15, 0.16666666666666666, 0.11666666666666667, 0.11666666666666667, 0.1, 0.13333333333333333, 0.11666666666666667, 0.11666666666666667, 0.13333333333333333, 0.16666666666666666, 0.18333333333333332, 0.15, 0.1, 0.15, 0.13333333333333333, 0.13333333333333333, 0.2, 0.11666666666666667, 0.18333333333333332, 0.18333333333333332, 0.13333333333333333, 0.18333333333333332, 0.15, 0.15, 0.15, 0.13333333333333333, 0.13333333333333333, 0.16666666666666666, 0.16666666666666666, 0.11666666666666667, 0.15, 0.18333333333333332, 0.15, 0.13333333333333333, 0.15]}