{"train_loss": [1.8081887662410736, 1.7920781075954437, 1.7859134674072266, 1.7681283056735992, 1.7681977450847626, 1.7551347017288208, 1.7519032955169678, 1.7584533393383026, 1.7545721530914307, 1.755691409111023, 1.7603107690811157, 1.7471615672111511, 1.7503583133220673, 1.742909997701645, 1.7456898093223572, 1.7424252033233643, 1.749518722295761, 1.752159297466278, 1.7476307451725006, 1.7511862218379974, 1.7517900168895721, 1.7441329061985016, 1.7445699870586395, 1.7533540427684784, 1.7431292533874512, 1.7376507222652435, 1.7328867018222809, 1.732544332742691, 1.7320635318756104, 1.7455391883850098, 1.7709293961524963, 1.7649701833724976, 1.7502474188804626, 1.7462767362594604, 1.7460875511169434, 1.742504507303238, 1.7441514432430267, 1.7458199262619019, 1.737112134695053, 1.7381714284420013, 1.7397522628307343, 1.7460280060768127, 1.7384443879127502, 1.7542682588100433, 1.7447001039981842, 1.736979067325592, 1.7468690276145935, 1.7450052797794342, 1.7343177795410156, 1.7417314052581787, 1.74894317984581, 1.7359246611595154, 1.7349567115306854, 1.7302183210849762, 1.7288707792758942, 1.7309901416301727, 1.729028433561325, 1.7261478900909424, 1.737289309501648, 1.7317914068698883, 1.7424836158752441, 1.7357189655303955, 1.7416492104530334, 1.742596596479416, 1.7350377440452576, 1.7288218438625336, 1.7326582372188568, 1.715221792459488, 1.7250042259693146, 1.7186443507671356, 1.7076314091682434, 1.7167690098285675, 1.7273685336112976, 1.7082557678222656, 1.7274697124958038, 1.7015688717365265, 1.700932800769806, 1.7099037766456604, 1.695535033941269, 1.6922628581523895, 1.6958025693893433, 1.6759867072105408, 1.6986116766929626, 1.6707313358783722, 1.6712737083435059, 1.7005391120910645, 1.7205405235290527, 1.7232419848442078, 1.7178337574005127, 1.7316097915172577, 1.7044404745101929, 1.7011311948299408, 1.6904116868972778, 1.692137748003006, 1.6864839792251587, 1.6729311645030975, 1.6735127866268158, 1.6594456136226654, 1.661505103111267, 1.659134328365326], "train_acc": [0.1625, 0.20208333333333334, 0.19791666666666666, 0.22916666666666666, 0.21041666666666667, 0.225, 0.26458333333333334, 0.17083333333333334, 0.25625, 0.24375, 0.23125, 0.2375, 0.21666666666666667, 0.26666666666666666, 0.26875, 0.24791666666666667, 0.275, 0.23125, 0.2520833333333333, 0.24583333333333332, 0.18541666666666667, 0.2625, 0.24583333333333332, 0.24166666666666667, 0.2833333333333333, 0.26458333333333334, 0.26666666666666666, 0.25, 0.2375, 0.25625, 0.22291666666666668, 0.225, 0.2625, 0.19791666666666666, 0.22916666666666666, 0.2520833333333333, 0.2520833333333333, 0.17916666666666667, 0.25833333333333336, 0.23541666666666666, 0.21458333333333332, 0.20416666666666666, 0.2604166666666667, 0.20625, 0.24375, 0.23125, 0.21875, 0.2375, 0.27708333333333335, 0.20416666666666666, 0.20625, 0.2875, 0.26458333333333334, 0.24791666666666667, 0.24791666666666667, 0.22916666666666666, 0.21875, 0.25, 0.23333333333333334, 0.26875, 0.25833333333333336, 0.2375, 0.26666666666666666, 0.275, 0.2625, 0.2625, 0.2833333333333333, 0.28125, 0.2625, 0.27708333333333335, 0.27708333333333335, 0.2875, 0.24791666666666667, 0.3125, 0.26458333333333334, 0.26458333333333334, 0.30625, 0.27708333333333335, 0.25416666666666665, 0.3125, 0.26666666666666666, 0.29791666666666666, 0.26666666666666666, 0.3125, 0.275, 0.29583333333333334, 0.2520833333333333, 0.3020833333333333, 0.25625, 0.24166666666666667, 0.25833333333333336, 0.31875, 0.29583333333333334, 0.3020833333333333, 0.30625, 0.29375, 0.30416666666666664, 0.3020833333333333, 0.2916666666666667, 0.32916666666666666], "val_loss": [1.8007088899612427, 1.7784333229064941, 1.7642494440078735, 1.775789737701416, 1.7376370429992676, 1.7774162292480469, 1.762640357017517, 1.7666015625, 1.7688535451889038, 1.7699371576309204, 1.7750152349472046, 1.7455620765686035, 1.768097162246704, 1.757907509803772, 1.74327552318573, 1.765312910079956, 1.7479023933410645, 1.7332619428634644, 1.7879282236099243, 1.7604376077651978, 1.7354432344436646, 1.7548141479492188, 1.760337233543396, 1.766288161277771, 1.7323874235153198, 1.735257625579834, 1.7652156352996826, 1.7267873287200928, 1.7602713108062744, 1.7448211908340454, 1.791782259941101, 1.7609710693359375, 1.7541872262954712, 1.7509340047836304, 1.7533409595489502, 1.75584876537323, 1.7524996995925903, 1.7539570331573486, 1.7592707872390747, 1.7547188997268677, 1.7486340999603271, 1.755050539970398, 1.7495949268341064, 1.7571014165878296, 1.775714635848999, 1.7440227270126343, 1.7438195943832397, 1.7526869773864746, 1.75310480594635, 1.7613193988800049, 1.770383358001709, 1.7488417625427246, 1.7416080236434937, 1.750095009803772, 1.7640246152877808, 1.7478095293045044, 1.7425343990325928, 1.7446892261505127, 1.7423635721206665, 1.7622028589248657, 1.738569736480713, 1.7384085655212402, 1.7519129514694214, 1.7481626272201538, 1.7342222929000854, 1.7714840173721313, 1.7505699396133423, 1.7464141845703125, 1.7326349020004272, 1.753734827041626, 1.7256553173065186, 1.7005951404571533, 1.748234510421753, 1.679270625114441, 1.7267711162567139, 1.7008577585220337, 1.6771763563156128, 1.7242591381072998, 1.6885795593261719, 1.7324519157409668, 1.6840002536773682, 1.6756848096847534, 1.7077542543411255, 1.6747009754180908, 1.7329497337341309, 1.7272846698760986, 1.719323754310608, 1.6988989114761353, 1.7269333600997925, 1.7170361280441284, 1.7412867546081543, 1.717344880104065, 1.7058279514312744, 1.673238754272461, 1.7344061136245728, 1.698917269706726, 1.6972895860671997, 1.692981481552124, 1.7010070085525513, 1.7005058526992798], "val_acc": [0.18333333333333332, 0.2, 0.21666666666666667, 0.2, 0.2, 0.15, 0.16666666666666666, 0.25, 0.18333333333333332, 0.23333333333333334, 0.21666666666666667, 0.23333333333333334, 0.16666666666666666, 0.21666666666666667, 0.13333333333333333, 0.21666666666666667, 0.26666666666666666, 0.16666666666666666, 0.21666666666666667, 0.13333333333333333, 0.18333333333333332, 0.2, 0.16666666666666666, 0.23333333333333334, 0.23333333333333334, 0.18333333333333332, 0.16666666666666666, 0.18333333333333332, 0.18333333333333332, 0.26666666666666666, 0.16666666666666666, 0.2, 0.15, 0.2, 0.16666666666666666, 0.16666666666666666, 0.16666666666666666, 0.11666666666666667, 0.16666666666666666, 0.15, 0.18333333333333332, 0.16666666666666666, 0.15, 0.15, 0.18333333333333332, 0.16666666666666666, 0.2, 0.21666666666666667, 0.15, 0.13333333333333333, 0.16666666666666666, 0.16666666666666666, 0.21666666666666667, 0.21666666666666667, 0.16666666666666666, 0.13333333333333333, 0.21666666666666667, 0.21666666666666667, 0.13333333333333333, 0.13333333333333333, 0.2, 0.2, 0.2, 0.26666666666666666, 0.26666666666666666, 0.18333333333333332, 0.2, 0.26666666666666666, 0.18333333333333332, 0.25, 0.25, 0.16666666666666666, 0.23333333333333334, 0.23333333333333334, 0.2, 0.2833333333333333, 0.31666666666666665, 0.26666666666666666, 0.26666666666666666, 0.26666666666666666, 0.21666666666666667, 0.2833333333333333, 0.31666666666666665, 0.23333333333333334, 0.25, 0.16666666666666666, 0.26666666666666666, 0.26666666666666666, 0.23333333333333334, 0.25, 0.26666666666666666, 0.26666666666666666, 0.21666666666666667, 0.3, 0.23333333333333334, 0.23333333333333334, 0.23333333333333334, 0.21666666666666667, 0.21666666666666667, 0.18333333333333332]}