{"train_loss": [1.7939855754375458, 1.7925461828708649, 1.7908861935138702, 1.7901733815670013, 1.790006846189499, 1.7902621626853943, 1.7907074391841888, 1.790191799402237, 1.790172815322876, 1.7878852486610413, 1.7875862419605255, 1.78785240650177, 1.7902222871780396, 1.7847346663475037, 1.7839137613773346, 1.7762443125247955, 1.770598590373993, 1.7732932567596436, 1.765385091304779, 1.7713650465011597, 1.7579060792922974, 1.7635442018508911, 1.7577362954616547, 1.7589519321918488, 1.7591790854930878, 1.7552110254764557, 1.7522478699684143, 1.7584007680416107, 1.7633178532123566, 1.7572641670703888, 1.7510397136211395, 1.7502675950527191, 1.7492942214012146, 1.7502397894859314, 1.7453721761703491, 1.7552109062671661, 1.741072565317154, 1.7545843124389648, 1.738744705915451, 1.7504603266716003, 1.7517590522766113, 1.7439894676208496, 1.7412948906421661, 1.7494787871837616, 1.7382628917694092, 1.7370695173740387, 1.7352891862392426, 1.734707236289978, 1.7235399186611176, 1.733009546995163, 1.7379541397094727, 1.7342981398105621, 1.7341387867927551, 1.725447952747345, 1.7182743847370148, 1.721522867679596, 1.7264784574508667, 1.7244581282138824, 1.732876718044281, 1.7176551520824432, 1.7289751768112183, 1.7296681106090546, 1.7319971024990082, 1.7253178358078003, 1.7364055812358856, 1.732535719871521, 1.7288633584976196, 1.7172976434230804, 1.7279440760612488, 1.7240870594978333, 1.7153761982917786, 1.7251090705394745, 1.713240623474121, 1.728058397769928, 1.7252756655216217, 1.7214036285877228, 1.7243099510669708, 1.722994476556778, 1.7099483013153076, 1.721805363893509, 1.7166146636009216, 1.719204843044281, 1.7237441539764404, 1.7212790548801422, 1.7144504487514496, 1.7340742945671082, 1.709454596042633, 1.7250244617462158, 1.7074479460716248, 1.7119643092155457, 1.7135524153709412, 1.7159303724765778, 1.7135138511657715, 1.7160616517066956, 1.705251932144165, 1.7058853209018707, 1.7142533957958221, 1.7138532996177673, 1.7052453756332397, 1.7029386460781097], "train_acc": [0.16666666666666666, 0.18541666666666667, 0.18333333333333332, 0.18333333333333332, 0.18125, 0.18125, 0.18125, 0.175, 0.18333333333333332, 0.19375, 0.18333333333333332, 0.2, 0.17083333333333334, 0.20416666666666666, 0.20208333333333334, 0.17708333333333334, 0.1875, 0.17916666666666667, 0.20625, 0.2125, 0.21666666666666667, 0.22083333333333333, 0.20625, 0.22083333333333333, 0.19791666666666666, 0.20833333333333334, 0.21041666666666667, 0.2125, 0.21458333333333332, 0.20625, 0.22916666666666666, 0.2625, 0.23541666666666666, 0.24166666666666667, 0.23125, 0.20833333333333334, 0.24166666666666667, 0.20625, 0.20833333333333334, 0.225, 0.22291666666666668, 0.22291666666666668, 0.25, 0.2520833333333333, 0.21666666666666667, 0.22708333333333333, 0.225, 0.23333333333333334, 0.22291666666666668, 0.22083333333333333, 0.21875, 0.24166666666666667, 0.21458333333333332, 0.22916666666666666, 0.24166666666666667, 0.20833333333333334, 0.20833333333333334, 0.23333333333333334, 0.21666666666666667, 0.22083333333333333, 0.24791666666666667, 0.21875, 0.19375, 0.22083333333333333, 0.22291666666666668, 0.23541666666666666, 0.21458333333333332, 0.23958333333333334, 0.23333333333333334, 0.24166666666666667, 0.22291666666666668, 0.24166666666666667, 0.25833333333333336, 0.2604166666666667, 0.22708333333333333, 0.225, 0.22708333333333333, 0.225, 0.25625, 0.23958333333333334, 0.25, 0.24583333333333332, 0.22083333333333333, 0.24375, 0.2520833333333333, 0.24375, 0.25625, 0.22708333333333333, 0.25416666666666665, 0.24375, 0.23333333333333334, 0.25833333333333336, 0.25416666666666665, 0.2375, 0.26666666666666666, 0.25, 0.26666666666666666, 0.2375, 0.26666666666666666, 0.25416666666666665], "val_loss": [1.799148440361023, 1.805108666419983, 1.806410312652588, 1.8080050945281982, 1.8117157220840454, 1.814441204071045, 1.8133924007415771, 1.8116881847381592, 1.8082249164581299, 1.8055157661437988, 1.8044601678848267, 1.8050457239151, 1.804619312286377, 1.798879623413086, 1.7905980348587036, 1.7800265550613403, 1.7801517248153687, 1.7851474285125732, 1.7885063886642456, 1.7976421117782593, 1.8507080078125, 1.8020352125167847, 1.7907226085662842, 1.7946569919586182, 1.794744849205017, 1.7928862571716309, 1.790473461151123, 1.7848254442214966, 1.7893801927566528, 1.8021820783615112, 1.7970644235610962, 1.7886778116226196, 1.7981791496276855, 1.7927188873291016, 1.7781062126159668, 1.7941889762878418, 1.7808234691619873, 1.763567566871643, 1.781753659248352, 1.8050860166549683, 1.7492172718048096, 1.7992390394210815, 1.7818843126296997, 1.7540054321289062, 1.7713991403579712, 1.7635655403137207, 1.779926061630249, 1.7761863470077515, 1.759995937347412, 1.7670245170593262, 1.788892149925232, 1.7650257349014282, 1.7601958513259888, 1.7733213901519775, 1.770347237586975, 1.7606123685836792, 1.7699916362762451, 1.7812800407409668, 1.7637799978256226, 1.762656569480896, 1.8048832416534424, 1.737748622894287, 1.754978895187378, 1.7908730506896973, 1.7859244346618652, 1.7567752599716187, 1.7423616647720337, 1.7561534643173218, 1.76044499874115, 1.7558764219284058, 1.7560389041900635, 1.7575428485870361, 1.797908902168274, 1.7564880847930908, 1.767661452293396, 1.758205771446228, 1.7852777242660522, 1.767633318901062, 1.7625641822814941, 1.785805106163025, 1.7742419242858887, 1.7554185390472412, 1.760649561882019, 1.774999737739563, 1.758350133895874, 1.7465553283691406, 1.780140995979309, 1.7755521535873413, 1.7650669813156128, 1.7637999057769775, 1.7583630084991455, 1.7990128993988037, 1.7861328125, 1.7657660245895386, 1.7679686546325684, 1.7757235765457153, 1.7723394632339478, 1.7659929990768433, 1.7855054140090942, 1.7712364196777344], "val_acc": [0.08333333333333333, 0.08333333333333333, 0.08333333333333333, 0.08333333333333333, 0.08333333333333333, 0.08333333333333333, 0.08333333333333333, 0.08333333333333333, 0.08333333333333333, 0.08333333333333333, 0.08333333333333333, 0.11666666666666667, 0.11666666666666667, 0.11666666666666667, 0.1, 0.08333333333333333, 0.13333333333333333, 0.11666666666666667, 0.08333333333333333, 0.11666666666666667, 0.1, 0.1, 0.11666666666666667, 0.11666666666666667, 0.11666666666666667, 0.11666666666666667, 0.11666666666666667, 0.13333333333333333, 0.13333333333333333, 0.13333333333333333, 0.15, 0.16666666666666666, 0.15, 0.15, 0.18333333333333332, 0.16666666666666666, 0.16666666666666666, 0.18333333333333332, 0.16666666666666666, 0.16666666666666666, 0.23333333333333334, 0.18333333333333332, 0.18333333333333332, 0.18333333333333332, 0.16666666666666666, 0.21666666666666667, 0.18333333333333332, 0.16666666666666666, 0.21666666666666667, 0.2, 0.16666666666666666, 0.16666666666666666, 0.2, 0.18333333333333332, 0.18333333333333332, 0.2, 0.16666666666666666, 0.16666666666666666, 0.18333333333333332, 0.18333333333333332, 0.18333333333333332, 0.21666666666666667, 0.18333333333333332, 0.16666666666666666, 0.16666666666666666, 0.16666666666666666, 0.2, 0.18333333333333332, 0.16666666666666666, 0.16666666666666666, 0.18333333333333332, 0.18333333333333332, 0.18333333333333332, 0.21666666666666667, 0.16666666666666666, 0.2, 0.16666666666666666, 0.18333333333333332, 0.2, 0.2, 0.18333333333333332, 0.18333333333333332, 0.18333333333333332, 0.15, 0.2, 0.18333333333333332, 0.18333333333333332, 0.15, 0.16666666666666666, 0.18333333333333332, 0.2, 0.16666666666666666, 0.18333333333333332, 0.16666666666666666, 0.16666666666666666, 0.21666666666666667, 0.18333333333333332, 0.15, 0.16666666666666666, 0.13333333333333333]}