{"train_loss": [1.8020837306976318, 1.791986346244812, 1.7891815900802612, 1.7659932672977448, 1.7781026661396027, 1.7668111026287079, 1.7761648893356323, 1.7697210907936096, 1.7612926363945007, 1.7580727338790894, 1.757993221282959, 1.7662602066993713, 1.7567472159862518, 1.7619992196559906, 1.7606374323368073, 1.7597617208957672, 1.7561355233192444, 1.7594579458236694, 1.7602294981479645, 1.7525955736637115, 1.7589523494243622, 1.7560401260852814, 1.7523859441280365, 1.763567715883255, 1.7615227699279785, 1.7565501928329468, 1.7491406798362732, 1.7509803473949432, 1.7581239640712738, 1.7592368125915527, 1.7472460567951202, 1.752369225025177, 1.7625436186790466, 1.7466031908988953, 1.774772822856903, 1.7520493268966675, 1.7546543776988983, 1.7539072036743164, 1.7470605373382568, 1.739325761795044, 1.7373205721378326, 1.7472374737262726, 1.7261404395103455, 1.7425528168678284, 1.7320603132247925, 1.7387988865375519, 1.7451129853725433, 1.7458437383174896, 1.7625048458576202, 1.7632001638412476, 1.7570767998695374, 1.750157505273819, 1.75198033452034, 1.7444056868553162, 1.7420792281627655, 1.7442120611667633, 1.7507843673229218, 1.7403256297111511, 1.75520259141922, 1.7412787973880768, 1.7395016252994537, 1.7301516234874725, 1.7473579943180084, 1.7348245680332184, 1.7311835289001465, 1.7345948815345764, 1.7279888987541199, 1.7322461009025574, 1.7212620675563812, 1.7293527126312256, 1.7364051043987274, 1.7186097204685211, 1.7244945466518402, 1.738026350736618, 1.7354077100753784, 1.7254388332366943, 1.7283194661140442, 1.7126087248325348, 1.7087786197662354, 1.716715008020401, 1.715607613325119, 1.7276416718959808, 1.7099465131759644, 1.724571168422699, 1.7082841396331787, 1.7003658711910248, 1.6976256370544434, 1.7056277692317963, 1.7005935609340668, 1.6813746094703674, 1.6963538527488708, 1.7856518626213074, 1.7641436457633972, 1.7354745864868164, 1.7385244071483612, 1.728584200143814, 1.7275282442569733, 1.7192986607551575, 1.7092262506484985, 1.7113236784934998], "train_acc": [0.2, 0.15, 0.21875, 0.23333333333333334, 0.20208333333333334, 0.19166666666666668, 0.19166666666666668, 0.21458333333333332, 0.20833333333333334, 0.19583333333333333, 0.175, 0.21041666666666667, 0.23333333333333334, 0.2625, 0.20208333333333334, 0.19583333333333333, 0.2, 0.21041666666666667, 0.17291666666666666, 0.16458333333333333, 0.26875, 0.23125, 0.22291666666666668, 0.20833333333333334, 0.19791666666666666, 0.21666666666666667, 0.2, 0.22708333333333333, 0.1875, 0.21458333333333332, 0.23125, 0.21875, 0.26666666666666666, 0.25833333333333336, 0.18958333333333333, 0.27708333333333335, 0.225, 0.19166666666666668, 0.20625, 0.23541666666666666, 0.18958333333333333, 0.2375, 0.2375, 0.18125, 0.22291666666666668, 0.23333333333333334, 0.21041666666666667, 0.2791666666666667, 0.19791666666666666, 0.17708333333333334, 0.21875, 0.25833333333333336, 0.2125, 0.2375, 0.22291666666666668, 0.22291666666666668, 0.24166666666666667, 0.20625, 0.20833333333333334, 0.2375, 0.20208333333333334, 0.2125, 0.20416666666666666, 0.23541666666666666, 0.23125, 0.20833333333333334, 0.2125, 0.22916666666666666, 0.21041666666666667, 0.225, 0.28125, 0.23958333333333334, 0.2375, 0.23958333333333334, 0.22916666666666666, 0.225, 0.23333333333333334, 0.22708333333333333, 0.23541666666666666, 0.23333333333333334, 0.24375, 0.24583333333333332, 0.23541666666666666, 0.25625, 0.26458333333333334, 0.25416666666666665, 0.25, 0.24583333333333332, 0.22916666666666666, 0.2520833333333333, 0.25, 0.19375, 0.24583333333333332, 0.24791666666666667, 0.21666666666666667, 0.24791666666666667, 0.24166666666666667, 0.24166666666666667, 0.24166666666666667, 0.26458333333333334], "val_loss": [1.807409644126892, 1.7875038385391235, 1.802429437637329, 1.7856992483139038, 1.7556918859481812, 1.7946357727050781, 1.7801876068115234, 1.786676287651062, 1.7850757837295532, 1.7866770029067993, 1.7842522859573364, 1.7939523458480835, 1.7903701066970825, 1.7835248708724976, 1.7833631038665771, 1.780758261680603, 1.7808629274368286, 1.786672592163086, 1.7962684631347656, 1.7833579778671265, 1.7776646614074707, 1.786784291267395, 1.785921335220337, 1.780645489692688, 1.7954868078231812, 1.7754038572311401, 1.7854593992233276, 1.7835962772369385, 1.7607440948486328, 1.7783516645431519, 1.803955078125, 1.8046894073486328, 1.7938042879104614, 1.763951063156128, 1.784586787223816, 1.7979081869125366, 1.7884448766708374, 1.7614727020263672, 1.7521305084228516, 1.7817368507385254, 1.7617813348770142, 1.7550452947616577, 1.806348204612732, 1.7804023027420044, 1.777217984199524, 1.7637383937835693, 1.7801058292388916, 1.7919071912765503, 1.8295413255691528, 1.8310667276382446, 1.7811083793640137, 1.7723348140716553, 1.7527272701263428, 1.7837246656417847, 1.772819995880127, 1.7875430583953857, 1.7883658409118652, 1.765270709991455, 1.774248480796814, 1.7995465993881226, 1.7724528312683105, 1.7660363912582397, 1.799255132675171, 1.7526532411575317, 1.76200270652771, 1.80082368850708, 1.789031982421875, 1.7776049375534058, 1.7959074974060059, 1.7651424407958984, 1.8014856576919556, 1.7620084285736084, 1.7667759656906128, 1.7771164178848267, 1.779220461845398, 1.754807710647583, 1.7757046222686768, 1.7534916400909424, 1.765596866607666, 1.7564635276794434, 1.7648652791976929, 1.7491487264633179, 1.7663064002990723, 1.7574223279953003, 1.7504394054412842, 1.7441364526748657, 1.7876555919647217, 1.7473431825637817, 1.7810519933700562, 1.7847915887832642, 1.887160062789917, 1.7720688581466675, 1.775043249130249, 1.8262677192687988, 1.7471568584442139, 1.774956464767456, 1.7921555042266846, 1.7533320188522339, 1.7578963041305542, 1.7891216278076172], "val_acc": [0.16666666666666666, 0.18333333333333332, 0.23333333333333334, 0.16666666666666666, 0.18333333333333332, 0.16666666666666666, 0.21666666666666667, 0.18333333333333332, 0.13333333333333333, 0.15, 0.15, 0.2, 0.2, 0.21666666666666667, 0.15, 0.16666666666666666, 0.16666666666666666, 0.13333333333333333, 0.08333333333333333, 0.21666666666666667, 0.25, 0.13333333333333333, 0.13333333333333333, 0.13333333333333333, 0.16666666666666666, 0.15, 0.16666666666666666, 0.13333333333333333, 0.18333333333333332, 0.21666666666666667, 0.16666666666666666, 0.26666666666666666, 0.13333333333333333, 0.2, 0.23333333333333334, 0.2, 0.11666666666666667, 0.15, 0.13333333333333333, 0.18333333333333332, 0.23333333333333334, 0.2, 0.15, 0.16666666666666666, 0.18333333333333332, 0.25, 0.26666666666666666, 0.21666666666666667, 0.1, 0.13333333333333333, 0.23333333333333334, 0.26666666666666666, 0.2, 0.15, 0.15, 0.15, 0.2, 0.21666666666666667, 0.23333333333333334, 0.16666666666666666, 0.15, 0.15, 0.13333333333333333, 0.15, 0.25, 0.18333333333333332, 0.18333333333333332, 0.16666666666666666, 0.2, 0.21666666666666667, 0.2, 0.2, 0.21666666666666667, 0.18333333333333332, 0.15, 0.21666666666666667, 0.16666666666666666, 0.18333333333333332, 0.16666666666666666, 0.21666666666666667, 0.2, 0.21666666666666667, 0.2, 0.21666666666666667, 0.21666666666666667, 0.16666666666666666, 0.18333333333333332, 0.21666666666666667, 0.25, 0.21666666666666667, 0.18333333333333332, 0.2, 0.16666666666666666, 0.16666666666666666, 0.2833333333333333, 0.2, 0.16666666666666666, 0.16666666666666666, 0.2, 0.21666666666666667]}