{"train_loss": [1.7958902716636658, 1.7949444353580475, 1.7949984073638916, 1.7942560613155365, 1.794234424829483, 1.793934166431427, 1.7937911450862885, 1.7931153178215027, 1.7930239140987396, 1.7925736010074615, 1.7922523617744446, 1.791766494512558, 1.7916609048843384, 1.7912167310714722, 1.790264755487442, 1.791544497013092, 1.790376454591751, 1.7906131148338318, 1.7898567020893097, 1.7897042036056519, 1.7895865142345428, 1.7882851660251617, 1.7866669297218323, 1.7852113246917725, 1.7800227403640747, 1.774560958147049, 1.7732311487197876, 1.7723108530044556, 1.7651383876800537, 1.7594044208526611, 1.7638090550899506, 1.762405127286911, 1.7653193175792694, 1.7546122074127197, 1.7607879340648651, 1.749889612197876, 1.753674477338791, 1.7500142455101013, 1.7454786598682404, 1.7496530413627625, 1.7528338432312012, 1.7524498403072357, 1.7452496886253357, 1.7453565895557404, 1.7461056411266327, 1.747097909450531, 1.739230453968048, 1.7449843287467957, 1.739447146654129, 1.7411458790302277, 1.7431248426437378, 1.741032600402832, 1.7337542176246643, 1.7287072241306305, 1.734276831150055, 1.7305217385292053, 1.7317488491535187, 1.7283501327037811, 1.7225529551506042, 1.7252224683761597, 1.7284436523914337, 1.7191954553127289, 1.7261958122253418, 1.737690806388855, 1.7138844728469849, 1.71580308675766, 1.724060446023941, 1.714247316122055, 1.7165677845478058, 1.7220671474933624, 1.7193214297294617, 1.722211241722107, 1.7162398397922516, 1.7072352766990662, 1.7245600819587708, 1.7227399945259094, 1.7175613939762115, 1.713491439819336, 1.7134073376655579, 1.7178517580032349, 1.705197036266327, 1.7234020829200745, 1.7127906382083893, 1.7063957452774048, 1.705418199300766, 1.7028079330921173, 1.7127513885498047, 1.7179344296455383, 1.706648051738739, 1.6991524398326874, 1.7012202143669128, 1.7010501623153687, 1.7152750492095947, 1.7164728939533234, 1.7050892412662506, 1.7115181982517242, 1.7128769755363464, 1.7090593874454498, 1.7007701992988586, 1.7073761224746704], "train_acc": [0.16875, 0.16875, 0.16875, 0.16875, 0.16875, 0.16875, 0.16875, 0.16875, 0.16875, 0.16875, 0.16875, 0.16875, 0.16875, 0.1625, 0.17291666666666666, 0.1625, 0.16875, 0.17708333333333334, 0.175, 0.14791666666666667, 0.12916666666666668, 0.16458333333333333, 0.17083333333333334, 0.16458333333333333, 0.18958333333333333, 0.2, 0.20833333333333334, 0.20416666666666666, 0.21041666666666667, 0.21666666666666667, 0.20625, 0.21041666666666667, 0.20625, 0.21875, 0.22291666666666668, 0.22291666666666668, 0.21666666666666667, 0.2520833333333333, 0.2520833333333333, 0.23958333333333334, 0.25833333333333336, 0.24166666666666667, 0.2625, 0.23125, 0.24583333333333332, 0.25625, 0.2604166666666667, 0.2625, 0.27708333333333335, 0.24791666666666667, 0.26875, 0.24583333333333332, 0.27291666666666664, 0.2791666666666667, 0.2708333333333333, 0.26875, 0.2875, 0.2791666666666667, 0.2916666666666667, 0.28125, 0.2791666666666667, 0.275, 0.27291666666666664, 0.25416666666666665, 0.28958333333333336, 0.28958333333333336, 0.27708333333333335, 0.275, 0.2708333333333333, 0.275, 0.27708333333333335, 0.2916666666666667, 0.25416666666666665, 0.2833333333333333, 0.29583333333333334, 0.28125, 0.25625, 0.2916666666666667, 0.25625, 0.2833333333333333, 0.2875, 0.26875, 0.26875, 0.29375, 0.2875, 0.28541666666666665, 0.3020833333333333, 0.2708333333333333, 0.2875, 0.3020833333333333, 0.2916666666666667, 0.3, 0.28541666666666665, 0.27708333333333335, 0.2791666666666667, 0.28125, 0.2875, 0.27708333333333335, 0.29583333333333334, 0.2833333333333333], "val_loss": [1.7889138460159302, 1.7885215282440186, 1.78817617893219, 1.7882840633392334, 1.7880953550338745, 1.7881815433502197, 1.7883274555206299, 1.7882840633392334, 1.788887619972229, 1.7891185283660889, 1.7893474102020264, 1.7899105548858643, 1.7906112670898438, 1.7915233373641968, 1.7926138639450073, 1.7936731576919556, 1.793850302696228, 1.791986107826233, 1.7915160655975342, 1.7915092706680298, 1.7920053005218506, 1.7905503511428833, 1.7888556718826294, 1.788284420967102, 1.791179895401001, 1.7894481420516968, 1.783950686454773, 1.7877328395843506, 1.7841230630874634, 1.7844083309173584, 1.771952748298645, 1.7691636085510254, 1.7675038576126099, 1.7658673524856567, 1.7665036916732788, 1.7604577541351318, 1.7630157470703125, 1.7638410329818726, 1.7561067342758179, 1.7599250078201294, 1.7574492692947388, 1.7538764476776123, 1.7622796297073364, 1.7518043518066406, 1.7521637678146362, 1.758310079574585, 1.7514533996582031, 1.7546308040618896, 1.7490642070770264, 1.7458804845809937, 1.7551441192626953, 1.745690107345581, 1.7482455968856812, 1.7523655891418457, 1.7497345209121704, 1.754089593887329, 1.744903802871704, 1.7421035766601562, 1.7401764392852783, 1.7376848459243774, 1.7378708124160767, 1.7357676029205322, 1.7370702028274536, 1.7336463928222656, 1.7339228391647339, 1.7377876043319702, 1.7334322929382324, 1.7343883514404297, 1.7333260774612427, 1.7327804565429688, 1.7309726476669312, 1.7280572652816772, 1.7272388935089111, 1.738766074180603, 1.7269431352615356, 1.7242913246154785, 1.7307530641555786, 1.7252660989761353, 1.7240030765533447, 1.7238539457321167, 1.7246795892715454, 1.7242344617843628, 1.7221662998199463, 1.7247636318206787, 1.7212175130844116, 1.7313417196273804, 1.7285988330841064, 1.7218495607376099, 1.7192250490188599, 1.7213364839553833, 1.724626064300537, 1.7180684804916382, 1.7289505004882812, 1.7199406623840332, 1.7129595279693604, 1.714693546295166, 1.7171483039855957, 1.718424677848816, 1.7232719659805298, 1.7313287258148193], "val_acc": [0.15, 0.15, 0.15, 0.15, 0.15, 0.15, 0.15, 0.15, 0.15, 0.15, 0.15, 0.15, 0.15, 0.15, 0.16666666666666666, 0.16666666666666666, 0.16666666666666666, 0.15, 0.16666666666666666, 0.16666666666666666, 0.15, 0.15, 0.15, 0.2, 0.2, 0.2, 0.23333333333333334, 0.23333333333333334, 0.21666666666666667, 0.21666666666666667, 0.21666666666666667, 0.2, 0.21666666666666667, 0.16666666666666666, 0.21666666666666667, 0.23333333333333334, 0.21666666666666667, 0.2, 0.25, 0.21666666666666667, 0.26666666666666666, 0.26666666666666666, 0.2, 0.21666666666666667, 0.23333333333333334, 0.18333333333333332, 0.23333333333333334, 0.2, 0.2, 0.25, 0.21666666666666667, 0.26666666666666666, 0.21666666666666667, 0.21666666666666667, 0.23333333333333334, 0.21666666666666667, 0.21666666666666667, 0.21666666666666667, 0.21666666666666667, 0.23333333333333334, 0.25, 0.23333333333333334, 0.21666666666666667, 0.23333333333333334, 0.2, 0.16666666666666666, 0.23333333333333334, 0.23333333333333334, 0.23333333333333334, 0.2, 0.23333333333333334, 0.23333333333333334, 0.2, 0.23333333333333334, 0.23333333333333334, 0.26666666666666666, 0.18333333333333332, 0.2, 0.23333333333333334, 0.23333333333333334, 0.21666666666666667, 0.21666666666666667, 0.25, 0.23333333333333334, 0.23333333333333334, 0.2, 0.23333333333333334, 0.26666666666666666, 0.21666666666666667, 0.23333333333333334, 0.2, 0.25, 0.21666666666666667, 0.25, 0.25, 0.2, 0.25, 0.23333333333333334, 0.21666666666666667, 0.21666666666666667]}