{"train_loss": [1.7943469882011414, 1.7935495376586914, 1.7933526635169983, 1.7921779155731201, 1.7921112775802612, 1.7913880050182343, 1.790328025817871, 1.791550189256668, 1.7905414700508118, 1.7893918454647064, 1.7889134883880615, 1.7890605926513672, 1.7893268167972565, 1.7880304753780365, 1.7866312265396118, 1.7844170331954956, 1.7860711514949799, 1.7849153578281403, 1.7841197848320007, 1.7827027440071106, 1.7828770577907562, 1.7816939055919647, 1.7762262225151062, 1.7816602885723114, 1.774114340543747, 1.7746842205524445, 1.7724196314811707, 1.7799899280071259, 1.7676348984241486, 1.7731590270996094, 1.768713116645813, 1.7679616510868073, 1.7640994191169739, 1.7612791955471039, 1.7598941326141357, 1.7640971839427948, 1.7646710574626923, 1.7574596405029297, 1.7577799558639526, 1.7507350742816925, 1.7559009194374084, 1.7473164796829224, 1.7504355907440186, 1.7494682371616364, 1.7512772977352142, 1.7484211325645447, 1.7532336711883545, 1.7563332319259644, 1.744128406047821, 1.7485096454620361, 1.740395873785019, 1.7477545738220215, 1.7457081377506256, 1.7347097992897034, 1.7335917353630066, 1.7345731556415558, 1.7446562051773071, 1.7334184050559998, 1.7319551408290863, 1.7302530109882355, 1.7434797585010529, 1.7318586111068726, 1.729448139667511, 1.7333236634731293, 1.72676283121109, 1.722320020198822, 1.745229423046112, 1.7264265716075897, 1.724500447511673, 1.734121322631836, 1.7339394688606262, 1.7248716950416565, 1.7102881968021393, 1.7216601073741913, 1.7242061495780945, 1.7243612110614777, 1.7194724678993225, 1.71946120262146, 1.7233904004096985, 1.7105615139007568, 1.7212319374084473, 1.7244784235954285, 1.7178114652633667, 1.7255928814411163, 1.7125636041164398, 1.7028738260269165, 1.709872543811798, 1.7235180139541626, 1.713107854127884, 1.7177069783210754, 1.7138077914714813, 1.7160625159740448, 1.708148330450058, 1.6967435777187347, 1.6944821178913116, 1.6988159120082855, 1.7105728089809418, 1.7200128734111786, 1.7035045623779297, 1.69735786318779], "train_acc": [0.1625, 0.15833333333333333, 0.16666666666666666, 0.15, 0.1875, 0.16041666666666668, 0.13958333333333334, 0.18541666666666667, 0.16875, 0.15833333333333333, 0.15625, 0.18958333333333333, 0.15, 0.16875, 0.19791666666666666, 0.18333333333333332, 0.17916666666666667, 0.17291666666666666, 0.20625, 0.20625, 0.22083333333333333, 0.21458333333333332, 0.23333333333333334, 0.20833333333333334, 0.20416666666666666, 0.20416666666666666, 0.22291666666666668, 0.225, 0.225, 0.225, 0.21666666666666667, 0.20833333333333334, 0.225, 0.23541666666666666, 0.23125, 0.225, 0.22083333333333333, 0.23541666666666666, 0.21041666666666667, 0.22291666666666668, 0.22916666666666666, 0.24583333333333332, 0.24375, 0.225, 0.22708333333333333, 0.23125, 0.23541666666666666, 0.22708333333333333, 0.25, 0.25833333333333336, 0.23958333333333334, 0.24375, 0.22291666666666668, 0.2708333333333333, 0.25833333333333336, 0.22708333333333333, 0.22708333333333333, 0.2520833333333333, 0.2375, 0.2625, 0.2625, 0.25833333333333336, 0.2604166666666667, 0.24791666666666667, 0.25833333333333336, 0.27291666666666664, 0.24375, 0.26875, 0.24791666666666667, 0.23333333333333334, 0.2520833333333333, 0.2604166666666667, 0.275, 0.2708333333333333, 0.25833333333333336, 0.25, 0.2604166666666667, 0.25833333333333336, 0.26458333333333334, 0.2520833333333333, 0.26666666666666666, 0.2708333333333333, 0.28541666666666665, 0.25, 0.24583333333333332, 0.2875, 0.2875, 0.24166666666666667, 0.2625, 0.26458333333333334, 0.2708333333333333, 0.2708333333333333, 0.26666666666666666, 0.25833333333333336, 0.275, 0.27291666666666664, 0.2604166666666667, 0.2520833333333333, 0.2625, 0.27708333333333335], "val_loss": [1.7921534776687622, 1.7924669981002808, 1.792676329612732, 1.793082356452942, 1.793418288230896, 1.7943766117095947, 1.795507788658142, 1.7972277402877808, 1.7973995208740234, 1.7967395782470703, 1.7959426641464233, 1.7953135967254639, 1.7954391241073608, 1.7954084873199463, 1.7954992055892944, 1.7967926263809204, 1.7991058826446533, 1.7976666688919067, 1.794914960861206, 1.790197491645813, 1.790277361869812, 1.7926745414733887, 1.7940864562988281, 1.7868348360061646, 1.7821295261383057, 1.7841174602508545, 1.7802053689956665, 1.7732621431350708, 1.7701829671859741, 1.7780932188034058, 1.7640105485916138, 1.759000301361084, 1.769097089767456, 1.7644550800323486, 1.753507375717163, 1.7547787427902222, 1.7687538862228394, 1.7512009143829346, 1.7533611059188843, 1.7646961212158203, 1.7575196027755737, 1.7554370164871216, 1.7552757263183594, 1.7544916868209839, 1.7563724517822266, 1.7528464794158936, 1.751271367073059, 1.7564749717712402, 1.7542400360107422, 1.7526402473449707, 1.7544687986373901, 1.7535609006881714, 1.753233790397644, 1.752663016319275, 1.7526172399520874, 1.7523596286773682, 1.7501872777938843, 1.7509729862213135, 1.7452362775802612, 1.7496364116668701, 1.7536423206329346, 1.7513411045074463, 1.754960298538208, 1.753517746925354, 1.7526296377182007, 1.7580335140228271, 1.7606643438339233, 1.7565035820007324, 1.7689510583877563, 1.7573320865631104, 1.7564042806625366, 1.757956624031067, 1.7694188356399536, 1.7539327144622803, 1.7631490230560303, 1.765438437461853, 1.7507351636886597, 1.771445631980896, 1.7631337642669678, 1.760002613067627, 1.771005392074585, 1.7617487907409668, 1.763137698173523, 1.786399006843567, 1.7641204595565796, 1.7531893253326416, 1.7743251323699951, 1.7760809659957886, 1.7633743286132812, 1.7726973295211792, 1.7649508714675903, 1.7666242122650146, 1.7700614929199219, 1.761198878288269, 1.783810019493103, 1.7752189636230469, 1.7802855968475342, 1.7816767692565918, 1.7667914628982544, 1.7791353464126587], "val_acc": [0.18333333333333332, 0.18333333333333332, 0.16666666666666666, 0.2, 0.2, 0.2, 0.13333333333333333, 0.16666666666666666, 0.13333333333333333, 0.13333333333333333, 0.11666666666666667, 0.13333333333333333, 0.15, 0.16666666666666666, 0.16666666666666666, 0.16666666666666666, 0.18333333333333332, 0.2, 0.2, 0.13333333333333333, 0.13333333333333333, 0.13333333333333333, 0.1, 0.11666666666666667, 0.13333333333333333, 0.11666666666666667, 0.16666666666666666, 0.16666666666666666, 0.15, 0.13333333333333333, 0.15, 0.18333333333333332, 0.15, 0.18333333333333332, 0.16666666666666666, 0.23333333333333334, 0.15, 0.21666666666666667, 0.16666666666666666, 0.18333333333333332, 0.2, 0.15, 0.15, 0.15, 0.15, 0.16666666666666666, 0.21666666666666667, 0.21666666666666667, 0.25, 0.21666666666666667, 0.25, 0.23333333333333334, 0.15, 0.2, 0.23333333333333334, 0.21666666666666667, 0.21666666666666667, 0.25, 0.21666666666666667, 0.23333333333333334, 0.21666666666666667, 0.2, 0.2, 0.21666666666666667, 0.16666666666666666, 0.21666666666666667, 0.21666666666666667, 0.16666666666666666, 0.2, 0.16666666666666666, 0.23333333333333334, 0.2, 0.21666666666666667, 0.18333333333333332, 0.21666666666666667, 0.2, 0.18333333333333332, 0.21666666666666667, 0.2, 0.13333333333333333, 0.25, 0.23333333333333334, 0.11666666666666667, 0.2, 0.18333333333333332, 0.23333333333333334, 0.18333333333333332, 0.15, 0.16666666666666666, 0.18333333333333332, 0.18333333333333332, 0.18333333333333332, 0.18333333333333332, 0.15, 0.2, 0.2, 0.18333333333333332, 0.23333333333333334, 0.23333333333333334, 0.2]}