{"train_loss": [1.7952792048454285, 1.7935309708118439, 1.791651725769043, 1.79124054312706, 1.793579787015915, 1.7924479842185974, 1.7915680706501007, 1.7920697629451752, 1.7916348576545715, 1.7923766374588013, 1.7911025285720825, 1.7904754877090454, 1.7918677031993866, 1.790916234254837, 1.7902690172195435, 1.7916732430458069, 1.7911173105239868, 1.7903194725513458, 1.7909559905529022, 1.7910756170749664, 1.7907782196998596, 1.791644662618637, 1.791203498840332, 1.7912969589233398, 1.7903220057487488, 1.7911749184131622, 1.791423738002777, 1.7913476526737213, 1.7911998629570007, 1.7891824841499329, 1.7922097444534302, 1.7919572591781616, 1.789152354001999, 1.790612280368805, 1.789481282234192, 1.7896503508090973, 1.7860559225082397, 1.7865684032440186, 1.7816155552864075, 1.7789814174175262, 1.7740207612514496, 1.7809363901615143, 1.7788566052913666, 1.76600980758667, 1.7749136686325073, 1.7732433378696442, 1.766787439584732, 1.771135926246643, 1.7688609063625336, 1.768621176481247, 1.7595486044883728, 1.7684910297393799, 1.7669042348861694, 1.760885775089264, 1.7589580118656158, 1.7647604942321777, 1.7660943865776062, 1.7594206631183624, 1.7656744420528412, 1.7599663734436035, 1.7676090896129608, 1.7614221274852753, 1.7655577659606934, 1.7627170383930206, 1.7577236592769623, 1.7617695927619934, 1.7625601291656494, 1.7687225341796875, 1.7643941938877106, 1.7599822580814362, 1.7602418959140778, 1.7586491703987122, 1.7631180882453918, 1.7570666074752808, 1.7671447396278381, 1.7544277608394623, 1.7568529546260834, 1.767097383737564, 1.7626425921916962, 1.7565011084079742, 1.7591279447078705, 1.7609790861606598, 1.7570967078208923, 1.7625904381275177, 1.7614747285842896, 1.7555479109287262, 1.7577731609344482, 1.7525328695774078, 1.7493659555912018, 1.7472927272319794, 1.749340534210205, 1.7549501359462738, 1.7506571412086487, 1.7460077106952667, 1.7513267695903778, 1.7510251998901367, 1.7451975643634796, 1.7440139055252075, 1.7428075969219208, 1.7383566796779633], "train_acc": [0.14166666666666666, 0.16875, 0.16458333333333333, 0.17083333333333334, 0.15416666666666667, 0.15625, 0.18125, 0.18333333333333332, 0.18125, 0.17083333333333334, 0.16666666666666666, 0.175, 0.17291666666666666, 0.19375, 0.17708333333333334, 0.17916666666666667, 0.19375, 0.17708333333333334, 0.17291666666666666, 0.18541666666666667, 0.17291666666666666, 0.18333333333333332, 0.175, 0.1875, 0.18333333333333332, 0.16458333333333333, 0.17291666666666666, 0.17291666666666666, 0.18541666666666667, 0.19166666666666668, 0.18125, 0.18125, 0.20625, 0.17291666666666666, 0.16666666666666666, 0.17291666666666666, 0.14791666666666667, 0.18333333333333332, 0.16041666666666668, 0.2125, 0.17916666666666667, 0.19791666666666666, 0.20208333333333334, 0.2125, 0.18125, 0.2, 0.1875, 0.18958333333333333, 0.19791666666666666, 0.2, 0.2, 0.2, 0.22291666666666668, 0.21041666666666667, 0.23333333333333334, 0.21458333333333332, 0.2125, 0.20416666666666666, 0.21875, 0.23541666666666666, 0.17916666666666667, 0.23333333333333334, 0.2375, 0.19791666666666666, 0.22291666666666668, 0.21041666666666667, 0.22291666666666668, 0.20208333333333334, 0.18958333333333333, 0.24583333333333332, 0.2375, 0.20208333333333334, 0.20625, 0.24375, 0.22708333333333333, 0.25416666666666665, 0.21875, 0.22083333333333333, 0.21875, 0.23125, 0.25416666666666665, 0.22291666666666668, 0.22291666666666668, 0.20208333333333334, 0.2125, 0.22708333333333333, 0.21875, 0.21875, 0.2375, 0.21875, 0.24166666666666667, 0.22708333333333333, 0.225, 0.19166666666666668, 0.21666666666666667, 0.24166666666666667, 0.22916666666666666, 0.21875, 0.23541666666666666, 0.22083333333333333], "val_loss": [1.8015002012252808, 1.8003512620925903, 1.7986865043640137, 1.7968586683273315, 1.795311450958252, 1.7954999208450317, 1.7954589128494263, 1.796426773071289, 1.7968791723251343, 1.7966899871826172, 1.7964191436767578, 1.7955213785171509, 1.795199990272522, 1.7951472997665405, 1.7948397397994995, 1.7947957515716553, 1.7948875427246094, 1.7943803071975708, 1.7949929237365723, 1.7950917482376099, 1.7945860624313354, 1.794590711593628, 1.795769214630127, 1.7956674098968506, 1.7955454587936401, 1.7945644855499268, 1.7961722612380981, 1.795213222503662, 1.7942537069320679, 1.7936187982559204, 1.7917011976242065, 1.790731430053711, 1.7923285961151123, 1.7950924634933472, 1.7926708459854126, 1.7832111120224, 1.7896366119384766, 1.7853258848190308, 1.786294937133789, 1.7772374153137207, 1.781760573387146, 1.7810078859329224, 1.7763938903808594, 1.7820696830749512, 1.78236722946167, 1.79661226272583, 1.781707763671875, 1.786462426185608, 1.7950361967086792, 1.7873046398162842, 1.7836272716522217, 1.7848337888717651, 1.791724443435669, 1.7845314741134644, 1.7758680582046509, 1.781395435333252, 1.783682107925415, 1.7790601253509521, 1.779268503189087, 1.7874541282653809, 1.7832757234573364, 1.7802435159683228, 1.78264582157135, 1.7836748361587524, 1.778082013130188, 1.7785288095474243, 1.7849113941192627, 1.7894858121871948, 1.7775766849517822, 1.7775958776474, 1.7810440063476562, 1.7889759540557861, 1.7839666604995728, 1.7802166938781738, 1.7840416431427002, 1.780846118927002, 1.7787501811981201, 1.7855085134506226, 1.7765370607376099, 1.7725796699523926, 1.7774981260299683, 1.7774333953857422, 1.7856656312942505, 1.7819937467575073, 1.7746596336364746, 1.7824794054031372, 1.7807000875473022, 1.782152533531189, 1.7752208709716797, 1.7829421758651733, 1.7779576778411865, 1.7816184759140015, 1.7807886600494385, 1.7958933115005493, 1.7837857007980347, 1.78192138671875, 1.8008686304092407, 1.7911053895950317, 1.7911394834518433, 1.7752269506454468], "val_acc": [0.18333333333333332, 0.08333333333333333, 0.08333333333333333, 0.08333333333333333, 0.16666666666666666, 0.08333333333333333, 0.08333333333333333, 0.08333333333333333, 0.08333333333333333, 0.08333333333333333, 0.08333333333333333, 0.08333333333333333, 0.08333333333333333, 0.08333333333333333, 0.08333333333333333, 0.1, 0.13333333333333333, 0.2, 0.18333333333333332, 0.18333333333333332, 0.2, 0.2, 0.13333333333333333, 0.13333333333333333, 0.11666666666666667, 0.18333333333333332, 0.1, 0.11666666666666667, 0.18333333333333332, 0.2, 0.2, 0.2, 0.18333333333333332, 0.1, 0.13333333333333333, 0.18333333333333332, 0.15, 0.13333333333333333, 0.11666666666666667, 0.15, 0.1, 0.13333333333333333, 0.1, 0.15, 0.13333333333333333, 0.1, 0.15, 0.1, 0.1, 0.11666666666666667, 0.11666666666666667, 0.11666666666666667, 0.23333333333333334, 0.23333333333333334, 0.18333333333333332, 0.2, 0.21666666666666667, 0.21666666666666667, 0.23333333333333334, 0.15, 0.21666666666666667, 0.2, 0.25, 0.18333333333333332, 0.23333333333333334, 0.18333333333333332, 0.16666666666666666, 0.15, 0.25, 0.21666666666666667, 0.21666666666666667, 0.16666666666666666, 0.21666666666666667, 0.21666666666666667, 0.16666666666666666, 0.21666666666666667, 0.2, 0.15, 0.18333333333333332, 0.21666666666666667, 0.16666666666666666, 0.2, 0.13333333333333333, 0.16666666666666666, 0.18333333333333332, 0.15, 0.16666666666666666, 0.15, 0.23333333333333334, 0.2, 0.18333333333333332, 0.26666666666666666, 0.16666666666666666, 0.11666666666666667, 0.2, 0.21666666666666667, 0.15, 0.18333333333333332, 0.23333333333333334, 0.21666666666666667]}