{"train_loss": [0.6679412424564362, 0.6712602376937866, 0.49629200994968414, 0.5934160053730011, 0.6068952679634094, 0.6029578149318695, 0.5740459561347961, 0.5833759009838104, 0.5699916481971741, 0.5608159005641937, 0.6087223291397095, 0.6348021626472473, 0.5592242181301117, 0.5690191984176636, 0.5447177588939667, 0.6409155428409576, 0.5308158099651337, 0.5503000319004059, 0.6205666065216064, 0.5303929448127747, 0.5922126173973083, 0.5527775287628174, 0.5665628015995026, 0.6197467148303986, 0.5712487697601318, 0.6199641227722168, 0.5657955706119537, 0.5914429426193237, 0.6058776080608368, 0.5565290749073029, 0.573318362236023, 0.5075520575046539, 0.529834508895874, 0.561985194683075, 0.5944987237453461, 0.5233130156993866, 0.5895197987556458, 0.549215704202652, 0.48691388964653015, 0.5272617042064667, 0.5940605401992798, 0.5508807301521301, 0.493222177028656, 0.5619125962257385, 0.5522945821285248, 0.5847974419593811, 0.5354514718055725, 0.5381260216236115, 0.4843558222055435, 0.4845592975616455, 0.502157986164093, 0.48102185130119324, 0.4359850585460663, 0.5276579558849335, 0.4322129040956497, 0.5341586172580719, 0.5211258232593536, 0.5252169370651245, 0.5024234801530838, 0.4579661190509796, 0.517474964261055, 0.5182581692934036, 0.5483179092407227, 0.4742080420255661, 0.4808237552642822, 0.4725123196840286, 0.4588221162557602, 0.5265898108482361, 0.5428209155797958, 0.46430154144763947, 0.5430578887462616, 0.5644453912973404, 0.5590994358062744, 0.5141199231147766, 0.4965543895959854, 0.48080311715602875, 0.6199377477169037, 0.4927280694246292, 0.4493432641029358, 0.544478178024292, 0.5490854382514954, 0.49066562950611115, 0.4745224118232727, 0.4856000393629074, 0.4431762993335724, 0.5568248778581619, 0.4764290899038315, 0.5183919370174408, 0.48730331659317017, 0.49072809517383575, 0.49941571056842804, 0.4511803984642029, 0.5304604172706604, 0.4328124523162842, 0.4051686227321625, 0.5656940042972565, 0.5283080637454987, 0.47996409237384796, 0.4649605304002762, 0.48888373374938965], "train_acc": [0.6933333333333334, 0.6933333333333334, 0.6933333333333334, 0.6933333333333334, 0.6933333333333334, 0.6933333333333334, 0.6933333333333334, 0.6933333333333334, 0.6933333333333334, 0.6933333333333334, 0.6933333333333334, 0.6933333333333334, 0.6933333333333334, 0.6933333333333334, 0.7, 0.7, 0.7, 0.6933333333333334, 0.7, 0.7066666666666667, 0.7, 0.6866666666666666, 0.68, 0.68, 0.68, 0.6866666666666666, 0.6933333333333334, 0.72, 0.6866666666666666, 0.72, 0.7, 0.6933333333333334, 0.68, 0.7133333333333334, 0.72, 0.7466666666666667, 0.7066666666666667, 0.7266666666666667, 0.74, 0.7333333333333333, 0.7133333333333334, 0.72, 0.7333333333333333, 0.7666666666666667, 0.76, 0.7133333333333334, 0.7266666666666667, 0.7066666666666667, 0.7466666666666667, 0.7733333333333333, 0.7866666666666666, 0.7933333333333333, 0.7866666666666666, 0.78, 0.7933333333333333, 0.78, 0.7666666666666667, 0.76, 0.78, 0.7933333333333333, 0.7933333333333333, 0.8, 0.8, 0.7933333333333333, 0.7866666666666666, 0.7866666666666666, 0.8, 0.8, 0.7866666666666666, 0.7933333333333333, 0.8, 0.7933333333333333, 0.7933333333333333, 0.76, 0.78, 0.7933333333333333, 0.7933333333333333, 0.78, 0.7933333333333333, 0.8, 0.7933333333333333, 0.7866666666666666, 0.78, 0.78, 0.8, 0.8, 0.8, 0.8, 0.7933333333333333, 0.7666666666666667, 0.7733333333333333, 0.7933333333333333, 0.8, 0.8, 0.8, 0.7933333333333333, 0.7933333333333333, 0.8066666666666666, 0.7733333333333333, 0.78], "val_loss": [0.7393286228179932, 0.7977473139762878, 0.8076541423797607, 0.8263350129127502, 0.8105706572532654, 0.773003876209259, 0.7398743033409119, 0.7242507934570312, 0.7241378426551819, 0.7343577146530151, 0.7446591854095459, 0.737045407295227, 0.7211160659790039, 0.712668240070343, 0.7164303660392761, 0.7233232259750366, 0.7209081649780273, 0.728576123714447, 0.7296932935714722, 0.7203353643417358, 0.7132608890533447, 0.7119362354278564, 0.7134904265403748, 0.6947720646858215, 0.6638264060020447, 0.6402696967124939, 0.6332353353500366, 0.6501116156578064, 0.6785928010940552, 0.7075355052947998, 0.7343090176582336, 0.7360489368438721, 0.7287418842315674, 0.7104507088661194, 0.6721348166465759, 0.635155975818634, 0.6292237043380737, 0.6612584590911865, 0.7564613223075867, 0.869951069355011, 0.8930003643035889, 0.8350998759269714, 0.7556678652763367, 0.6844044327735901, 0.6373018026351929, 0.6198062896728516, 0.626598596572876, 0.658116340637207, 0.704112708568573, 0.7622358798980713, 0.8168752193450928, 0.8331270217895508, 0.8217300176620483, 0.7998514175415039, 0.7647213935852051, 0.725249707698822, 0.7116868495941162, 0.7270740866661072, 0.7342742681503296, 0.7382737398147583, 0.74676513671875, 0.7495882511138916, 0.7320109605789185, 0.7080830335617065, 0.7077944278717041, 0.7226330637931824, 0.7600932717323303, 0.8049710988998413, 0.8201232552528381, 0.7989414930343628, 0.761066198348999, 0.715142011642456, 0.682795524597168, 0.6792119741439819, 0.7148275375366211, 0.7728649973869324, 0.7967015504837036, 0.7681403160095215, 0.7398343682289124, 0.7187368869781494, 0.7009037733078003, 0.6993356347084045, 0.7172243595123291, 0.7570383548736572, 0.8012159466743469, 0.8031103014945984, 0.7672097682952881, 0.7369402050971985, 0.7131717205047607, 0.7262146472930908, 0.7678379416465759, 0.7992344498634338, 0.7980237007141113, 0.7901086211204529, 0.8235025405883789, 0.8289618492126465, 0.7767331004142761, 0.7210970520973206, 0.7054161429405212, 0.7254635095596313], "val_acc": [0.5, 0.5, 0.5, 0.5, 0.5, 0.5, 0.5, 0.5, 0.5, 0.5, 0.5, 0.5, 0.5, 0.5, 0.5, 0.5, 0.5, 0.5, 0.5, 0.5, 0.5, 0.5, 0.5, 0.4444444444444444, 0.5, 0.5, 0.5, 0.5, 0.5, 0.4444444444444444, 0.5, 0.5, 0.5, 0.4444444444444444, 0.5, 0.5, 0.5, 0.5, 0.5, 0.5, 0.5, 0.5, 0.4444444444444444, 0.5, 0.5, 0.5, 0.5, 0.5, 0.5555555555555556, 0.5555555555555556, 0.5, 0.5, 0.5, 0.5555555555555556, 0.5555555555555556, 0.5555555555555556, 0.5555555555555556, 0.5555555555555556, 0.5555555555555556, 0.5555555555555556, 0.5555555555555556, 0.5555555555555556, 0.5555555555555556, 0.5555555555555556, 0.5555555555555556, 0.5555555555555556, 0.5555555555555556, 0.5555555555555556, 0.5555555555555556, 0.5555555555555556, 0.5555555555555556, 0.5555555555555556, 0.5555555555555556, 0.5555555555555556, 0.5555555555555556, 0.5555555555555556, 0.5555555555555556, 0.5555555555555556, 0.5555555555555556, 0.5555555555555556, 0.5555555555555556, 0.5555555555555556, 0.5555555555555556, 0.5555555555555556, 0.5555555555555556, 0.5555555555555556, 0.5555555555555556, 0.5555555555555556, 0.5555555555555556, 0.5555555555555556, 0.5555555555555556, 0.5555555555555556, 0.5555555555555556, 0.5555555555555556, 0.5555555555555556, 0.5555555555555556, 0.5555555555555556, 0.5555555555555556, 0.5555555555555556, 0.5555555555555556]}