{"train_loss": [0.7107157409191132, 0.6919281482696533, 0.6851336658000946, 0.6820186972618103, 0.6263372898101807, 0.6488213539123535, 0.6398354768753052, 0.6477735340595245, 0.6716875731945038, 0.6818060278892517, 0.6963770687580109, 0.6944598257541656, 0.6583496630191803, 0.6765398979187012, 0.6827040016651154, 0.672241598367691, 0.6091749966144562, 0.6445623636245728, 0.6419047117233276, 0.6378389298915863, 0.6226424276828766, 0.6202516853809357, 0.645790159702301, 0.6491561233997345, 0.6055077314376831, 0.5899962186813354, 0.6286245882511139, 0.5922801494598389, 0.7058357298374176, 0.6404406428337097, 0.669344961643219, 0.6547816395759583, 0.6351105272769928, 0.6097686588764191, 0.6296660900115967, 0.6182594001293182, 0.658867210149765, 0.6295012533664703, 0.5919394791126251, 0.6254041790962219, 0.6435914933681488, 0.6023002564907074, 0.626937597990036, 0.5271946489810944, 0.6125348508358002, 0.6250700056552887, 0.592531830072403, 0.6599077880382538, 0.611877828836441, 0.5989725887775421, 0.6356032192707062, 0.5861602425575256, 0.6039708852767944, 0.5603072941303253, 0.560536116361618, 0.6241335272789001, 0.5747358500957489, 0.5686034858226776, 0.5743407905101776, 0.6471261382102966, 0.5343864262104034, 0.6006766855716705, 0.5589385628700256, 0.6152084469795227, 0.5757955312728882, 0.5559544563293457, 0.5689073801040649, 0.5558546483516693, 0.5553935468196869, 0.5847765803337097, 0.5907231271266937, 0.5395770967006683, 0.49249251186847687, 0.4921029806137085, 0.5172596275806427, 0.5187762975692749, 0.57610023021698, 0.5399327576160431, 0.47870174050331116, 0.5466771125793457, 0.6018194258213043, 0.5563884973526001, 0.4778115451335907, 0.6143917441368103, 0.5267834663391113, 0.5280304551124573, 0.6031365096569061, 0.46629631519317627, 0.49037227034568787, 0.5757150650024414, 0.5176208913326263, 0.555128276348114, 0.5220268070697784, 0.47354286909103394, 0.5539601445198059, 0.4788178652524948, 0.5392693877220154, 0.5019484460353851, 0.48680098354816437, 0.49134448170661926], "train_acc": [0.36666666666666664, 0.5133333333333333, 0.6266666666666667, 0.64, 0.64, 0.64, 0.64, 0.64, 0.64, 0.64, 0.64, 0.64, 0.64, 0.64, 0.64, 0.64, 0.64, 0.64, 0.64, 0.64, 0.64, 0.64, 0.64, 0.64, 0.64, 0.64, 0.64, 0.64, 0.64, 0.64, 0.64, 0.64, 0.64, 0.64, 0.64, 0.64, 0.64, 0.6533333333333333, 0.6533333333333333, 0.66, 0.6533333333333333, 0.6466666666666666, 0.6466666666666666, 0.6466666666666666, 0.66, 0.64, 0.6466666666666666, 0.6533333333333333, 0.6466666666666666, 0.64, 0.68, 0.6866666666666666, 0.7066666666666667, 0.72, 0.7066666666666667, 0.68, 0.6533333333333333, 0.66, 0.6666666666666666, 0.7, 0.6733333333333333, 0.68, 0.6933333333333334, 0.6933333333333334, 0.7466666666666667, 0.7466666666666667, 0.7266666666666667, 0.7133333333333334, 0.7333333333333333, 0.68, 0.7066666666666667, 0.7, 0.72, 0.7133333333333334, 0.6933333333333334, 0.74, 0.6933333333333334, 0.7266666666666667, 0.7, 0.7466666666666667, 0.68, 0.7333333333333333, 0.7266666666666667, 0.74, 0.7, 0.7, 0.74, 0.74, 0.7666666666666667, 0.76, 0.7266666666666667, 0.7266666666666667, 0.74, 0.7333333333333333, 0.7266666666666667, 0.7466666666666667, 0.7266666666666667, 0.7333333333333333, 0.74, 0.7733333333333333], "val_loss": [0.7028566598892212, 0.6709514260292053, 0.6446532607078552, 0.6238587498664856, 0.6067196726799011, 0.5900671482086182, 0.5760675668716431, 0.5651609897613525, 0.5586451888084412, 0.5566298961639404, 0.5584942102432251, 0.5632418990135193, 0.5697625279426575, 0.5765429139137268, 0.5838525891304016, 0.5913946628570557, 0.5960528254508972, 0.5965375900268555, 0.5952401161193848, 0.5919182896614075, 0.5867601633071899, 0.5800295472145081, 0.5733135342597961, 0.5681473016738892, 0.5636860728263855, 0.5585908889770508, 0.5537586212158203, 0.550159752368927, 0.54884934425354, 0.5508987307548523, 0.554922342300415, 0.5620243549346924, 0.5703390836715698, 0.5763290524482727, 0.5791276097297668, 0.5802149772644043, 0.5812824368476868, 0.5849800705909729, 0.585330605506897, 0.5811471939086914, 0.5774209499359131, 0.5731552839279175, 0.5680496692657471, 0.5623620748519897, 0.5553169250488281, 0.5519777536392212, 0.5510604381561279, 0.5535048246383667, 0.5604357719421387, 0.5696489810943604, 0.5794167518615723, 0.5841010808944702, 0.5794005990028381, 0.569110631942749, 0.5606652498245239, 0.5560343265533447, 0.5562180876731873, 0.5566986799240112, 0.5565492510795593, 0.5609961152076721, 0.5700098276138306, 0.5802730321884155, 0.5936617851257324, 0.6040285229682922, 0.6024045348167419, 0.5907324552536011, 0.5788331627845764, 0.568194568157196, 0.5636219382286072, 0.563635528087616, 0.5667449831962585, 0.5709444880485535, 0.5721123814582825, 0.5713596343994141, 0.5709215998649597, 0.5714832544326782, 0.5736702680587769, 0.5767406821250916, 0.5780202150344849, 0.5781470537185669, 0.5807180404663086, 0.5851937532424927, 0.5833763480186462, 0.5807989239692688, 0.5818228721618652, 0.5857241153717041, 0.5923481583595276, 0.6011318564414978, 0.6048339605331421, 0.6029359698295593, 0.5983301997184753, 0.5918561220169067, 0.5893227458000183, 0.5897452235221863, 0.5911234021186829, 0.5916839838027954, 0.5924718379974365, 0.5939239859580994, 0.5984273552894592, 0.6086278557777405], "val_acc": [0.2222222222222222, 0.7777777777777778, 0.7777777777777778, 0.7777777777777778, 0.7777777777777778, 0.7777777777777778, 0.7777777777777778, 0.7777777777777778, 0.7777777777777778, 0.7777777777777778, 0.7777777777777778, 0.7777777777777778, 0.7777777777777778, 0.7777777777777778, 0.7777777777777778, 0.7777777777777778, 0.7777777777777778, 0.7777777777777778, 0.7777777777777778, 0.7777777777777778, 0.7777777777777778, 0.7777777777777778, 0.7777777777777778, 0.7777777777777778, 0.7777777777777778, 0.7777777777777778, 0.7777777777777778, 0.7777777777777778, 0.7777777777777778, 0.7777777777777778, 0.7777777777777778, 0.7777777777777778, 0.7777777777777778, 0.7777777777777778, 0.7777777777777778, 0.7777777777777778, 0.7777777777777778, 0.7777777777777778, 0.7777777777777778, 0.7777777777777778, 0.7777777777777778, 0.7777777777777778, 0.7777777777777778, 0.7777777777777778, 0.7777777777777778, 0.7777777777777778, 0.7777777777777778, 0.7777777777777778, 0.7777777777777778, 0.7777777777777778, 0.7777777777777778, 0.7777777777777778, 0.7777777777777778, 0.7777777777777778, 0.7777777777777778, 0.7777777777777778, 0.7777777777777778, 0.7777777777777778, 0.7777777777777778, 0.7777777777777778, 0.7777777777777778, 0.7222222222222222, 0.6666666666666666, 0.6666666666666666, 0.6666666666666666, 0.6666666666666666, 0.6666666666666666, 0.7222222222222222, 0.7777777777777778, 0.7777777777777778, 0.7777777777777778, 0.7222222222222222, 0.7222222222222222, 0.7222222222222222, 0.7222222222222222, 0.7222222222222222, 0.7222222222222222, 0.6666666666666666, 0.6666666666666666, 0.6666666666666666, 0.6666666666666666, 0.6666666666666666, 0.6666666666666666, 0.6666666666666666, 0.6666666666666666, 0.6666666666666666, 0.6666666666666666, 0.6666666666666666, 0.6111111111111112, 0.6666666666666666, 0.6666666666666666, 0.6666666666666666, 0.6666666666666666, 0.7222222222222222, 0.7777777777777778, 0.7222222222222222, 0.6666666666666666, 0.6666666666666666, 0.6666666666666666, 0.6111111111111112]}