{"train_loss": [0.6956851184368134, 0.6835730075836182, 0.6806496977806091, 0.6698087453842163, 0.6544864177703857, 0.6378740072250366, 0.6549453139305115, 0.6382291316986084, 0.6403678059577942, 0.6261034905910492, 0.6682911515235901, 0.6053682863712311, 0.6469345390796661, 0.6469358205795288, 0.6376900374889374, 0.6481948494911194, 0.6102510988712311, 0.5950192809104919, 0.6475437879562378, 0.5715622007846832, 0.6064803898334503, 0.6193972527980804, 0.623718649148941, 0.6075781583786011, 0.5799357295036316, 0.5723569542169571, 0.605315625667572, 0.5943235754966736, 0.616711437702179, 0.5850850939750671, 0.6340867578983307, 0.6141010820865631, 0.599846750497818, 0.6150826215744019, 0.5961089134216309, 0.6308079659938812, 0.6324031054973602, 0.6390734016895294, 0.624553769826889, 0.6283189654350281, 0.6304999887943268, 0.6799916625022888, 0.5489091873168945, 0.5981119275093079, 0.6060533225536346, 0.5852465629577637, 0.636082112789154, 0.5466548651456833, 0.6185970604419708, 0.5614454746246338, 0.5716079473495483, 0.6491726636886597, 0.6205423176288605, 0.5585260391235352, 0.5777164697647095, 0.5567864924669266, 0.5892677307128906, 0.6269090473651886, 0.6325653791427612, 0.6239566802978516, 0.6103008985519409, 0.6392408311367035, 0.5934421718120575, 0.5642702281475067, 0.5740445852279663, 0.561692476272583, 0.6155603528022766, 0.6058222353458405, 0.5918253362178802, 0.606512188911438, 0.5942335724830627, 0.5357337892055511, 0.5731584131717682, 0.5427439361810684, 0.5942625105381012, 0.6020510196685791, 0.5949088633060455, 0.5943883061408997, 0.632696270942688, 0.5960951447486877, 0.5696182250976562, 0.5808500051498413, 0.5626143515110016, 0.5835810601711273, 0.5921646356582642, 0.5859199166297913, 0.597053736448288, 0.554454118013382, 0.586633175611496, 0.5539093315601349, 0.5576302707195282, 0.48259881138801575, 0.5839265584945679, 0.5880369246006012, 0.5503508150577545, 0.5677648484706879, 0.5873429477214813, 0.5500012636184692, 0.5534341633319855, 0.548124223947525], "train_acc": [0.36, 0.6733333333333333, 0.6666666666666666, 0.6666666666666666, 0.6666666666666666, 0.6666666666666666, 0.6666666666666666, 0.6666666666666666, 0.6666666666666666, 0.6666666666666666, 0.6666666666666666, 0.6666666666666666, 0.6666666666666666, 0.6666666666666666, 0.6666666666666666, 0.6666666666666666, 0.6666666666666666, 0.6666666666666666, 0.6666666666666666, 0.6666666666666666, 0.6666666666666666, 0.6666666666666666, 0.6666666666666666, 0.6666666666666666, 0.6666666666666666, 0.6666666666666666, 0.6666666666666666, 0.6666666666666666, 0.6666666666666666, 0.6666666666666666, 0.6666666666666666, 0.6666666666666666, 0.6666666666666666, 0.6666666666666666, 0.6666666666666666, 0.6666666666666666, 0.6666666666666666, 0.6666666666666666, 0.6666666666666666, 0.6666666666666666, 0.6666666666666666, 0.6666666666666666, 0.6666666666666666, 0.6666666666666666, 0.6666666666666666, 0.6666666666666666, 0.6666666666666666, 0.6666666666666666, 0.6666666666666666, 0.6666666666666666, 0.6666666666666666, 0.6666666666666666, 0.6666666666666666, 0.6666666666666666, 0.6666666666666666, 0.6666666666666666, 0.6666666666666666, 0.6666666666666666, 0.6666666666666666, 0.6666666666666666, 0.6666666666666666, 0.6666666666666666, 0.6666666666666666, 0.6666666666666666, 0.6733333333333333, 0.6733333333333333, 0.6666666666666666, 0.6666666666666666, 0.6666666666666666, 0.6666666666666666, 0.6733333333333333, 0.6666666666666666, 0.6666666666666666, 0.6733333333333333, 0.6666666666666666, 0.6666666666666666, 0.6666666666666666, 0.68, 0.6733333333333333, 0.7066666666666667, 0.7133333333333334, 0.6866666666666666, 0.6933333333333334, 0.7266666666666667, 0.7066666666666667, 0.72, 0.72, 0.72, 0.72, 0.7266666666666667, 0.7133333333333334, 0.72, 0.74, 0.7, 0.7066666666666667, 0.7133333333333334, 0.72, 0.7133333333333334, 0.7, 0.7066666666666667], "val_loss": [0.688936710357666, 0.6776622533798218, 0.666179895401001, 0.6550114750862122, 0.6442375779151917, 0.6339505314826965, 0.6247491240501404, 0.616196870803833, 0.6083944439888, 0.6014447212219238, 0.5958017706871033, 0.5913192629814148, 0.587440013885498, 0.584613025188446, 0.5825209021568298, 0.58100825548172, 0.57978755235672, 0.5784257054328918, 0.5772351026535034, 0.576210081577301, 0.5750461220741272, 0.5740430355072021, 0.5733212232589722, 0.5727619528770447, 0.5721054673194885, 0.5712584853172302, 0.570415198802948, 0.5696442127227783, 0.5689767599105835, 0.5683793425559998, 0.5677980780601501, 0.5672752261161804, 0.5668317675590515, 0.5663736462593079, 0.56612229347229, 0.5660098195075989, 0.566244900226593, 0.5668677687644958, 0.5677251219749451, 0.5685027241706848, 0.569233775138855, 0.5704710483551025, 0.5711898803710938, 0.5691936016082764, 0.5665280818939209, 0.5635051727294922, 0.5606703758239746, 0.5579972267150879, 0.5552976131439209, 0.553026556968689, 0.5508216619491577, 0.5490834712982178, 0.5477248430252075, 0.5464749932289124, 0.5451106429100037, 0.5436689853668213, 0.5421099066734314, 0.5406869649887085, 0.5395967960357666, 0.539294958114624, 0.5400127172470093, 0.5421250462532043, 0.5449218153953552, 0.5454025864601135, 0.5418862700462341, 0.5364413261413574, 0.5315922498703003, 0.5282903909683228, 0.5257558226585388, 0.5236851572990417, 0.5218862891197205, 0.5199493169784546, 0.5178303122520447, 0.5157387256622314, 0.5137418508529663, 0.5120840668678284, 0.5107715129852295, 0.5099557042121887, 0.5106402635574341, 0.5136693120002747, 0.5160717368125916, 0.5166440606117249, 0.5146979093551636, 0.5106848478317261, 0.5065351724624634, 0.5028408169746399, 0.49957603216171265, 0.49463096261024475, 0.4895313084125519, 0.48559221625328064, 0.4827185869216919, 0.4805750846862793, 0.47894287109375, 0.47688090801239014, 0.474639892578125, 0.47288548946380615, 0.47155317664146423, 0.4705049693584442, 0.4698394238948822, 0.4699589014053345], "val_acc": [0.7222222222222222, 0.7222222222222222, 0.7222222222222222, 0.7222222222222222, 0.7222222222222222, 0.7222222222222222, 0.7222222222222222, 0.7222222222222222, 0.7222222222222222, 0.7222222222222222, 0.7222222222222222, 0.7222222222222222, 0.7222222222222222, 0.7222222222222222, 0.7222222222222222, 0.7222222222222222, 0.7222222222222222, 0.7222222222222222, 0.7222222222222222, 0.7222222222222222, 0.7222222222222222, 0.7222222222222222, 0.7222222222222222, 0.7222222222222222, 0.7222222222222222, 0.7222222222222222, 0.7222222222222222, 0.7222222222222222, 0.7222222222222222, 0.7222222222222222, 0.7222222222222222, 0.7222222222222222, 0.7222222222222222, 0.7222222222222222, 0.7222222222222222, 0.7222222222222222, 0.7222222222222222, 0.7222222222222222, 0.7222222222222222, 0.7222222222222222, 0.7222222222222222, 0.7222222222222222, 0.7222222222222222, 0.7222222222222222, 0.7222222222222222, 0.7222222222222222, 0.7222222222222222, 0.7222222222222222, 0.7222222222222222, 0.7222222222222222, 0.7222222222222222, 0.7222222222222222, 0.7222222222222222, 0.7222222222222222, 0.7222222222222222, 0.7222222222222222, 0.7222222222222222, 0.7222222222222222, 0.7222222222222222, 0.7222222222222222, 0.7222222222222222, 0.7222222222222222, 0.7222222222222222, 0.7222222222222222, 0.7222222222222222, 0.7222222222222222, 0.7222222222222222, 0.7222222222222222, 0.7222222222222222, 0.7222222222222222, 0.7222222222222222, 0.7222222222222222, 0.7222222222222222, 0.7222222222222222, 0.7222222222222222, 0.7222222222222222, 0.7222222222222222, 0.7222222222222222, 0.7222222222222222, 0.7777777777777778, 0.7777777777777778, 0.8333333333333334, 0.8333333333333334, 0.8333333333333334, 0.8333333333333334, 0.8333333333333334, 0.8333333333333334, 0.8333333333333334, 0.8333333333333334, 0.8333333333333334, 0.8333333333333334, 0.8333333333333334, 0.7777777777777778, 0.8333333333333334, 0.8333333333333334, 0.8333333333333334, 0.8333333333333334, 0.8333333333333334, 0.8333333333333334, 0.8333333333333334]}