{"train_loss": [0.6938160955905914, 0.6869311332702637, 0.6576758623123169, 0.6588992774486542, 0.6506437957286835, 0.6402563452720642, 0.6264224052429199, 0.6130821108818054, 0.5982215702533722, 0.5946427881717682, 0.6335989534854889, 0.6541556715965271, 0.5857056081295013, 0.5976371467113495, 0.5433453619480133, 0.6789457201957703, 0.5525119602680206, 0.5784404277801514, 0.6477758586406708, 0.5848102867603302, 0.6072965860366821, 0.5749589204788208, 0.6059872806072235, 0.6664875149726868, 0.6367639005184174, 0.6621774435043335, 0.600410133600235, 0.5917306244373322, 0.6480689942836761, 0.580653727054596, 0.6067922115325928, 0.589896023273468, 0.5982518196105957, 0.6043589413166046, 0.699970543384552, 0.6119027435779572, 0.5901905000209808, 0.5496267676353455, 0.5280692726373672, 0.604719877243042, 0.6079054474830627, 0.5670782625675201, 0.5824134647846222, 0.6474665999412537, 0.6488208770751953, 0.6370103359222412, 0.551169365644455, 0.6198143661022186, 0.5839978754520416, 0.5693306624889374, 0.5937183797359467, 0.568625807762146, 0.5326838046312332, 0.5788451731204987, 0.5574082732200623, 0.5718167722225189, 0.5313098877668381, 0.5721893012523651, 0.5964099764823914, 0.5574446022510529, 0.5909474194049835, 0.5507210791110992, 0.6626031398773193, 0.552299976348877, 0.5937233567237854, 0.5440623462200165, 0.5444037616252899, 0.5860095620155334, 0.592687338590622, 0.5531156957149506, 0.5761552155017853, 0.5721501708030701, 0.5995110273361206, 0.5327557772397995, 0.5403634011745453, 0.5620703101158142, 0.6439932584762573, 0.5637634098529816, 0.5468556880950928, 0.5823616087436676, 0.5785499811172485, 0.5707476139068604, 0.5311324447393417, 0.5691029727458954, 0.5049676150083542, 0.6081113219261169, 0.5472209751605988, 0.5400860905647278, 0.5431959629058838, 0.5158015936613083, 0.5644204020500183, 0.5436885058879852, 0.6290777325630188, 0.4796965718269348, 0.49822570383548737, 0.5532570779323578, 0.5891313254833221, 0.5308032035827637, 0.5098050087690353, 0.5775999128818512], "train_acc": [0.42, 0.6533333333333333, 0.6933333333333334, 0.6933333333333334, 0.6933333333333334, 0.6933333333333334, 0.6933333333333334, 0.6933333333333334, 0.6933333333333334, 0.6933333333333334, 0.6933333333333334, 0.6933333333333334, 0.6933333333333334, 0.6933333333333334, 0.6933333333333334, 0.6933333333333334, 0.6933333333333334, 0.6933333333333334, 0.6933333333333334, 0.6933333333333334, 0.6933333333333334, 0.6933333333333334, 0.6933333333333334, 0.6933333333333334, 0.6933333333333334, 0.6933333333333334, 0.6933333333333334, 0.6933333333333334, 0.6933333333333334, 0.6933333333333334, 0.6933333333333334, 0.6933333333333334, 0.6933333333333334, 0.6933333333333334, 0.6933333333333334, 0.6933333333333334, 0.6933333333333334, 0.6933333333333334, 0.6933333333333334, 0.6933333333333334, 0.6933333333333334, 0.6933333333333334, 0.6933333333333334, 0.6933333333333334, 0.6933333333333334, 0.6933333333333334, 0.6933333333333334, 0.6933333333333334, 0.6933333333333334, 0.6933333333333334, 0.6933333333333334, 0.6933333333333334, 0.6933333333333334, 0.6933333333333334, 0.6933333333333334, 0.6933333333333334, 0.6933333333333334, 0.6933333333333334, 0.6933333333333334, 0.6933333333333334, 0.6933333333333334, 0.6933333333333334, 0.6933333333333334, 0.6933333333333334, 0.6933333333333334, 0.6933333333333334, 0.6933333333333334, 0.6933333333333334, 0.6933333333333334, 0.6933333333333334, 0.6933333333333334, 0.6933333333333334, 0.6933333333333334, 0.6933333333333334, 0.6933333333333334, 0.6933333333333334, 0.6933333333333334, 0.6933333333333334, 0.6933333333333334, 0.6933333333333334, 0.6933333333333334, 0.6933333333333334, 0.7, 0.6933333333333334, 0.7, 0.6933333333333334, 0.6933333333333334, 0.7, 0.7, 0.7, 0.7, 0.7066666666666667, 0.6933333333333334, 0.7, 0.7466666666666667, 0.72, 0.7266666666666667, 0.7266666666666667, 0.7, 0.7133333333333334], "val_loss": [0.6921629309654236, 0.6920692920684814, 0.69291752576828, 0.694900631904602, 0.698070228099823, 0.7028278708457947, 0.7091856002807617, 0.7174332141876221, 0.7278881669044495, 0.7405750751495361, 0.7540357112884521, 0.7646929621696472, 0.7725279331207275, 0.779466986656189, 0.7860291004180908, 0.7904074788093567, 0.7909493446350098, 0.792275071144104, 0.7914615273475647, 0.7880960702896118, 0.7845966815948486, 0.7811601161956787, 0.7781025171279907, 0.7730709314346313, 0.7654361724853516, 0.7570927143096924, 0.7493298649787903, 0.7442537546157837, 0.7402846217155457, 0.7372273206710815, 0.7359915971755981, 0.7358997464179993, 0.7370861172676086, 0.7389129996299744, 0.7390507459640503, 0.7369177937507629, 0.7357423305511475, 0.7368249297142029, 0.7415674924850464, 0.7481685280799866, 0.753684401512146, 0.7587252855300903, 0.7637391090393066, 0.7661449313163757, 0.7637551426887512, 0.7580893635749817, 0.7526038289070129, 0.74881911277771, 0.744592010974884, 0.7416291832923889, 0.7401432394981384, 0.739592432975769, 0.7411730885505676, 0.7445604801177979, 0.7480654716491699, 0.7512915134429932, 0.7552003860473633, 0.7603086829185486, 0.7619122266769409, 0.7602473497390747, 0.7567643523216248, 0.7520745396614075, 0.7450565695762634, 0.7349221110343933, 0.7264394164085388, 0.7199532985687256, 0.7178494930267334, 0.7178429365158081, 0.7175193428993225, 0.7172764539718628, 0.7180014848709106, 0.7187668681144714, 0.7181292772293091, 0.7175866961479187, 0.7201306223869324, 0.7229146361351013, 0.7210609912872314, 0.714364767074585, 0.7089546918869019, 0.7047682404518127, 0.7008740901947021, 0.6982246041297913, 0.6977867484092712, 0.7002810835838318, 0.7039456963539124, 0.7068259119987488, 0.7043739557266235, 0.7037190198898315, 0.7043349742889404, 0.7089261412620544, 0.7144620418548584, 0.7135857343673706, 0.7036852836608887, 0.6930758953094482, 0.6938197612762451, 0.6977218985557556, 0.6968008279800415, 0.6909841895103455, 0.6867446303367615, 0.6816405653953552], "val_acc": [0.5, 0.5, 0.5, 0.5, 0.5, 0.5, 0.5, 0.5, 0.5, 0.5, 0.5, 0.5, 0.5, 0.5, 0.5, 0.5, 0.5, 0.5, 0.5, 0.5, 0.5, 0.5, 0.5, 0.5, 0.5, 0.5, 0.5, 0.5, 0.5, 0.5, 0.5, 0.5, 0.5, 0.5, 0.5, 0.5, 0.5, 0.5, 0.5, 0.5, 0.5, 0.5, 0.5, 0.5, 0.5, 0.5, 0.5, 0.5, 0.5, 0.5, 0.5, 0.5, 0.5, 0.5, 0.5, 0.5, 0.5, 0.5, 0.5, 0.5, 0.5, 0.5, 0.5, 0.5, 0.5, 0.5, 0.5, 0.5, 0.5, 0.5, 0.5, 0.5, 0.5, 0.5, 0.5, 0.5, 0.5, 0.5, 0.5, 0.5, 0.5, 0.5, 0.5, 0.5, 0.5, 0.5, 0.5, 0.5, 0.5, 0.5, 0.5, 0.5, 0.5, 0.5, 0.5, 0.5, 0.5, 0.5, 0.5555555555555556, 0.5555555555555556]}