{"train_loss": [0.6808920204639435, 0.6705163419246674, 0.6728748083114624, 0.6772885024547577, 0.6433934569358826, 0.6523750126361847, 0.6511524617671967, 0.6474235355854034, 0.655154287815094, 0.6622026264667511, 0.672027051448822, 0.6736557185649872, 0.6540510952472687, 0.6584208607673645, 0.6733417809009552, 0.6725932359695435, 0.6015018820762634, 0.6428644061088562, 0.6321108639240265, 0.6257155537605286, 0.6178691387176514, 0.611190915107727, 0.6377609372138977, 0.6442305743694305, 0.6089619696140289, 0.5788778960704803, 0.6290012300014496, 0.5938341319561005, 0.6947677433490753, 0.6351949870586395, 0.6654603183269501, 0.6617545485496521, 0.6471487879753113, 0.6008190512657166, 0.6388625204563141, 0.629587322473526, 0.6791745722293854, 0.6428757011890411, 0.5985932350158691, 0.6353298723697662, 0.648039847612381, 0.6013689935207367, 0.6549457609653473, 0.5542315095663071, 0.6252427399158478, 0.6436006724834442, 0.6134787797927856, 0.6728526949882507, 0.6169993281364441, 0.6191994845867157, 0.6324761509895325, 0.595352053642273, 0.5933844745159149, 0.5975176692008972, 0.5753904283046722, 0.6403881311416626, 0.5994065701961517, 0.5766443610191345, 0.6085866391658783, 0.6678784489631653, 0.5572024285793304, 0.6307845115661621, 0.5764643847942352, 0.6198095977306366, 0.5693908333778381, 0.592933714389801, 0.588804304599762, 0.5885519981384277, 0.5672652423381805, 0.5939210951328278, 0.5888848304748535, 0.5489036440849304, 0.5248788595199585, 0.527246505022049, 0.5387612283229828, 0.5547316074371338, 0.5707110464572906, 0.5593640208244324, 0.48833413422107697, 0.5659765601158142, 0.5897535383701324, 0.5499953031539917, 0.49296312034130096, 0.6023415923118591, 0.547093003988266, 0.5394280552864075, 0.6055578887462616, 0.4941361993551254, 0.5136124789714813, 0.5675337016582489, 0.5301024913787842, 0.5537959337234497, 0.5576134026050568, 0.4896441400051117, 0.5508828163146973, 0.5316871702671051, 0.5533984005451202, 0.509852409362793, 0.5003393143415451, 0.5249208807945251], "train_acc": [0.6466666666666666, 0.64, 0.64, 0.64, 0.64, 0.64, 0.64, 0.64, 0.64, 0.64, 0.64, 0.64, 0.64, 0.64, 0.64, 0.64, 0.64, 0.64, 0.64, 0.64, 0.64, 0.64, 0.64, 0.64, 0.64, 0.64, 0.64, 0.64, 0.64, 0.64, 0.64, 0.64, 0.64, 0.64, 0.64, 0.64, 0.64, 0.64, 0.64, 0.64, 0.64, 0.64, 0.64, 0.64, 0.64, 0.64, 0.64, 0.64, 0.64, 0.64, 0.64, 0.64, 0.64, 0.6466666666666666, 0.6466666666666666, 0.64, 0.64, 0.64, 0.64, 0.6466666666666666, 0.6533333333333333, 0.6533333333333333, 0.6733333333333333, 0.6866666666666666, 0.6933333333333334, 0.7133333333333334, 0.68, 0.6933333333333334, 0.7, 0.6733333333333333, 0.6866666666666666, 0.7, 0.68, 0.72, 0.6933333333333334, 0.6933333333333334, 0.6666666666666666, 0.7333333333333333, 0.6866666666666666, 0.7133333333333334, 0.7, 0.6933333333333334, 0.7133333333333334, 0.7133333333333334, 0.72, 0.7266666666666667, 0.72, 0.7066666666666667, 0.7266666666666667, 0.74, 0.74, 0.7, 0.6866666666666666, 0.7333333333333333, 0.7266666666666667, 0.7, 0.7266666666666667, 0.7333333333333333, 0.72, 0.74], "val_loss": [0.6637129187583923, 0.6533969640731812, 0.643793523311615, 0.635559618473053, 0.6281088590621948, 0.6203274726867676, 0.6125966906547546, 0.6049302220344543, 0.5978028774261475, 0.5917004942893982, 0.5869304537773132, 0.5835986733436584, 0.5812531113624573, 0.5792930126190186, 0.5780225992202759, 0.577634871006012, 0.5768953561782837, 0.5750697255134583, 0.5730288028717041, 0.5704935193061829, 0.5675291419029236, 0.5641753673553467, 0.560909628868103, 0.5584307312965393, 0.5565158128738403, 0.5541707873344421, 0.5516788959503174, 0.5495962500572205, 0.5484142303466797, 0.54886394739151, 0.5501378178596497, 0.5524747371673584, 0.5554681420326233, 0.558114767074585, 0.5599899888038635, 0.5616732835769653, 0.5636528134346008, 0.5665801763534546, 0.5685261487960815, 0.5688955783843994, 0.5692722797393799, 0.5691978335380554, 0.5685439705848694, 0.5670316815376282, 0.5636281967163086, 0.5613526105880737, 0.5597683191299438, 0.5592888593673706, 0.5604585409164429, 0.5617178678512573, 0.5631121397018433, 0.5640114545822144, 0.562907338142395, 0.5602719187736511, 0.557549774646759, 0.5555232167243958, 0.55573570728302, 0.5553829669952393, 0.5541921257972717, 0.5559489727020264, 0.5599900484085083, 0.5644288659095764, 0.5706751346588135, 0.5768347382545471, 0.5804846286773682, 0.579586923122406, 0.5764850974082947, 0.5702176094055176, 0.5646755695343018, 0.5616432428359985, 0.5610607862472534, 0.5602993965148926, 0.557526707649231, 0.5545147657394409, 0.5527298450469971, 0.5524705052375793, 0.5541582703590393, 0.5573123693466187, 0.559969961643219, 0.56129390001297, 0.5650221705436707, 0.5701101422309875, 0.5686619281768799, 0.5650667548179626, 0.5654070377349854, 0.5679782032966614, 0.572150468826294, 0.5782971382141113, 0.5837575197219849, 0.5863169431686401, 0.5854542255401611, 0.5808513164520264, 0.5763171911239624, 0.5730904936790466, 0.5717113018035889, 0.5723303556442261, 0.5733428001403809, 0.5744211077690125, 0.5765148401260376, 0.5810824036598206], "val_acc": [0.7777777777777778, 0.7777777777777778, 0.7777777777777778, 0.7777777777777778, 0.7777777777777778, 0.7777777777777778, 0.7777777777777778, 0.7777777777777778, 0.7777777777777778, 0.7777777777777778, 0.7777777777777778, 0.7777777777777778, 0.7777777777777778, 0.7777777777777778, 0.7777777777777778, 0.7777777777777778, 0.7777777777777778, 0.7777777777777778, 0.7777777777777778, 0.7777777777777778, 0.7777777777777778, 0.7777777777777778, 0.7777777777777778, 0.7777777777777778, 0.7777777777777778, 0.7777777777777778, 0.7777777777777778, 0.7777777777777778, 0.7777777777777778, 0.7777777777777778, 0.7777777777777778, 0.7777777777777778, 0.7777777777777778, 0.7777777777777778, 0.7777777777777778, 0.7777777777777778, 0.7777777777777778, 0.7777777777777778, 0.7777777777777778, 0.7777777777777778, 0.7777777777777778, 0.7777777777777778, 0.7777777777777778, 0.7777777777777778, 0.7777777777777778, 0.7777777777777778, 0.7777777777777778, 0.7777777777777778, 0.7777777777777778, 0.7777777777777778, 0.7777777777777778, 0.7777777777777778, 0.7777777777777778, 0.7777777777777778, 0.7777777777777778, 0.7777777777777778, 0.7777777777777778, 0.7777777777777778, 0.7777777777777778, 0.7777777777777778, 0.7777777777777778, 0.7777777777777778, 0.7777777777777778, 0.7777777777777778, 0.7222222222222222, 0.7222222222222222, 0.7222222222222222, 0.7222222222222222, 0.7777777777777778, 0.7777777777777778, 0.7777777777777778, 0.7777777777777778, 0.7777777777777778, 0.7777777777777778, 0.7777777777777778, 0.7777777777777778, 0.7777777777777778, 0.7222222222222222, 0.7222222222222222, 0.7222222222222222, 0.6666666666666666, 0.6666666666666666, 0.6666666666666666, 0.6666666666666666, 0.6666666666666666, 0.6666666666666666, 0.6666666666666666, 0.6666666666666666, 0.6666666666666666, 0.6666666666666666, 0.6666666666666666, 0.6666666666666666, 0.6666666666666666, 0.6666666666666666, 0.6666666666666666, 0.6666666666666666, 0.6666666666666666, 0.6666666666666666, 0.6666666666666666, 0.6666666666666666]}