{"train_loss": [0.6709195077419281, 0.6021603345870972, 0.6670187413692474, 0.6920939683914185, 0.5780547261238098, 0.6104647219181061, 0.6101182401180267, 0.6108425855636597, 0.5986552536487579, 0.6217347979545593, 0.6169579923152924, 0.6170126795768738, 0.6112222373485565, 0.5890986919403076, 0.6525763869285583, 0.5895132422447205, 0.514090433716774, 0.5873498022556305, 0.5731728971004486, 0.5368016809225082, 0.5706275403499603, 0.4965202808380127, 0.5497985482215881, 0.5622028410434723, 0.5228035002946854, 0.50620137155056, 0.5756783485412598, 0.5112535357475281, 0.5910218358039856, 0.5116919279098511, 0.5358516573905945, 0.5732100307941437, 0.5956417918205261, 0.5937700569629669, 0.5677249729633331, 0.5289363265037537, 0.5804643034934998, 0.5622021555900574, 0.4956861287355423, 0.5325239300727844, 0.5589287877082825, 0.540788322687149, 0.548561692237854, 0.4345824271440506, 0.5577798783779144, 0.5956313908100128, 0.5223438739776611, 0.5335671603679657, 0.5213424563407898, 0.5154715776443481, 0.6392581313848495, 0.5069545656442642, 0.5804800540208817, 0.4821767807006836, 0.4812581539154053, 0.5615915060043335, 0.4901253581047058, 0.538471907377243, 0.4930224120616913, 0.597397118806839, 0.4452035576105118, 0.4926420599222183, 0.4989388883113861, 0.573207825422287, 0.5067521780729294, 0.4914621263742447, 0.537745863199234, 0.49524296820163727, 0.5065838694572449, 0.5160036236047745, 0.5279427021741867, 0.5053581744432449, 0.47838516533374786, 0.43193672597408295, 0.49086400866508484, 0.4695500284433365, 0.47608233988285065, 0.4875975549221039, 0.40480121970176697, 0.5443375557661057, 0.5369566977024078, 0.4858161211013794, 0.45246702432632446, 0.5733853280544281, 0.49894699454307556, 0.4971102476119995, 0.5396749824285507, 0.3933759480714798, 0.4893655478954315, 0.5433213114738464, 0.49767057597637177, 0.49980148673057556, 0.4781840443611145, 0.4326279014348984, 0.48695285618305206, 0.45024795830249786, 0.5424409657716751, 0.4293241947889328, 0.4299674779176712, 0.47036440670490265], "train_acc": [0.4066666666666667, 0.64, 0.64, 0.64, 0.64, 0.6466666666666666, 0.6466666666666666, 0.64, 0.64, 0.6466666666666666, 0.6533333333333333, 0.6533333333333333, 0.64, 0.6933333333333334, 0.6866666666666666, 0.7066666666666667, 0.7133333333333334, 0.7, 0.6466666666666666, 0.66, 0.66, 0.7, 0.68, 0.68, 0.7066666666666667, 0.7133333333333334, 0.7133333333333334, 0.7066666666666667, 0.7066666666666667, 0.7, 0.7133333333333334, 0.6933333333333334, 0.7466666666666667, 0.74, 0.7133333333333334, 0.72, 0.7266666666666667, 0.74, 0.72, 0.7266666666666667, 0.7333333333333333, 0.7266666666666667, 0.72, 0.72, 0.7266666666666667, 0.74, 0.7333333333333333, 0.74, 0.72, 0.7466666666666667, 0.76, 0.7466666666666667, 0.7333333333333333, 0.74, 0.7533333333333333, 0.7466666666666667, 0.74, 0.7466666666666667, 0.7266666666666667, 0.7266666666666667, 0.7266666666666667, 0.7466666666666667, 0.7533333333333333, 0.7466666666666667, 0.7466666666666667, 0.74, 0.7266666666666667, 0.7466666666666667, 0.7466666666666667, 0.7466666666666667, 0.74, 0.7266666666666667, 0.7466666666666667, 0.7333333333333333, 0.7466666666666667, 0.7533333333333333, 0.7533333333333333, 0.7466666666666667, 0.7666666666666667, 0.7466666666666667, 0.7666666666666667, 0.7533333333333333, 0.76, 0.7533333333333333, 0.7533333333333333, 0.7533333333333333, 0.76, 0.76, 0.7533333333333333, 0.7666666666666667, 0.7666666666666667, 0.78, 0.76, 0.7533333333333333, 0.76, 0.7466666666666667, 0.7466666666666667, 0.7733333333333333, 0.7733333333333333, 0.7733333333333333], "val_loss": [0.5601714849472046, 0.5317909717559814, 0.5320394039154053, 0.5451375246047974, 0.5693241953849792, 0.5798066258430481, 0.5786313414573669, 0.5683209300041199, 0.5576848387718201, 0.5549113154411316, 0.56136554479599, 0.5777153372764587, 0.5988653898239136, 0.6116231083869934, 0.6125137805938721, 0.6076286435127258, 0.5927550792694092, 0.5758360624313354, 0.5736858248710632, 0.5771733522415161, 0.5809930562973022, 0.5843445062637329, 0.5891639590263367, 0.5985715389251709, 0.6107827425003052, 0.6087432503700256, 0.6013720631599426, 0.5976387858390808, 0.5979695916175842, 0.6064732074737549, 0.6235307455062866, 0.6416864991188049, 0.6420240998268127, 0.6207417845726013, 0.6007601618766785, 0.5939352512359619, 0.592461109161377, 0.5986005663871765, 0.6132793426513672, 0.6210424304008484, 0.6219515204429626, 0.6155417561531067, 0.6078569889068604, 0.6057599782943726, 0.6100776195526123, 0.6110882759094238, 0.6127184629440308, 0.6219223737716675, 0.6379364728927612, 0.6447941660881042, 0.6396567821502686, 0.6253008246421814, 0.6099207401275635, 0.6028424501419067, 0.6023575663566589, 0.6021299362182617, 0.6034872531890869, 0.6094542741775513, 0.6147521138191223, 0.6257553100585938, 0.6404552459716797, 0.6498327255249023, 0.654299259185791, 0.653185248374939, 0.6470725536346436, 0.6401383876800537, 0.635992705821991, 0.631721556186676, 0.628285825252533, 0.6255919337272644, 0.6309120059013367, 0.6368277668952942, 0.6298237442970276, 0.6226961612701416, 0.6235136985778809, 0.6270079612731934, 0.6300456523895264, 0.6336531043052673, 0.637687087059021, 0.6397547721862793, 0.6395498514175415, 0.6421037912368774, 0.6353972554206848, 0.625670313835144, 0.6197035908699036, 0.6199185848236084, 0.6256415247917175, 0.6360704302787781, 0.6443156003952026, 0.6443168520927429, 0.639812707901001, 0.6348845958709717, 0.6335126161575317, 0.6356379985809326, 0.6371304392814636, 0.63843834400177, 0.6416882276535034, 0.6404027342796326, 0.6428066492080688, 0.6495784521102905], "val_acc": [0.7777777777777778, 0.7777777777777778, 0.7777777777777778, 0.7777777777777778, 0.7777777777777778, 0.7777777777777778, 0.7777777777777778, 0.7777777777777778, 0.7777777777777778, 0.7777777777777778, 0.7777777777777778, 0.6666666666666666, 0.6666666666666666, 0.6666666666666666, 0.6666666666666666, 0.7222222222222222, 0.6666666666666666, 0.6666666666666666, 0.6666666666666666, 0.6666666666666666, 0.6666666666666666, 0.6666666666666666, 0.6666666666666666, 0.6666666666666666, 0.6666666666666666, 0.6666666666666666, 0.6666666666666666, 0.6666666666666666, 0.6666666666666666, 0.6666666666666666, 0.6666666666666666, 0.5555555555555556, 0.5555555555555556, 0.6666666666666666, 0.6666666666666666, 0.6666666666666666, 0.6666666666666666, 0.6666666666666666, 0.6666666666666666, 0.6111111111111112, 0.6111111111111112, 0.6666666666666666, 0.6666666666666666, 0.6666666666666666, 0.7222222222222222, 0.6666666666666666, 0.6666666666666666, 0.6111111111111112, 0.6111111111111112, 0.6111111111111112, 0.6111111111111112, 0.6111111111111112, 0.6666666666666666, 0.7222222222222222, 0.7222222222222222, 0.7222222222222222, 0.6666666666666666, 0.6666666666666666, 0.6111111111111112, 0.6111111111111112, 0.6111111111111112, 0.6111111111111112, 0.6111111111111112, 0.6111111111111112, 0.6111111111111112, 0.6111111111111112, 0.6666666666666666, 0.6666666666666666, 0.6666666666666666, 0.6666666666666666, 0.6111111111111112, 0.6111111111111112, 0.6111111111111112, 0.6666666666666666, 0.6666666666666666, 0.6666666666666666, 0.6666666666666666, 0.6666666666666666, 0.6666666666666666, 0.6666666666666666, 0.6111111111111112, 0.6111111111111112, 0.6111111111111112, 0.6666666666666666, 0.6666666666666666, 0.6111111111111112, 0.6111111111111112, 0.6111111111111112, 0.6111111111111112, 0.6111111111111112, 0.6111111111111112, 0.6666666666666666, 0.6666666666666666, 0.6666666666666666, 0.6666666666666666, 0.6666666666666666, 0.6666666666666666, 0.6666666666666666, 0.6666666666666666, 0.6111111111111112]}