{"train_loss": [0.6898238658905029, 0.5698028206825256, 0.5682054758071899, 0.6855932474136353, 0.5853194296360016, 0.5491095781326294, 0.5666584968566895, 0.5556817650794983, 0.55621337890625, 0.5508141219615936, 0.5865046083927155, 0.5528111457824707, 0.5430532395839691, 0.5204916149377823, 0.5450143814086914, 0.4899341017007828, 0.49752722680568695, 0.5027909278869629, 0.4792158752679825, 0.49807845056056976, 0.5018350183963776, 0.47251100838184357, 0.508243516087532, 0.5570298433303833, 0.4903886318206787, 0.5713921338319778, 0.4535156935453415, 0.4962007850408554, 0.5500158965587616, 0.6526085287332535, 0.4679672420024872, 0.47361165285110474, 0.5064014494419098, 0.5383855253458023, 0.533601701259613, 0.5333554744720459, 0.47307145595550537, 0.43973278999328613, 0.4472448080778122, 0.4334185719490051, 0.4846423417329788, 0.4906742572784424, 0.4152985215187073, 0.5186905562877655, 0.4385640472173691, 0.5152772068977356, 0.4722541570663452, 0.5453274101018906, 0.4751281291246414, 0.5321124792098999, 0.43161359429359436, 0.5801570564508438, 0.4168941080570221, 0.4804530292749405, 0.48860275745391846, 0.5976540297269821, 0.4491259455680847, 0.4556906223297119, 0.5238823294639587, 0.5792920589447021, 0.44832272827625275, 0.4737159013748169, 0.5056814253330231, 0.4546102434396744, 0.5251232534646988, 0.5273958444595337, 0.423467680811882, 0.5082115083932877, 0.47175517678260803, 0.4770982712507248, 0.5188213884830475, 0.4893399775028229, 0.4579557478427887, 0.44490286707878113, 0.453654408454895, 0.5237988084554672, 0.5387962758541107, 0.5448813289403915, 0.48242250084877014, 0.4428022801876068, 0.5166269093751907, 0.5316140353679657, 0.47585441172122955, 0.4891393333673477, 0.43792887032032013, 0.539983406662941, 0.4881632626056671, 0.561549961566925, 0.5336014777421951, 0.44367507100105286, 0.5398499965667725, 0.438995361328125, 0.4948769211769104, 0.4063308984041214, 0.5002470910549164, 0.4455351233482361, 0.5032962262630463, 0.46954308450222015, 0.43610402941703796, 0.5191666334867477], "train_acc": [0.3333333333333333, 0.6933333333333334, 0.6933333333333334, 0.6933333333333334, 0.6933333333333334, 0.6933333333333334, 0.6933333333333334, 0.6933333333333334, 0.7, 0.7, 0.7, 0.7, 0.7, 0.7133333333333334, 0.7066666666666667, 0.7, 0.68, 0.6866666666666666, 0.6933333333333334, 0.7, 0.7, 0.7266666666666667, 0.7333333333333333, 0.7266666666666667, 0.7266666666666667, 0.7266666666666667, 0.7133333333333334, 0.7266666666666667, 0.7266666666666667, 0.72, 0.72, 0.72, 0.7266666666666667, 0.7266666666666667, 0.72, 0.72, 0.7333333333333333, 0.7266666666666667, 0.7266666666666667, 0.7333333333333333, 0.7333333333333333, 0.72, 0.74, 0.7333333333333333, 0.7466666666666667, 0.74, 0.7466666666666667, 0.7333333333333333, 0.74, 0.74, 0.7466666666666667, 0.7333333333333333, 0.74, 0.72, 0.72, 0.7333333333333333, 0.7466666666666667, 0.74, 0.7333333333333333, 0.7333333333333333, 0.7466666666666667, 0.74, 0.76, 0.7533333333333333, 0.7466666666666667, 0.72, 0.7466666666666667, 0.7533333333333333, 0.76, 0.7466666666666667, 0.7533333333333333, 0.7466666666666667, 0.7533333333333333, 0.74, 0.7333333333333333, 0.7466666666666667, 0.74, 0.74, 0.7533333333333333, 0.74, 0.74, 0.74, 0.7666666666666667, 0.7466666666666667, 0.7666666666666667, 0.7533333333333333, 0.74, 0.76, 0.7266666666666667, 0.7333333333333333, 0.7466666666666667, 0.7466666666666667, 0.7533333333333333, 0.76, 0.7533333333333333, 0.7533333333333333, 0.76, 0.7533333333333333, 0.7466666666666667, 0.7533333333333333], "val_loss": [0.7037718892097473, 0.7775604128837585, 0.8379217982292175, 0.8147871494293213, 0.7569529414176941, 0.7235020995140076, 0.7123169302940369, 0.7131261825561523, 0.7218939065933228, 0.7365250587463379, 0.750011682510376, 0.7521908283233643, 0.7522959113121033, 0.757422924041748, 0.7621191740036011, 0.7686815857887268, 0.7854740619659424, 0.806817352771759, 0.8190863132476807, 0.8245356678962708, 0.8341220617294312, 0.8480552434921265, 0.8572620749473572, 0.8606784343719482, 0.8591604232788086, 0.8539456129074097, 0.8400886058807373, 0.832105815410614, 0.8260948657989502, 0.8104610443115234, 0.7902944684028625, 0.7794955372810364, 0.7747894525527954, 0.7740765810012817, 0.7732884883880615, 0.7712480425834656, 0.7717844843864441, 0.7830652594566345, 0.8059303164482117, 0.8281001448631287, 0.8336982727050781, 0.8187896609306335, 0.8079251646995544, 0.8062765002250671, 0.8085024356842041, 0.8129323124885559, 0.8158499598503113, 0.81477952003479, 0.8121020197868347, 0.8084977865219116, 0.8051574230194092, 0.7999429106712341, 0.7922210097312927, 0.7917273044586182, 0.7913001179695129, 0.7880228757858276, 0.7851387858390808, 0.7921550273895264, 0.7979252934455872, 0.7792854905128479, 0.7630307674407959, 0.7666375041007996, 0.7721251845359802, 0.7752863168716431, 0.7801885604858398, 0.7855827808380127, 0.8022754192352295, 0.8185214996337891, 0.8156678676605225, 0.8062111139297485, 0.7955447435379028, 0.7860763072967529, 0.7759466767311096, 0.7699732780456543, 0.768501877784729, 0.767424464225769, 0.7627236843109131, 0.7547716498374939, 0.7455374598503113, 0.7425698637962341, 0.7450095415115356, 0.7477883696556091, 0.749758243560791, 0.747417151927948, 0.741825520992279, 0.7391383647918701, 0.7424490451812744, 0.7414390444755554, 0.736896812915802, 0.7364148497581482, 0.7414456605911255, 0.7488521933555603, 0.7558003067970276, 0.7563858032226562, 0.756757915019989, 0.7569268941879272, 0.7577992677688599, 0.7606561183929443, 0.7672994136810303, 0.7686884999275208], "val_acc": [0.5555555555555556, 0.5555555555555556, 0.5555555555555556, 0.5555555555555556, 0.5555555555555556, 0.5555555555555556, 0.5555555555555556, 0.5555555555555556, 0.5555555555555556, 0.5555555555555556, 0.5555555555555556, 0.5555555555555556, 0.3888888888888889, 0.3888888888888889, 0.3888888888888889, 0.5, 0.5555555555555556, 0.5, 0.5555555555555556, 0.5, 0.5, 0.5, 0.5, 0.5, 0.5, 0.5, 0.5, 0.5, 0.5, 0.5, 0.5, 0.5, 0.5, 0.5, 0.5, 0.5, 0.5, 0.5555555555555556, 0.5555555555555556, 0.6111111111111112, 0.5555555555555556, 0.5555555555555556, 0.5, 0.5, 0.5, 0.5, 0.5, 0.5, 0.5, 0.5, 0.5, 0.5, 0.5, 0.5, 0.5, 0.5, 0.5, 0.5555555555555556, 0.5555555555555556, 0.5555555555555556, 0.5, 0.5555555555555556, 0.5555555555555556, 0.5555555555555556, 0.5555555555555556, 0.5, 0.5555555555555556, 0.6111111111111112, 0.5555555555555556, 0.5555555555555556, 0.5555555555555556, 0.5, 0.5, 0.5, 0.5, 0.5, 0.5, 0.5555555555555556, 0.5, 0.5, 0.5555555555555556, 0.5555555555555556, 0.6111111111111112, 0.5555555555555556, 0.5555555555555556, 0.5, 0.5555555555555556, 0.5555555555555556, 0.5555555555555556, 0.5, 0.5555555555555556, 0.6111111111111112, 0.6111111111111112, 0.6111111111111112, 0.6111111111111112, 0.5555555555555556, 0.5555555555555556, 0.5555555555555556, 0.5555555555555556, 0.5555555555555556]}