{"train_loss": [0.6674692034721375, 0.6709075570106506, 0.4954703599214554, 0.5948839485645294, 0.6067491769790649, 0.6014315485954285, 0.5720940828323364, 0.5819612741470337, 0.5677752494812012, 0.5595362186431885, 0.6031373143196106, 0.6353627443313599, 0.5595459640026093, 0.5611493587493896, 0.5413828045129776, 0.6376652717590332, 0.5269815623760223, 0.5480536818504333, 0.617921382188797, 0.5290891528129578, 0.5931646823883057, 0.5483858287334442, 0.5624313652515411, 0.6133566796779633, 0.5610726773738861, 0.6193043291568756, 0.5584958493709564, 0.5875423848628998, 0.5970125794410706, 0.5548900663852692, 0.568810373544693, 0.5081903338432312, 0.5237826108932495, 0.5592935979366302, 0.5907225012779236, 0.5125137120485306, 0.5890465080738068, 0.5462721288204193, 0.4959965795278549, 0.5234075486660004, 0.5833333134651184, 0.5501016676425934, 0.49429112672805786, 0.5584303438663483, 0.562787801027298, 0.5749906003475189, 0.5298886001110077, 0.5421479344367981, 0.47833971679210663, 0.4995015412569046, 0.5049280524253845, 0.4759110361337662, 0.4409819543361664, 0.5305319130420685, 0.4423140585422516, 0.5336238145828247, 0.5260104238986969, 0.5300562083721161, 0.49600695073604584, 0.46251730620861053, 0.534563347697258, 0.5230757296085358, 0.5627874732017517, 0.4757480025291443, 0.49214939773082733, 0.48176001012325287, 0.4686482101678848, 0.5239250510931015, 0.548205554485321, 0.48228026926517487, 0.5416209399700165, 0.5586160272359848, 0.5591873824596405, 0.5006852895021439, 0.47611138224601746, 0.4854842573404312, 0.6217662841081619, 0.4838191717863083, 0.4413630813360214, 0.5601048916578293, 0.5505390167236328, 0.513015940785408, 0.4678463190793991, 0.49333585798740387, 0.4519466310739517, 0.5376993268728256, 0.48666687309741974, 0.5170974880456924, 0.4873182326555252, 0.4886652082204819, 0.5082258433103561, 0.45629043877124786, 0.5367237031459808, 0.45145925879478455, 0.4177103191614151, 0.5592194199562073, 0.5261608511209488, 0.4899566322565079, 0.46403686702251434, 0.49425871670246124], "train_acc": [0.6866666666666666, 0.6933333333333334, 0.6933333333333334, 0.6933333333333334, 0.6933333333333334, 0.6933333333333334, 0.6933333333333334, 0.6933333333333334, 0.6933333333333334, 0.6933333333333334, 0.6933333333333334, 0.6933333333333334, 0.6933333333333334, 0.7, 0.7, 0.6933333333333334, 0.6933333333333334, 0.6933333333333334, 0.6933333333333334, 0.7066666666666667, 0.6933333333333334, 0.6866666666666666, 0.68, 0.68, 0.7133333333333334, 0.72, 0.7133333333333334, 0.7066666666666667, 0.7066666666666667, 0.7266666666666667, 0.7333333333333333, 0.7133333333333334, 0.7266666666666667, 0.7266666666666667, 0.7466666666666667, 0.7333333333333333, 0.7133333333333334, 0.7066666666666667, 0.7266666666666667, 0.7466666666666667, 0.7333333333333333, 0.7266666666666667, 0.7333333333333333, 0.76, 0.74, 0.72, 0.6933333333333334, 0.6933333333333334, 0.72, 0.74, 0.7533333333333333, 0.7733333333333333, 0.7733333333333333, 0.7733333333333333, 0.78, 0.7666666666666667, 0.74, 0.7466666666666667, 0.7466666666666667, 0.7466666666666667, 0.74, 0.7533333333333333, 0.7533333333333333, 0.76, 0.7533333333333333, 0.7533333333333333, 0.76, 0.7733333333333333, 0.76, 0.78, 0.7733333333333333, 0.78, 0.76, 0.7466666666666667, 0.7533333333333333, 0.7533333333333333, 0.78, 0.7733333333333333, 0.76, 0.7733333333333333, 0.7733333333333333, 0.7666666666666667, 0.7466666666666667, 0.76, 0.7666666666666667, 0.7866666666666666, 0.78, 0.7533333333333333, 0.7466666666666667, 0.76, 0.7466666666666667, 0.7666666666666667, 0.78, 0.7733333333333333, 0.78, 0.78, 0.7866666666666666, 0.7733333333333333, 0.76, 0.7533333333333333], "val_loss": [0.7382010221481323, 0.7958530783653259, 0.8048143982887268, 0.8222752809524536, 0.8052830100059509, 0.7672097682952881, 0.7340402603149414, 0.7185240983963013, 0.7184677124023438, 0.7283297181129456, 0.7378342151641846, 0.7285210490226746, 0.7100921273231506, 0.6995856761932373, 0.7018571496009827, 0.7076157331466675, 0.7042102217674255, 0.7111192345619202, 0.7115072011947632, 0.7009737491607666, 0.6921748518943787, 0.6896325349807739, 0.6897000670433044, 0.6689062714576721, 0.6368440389633179, 0.6126729846000671, 0.6048401594161987, 0.6201519966125488, 0.6482614874839783, 0.6786014437675476, 0.7077134847640991, 0.7100759744644165, 0.70176100730896, 0.6817409992218018, 0.642604410648346, 0.6054818630218506, 0.5975894927978516, 0.6232241988182068, 0.7040005326271057, 0.8064208626747131, 0.835599422454834, 0.7930653691291809, 0.7254071235656738, 0.6590928435325623, 0.6117464900016785, 0.5912557244300842, 0.5923168659210205, 0.6103346943855286, 0.6390522122383118, 0.6832483410835266, 0.7351040840148926, 0.7637702226638794, 0.7691338062286377, 0.7590823173522949, 0.7270028591156006, 0.6827791333198547, 0.6598384380340576, 0.6622857451438904, 0.659891664981842, 0.6580927968025208, 0.663650393486023, 0.6708593368530273, 0.6664226055145264, 0.654559850692749, 0.6549507975578308, 0.662213146686554, 0.6841633319854736, 0.711708128452301, 0.7242498993873596, 0.7161933183670044, 0.696429967880249, 0.6656986474990845, 0.6368680596351624, 0.6248080730438232, 0.6389525532722473, 0.67063307762146, 0.6905220746994019, 0.6831562519073486, 0.6746349334716797, 0.6651226282119751, 0.6501049995422363, 0.6406958699226379, 0.642483115196228, 0.6611233949661255, 0.687130331993103, 0.6915470361709595, 0.6719682812690735, 0.6553518176078796, 0.6404837965965271, 0.6503545045852661, 0.6781184673309326, 0.6947777271270752, 0.6850806474685669, 0.6781867146492004, 0.7151482701301575, 0.7328242659568787, 0.6962319612503052, 0.6453084349632263, 0.622745156288147, 0.6279628276824951], "val_acc": [0.5, 0.5, 0.5, 0.5, 0.5, 0.5, 0.5, 0.5, 0.5, 0.5, 0.5, 0.5, 0.5, 0.5, 0.5, 0.5, 0.5, 0.5, 0.5, 0.5, 0.5555555555555556, 0.5555555555555556, 0.5555555555555556, 0.5, 0.5, 0.5, 0.5, 0.5, 0.5, 0.5555555555555556, 0.5555555555555556, 0.5555555555555556, 0.6111111111111112, 0.5555555555555556, 0.5, 0.5, 0.5, 0.5, 0.6111111111111112, 0.5, 0.5, 0.5, 0.5555555555555556, 0.5555555555555556, 0.5, 0.5, 0.5, 0.5, 0.5, 0.6111111111111112, 0.5555555555555556, 0.5555555555555556, 0.5555555555555556, 0.5555555555555556, 0.6111111111111112, 0.6111111111111112, 0.5555555555555556, 0.6111111111111112, 0.6111111111111112, 0.6111111111111112, 0.6111111111111112, 0.6111111111111112, 0.6111111111111112, 0.6111111111111112, 0.6111111111111112, 0.6111111111111112, 0.5555555555555556, 0.5555555555555556, 0.5555555555555556, 0.5555555555555556, 0.5555555555555556, 0.5555555555555556, 0.6111111111111112, 0.6111111111111112, 0.6111111111111112, 0.5555555555555556, 0.5555555555555556, 0.5555555555555556, 0.5555555555555556, 0.5555555555555556, 0.6111111111111112, 0.6111111111111112, 0.6111111111111112, 0.5555555555555556, 0.5555555555555556, 0.5555555555555556, 0.5555555555555556, 0.5555555555555556, 0.6111111111111112, 0.6111111111111112, 0.5555555555555556, 0.5555555555555556, 0.5555555555555556, 0.5555555555555556, 0.5555555555555556, 0.5555555555555556, 0.5555555555555556, 0.5555555555555556, 0.5555555555555556, 0.5555555555555556]}