{"train_loss": [0.6984049081802368, 0.6720634400844574, 0.6544866263866425, 0.6402726769447327, 0.608268678188324, 0.5740638226270676, 0.6504799723625183, 0.6186918318271637, 0.6206236481666565, 0.608586847782135, 0.700514167547226, 0.5937628746032715, 0.6672397255897522, 0.6589451134204865, 0.6387599110603333, 0.6438972651958466, 0.6120931506156921, 0.5958900451660156, 0.6421205401420593, 0.5884647965431213, 0.6122906804084778, 0.6248465776443481, 0.627276211977005, 0.6083137392997742, 0.575615257024765, 0.5726639926433563, 0.6062487959861755, 0.6004242897033691, 0.6104569435119629, 0.5835387706756592, 0.6351127922534943, 0.6166059076786041, 0.6032076179981232, 0.6087323427200317, 0.5988771319389343, 0.6276747584342957, 0.6337147057056427, 0.6401644647121429, 0.6185535490512848, 0.6213198304176331, 0.6393547058105469, 0.6773238778114319, 0.5588037818670273, 0.5938531160354614, 0.6053903102874756, 0.5870780050754547, 0.6384826302528381, 0.529849961400032, 0.6181594729423523, 0.5540548861026764, 0.5683859586715698, 0.6363807022571564, 0.6201100051403046, 0.5675794184207916, 0.5663103759288788, 0.5448040068149567, 0.587041825056076, 0.5976405441761017, 0.6220852434635162, 0.6138467490673065, 0.6000478565692902, 0.6217703819274902, 0.5825999677181244, 0.5505740642547607, 0.5671003460884094, 0.5430954396724701, 0.5969921052455902, 0.6004459857940674, 0.5818443596363068, 0.593695193529129, 0.5924710631370544, 0.5132002383470535, 0.5845949649810791, 0.5132853388786316, 0.5702930092811584, 0.6004155278205872, 0.5696399211883545, 0.5804712474346161, 0.5921478867530823, 0.575066477060318, 0.5603665709495544, 0.5552709400653839, 0.5471096038818359, 0.5485946536064148, 0.5476754903793335, 0.5500968992710114, 0.5935388803482056, 0.5461350977420807, 0.5779677033424377, 0.5288747549057007, 0.5175731182098389, 0.474314346909523, 0.5598739981651306, 0.5756525993347168, 0.5201302468776703, 0.5582892596721649, 0.5790803730487823, 0.5677618384361267, 0.569752424955368, 0.5605959892272949], "train_acc": [0.38666666666666666, 0.6666666666666666, 0.6666666666666666, 0.6666666666666666, 0.6666666666666666, 0.6666666666666666, 0.6666666666666666, 0.6666666666666666, 0.6666666666666666, 0.6666666666666666, 0.6666666666666666, 0.6666666666666666, 0.6666666666666666, 0.6666666666666666, 0.6666666666666666, 0.6666666666666666, 0.6666666666666666, 0.6666666666666666, 0.6666666666666666, 0.6666666666666666, 0.6666666666666666, 0.6666666666666666, 0.6666666666666666, 0.6666666666666666, 0.6666666666666666, 0.6666666666666666, 0.6666666666666666, 0.6666666666666666, 0.6666666666666666, 0.6666666666666666, 0.6666666666666666, 0.6666666666666666, 0.6666666666666666, 0.6666666666666666, 0.6666666666666666, 0.6666666666666666, 0.6666666666666666, 0.6666666666666666, 0.6666666666666666, 0.6666666666666666, 0.6666666666666666, 0.6666666666666666, 0.6666666666666666, 0.6666666666666666, 0.6666666666666666, 0.6666666666666666, 0.6666666666666666, 0.6666666666666666, 0.6666666666666666, 0.6666666666666666, 0.6666666666666666, 0.6666666666666666, 0.6666666666666666, 0.6666666666666666, 0.6666666666666666, 0.6666666666666666, 0.6666666666666666, 0.6666666666666666, 0.6666666666666666, 0.6666666666666666, 0.6733333333333333, 0.68, 0.6733333333333333, 0.7066666666666667, 0.6866666666666666, 0.7, 0.6666666666666666, 0.6733333333333333, 0.6733333333333333, 0.68, 0.6733333333333333, 0.6933333333333334, 0.7066666666666667, 0.74, 0.72, 0.7, 0.7066666666666667, 0.72, 0.7266666666666667, 0.7333333333333333, 0.72, 0.72, 0.7266666666666667, 0.7533333333333333, 0.7266666666666667, 0.7066666666666667, 0.7133333333333334, 0.7333333333333333, 0.74, 0.7666666666666667, 0.7, 0.72, 0.7333333333333333, 0.7266666666666667, 0.76, 0.76, 0.7333333333333333, 0.7466666666666667, 0.7266666666666667, 0.7133333333333334], "val_loss": [0.6765007972717285, 0.6514574289321899, 0.6298477649688721, 0.6121249198913574, 0.5985626578330994, 0.5893216729164124, 0.5840060710906982, 0.581720769405365, 0.5806207656860352, 0.5797426700592041, 0.5789186954498291, 0.5786805748939514, 0.5792218446731567, 0.5806540846824646, 0.5831066370010376, 0.586159348487854, 0.5890681147575378, 0.5904220938682556, 0.590573251247406, 0.5895955562591553, 0.5872585773468018, 0.584578275680542, 0.5819506645202637, 0.5794175863265991, 0.5765102505683899, 0.5731327533721924, 0.570227324962616, 0.5681120753288269, 0.5664806365966797, 0.5650913715362549, 0.5637789368629456, 0.5626206994056702, 0.561665952205658, 0.5608751177787781, 0.5602834820747375, 0.5597760677337646, 0.5600576996803284, 0.5612504482269287, 0.562815248966217, 0.5643755197525024, 0.565601110458374, 0.5680088400840759, 0.5681638717651367, 0.5606809258460999, 0.5526585578918457, 0.5455148220062256, 0.5408903360366821, 0.5376101732254028, 0.5350891947746277, 0.533108651638031, 0.5310229063034058, 0.5286256074905396, 0.5264277458190918, 0.5254497528076172, 0.5244261026382446, 0.5223316550254822, 0.5193904042243958, 0.5167114734649658, 0.5150687098503113, 0.5150034427642822, 0.5158010721206665, 0.5178960561752319, 0.5187199115753174, 0.5127999782562256, 0.5004144906997681, 0.48948541283607483, 0.4847831130027771, 0.4819757044315338, 0.479034423828125, 0.47639814019203186, 0.47577640414237976, 0.4755474627017975, 0.4732547402381897, 0.46867507696151733, 0.4627178907394409, 0.4586687684059143, 0.4559042751789093, 0.45396333932876587, 0.45514997839927673, 0.46089860796928406, 0.46204301714897156, 0.4569251835346222, 0.44810205698013306, 0.43974629044532776, 0.43389421701431274, 0.4297352433204651, 0.427234947681427, 0.4239460527896881, 0.41989004611968994, 0.41632482409477234, 0.4126760959625244, 0.40821629762649536, 0.4054204523563385, 0.40349042415618896, 0.4013140797615051, 0.39948201179504395, 0.39820581674575806, 0.39764776825904846, 0.3991750478744507, 0.4025701582431793], "val_acc": [0.7222222222222222, 0.7222222222222222, 0.7222222222222222, 0.7222222222222222, 0.7222222222222222, 0.7222222222222222, 0.7222222222222222, 0.7222222222222222, 0.7222222222222222, 0.7222222222222222, 0.7222222222222222, 0.7222222222222222, 0.7222222222222222, 0.7222222222222222, 0.7222222222222222, 0.7222222222222222, 0.7222222222222222, 0.7222222222222222, 0.7222222222222222, 0.7222222222222222, 0.7222222222222222, 0.7222222222222222, 0.7222222222222222, 0.7222222222222222, 0.7222222222222222, 0.7222222222222222, 0.7222222222222222, 0.7222222222222222, 0.7222222222222222, 0.7222222222222222, 0.7222222222222222, 0.7222222222222222, 0.7222222222222222, 0.7222222222222222, 0.7222222222222222, 0.7222222222222222, 0.7222222222222222, 0.7222222222222222, 0.7222222222222222, 0.7222222222222222, 0.7222222222222222, 0.7222222222222222, 0.7222222222222222, 0.7222222222222222, 0.7222222222222222, 0.7222222222222222, 0.7222222222222222, 0.7222222222222222, 0.7222222222222222, 0.7222222222222222, 0.7222222222222222, 0.7222222222222222, 0.7222222222222222, 0.7222222222222222, 0.7222222222222222, 0.7222222222222222, 0.7222222222222222, 0.7222222222222222, 0.7222222222222222, 0.7222222222222222, 0.7777777777777778, 0.7777777777777778, 0.7777777777777778, 0.7777777777777778, 0.7777777777777778, 0.7777777777777778, 0.7222222222222222, 0.7222222222222222, 0.7777777777777778, 0.7777777777777778, 0.7777777777777778, 0.7777777777777778, 0.8333333333333334, 0.8333333333333334, 0.7777777777777778, 0.7777777777777778, 0.8333333333333334, 0.8333333333333334, 0.8333333333333334, 0.8333333333333334, 0.8333333333333334, 0.8333333333333334, 0.8333333333333334, 0.8333333333333334, 0.8333333333333334, 0.8333333333333334, 0.8333333333333334, 0.8333333333333334, 0.8333333333333334, 0.8333333333333334, 0.8333333333333334, 0.8333333333333334, 0.8333333333333334, 0.8333333333333334, 0.8333333333333334, 0.8333333333333334, 0.8333333333333334, 0.8333333333333334, 0.8333333333333334, 0.8888888888888888]}