{"train_loss": [0.6802472770214081, 0.6704584062099457, 0.6726104021072388, 0.6763281226158142, 0.6431466341018677, 0.6526480615139008, 0.6501884460449219, 0.6462628245353699, 0.6533966362476349, 0.6588874161243439, 0.6687491834163666, 0.672130823135376, 0.6500353515148163, 0.6552128791809082, 0.6701154708862305, 0.6686457395553589, 0.5972212851047516, 0.6400330066680908, 0.6259358823299408, 0.6195817291736603, 0.6134399175643921, 0.6054344475269318, 0.6307836472988129, 0.6371263861656189, 0.601485401391983, 0.5712828785181046, 0.623663067817688, 0.5872305333614349, 0.6835944950580597, 0.6261536478996277, 0.6568041145801544, 0.6507001519203186, 0.6342243552207947, 0.5885039865970612, 0.630286455154419, 0.6135707497596741, 0.668455183506012, 0.6288231909275055, 0.5841583907604218, 0.6217212378978729, 0.6358133852481842, 0.5858262181282043, 0.6408573389053345, 0.5337179452180862, 0.6089259088039398, 0.6296652853488922, 0.592944473028183, 0.6560195982456207, 0.5973946452140808, 0.6013624370098114, 0.6199305653572083, 0.575268566608429, 0.5768396556377411, 0.5778036117553711, 0.5570295751094818, 0.6225433349609375, 0.5766193866729736, 0.5594019591808319, 0.5826882123947144, 0.6558936238288879, 0.5303633660078049, 0.6059646010398865, 0.5580319762229919, 0.6006655097007751, 0.5426293015480042, 0.57157102227211, 0.5610816478729248, 0.5649842321872711, 0.5494776666164398, 0.5631266236305237, 0.5699185431003571, 0.5239787399768829, 0.49421195685863495, 0.4867134541273117, 0.5077594369649887, 0.5309198498725891, 0.5218288004398346, 0.5228870809078217, 0.45205435156822205, 0.5455690622329712, 0.5673717856407166, 0.5038232207298279, 0.4567690044641495, 0.5633485615253448, 0.5132827162742615, 0.520399659872055, 0.567559152841568, 0.4613265097141266, 0.48163723945617676, 0.5461495220661163, 0.5031807869672775, 0.5254546254873276, 0.5206769406795502, 0.46404604613780975, 0.5208239406347275, 0.5040716230869293, 0.5270360708236694, 0.46285347640514374, 0.4874528646469116, 0.5036207735538483], "train_acc": [0.6466666666666666, 0.64, 0.64, 0.64, 0.64, 0.64, 0.64, 0.64, 0.64, 0.64, 0.64, 0.64, 0.64, 0.64, 0.64, 0.64, 0.64, 0.64, 0.64, 0.64, 0.64, 0.64, 0.64, 0.64, 0.64, 0.64, 0.64, 0.64, 0.64, 0.64, 0.64, 0.64, 0.64, 0.64, 0.64, 0.64, 0.64, 0.64, 0.64, 0.64, 0.64, 0.64, 0.64, 0.64, 0.64, 0.64, 0.64, 0.64, 0.64, 0.64, 0.64, 0.64, 0.64, 0.64, 0.64, 0.64, 0.64, 0.64, 0.64, 0.64, 0.64, 0.66, 0.6666666666666666, 0.68, 0.6933333333333334, 0.7133333333333334, 0.7, 0.7266666666666667, 0.74, 0.7133333333333334, 0.7333333333333333, 0.74, 0.7333333333333333, 0.7733333333333333, 0.72, 0.7266666666666667, 0.7266666666666667, 0.74, 0.7333333333333333, 0.7466666666666667, 0.7666666666666667, 0.7533333333333333, 0.76, 0.7733333333333333, 0.7933333333333333, 0.7933333333333333, 0.78, 0.7933333333333333, 0.7866666666666666, 0.7533333333333333, 0.76, 0.8, 0.7533333333333333, 0.7866666666666666, 0.7866666666666666, 0.76, 0.7733333333333333, 0.7733333333333333, 0.8, 0.7933333333333333], "val_loss": [0.6640768647193909, 0.6542022228240967, 0.6449838876724243, 0.6369631886482239, 0.6296460628509521, 0.6219953894615173, 0.6144029498100281, 0.6068637371063232, 0.5998148322105408, 0.5936490893363953, 0.5886293053627014, 0.585150957107544, 0.5827037692070007, 0.5806260108947754, 0.5792386531829834, 0.578754186630249, 0.5779135227203369, 0.5759668946266174, 0.5738576054573059, 0.5713057518005371, 0.5683557987213135, 0.5650527477264404, 0.5619070529937744, 0.5595848560333252, 0.557853102684021, 0.5557301640510559, 0.5535352230072021, 0.5518248677253723, 0.5509742498397827, 0.5516697764396667, 0.5531469583511353, 0.5555317997932434, 0.5583532452583313, 0.5607293248176575, 0.5623723268508911, 0.5637381076812744, 0.565248966217041, 0.5673712491989136, 0.5685972571372986, 0.5685513019561768, 0.5684230327606201, 0.5678914189338684, 0.5670285224914551, 0.5656349658966064, 0.563101053237915, 0.5613718032836914, 0.5601773858070374, 0.5597690343856812, 0.5603215098381042, 0.5608989596366882, 0.5618315935134888, 0.5625755786895752, 0.5623028874397278, 0.5612792372703552, 0.5601050853729248, 0.559136152267456, 0.5591901540756226, 0.5590406060218811, 0.5585959553718567, 0.5594307780265808, 0.5612133741378784, 0.5630520582199097, 0.5654960870742798, 0.5679581165313721, 0.5698495507240295, 0.5704559087753296, 0.5704429149627686, 0.5691972374916077, 0.5680088996887207, 0.5675768852233887, 0.5679044723510742, 0.5680077075958252, 0.5674179792404175, 0.5671562552452087, 0.5678528547286987, 0.5691966414451599, 0.5705420970916748, 0.5718250870704651, 0.5732395648956299, 0.5747268199920654, 0.5760312080383301, 0.5777842998504639, 0.5790412425994873, 0.5798273086547852, 0.5810124278068542, 0.5825017690658569, 0.5842481255531311, 0.5865538120269775, 0.589076817035675, 0.5911241173744202, 0.5924726128578186, 0.5930047631263733, 0.5938106179237366, 0.5958269834518433, 0.5990825295448303, 0.6014049053192139, 0.6031078696250916, 0.6044653654098511, 0.6043875217437744, 0.6035540103912354], "val_acc": [0.7777777777777778, 0.7777777777777778, 0.7777777777777778, 0.7777777777777778, 0.7777777777777778, 0.7777777777777778, 0.7777777777777778, 0.7777777777777778, 0.7777777777777778, 0.7777777777777778, 0.7777777777777778, 0.7777777777777778, 0.7777777777777778, 0.7777777777777778, 0.7777777777777778, 0.7777777777777778, 0.7777777777777778, 0.7777777777777778, 0.7777777777777778, 0.7777777777777778, 0.7777777777777778, 0.7777777777777778, 0.7777777777777778, 0.7777777777777778, 0.7777777777777778, 0.7777777777777778, 0.7777777777777778, 0.7777777777777778, 0.7777777777777778, 0.7777777777777778, 0.7777777777777778, 0.7777777777777778, 0.7777777777777778, 0.7777777777777778, 0.7777777777777778, 0.7777777777777778, 0.7777777777777778, 0.7777777777777778, 0.7777777777777778, 0.7777777777777778, 0.7777777777777778, 0.7777777777777778, 0.7777777777777778, 0.7777777777777778, 0.7777777777777778, 0.7777777777777778, 0.7777777777777778, 0.7777777777777778, 0.7777777777777778, 0.7777777777777778, 0.7777777777777778, 0.7777777777777778, 0.7777777777777778, 0.7777777777777778, 0.7777777777777778, 0.7777777777777778, 0.7777777777777778, 0.7777777777777778, 0.7777777777777778, 0.7777777777777778, 0.7777777777777778, 0.7777777777777778, 0.7777777777777778, 0.7777777777777778, 0.7777777777777778, 0.7777777777777778, 0.7777777777777778, 0.7777777777777778, 0.7777777777777778, 0.7777777777777778, 0.7777777777777778, 0.7777777777777778, 0.7777777777777778, 0.7777777777777778, 0.7777777777777778, 0.7777777777777778, 0.7777777777777778, 0.7777777777777778, 0.7222222222222222, 0.7222222222222222, 0.7222222222222222, 0.7222222222222222, 0.7222222222222222, 0.7222222222222222, 0.7222222222222222, 0.7222222222222222, 0.7222222222222222, 0.6666666666666666, 0.6666666666666666, 0.6666666666666666, 0.6666666666666666, 0.6666666666666666, 0.6666666666666666, 0.7222222222222222, 0.7222222222222222, 0.7222222222222222, 0.7222222222222222, 0.7222222222222222, 0.7222222222222222, 0.6666666666666666]}