{"train_loss": [0.6941231489181519, 0.6118587851524353, 0.6162687242031097, 0.6087343990802765, 0.5796709656715393, 0.5508490800857544, 0.627267062664032, 0.6041507124900818, 0.6017916798591614, 0.5792657434940338, 0.6389732956886292, 0.6009551882743835, 0.605750560760498, 0.6156700849533081, 0.625497967004776, 0.6033450365066528, 0.567835658788681, 0.5557164251804352, 0.6012677550315857, 0.5500054955482483, 0.5872966647148132, 0.5742315053939819, 0.6213704943656921, 0.5772840678691864, 0.49263159930706024, 0.5387949198484421, 0.5705592930316925, 0.5604502260684967, 0.5454941987991333, 0.5318984836339951, 0.542265996336937, 0.5728578865528107, 0.5622102916240692, 0.5757393538951874, 0.5462420880794525, 0.5496801435947418, 0.5596047639846802, 0.584471732378006, 0.5361395627260208, 0.5981550812721252, 0.6005468964576721, 0.6526393890380859, 0.535761147737503, 0.5295256227254868, 0.5479693114757538, 0.5129491239786148, 0.5932093560695648, 0.49103744328022003, 0.5970682501792908, 0.47731107473373413, 0.5058672279119492, 0.5931912660598755, 0.5778324604034424, 0.49863195419311523, 0.5730588436126709, 0.502254068851471, 0.533424973487854, 0.61935755610466, 0.5256412774324417, 0.5768929421901703, 0.5364391207695007, 0.6027468740940094, 0.5083095580339432, 0.5061923861503601, 0.5073842406272888, 0.47704897820949554, 0.5972548425197601, 0.584993839263916, 0.5620194375514984, 0.5220138728618622, 0.5761301517486572, 0.49725399911403656, 0.5658655166625977, 0.49023446440696716, 0.572577714920044, 0.5484033524990082, 0.5673690736293793, 0.5769051909446716, 0.5569363832473755, 0.5756295621395111, 0.5342512726783752, 0.5243868082761765, 0.5100373923778534, 0.5104094296693802, 0.5335278213024139, 0.5421237349510193, 0.5609106421470642, 0.5375199317932129, 0.5937368273735046, 0.5363753736019135, 0.5277443826198578, 0.44077184796333313, 0.5404891669750214, 0.5595868527889252, 0.5396150648593903, 0.540261447429657, 0.5907014906406403, 0.5261077582836151, 0.5381855070590973, 0.5369780361652374], "train_acc": [0.6666666666666666, 0.6666666666666666, 0.6666666666666666, 0.6666666666666666, 0.6666666666666666, 0.6666666666666666, 0.6666666666666666, 0.6666666666666666, 0.6666666666666666, 0.6733333333333333, 0.68, 0.6666666666666666, 0.6666666666666666, 0.6666666666666666, 0.6733333333333333, 0.6733333333333333, 0.6533333333333333, 0.6333333333333333, 0.6466666666666666, 0.6533333333333333, 0.6666666666666666, 0.6866666666666666, 0.68, 0.6466666666666666, 0.6533333333333333, 0.6533333333333333, 0.68, 0.6933333333333334, 0.6933333333333334, 0.7, 0.6933333333333334, 0.7, 0.6733333333333333, 0.6866666666666666, 0.68, 0.7133333333333334, 0.7, 0.7, 0.6866666666666666, 0.6666666666666666, 0.6733333333333333, 0.68, 0.6866666666666666, 0.7066666666666667, 0.72, 0.7133333333333334, 0.7266666666666667, 0.7266666666666667, 0.7133333333333334, 0.7133333333333334, 0.72, 0.72, 0.72, 0.7266666666666667, 0.7066666666666667, 0.72, 0.7333333333333333, 0.72, 0.7133333333333334, 0.7133333333333334, 0.6666666666666666, 0.68, 0.6733333333333333, 0.7, 0.7133333333333334, 0.7333333333333333, 0.7333333333333333, 0.74, 0.7133333333333334, 0.6933333333333334, 0.6866666666666666, 0.7, 0.7066666666666667, 0.7133333333333334, 0.74, 0.7466666666666667, 0.74, 0.72, 0.7066666666666667, 0.6933333333333334, 0.7, 0.7, 0.7066666666666667, 0.7066666666666667, 0.7066666666666667, 0.7133333333333334, 0.7066666666666667, 0.7, 0.6866666666666666, 0.6933333333333334, 0.7133333333333334, 0.7066666666666667, 0.7333333333333333, 0.7533333333333333, 0.7266666666666667, 0.72, 0.7133333333333334, 0.7133333333333334, 0.7133333333333334, 0.7266666666666667], "val_loss": [0.6036095023155212, 0.5768482089042664, 0.5703057050704956, 0.5670468807220459, 0.5633882880210876, 0.5605454444885254, 0.5577996373176575, 0.5564864873886108, 0.5561452507972717, 0.5542542934417725, 0.5521471500396729, 0.5510216951370239, 0.5453560948371887, 0.5401468276977539, 0.536646842956543, 0.5345581769943237, 0.5309293866157532, 0.5241460800170898, 0.5197145342826843, 0.5166012048721313, 0.5155871510505676, 0.5130520462989807, 0.5090934634208679, 0.5087119936943054, 0.5067290663719177, 0.5032196640968323, 0.5035020112991333, 0.5029475688934326, 0.49798357486724854, 0.49365371465682983, 0.48974233865737915, 0.4858597218990326, 0.48312193155288696, 0.47963735461235046, 0.47681230306625366, 0.4739663898944855, 0.47000423073768616, 0.4696708917617798, 0.473296582698822, 0.4712004065513611, 0.4628995656967163, 0.4626985788345337, 0.4624103307723999, 0.45885732769966125, 0.4637245535850525, 0.4656774699687958, 0.4603527784347534, 0.4568110704421997, 0.45803260803222656, 0.4589267373085022, 0.4522893726825714, 0.44621121883392334, 0.44311848282814026, 0.44012904167175293, 0.4361518919467926, 0.43464195728302, 0.4343000650405884, 0.4314963221549988, 0.4337254464626312, 0.4455796480178833, 0.45567429065704346, 0.45327356457710266, 0.43975386023521423, 0.42411839962005615, 0.4242180585861206, 0.433355450630188, 0.4253098666667938, 0.41483503580093384, 0.4262956976890564, 0.4372139871120453, 0.4327438175678253, 0.4197953939437866, 0.41637787222862244, 0.4201744794845581, 0.4230089485645294, 0.4222698211669922, 0.42246711254119873, 0.4316279888153076, 0.4484507143497467, 0.45989930629730225, 0.4467628300189972, 0.4275597929954529, 0.4151233434677124, 0.4097965955734253, 0.40589842200279236, 0.40275880694389343, 0.4061707854270935, 0.4099915027618408, 0.4076991379261017, 0.4061952233314514, 0.40785130858421326, 0.41131025552749634, 0.4139338731765747, 0.4119760990142822, 0.4122910499572754, 0.4150231182575226, 0.417692095041275, 0.42081159353256226, 0.42279210686683655, 0.42439576983451843], "val_acc": [0.7222222222222222, 0.7222222222222222, 0.7222222222222222, 0.7222222222222222, 0.7222222222222222, 0.7222222222222222, 0.7222222222222222, 0.7222222222222222, 0.7222222222222222, 0.7222222222222222, 0.7222222222222222, 0.7222222222222222, 0.7222222222222222, 0.7222222222222222, 0.7222222222222222, 0.7222222222222222, 0.7222222222222222, 0.7222222222222222, 0.7222222222222222, 0.7222222222222222, 0.7222222222222222, 0.7222222222222222, 0.7222222222222222, 0.7222222222222222, 0.7222222222222222, 0.7222222222222222, 0.7222222222222222, 0.7222222222222222, 0.7222222222222222, 0.7222222222222222, 0.7777777777777778, 0.7777777777777778, 0.8333333333333334, 0.8333333333333334, 0.7777777777777778, 0.7777777777777778, 0.8333333333333334, 0.8333333333333334, 0.7222222222222222, 0.7222222222222222, 0.8333333333333334, 0.8333333333333334, 0.8333333333333334, 0.7777777777777778, 0.7777777777777778, 0.7777777777777778, 0.7777777777777778, 0.7777777777777778, 0.8333333333333334, 0.8333333333333334, 0.8333333333333334, 0.8333333333333334, 0.8333333333333334, 0.8333333333333334, 0.8333333333333334, 0.8333333333333334, 0.7777777777777778, 0.8333333333333334, 0.8333333333333334, 0.8888888888888888, 0.8888888888888888, 0.9444444444444444, 0.8888888888888888, 0.8333333333333334, 0.7777777777777778, 0.7777777777777778, 0.7777777777777778, 0.8333333333333334, 0.8888888888888888, 0.9444444444444444, 0.9444444444444444, 0.8333333333333334, 0.8333333333333334, 0.8333333333333334, 0.7777777777777778, 0.7777777777777778, 0.8333333333333334, 0.8333333333333334, 0.9444444444444444, 0.9444444444444444, 0.9444444444444444, 0.8333333333333334, 0.8333333333333334, 0.8333333333333334, 0.8333333333333334, 0.8333333333333334, 0.8888888888888888, 0.8888888888888888, 0.8888888888888888, 0.8333333333333334, 0.8333333333333334, 0.8333333333333334, 0.8333333333333334, 0.8333333333333334, 0.8333333333333334, 0.8333333333333334, 0.8333333333333334, 0.8333333333333334, 0.8333333333333334, 0.8333333333333334]}