{"train_loss": [0.6705292463302612, 0.6598087251186371, 0.4919409453868866, 0.5897235870361328, 0.611329048871994, 0.6073918640613556, 0.5712983310222626, 0.5760220587253571, 0.5677197575569153, 0.5589060187339783, 0.6093079745769501, 0.6302931308746338, 0.558919370174408, 0.5629896521568298, 0.5359278172254562, 0.6395719647407532, 0.5247710794210434, 0.5438450872898102, 0.6153120696544647, 0.5265321731567383, 0.5890546441078186, 0.5424703359603882, 0.5584902167320251, 0.6084900200366974, 0.5603192150592804, 0.6125214993953705, 0.5603843033313751, 0.587795615196228, 0.5974002182483673, 0.5468253493309021, 0.5667964816093445, 0.4970852881669998, 0.5260095298290253, 0.5446287095546722, 0.5869523882865906, 0.5096700042486191, 0.588142454624176, 0.5430783331394196, 0.4772133380174637, 0.5276855826377869, 0.5768280029296875, 0.5534325242042542, 0.4827519357204437, 0.5571198910474777, 0.546842485666275, 0.5734243094921112, 0.5312879979610443, 0.5326908230781555, 0.4777523875236511, 0.47548849880695343, 0.5017501562833786, 0.47453783452510834, 0.43802401423454285, 0.5213141739368439, 0.4344513416290283, 0.5392615795135498, 0.5265933126211166, 0.5247581005096436, 0.49632932245731354, 0.4525582790374756, 0.5124882608652115, 0.5184136629104614, 0.5536740720272064, 0.47436530888080597, 0.482177272439003, 0.47160567343235016, 0.45648713409900665, 0.5300950556993484, 0.5419806092977524, 0.4632055461406708, 0.5381718873977661, 0.5527421534061432, 0.5526297241449356, 0.5059490203857422, 0.4915870875120163, 0.48625265061855316, 0.6179177761077881, 0.4819936752319336, 0.44476281106472015, 0.5397410094738007, 0.5372213572263718, 0.4935287982225418, 0.46527981758117676, 0.48354026675224304, 0.44050122797489166, 0.5505724996328354, 0.4716940224170685, 0.5101875513792038, 0.48473918437957764, 0.4871978461742401, 0.5020788908004761, 0.4478648602962494, 0.5353283286094666, 0.432927206158638, 0.4062407463788986, 0.5531119108200073, 0.5195538401603699, 0.4721263349056244, 0.4555203914642334, 0.4896497428417206], "train_acc": [0.6866666666666666, 0.6933333333333334, 0.6933333333333334, 0.6933333333333334, 0.6933333333333334, 0.6933333333333334, 0.6933333333333334, 0.6933333333333334, 0.6933333333333334, 0.6933333333333334, 0.6933333333333334, 0.6933333333333334, 0.6933333333333334, 0.6933333333333334, 0.6933333333333334, 0.6933333333333334, 0.7, 0.7, 0.7, 0.7133333333333334, 0.7066666666666667, 0.7, 0.6866666666666666, 0.6866666666666666, 0.6733333333333333, 0.7266666666666667, 0.7066666666666667, 0.72, 0.7066666666666667, 0.7466666666666667, 0.6933333333333334, 0.7066666666666667, 0.7133333333333334, 0.72, 0.7466666666666667, 0.74, 0.7066666666666667, 0.72, 0.7533333333333333, 0.72, 0.72, 0.7133333333333334, 0.74, 0.76, 0.7533333333333333, 0.7133333333333334, 0.7133333333333334, 0.7266666666666667, 0.74, 0.7733333333333333, 0.7866666666666666, 0.78, 0.7733333333333333, 0.8, 0.7933333333333333, 0.78, 0.7466666666666667, 0.74, 0.7733333333333333, 0.7866666666666666, 0.7866666666666666, 0.7933333333333333, 0.8, 0.7933333333333333, 0.7733333333333333, 0.7866666666666666, 0.8, 0.8, 0.7933333333333333, 0.7866666666666666, 0.7933333333333333, 0.8, 0.7866666666666666, 0.78, 0.7666666666666667, 0.8, 0.8, 0.8, 0.8, 0.8, 0.8, 0.7666666666666667, 0.78, 0.8, 0.8, 0.8, 0.8, 0.7933333333333333, 0.78, 0.7733333333333333, 0.7933333333333333, 0.8, 0.8, 0.8, 0.8, 0.7933333333333333, 0.7933333333333333, 0.8, 0.78, 0.78], "val_loss": [0.7236194610595703, 0.7789731621742249, 0.8065803050994873, 0.8389280438423157, 0.8283677697181702, 0.7882270216941833, 0.7498719692230225, 0.7285768389701843, 0.7223517894744873, 0.7263936996459961, 0.7323108911514282, 0.7266800403594971, 0.716035783290863, 0.7119621634483337, 0.7185367345809937, 0.7263219356536865, 0.7230481505393982, 0.7276837229728699, 0.7251532077789307, 0.7132402062416077, 0.7041629552841187, 0.70121169090271, 0.7027032375335693, 0.6854106187820435, 0.654975175857544, 0.6301999688148499, 0.6213890910148621, 0.6365392804145813, 0.6647179126739502, 0.6955292224884033, 0.7249135971069336, 0.7267687320709229, 0.715172290802002, 0.693588137626648, 0.6551723480224609, 0.6204930543899536, 0.6165462136268616, 0.6496789455413818, 0.7451344728469849, 0.8573532104492188, 0.8781642913818359, 0.819299578666687, 0.7400113344192505, 0.669873833656311, 0.6247067451477051, 0.6086140871047974, 0.6153765916824341, 0.6458092331886292, 0.6914602518081665, 0.748702347278595, 0.8006567358970642, 0.8139210343360901, 0.7991903424263, 0.7771305441856384, 0.7431678175926208, 0.705535888671875, 0.6952095031738281, 0.7131051421165466, 0.7205289006233215, 0.7225942015647888, 0.7284716367721558, 0.729202151298523, 0.7107564210891724, 0.6869750022888184, 0.6883730292320251, 0.7055660486221313, 0.7444577813148499, 0.7889125347137451, 0.8048263192176819, 0.7842462658882141, 0.7470441460609436, 0.7027204036712646, 0.6714951992034912, 0.6671423316001892, 0.7006304264068604, 0.755967378616333, 0.7773193717002869, 0.7487305402755737, 0.721903383731842, 0.7035399079322815, 0.6898159384727478, 0.6923377513885498, 0.7111653089523315, 0.7489139437675476, 0.7886612415313721, 0.7849500179290771, 0.7454178929328918, 0.7164083123207092, 0.6984742283821106, 0.721246600151062, 0.7708269357681274, 0.7991139888763428, 0.7851625084877014, 0.766585111618042, 0.7975401878356934, 0.8083720803260803, 0.7649806141853333, 0.714987576007843, 0.7027467489242554, 0.7235630750656128], "val_acc": [0.5, 0.5, 0.5, 0.5, 0.5, 0.5, 0.5, 0.5, 0.5, 0.5, 0.5, 0.5, 0.5, 0.5, 0.5, 0.5, 0.5, 0.5, 0.5, 0.5, 0.5, 0.4444444444444444, 0.5, 0.5, 0.5, 0.5, 0.5, 0.5, 0.5, 0.5, 0.5, 0.5, 0.5555555555555556, 0.5, 0.5, 0.5, 0.5, 0.5, 0.5555555555555556, 0.5, 0.5, 0.5, 0.5, 0.5, 0.5, 0.5, 0.5, 0.5, 0.5555555555555556, 0.5555555555555556, 0.5, 0.5, 0.5555555555555556, 0.5555555555555556, 0.5555555555555556, 0.5555555555555556, 0.5, 0.5555555555555556, 0.5, 0.5, 0.5555555555555556, 0.5555555555555556, 0.5555555555555556, 0.5, 0.5, 0.5555555555555556, 0.5555555555555556, 0.5555555555555556, 0.5555555555555556, 0.5555555555555556, 0.5555555555555556, 0.5555555555555556, 0.5555555555555556, 0.5555555555555556, 0.5555555555555556, 0.5555555555555556, 0.5555555555555556, 0.5555555555555556, 0.5555555555555556, 0.5555555555555556, 0.5555555555555556, 0.5555555555555556, 0.5555555555555556, 0.5555555555555556, 0.5555555555555556, 0.5555555555555556, 0.5555555555555556, 0.5555555555555556, 0.5555555555555556, 0.5555555555555556, 0.5555555555555556, 0.5555555555555556, 0.5555555555555556, 0.5555555555555556, 0.5555555555555556, 0.5555555555555556, 0.5555555555555556, 0.5555555555555556, 0.5555555555555556, 0.5555555555555556]}