{"train_loss": [0.6803441345691681, 0.6703023910522461, 0.6743346750736237, 0.6780901253223419, 0.6460957229137421, 0.656486451625824, 0.6516868472099304, 0.6520750820636749, 0.6570508182048798, 0.6625806987285614, 0.6725659370422363, 0.6805702745914459, 0.6543959975242615, 0.6587381362915039, 0.6720433533191681, 0.6662366986274719, 0.604915589094162, 0.640514612197876, 0.6296630501747131, 0.6242488920688629, 0.6189937889575958, 0.6096054315567017, 0.6393181383609772, 0.6468525230884552, 0.6054762899875641, 0.5778074264526367, 0.6319441795349121, 0.593033641576767, 0.6935661733150482, 0.6373347342014313, 0.6642391681671143, 0.6614402532577515, 0.6418591439723969, 0.6086447834968567, 0.6410890221595764, 0.6168750524520874, 0.6777678728103638, 0.6447065472602844, 0.6008755266666412, 0.6302928328514099, 0.6552199423313141, 0.6070168018341064, 0.6512017846107483, 0.5553078949451447, 0.6262659728527069, 0.6385007500648499, 0.6096848547458649, 0.6658337414264679, 0.6128259003162384, 0.6132788360118866, 0.6286937296390533, 0.59323650598526, 0.583089679479599, 0.5900250971317291, 0.5811444520950317, 0.6392237842082977, 0.5961360037326813, 0.5724297761917114, 0.5987172722816467, 0.6698131263256073, 0.5608285367488861, 0.6304070055484772, 0.5869167149066925, 0.6188076138496399, 0.5600971877574921, 0.5966487228870392, 0.5806549489498138, 0.5788432061672211, 0.5622876584529877, 0.591519832611084, 0.5860087871551514, 0.5532344281673431, 0.5202949345111847, 0.5192605704069138, 0.5417658388614655, 0.5524273216724396, 0.5405536592006683, 0.5509278774261475, 0.4831776022911072, 0.5699838995933533, 0.5802976489067078, 0.5361230373382568, 0.50233593583107, 0.6092783510684967, 0.5472201406955719, 0.5466407239437103, 0.5961989164352417, 0.5071499347686768, 0.5194904804229736, 0.5690031945705414, 0.5374890267848969, 0.5384140312671661, 0.5497384965419769, 0.49765658378601074, 0.5526427030563354, 0.5107864290475845, 0.5407581925392151, 0.5107273012399673, 0.4946511834859848, 0.5154070556163788], "train_acc": [0.64, 0.64, 0.64, 0.64, 0.64, 0.64, 0.64, 0.64, 0.64, 0.64, 0.64, 0.64, 0.64, 0.64, 0.64, 0.64, 0.64, 0.64, 0.64, 0.64, 0.64, 0.64, 0.64, 0.64, 0.64, 0.64, 0.64, 0.64, 0.64, 0.64, 0.64, 0.64, 0.64, 0.64, 0.64, 0.64, 0.64, 0.64, 0.64, 0.64, 0.64, 0.64, 0.64, 0.64, 0.64, 0.64, 0.64, 0.64, 0.64, 0.64, 0.64, 0.64, 0.64, 0.64, 0.64, 0.64, 0.64, 0.64, 0.64, 0.6466666666666666, 0.6466666666666666, 0.6533333333333333, 0.6666666666666666, 0.68, 0.6866666666666666, 0.68, 0.7266666666666667, 0.7133333333333334, 0.7133333333333334, 0.7, 0.6933333333333334, 0.7, 0.7, 0.6933333333333334, 0.6666666666666666, 0.6866666666666666, 0.68, 0.6866666666666666, 0.7, 0.6933333333333334, 0.6933333333333334, 0.7133333333333334, 0.72, 0.7333333333333333, 0.74, 0.74, 0.72, 0.74, 0.7333333333333333, 0.7266666666666667, 0.7333333333333333, 0.7133333333333334, 0.7133333333333334, 0.7066666666666667, 0.74, 0.7266666666666667, 0.7266666666666667, 0.7066666666666667, 0.7266666666666667, 0.7266666666666667], "val_loss": [0.6652641296386719, 0.6563208699226379, 0.6477829813957214, 0.6403743028640747, 0.6334034204483032, 0.6261441707611084, 0.6188952922821045, 0.6116857528686523, 0.6047292351722717, 0.5984880924224854, 0.5935509204864502, 0.5900456309318542, 0.5874828696250916, 0.585176408290863, 0.5834546089172363, 0.5824266672134399, 0.5810015201568604, 0.5785565972328186, 0.5759212374687195, 0.5728537440299988, 0.5694330334663391, 0.5657069087028503, 0.5622140169143677, 0.5596330761909485, 0.5574787855148315, 0.5548133850097656, 0.5520907044410706, 0.5498836040496826, 0.5486605167388916, 0.5493159294128418, 0.55088210105896, 0.5536032319068909, 0.5570177435874939, 0.5600525736808777, 0.5622227191925049, 0.5640395879745483, 0.5661547183990479, 0.5693614482879639, 0.571492075920105, 0.5719749927520752, 0.5724026560783386, 0.5723978281021118, 0.5715347528457642, 0.5693687200546265, 0.5650851726531982, 0.5619582533836365, 0.5597121715545654, 0.5586522221565247, 0.5591537952423096, 0.5597444772720337, 0.5605101585388184, 0.5607894062995911, 0.5594810843467712, 0.5570034384727478, 0.5543519258499146, 0.5525389909744263, 0.5526894927024841, 0.5523126721382141, 0.5511350631713867, 0.5526602864265442, 0.5564606785774231, 0.5605341792106628, 0.5662200450897217, 0.5723124146461487, 0.5764585137367249, 0.5765793323516846, 0.5744874477386475, 0.5691823363304138, 0.5638241171836853, 0.5603005290031433, 0.5589922070503235, 0.5575878620147705, 0.5545092821121216, 0.5511283278465271, 0.5487810373306274, 0.5479570031166077, 0.5488874316215515, 0.5510610938072205, 0.553260087966919, 0.5552290081977844, 0.5594471096992493, 0.5647640824317932, 0.5645278096199036, 0.561393141746521, 0.5616415143013, 0.5641006827354431, 0.5682972073554993, 0.57393479347229, 0.5779744982719421, 0.5793917775154114, 0.5784087181091309, 0.5747063755989075, 0.5706653594970703, 0.5672032237052917, 0.565219521522522, 0.5652831792831421, 0.5660743713378906, 0.5670562982559204, 0.5689485669136047, 0.5726926922798157], "val_acc": [0.7777777777777778, 0.7777777777777778, 0.7777777777777778, 0.7777777777777778, 0.7777777777777778, 0.7777777777777778, 0.7777777777777778, 0.7777777777777778, 0.7777777777777778, 0.7777777777777778, 0.7777777777777778, 0.7777777777777778, 0.7777777777777778, 0.7777777777777778, 0.7777777777777778, 0.7777777777777778, 0.7777777777777778, 0.7777777777777778, 0.7777777777777778, 0.7777777777777778, 0.7777777777777778, 0.7777777777777778, 0.7777777777777778, 0.7777777777777778, 0.7777777777777778, 0.7777777777777778, 0.7777777777777778, 0.7777777777777778, 0.7777777777777778, 0.7777777777777778, 0.7777777777777778, 0.7777777777777778, 0.7777777777777778, 0.7777777777777778, 0.7777777777777778, 0.7777777777777778, 0.7777777777777778, 0.7777777777777778, 0.7777777777777778, 0.7777777777777778, 0.7777777777777778, 0.7777777777777778, 0.7777777777777778, 0.7777777777777778, 0.7777777777777778, 0.7777777777777778, 0.7777777777777778, 0.7777777777777778, 0.7777777777777778, 0.7777777777777778, 0.7777777777777778, 0.7777777777777778, 0.7777777777777778, 0.7777777777777778, 0.7777777777777778, 0.7777777777777778, 0.7777777777777778, 0.7777777777777778, 0.7777777777777778, 0.7777777777777778, 0.7777777777777778, 0.7777777777777778, 0.7777777777777778, 0.7777777777777778, 0.7222222222222222, 0.7222222222222222, 0.7222222222222222, 0.7222222222222222, 0.7777777777777778, 0.7777777777777778, 0.7777777777777778, 0.7777777777777778, 0.7777777777777778, 0.7777777777777778, 0.7777777777777778, 0.7777777777777778, 0.7777777777777778, 0.7777777777777778, 0.7222222222222222, 0.7222222222222222, 0.6666666666666666, 0.6666666666666666, 0.6666666666666666, 0.6666666666666666, 0.6666666666666666, 0.6666666666666666, 0.6666666666666666, 0.6666666666666666, 0.6666666666666666, 0.6666666666666666, 0.6666666666666666, 0.6666666666666666, 0.6666666666666666, 0.6666666666666666, 0.6666666666666666, 0.6666666666666666, 0.6666666666666666, 0.6666666666666666, 0.6666666666666666, 0.6666666666666666]}