{
    "lr_mean": 0.01,
    "lr_std": 0.0,
    "weight_decay_mean": 0.0005,
    "weight_decay_std": 0.0,
    "test_mae_mean": 0.2088267869520756,
    "test_mae_std": 0.10597906986046286
}