{"train_loss": [0.68510552495718, 0.6614981219172478, 0.625182718038559, 0.603040337562561, 0.5786728449165821, 0.6530799120664597, 0.6143984794616699, 0.5821597427129745, 0.5789638459682465, 0.5918959006667137, 0.5944284871220589, 0.6022917479276657, 0.5831024497747421, 0.5735975876450539, 0.5813206508755684, 0.5825566947460175, 0.5762104317545891, 0.5821874365210533, 0.5757491141557693, 0.5643935427069664, 0.5750464275479317, 0.5779468715190887, 0.5721092820167542, 0.5815246626734734, 0.5780624896287918, 0.5648035109043121, 0.5928580164909363, 0.5949676632881165, 0.583982340991497, 0.5738055035471916, 0.5776591375470161, 0.5684217661619186, 0.5624165311455727, 0.5662581883370876, 0.5749098435044289, 0.5792695209383965, 0.5747293643653393, 0.5844810381531715, 0.5797338113188744, 0.5647334530949593, 0.5747473165392876, 0.5759816691279411, 0.5854594931006432, 0.5791834145784378, 0.5843278244137764, 0.576110552996397, 0.5647457353770733, 0.5588281974196434, 0.5673927403986454, 0.5691098049283028, 0.5793246924877167, 0.5641119405627251, 0.5725979134440422, 0.5623774491250515, 0.5824216604232788, 0.5706861391663551, 0.55988335236907, 0.5660959631204605, 0.5710490792989731, 0.5699296668171883, 0.5761728696525097, 0.5730933099985123, 0.5845626816153526, 0.5716760084033012, 0.5755615457892418, 0.5881149545311928, 0.5700961947441101, 0.5677416101098061, 0.5706744715571404, 0.5803626403212547, 0.5872974768280983, 0.5728306546807289, 0.5710017308592796, 0.5781422704458237, 0.5626946464180946, 0.575732633471489, 0.5674175806343555, 0.574864886701107, 0.5761477537453175, 0.567901611328125, 0.5731565207242966, 0.5772811770439148, 0.566613219678402, 0.5679544433951378, 0.5712737217545509, 0.5661969631910324, 0.5756832882761955, 0.5759023725986481, 0.5655476339161396, 0.5638889968395233, 0.5773605406284332, 0.5698946267366409, 0.5848169401288033, 0.582204595208168, 0.5811369121074677, 0.566380001604557, 0.5526951923966408, 0.5614472925662994, 0.5663731321692467, 0.5590523704886436], "train_acc": [0.60828025477707, 0.5976645435244161, 0.7101910828025477, 0.7250530785562632, 0.7144373673036093, 0.6613588110403397, 0.6942675159235668, 0.732484076433121, 0.7239915074309978, 0.7208067940552016, 0.6932059447983014, 0.7314225053078556, 0.7303609341825902, 0.7346072186836518, 0.7292993630573248, 0.7250530785562632, 0.7335456475583864, 0.721868365180467, 0.7303609341825902, 0.7282377919320594, 0.7303609341825902, 0.7335456475583864, 0.7239915074309978, 0.7144373673036093, 0.7186836518046709, 0.721868365180467, 0.7144373673036093, 0.7261146496815286, 0.7144373673036093, 0.7292993630573248, 0.732484076433121, 0.7367303609341825, 0.7282377919320594, 0.727176220806794, 0.7229299363057324, 0.7282377919320594, 0.7186836518046709, 0.7016985138004246, 0.7367303609341825, 0.727176220806794, 0.732484076433121, 0.7314225053078556, 0.7292993630573248, 0.7048832271762208, 0.7292993630573248, 0.7346072186836518, 0.7303609341825902, 0.7250530785562632, 0.7303609341825902, 0.7388535031847133, 0.7367303609341825, 0.7367303609341825, 0.7335456475583864, 0.7229299363057324, 0.7186836518046709, 0.7346072186836518, 0.7314225053078556, 0.727176220806794, 0.7250530785562632, 0.727176220806794, 0.7239915074309978, 0.7282377919320594, 0.7176220806794055, 0.7303609341825902, 0.7356687898089171, 0.7314225053078556, 0.7186836518046709, 0.7282377919320594, 0.7346072186836518, 0.7261146496815286, 0.7261146496815286, 0.7261146496815286, 0.7346072186836518, 0.7303609341825902, 0.7314225053078556, 0.727176220806794, 0.7303609341825902, 0.7176220806794055, 0.7154989384288747, 0.7303609341825902, 0.727176220806794, 0.7346072186836518, 0.7261146496815286, 0.7367303609341825, 0.7292993630573248, 0.7186836518046709, 0.7165605095541401, 0.721868365180467, 0.727176220806794, 0.7303609341825902, 0.7303609341825902, 0.7239915074309978, 0.7292993630573248, 0.7229299363057324, 0.7377919320594479, 0.7367303609341825, 0.7346072186836518, 0.7356687898089171, 0.7377919320594479, 0.7420382165605095], "val_loss": [0.6852935552597046, 0.6537495851516724, 0.5958704352378845, 0.6104097962379456, 0.857856035232544, 0.643944501876831, 0.6633505821228027, 0.5917248725891113, 0.6031066179275513, 0.6026264429092407, 0.5993208885192871, 0.642327070236206, 0.5993619561195374, 0.5750489234924316, 0.6132340431213379, 0.5951445698738098, 0.6014862060546875, 0.6013948917388916, 0.572509765625, 0.5989167094230652, 0.6265270709991455, 0.5952300429344177, 0.6104299426078796, 0.5956605076789856, 0.5778408050537109, 0.6140421628952026, 0.6599605083465576, 0.5955449938774109, 0.5821736454963684, 0.5988260507583618, 0.595413327217102, 0.5949610471725464, 0.585826575756073, 0.5713216066360474, 0.6104159951210022, 0.6142088770866394, 0.5710534453392029, 0.5970432162284851, 0.5966088771820068, 0.5772201418876648, 0.581002950668335, 0.6667160391807556, 0.5735897421836853, 0.6109398603439331, 0.6014917492866516, 0.5805837512016296, 0.6117311716079712, 0.6156656742095947, 0.5822238326072693, 0.5991183519363403, 0.6034489870071411, 0.5907760858535767, 0.5730870962142944, 0.6420876979827881, 0.5777512788772583, 0.5915490984916687, 0.6169208884239197, 0.5735484957695007, 0.5874494910240173, 0.618851363658905, 0.5788617134094238, 0.5704457759857178, 0.6455917358398438, 0.5738617777824402, 0.593856692314148, 0.602554440498352, 0.5891462564468384, 0.588158130645752, 0.6291628479957581, 0.5837886929512024, 0.6050367951393127, 0.6124064922332764, 0.5826891660690308, 0.5999528765678406, 0.6104155778884888, 0.5783682465553284, 0.5909789800643921, 0.6422121524810791, 0.5784229636192322, 0.576358437538147, 0.6317495107650757, 0.5817849040031433, 0.606482744216919, 0.6043651700019836, 0.5920324325561523, 0.579629123210907, 0.6435683965682983, 0.5863150954246521, 0.5789732336997986, 0.6098296046257019, 0.5915282964706421, 0.5948463678359985, 0.6291311979293823, 0.599555492401123, 0.59795743227005, 0.5944828987121582, 0.5946736931800842, 0.5933518409729004, 0.6016604900360107, 0.5920937061309814],