{"train_loss": [0.6914075911045074, 0.6683759316802025, 0.6424790397286415, 0.6113600954413414, 0.6048863679170609, 0.585768461227417, 0.594295397400856, 0.5822347700595856, 0.5934280678629875, 0.6115814447402954, 0.5919079035520554, 0.6021655574440956, 0.5925990492105484, 0.5906872749328613, 0.5843160375952721, 0.5832615792751312, 0.574845515191555, 0.5850238129496574, 0.5679378695785999, 0.5798753499984741, 0.5719250962138176, 0.577180303633213, 0.5755729228258133, 0.5827500224113464, 0.5687333643436432, 0.5898355022072792, 0.5737491473555565, 0.5685830526053905, 0.567890852689743, 0.5809435099363327, 0.5769467726349831, 0.5738482475280762, 0.5729708522558212, 0.5712843164801598, 0.5704459697008133, 0.5782136917114258, 0.5783721506595612, 0.5682265609502792, 0.5809285864233971, 0.5782021470367908, 0.5726895704865456, 0.5955567881464958, 0.5951187834143639, 0.5695013403892517, 0.5735004469752312, 0.5912996679544449, 0.5694915130734444, 0.5797590464353561, 0.5768088698387146, 0.5735789388418198, 0.5773676484823227, 0.5738047584891319, 0.5691415667533875, 0.5689982324838638, 0.5723105147480965, 0.5717535987496376, 0.5710346139967442, 0.5775545910000801, 0.5774459168314934, 0.570088479667902, 0.5796947628259659, 0.5898788571357727, 0.5736773312091827, 0.5716988518834114, 0.5801879018545151, 0.5802931115031242, 0.579017773270607, 0.5640973411500454, 0.5664500221610069, 0.580510102212429, 0.5687997154891491, 0.5742866173386574, 0.5731757953763008, 0.5593766383826733, 0.5725144930183887, 0.5755295939743519, 0.5738080963492393, 0.5747842788696289, 0.5741220749914646, 0.5658425018191338, 0.5714761987328529, 0.5728983134031296, 0.5761004984378815, 0.5707795917987823, 0.5821961984038353, 0.5789371803402901, 0.5662015229463577, 0.5647852942347527, 0.5611684694886208, 0.5796546041965485, 0.5737218633294106, 0.589929960668087, 0.5963957384228706, 0.5861968472599983, 0.5690979845821857, 0.5773756951093674, 0.5644543394446373, 0.5638243481516838, 0.5664955377578735, 0.5664827860891819], "train_acc": [0.5658174097664543, 0.589171974522293, 0.6634819532908705, 0.6900212314225053, 0.7016985138004246, 0.7070063694267515, 0.7112526539278131, 0.7112526539278131, 0.6878980891719745, 0.6847133757961783, 0.6995753715498938, 0.6995753715498938, 0.7176220806794055, 0.7144373673036093, 0.7165605095541401, 0.7123142250530785, 0.7197452229299363, 0.7165605095541401, 0.7154989384288747, 0.7112526539278131, 0.7091295116772823, 0.7186836518046709, 0.7080679405520169, 0.7197452229299363, 0.7176220806794055, 0.7101910828025477, 0.7144373673036093, 0.727176220806794, 0.7197452229299363, 0.7261146496815286, 0.7101910828025477, 0.7208067940552016, 0.721868365180467, 0.7154989384288747, 0.7208067940552016, 0.7154989384288747, 0.7303609341825902, 0.7080679405520169, 0.7239915074309978, 0.7165605095541401, 0.7154989384288747, 0.6995753715498938, 0.7091295116772823, 0.7165605095541401, 0.7186836518046709, 0.7208067940552016, 0.7154989384288747, 0.7070063694267515, 0.7186836518046709, 0.7154989384288747, 0.7112526539278131, 0.7176220806794055, 0.7186836518046709, 0.7165605095541401, 0.7282377919320594, 0.7208067940552016, 0.7186836518046709, 0.7080679405520169, 0.7101910828025477, 0.7165605095541401, 0.7229299363057324, 0.7144373673036093, 0.7144373673036093, 0.7165605095541401, 0.70276008492569, 0.7091295116772823, 0.7176220806794055, 0.7144373673036093, 0.7208067940552016, 0.7101910828025477, 0.7165605095541401, 0.7282377919320594, 0.7144373673036093, 0.70276008492569, 0.7197452229299363, 0.7144373673036093, 0.7154989384288747, 0.721868365180467, 0.6953290870488322, 0.7250530785562632, 0.7123142250530785, 0.7239915074309978, 0.7250530785562632, 0.6995753715498938, 0.7133757961783439, 0.7197452229299363, 0.7070063694267515, 0.7123142250530785, 0.7123142250530785, 0.7133757961783439, 0.7208067940552016, 0.7091295116772823, 0.6995753715498938, 0.7091295116772823, 0.7165605095541401, 0.7070063694267515, 0.7144373673036093, 0.7123142250530785, 0.727176220806794, 0.7239915074309978], "val_loss": [0.6863499283790588, 0.6657016277313232, 0.5830314755439758, 0.6206802725791931, 0.619235098361969, 0.598156750202179, 0.588363766670227, 0.5946171283721924, 0.6107150912284851, 0.6102898120880127, 0.6246129870414734, 0.6508893370628357, 0.590649425983429, 0.5824875831604004, 0.590225875377655, 0.6309205889701843, 0.6598311066627502, 0.6322929859161377, 0.5968605875968933, 0.6386457085609436, 0.6278551816940308, 0.6123554110527039, 0.5960230231285095, 0.6020727753639221, 0.6019795536994934, 0.6292316317558289, 0.620277464389801, 0.6115055680274963, 0.6316822171211243, 0.6032148003578186, 0.6180349588394165, 0.6328641176223755, 0.5991101264953613, 0.6045432686805725, 0.6110386252403259, 0.6346737742424011, 0.5928305983543396, 0.5898876190185547, 0.6634177565574646, 0.5999528765678406, 0.5911735892295837, 0.645684540271759, 0.6074143648147583, 0.6225630044937134, 0.5880060195922852, 0.6034846901893616, 0.6337201595306396, 0.5899472236633301, 0.6114381551742554, 0.6184739470481873, 0.6097556352615356, 0.6082922220230103, 0.639955997467041, 0.6405848860740662, 0.6039818525314331, 0.5997684597969055, 0.6038080453872681, 0.6016442775726318, 0.643260657787323, 0.6413715481758118, 0.5873726010322571, 0.6389821171760559, 0.6017545461654663, 0.5837774872779846, 0.6362444758415222, 0.637566864490509, 0.6200045943260193, 0.6207717061042786, 0.5968205332756042, 0.6291272640228271, 0.6180371642112732, 0.5955591201782227, 0.6234931349754333, 0.6206369400024414, 0.6118490099906921, 0.6070778965950012, 0.5958459973335266, 0.6563102602958679, 0.6036666631698608, 0.5934170484542847, 0.6481157541275024, 0.5954384207725525, 0.6018607020378113, 0.6618312001228333, 0.5898447036743164, 0.6020069718360901, 0.6079613566398621, 0.6237902641296387, 0.6030517816543579, 0.600473165512085, 0.6732859015464783, 0.592955470085144, 0.6648472547531128, 0.5884366035461426, 0.6213434338569641, 0.63059401512146, 0.5962240099906921, 0.6238159537315369, 0.5955382585525513, 0.6001960039138794], "val_acc": [0.5299145299145299, 0.5641025641025641, 0.6495726495726496, 0.7264957264957265, 0.6923076923076923, 0.7264957264957265, 0.717948717948718, 0.7264957264957265, 0.7094017094017094, 0.7264957264957265, 0.7094017094017094, 0.6410256410256411, 0.717948717948718, 0.7094017094017094, 0.7350427350427351, 0.6923076923076923, 0.6666666666666666, 0.7094017094017094, 0.717948717948718, 0.6923076923076923, 0.7008547008547008, 0.7094017094017094, 0.7094017094017094, 0.7264957264957265, 0.717948717948718, 0.6923076923076923, 0.7094017094017094, 0.7094017094017094, 0.7008547008547008, 0.7094017094017094, 0.7094017094017094, 0.6923076923076923, 0.7350427350427351, 0.717948717948718, 0.717948717948718, 0.7008547008547008, 0.7264957264957265, 0.7264957264957265, 0.6837606837606838, 0.7094017094017094, 0.7350427350427351, 0.6410256410256411, 0.7094017094017094, 0.7094017094017094, 0.7264957264957265, 0.717948717948718, 0.7094017094017094, 0.717948717948718, 0.717948717948718, 0.7094017094017094, 0.7094017094017094, 0.717948717948718, 0.7008547008547008, 0.7008547008547008, 0.717948717948718, 0.7264957264957265, 0.717948717948718, 0.717948717948718, 0.6923076923076923, 0.717948717948718, 0.7008547008547008, 0.6752136752136753, 0.717948717948718, 0.6837606837606838, 0.6752136752136753, 0.6923076923076923, 0.717948717948718, 0.7094017094017094, 0.717948717948718, 0.717948717948718, 0.7008547008547008, 0.7264957264957265, 0.717948717948718, 0.717948717948718, 0.717948717948718, 0.7264957264957265, 0.717948717948718, 0.6923076923076923, 0.717948717948718, 0.7264957264957265, 0.7094017094017094, 0.7094017094017094, 0.7264957264957265, 0.6324786324786325, 0.717948717948718, 0.717948717948718, 0.717948717948718, 0.7094017094017094, 0.7264957264957265, 0.717948717948718, 0.6324786324786325, 0.7008547008547008, 0.6239316239316239, 0.717948717948718, 0.7094017094017094, 0.6923076923076923, 0.7008547008547008, 0.7008547008547008, 0.7094017094017094, 0.717948717948718]}