{"train_loss": [0.6842459067702293, 0.6774673238396645, 0.6778676062822342, 0.6758785247802734, 0.6722028851509094, 0.6754469871520996, 0.6742573529481888, 0.6772778853774071, 0.6740524768829346, 0.673826053738594, 0.6762941032648087, 0.6736933514475822, 0.6709935739636421, 0.668563149869442, 0.668665386736393, 0.6584308445453644, 0.6420563235878944, 0.6381764262914658, 0.6308369338512421, 0.6068575978279114, 0.598645880818367, 0.6034620255231857, 0.6044460162520409, 0.6224122866988182, 0.6028759926557541, 0.5948481261730194, 0.6002045571804047, 0.5893471613526344, 0.5864345394074917, 0.5843637734651566, 0.5918096899986267, 0.5854854881763458, 0.5792846530675888, 0.5802634358406067, 0.5749000236392021, 0.5833856090903282, 0.5808750204741955, 0.5729853063821793, 0.5765428617596626, 0.5659399554133415, 0.5759207233786583, 0.5821883268654346, 0.582629032433033, 0.5666126161813736, 0.5776076316833496, 0.5709338933229446, 0.5673130303621292, 0.5585621744394302, 0.5706840381026268, 0.5718600191175938, 0.5747098103165627, 0.5577130205929279, 0.5824564844369888, 0.5544991679489613, 0.5740939751267433, 0.5647039785981178, 0.5531865432858467, 0.5605948939919472, 0.5591427646577358, 0.5676587298512459, 0.552057359367609, 0.5748962946236134, 0.5661832466721535, 0.5779161304235458, 0.5648058280348778, 0.5796489343047142, 0.5611139386892319, 0.5782197155058384, 0.5707499161362648, 0.5625641047954559, 0.5757011845707893, 0.5684808641672134, 0.5713202282786369, 0.570004366338253, 0.5440575443208218, 0.5609272718429565, 0.5439435690641403, 0.5526987351477146, 0.5536065474152565, 0.5746037140488625, 0.5575736537575722, 0.5598236545920372, 0.5606997534632683, 0.5555336475372314, 0.5522767081856728, 0.5430534370243549, 0.5631659105420113, 0.5514301806688309, 0.5729311779141426, 0.5483321249485016, 0.5488371662795544, 0.5477022938430309, 0.5463400557637215, 0.5421971343457699, 0.5496661327779293, 0.5417573414742947, 0.5341747999191284, 0.527197353541851, 0.5499194040894508, 0.5345740504562855], "train_acc": [0.5934182590233545, 0.5934182590233545, 0.5934182590233545, 0.5934182590233545, 0.5934182590233545, 0.5934182590233545, 0.5934182590233545, 0.5934182590233545, 0.5934182590233545, 0.5934182590233545, 0.5934182590233545, 0.5934182590233545, 0.5934182590233545, 0.5934182590233545, 0.5934182590233545, 0.6220806794055201, 0.5987261146496815, 0.6602972399150743, 0.6592356687898089, 0.7038216560509554, 0.7080679405520169, 0.6995753715498938, 0.6953290870488322, 0.6740976645435244, 0.697452229299363, 0.7144373673036093, 0.7176220806794055, 0.7239915074309978, 0.7144373673036093, 0.7176220806794055, 0.7123142250530785, 0.7229299363057324, 0.7239915074309978, 0.7261146496815286, 0.7176220806794055, 0.7282377919320594, 0.7186836518046709, 0.7314225053078556, 0.7303609341825902, 0.7292993630573248, 0.7335456475583864, 0.7165605095541401, 0.7335456475583864, 0.7335456475583864, 0.7430997876857749, 0.7399150743099787, 0.721868365180467, 0.7282377919320594, 0.732484076433121, 0.7314225053078556, 0.7335456475583864, 0.7452229299363057, 0.7239915074309978, 0.7388535031847133, 0.7292993630573248, 0.7377919320594479, 0.7399150743099787, 0.727176220806794, 0.7377919320594479, 0.7441613588110403, 0.7473460721868365, 0.7282377919320594, 0.7239915074309978, 0.7292993630573248, 0.7314225053078556, 0.7303609341825902, 0.7473460721868365, 0.7144373673036093, 0.7430997876857749, 0.7356687898089171, 0.7356687898089171, 0.7367303609341825, 0.7367303609341825, 0.7197452229299363, 0.7303609341825902, 0.7292993630573248, 0.7441613588110403, 0.7346072186836518, 0.7261146496815286, 0.7250530785562632, 0.7292993630573248, 0.7409766454352441, 0.7250530785562632, 0.7430997876857749, 0.7526539278131635, 0.7473460721868365, 0.7303609341825902, 0.7282377919320594, 0.7208067940552016, 0.7430997876857749, 0.7526539278131635, 0.7420382165605095, 0.7473460721868365, 0.7579617834394905, 0.7452229299363057, 0.7462845010615711, 0.7377919320594479, 0.7600849256900213, 0.7452229299363057, 0.7430997876857749], "val_loss": [0.6978392601013184, 0.7095121145248413, 0.7030773758888245, 0.6995459794998169, 0.7021624445915222, 0.7120182514190674, 0.7062954306602478, 0.7038151621818542, 0.7011842131614685, 0.7047964930534363, 0.707668662071228, 0.7013422250747681, 0.70181804895401, 0.6906626224517822, 0.6999028325080872, 0.6764587163925171, 0.6754711866378784, 0.6831073760986328, 0.6323934197425842, 0.62331622838974, 0.639014720916748, 0.6694309711456299, 0.6998553276062012, 0.6047868728637695, 0.6048768758773804, 0.6416898369789124, 0.596839189529419, 0.6063501238822937, 0.5861353874206543, 0.5842487215995789, 0.6082155704498291, 0.6270315051078796, 0.5951786637306213, 0.5807244777679443, 0.5934498310089111, 0.6284797191619873, 0.5811707377433777, 0.5797321200370789, 0.583305835723877, 0.5834698677062988, 0.5771840214729309, 0.6260222792625427, 0.5993861556053162, 0.587356448173523, 0.5943443179130554, 0.6025422215461731, 0.6163071990013123, 0.6566821932792664, 0.5893568992614746, 0.5822597146034241, 0.5991846919059753, 0.6650438904762268, 0.5930612087249756, 0.6330087780952454, 0.5897610783576965, 0.5803452730178833, 0.6113969087600708, 0.5835279226303101, 0.5780606269836426, 0.5923112630844116, 0.6736295223236084, 0.5772820711135864, 0.5936388969421387, 0.5947527289390564, 0.5981766581535339, 0.596261203289032, 0.6438969373703003, 0.6020672917366028, 0.6078017950057983, 0.5780650973320007, 0.5821865200996399, 0.6562298536300659, 0.5993320941925049, 0.5803122520446777, 0.6308642625808716, 0.5926095247268677, 0.5820055603981018, 0.6485680341720581, 0.7211596369743347, 0.5858694911003113, 0.5954589247703552, 0.6208064556121826, 0.5853062272071838, 0.5890583395957947, 0.6036735773086548, 0.5831859707832336, 0.6250796318054199, 0.7126717567443848, 0.58182293176651, 0.5864548087120056, 0.6196054220199585, 0.5829305648803711, 0.6125854849815369, 0.6326414346694946, 0.5909333825111389, 0.5853260159492493, 0.6006237864494324, 0.6130638718605042, 0.6380871534347534, 0.6013897657394409],