{"train_loss": [0.6769123151898384, 0.6503737345337868, 0.6278677955269814, 0.6280484050512314, 0.6288929134607315, 0.6190155074000359, 0.6049903035163879, 0.6060205027461052, 0.5811379551887512, 0.5885220617055893, 0.5913863331079483, 0.592480979859829, 0.5928176194429398, 0.595768503844738, 0.5873970985412598, 0.5918234139680862, 0.5985643789172173, 0.5914681479334831, 0.5918633453547955, 0.6057563722133636, 0.5827319696545601, 0.5967522077262402, 0.5812195539474487, 0.5927838534116745, 0.5748708918690681, 0.5874389857053757, 0.5825359001755714, 0.5839268565177917, 0.5758693367242813, 0.5744746848940849, 0.5758236274123192, 0.5754932165145874, 0.5856943055987358, 0.5946850255131721, 0.5878949388861656, 0.5843280181288719, 0.5759492889046669, 0.5858373567461967, 0.5811930522322655, 0.5739759653806686, 0.575492836534977, 0.5834780335426331, 0.6142783239483833, 0.6015933379530907, 0.5761022046208382, 0.5849493816494942, 0.5728305578231812, 0.5865883380174637, 0.596983902156353, 0.5983268022537231, 0.5793314687907696, 0.581379160284996, 0.5779204219579697, 0.5854142308235168, 0.5863530561327934, 0.581957034766674, 0.5867195203900337, 0.5832724273204803, 0.5759667754173279, 0.5737720355391502, 0.5854460597038269, 0.5881873071193695, 0.5820167064666748, 0.5694227665662766, 0.571584727615118, 0.5766737014055252, 0.5844691842794418, 0.5811824351549149, 0.577911488711834, 0.581087127327919, 0.5846172571182251, 0.5756248943507671, 0.5774235725402832, 0.5823275521397591, 0.5735416226089001, 0.5725981816649437, 0.5810762196779251, 0.577826201915741, 0.5776340439915657, 0.5781259685754776, 0.5837675631046295, 0.570869117975235, 0.5697680339217186, 0.5780520141124725, 0.5823926851153374, 0.5849946737289429, 0.5734301805496216, 0.5794125646352768, 0.5764868780970573, 0.5720043107867241, 0.5809974893927574, 0.5828006416559219, 0.5963302925229073, 0.5791163071990013, 0.5785789117217064, 0.5673004016280174, 0.5832718499004841, 0.5762753933668137, 0.5637800432741642, 0.5746532157063484], "train_acc": [0.5997876857749469, 0.643312101910828, 0.678343949044586, 0.6932059447983014, 0.6602972399150743, 0.6836518046709129, 0.6995753715498938, 0.7123142250530785, 0.7261146496815286, 0.7133757961783439, 0.721868365180467, 0.7197452229299363, 0.7123142250530785, 0.6910828025477707, 0.7197452229299363, 0.7165605095541401, 0.697452229299363, 0.70276008492569, 0.7239915074309978, 0.697452229299363, 0.7123142250530785, 0.732484076433121, 0.7176220806794055, 0.7208067940552016, 0.7250530785562632, 0.7176220806794055, 0.7154989384288747, 0.7176220806794055, 0.7250530785562632, 0.7165605095541401, 0.7208067940552016, 0.727176220806794, 0.7229299363057324, 0.7250530785562632, 0.7197452229299363, 0.7123142250530785, 0.7186836518046709, 0.7250530785562632, 0.7282377919320594, 0.7208067940552016, 0.7123142250530785, 0.7070063694267515, 0.6719745222929936, 0.7101910828025477, 0.7208067940552016, 0.7165605095541401, 0.7239915074309978, 0.7303609341825902, 0.6836518046709129, 0.6900212314225053, 0.7165605095541401, 0.721868365180467, 0.721868365180467, 0.7165605095541401, 0.7250530785562632, 0.7101910828025477, 0.7070063694267515, 0.7176220806794055, 0.7208067940552016, 0.7261146496815286, 0.7250530785562632, 0.7176220806794055, 0.7176220806794055, 0.721868365180467, 0.7229299363057324, 0.7261146496815286, 0.7154989384288747, 0.7282377919320594, 0.7250530785562632, 0.7186836518046709, 0.7197452229299363, 0.7197452229299363, 0.727176220806794, 0.7250530785562632, 0.7208067940552016, 0.7250530785562632, 0.7229299363057324, 0.7101910828025477, 0.7282377919320594, 0.7261146496815286, 0.7335456475583864, 0.7261146496815286, 0.727176220806794, 0.7165605095541401, 0.7154989384288747, 0.7335456475583864, 0.7303609341825902, 0.7303609341825902, 0.7165605095541401, 0.7186836518046709, 0.7208067940552016, 0.692144373673036, 0.6857749469214437, 0.7144373673036093, 0.7165605095541401, 0.7314225053078556, 0.7346072186836518, 0.721868365180467, 0.7303609341825902, 0.7335456475583864], "val_loss": [0.6479830145835876, 0.617861807346344, 0.6147640347480774, 0.6229453086853027, 0.616003692150116, 0.5890591740608215, 0.5964550375938416, 0.5661375522613525, 0.5669955015182495, 0.5551336407661438, 0.5594152212142944, 0.551946759223938, 0.5590336918830872, 0.5517910718917847, 0.5478115677833557, 0.5513349175453186, 0.556924045085907, 0.5369601249694824, 0.587891161441803, 0.5482884049415588, 0.5411912798881531, 0.5412550568580627, 0.538693904876709, 0.5407443642616272, 0.5396910905838013, 0.5443146824836731, 0.5554917454719543, 0.5366774201393127, 0.5429535508155823, 0.5401949882507324, 0.5425426959991455, 0.541806161403656, 0.5410692095756531, 0.551325798034668, 0.5480896830558777, 0.5700334906578064, 0.5465041399002075, 0.5380405783653259, 0.552470862865448, 0.5377987623214722, 0.5440590381622314, 0.5480161309242249, 0.5821400880813599, 0.5471728444099426, 0.560864269733429, 0.548607587814331, 0.5414673686027527, 0.557337760925293, 0.572593629360199, 0.5599208474159241, 0.542121946811676, 0.5466628074645996, 0.5407705903053284, 0.5371564030647278, 0.5510566830635071, 0.5467245578765869, 0.5467392802238464, 0.5468327403068542, 0.5423433184623718, 0.5397149920463562, 0.563190221786499, 0.5490527749061584, 0.5434707403182983, 0.544156014919281, 0.5442373156547546, 0.5441992878913879, 0.5526062846183777, 0.545544445514679, 0.5441888570785522, 0.5461076498031616, 0.5487448573112488, 0.5445825457572937, 0.5473279356956482, 0.5484732985496521, 0.5472571849822998, 0.5672905445098877, 0.5524272322654724, 0.5474268198013306, 0.5506188273429871, 0.5513610243797302, 0.5537844896316528, 0.5477616190910339, 0.5558987855911255, 0.5495603084564209, 0.547758936882019, 0.5464655756950378, 0.5478930473327637, 0.5646092891693115, 0.5612315535545349, 0.552490234375, 0.5914485454559326, 0.5779384970664978, 0.5796374678611755, 0.5584203600883484, 0.5564093589782715, 0.5557769536972046, 0.5548962950706482, 0.5604561567306519, 0.559802234172821, 0.5556309223175049], "val_acc": [0.6495726495726496, 0.6666666666666666, 0.7435897435897436, 0.7521367521367521, 0.6581196581196581, 0.7350427350427351, 0.7350427350427351, 0.717948717948718, 0.717948717948718, 0.7264957264957265, 0.7435897435897436, 0.7350427350427351, 0.717948717948718, 0.7435897435897436, 0.7606837606837606, 0.7606837606837606, 0.717948717948718, 0.717948717948718, 0.7692307692307693, 0.7350427350427351, 0.7521367521367521, 0.7350427350427351, 0.7521367521367521, 0.7521367521367521, 0.7435897435897436, 0.7264957264957265, 0.7350427350427351, 0.7264957264957265, 0.7264957264957265, 0.7264957264957265, 0.7435897435897436, 0.7264957264957265, 0.7350427350427351, 0.7350427350427351, 0.7435897435897436, 0.7606837606837606, 0.7606837606837606, 0.7435897435897436, 0.7264957264957265, 0.717948717948718, 0.7350427350427351, 0.7435897435897436, 0.7350427350427351, 0.7264957264957265, 0.7350427350427351, 0.7264957264957265, 0.7094017094017094, 0.7350427350427351, 0.7008547008547008, 0.7435897435897436, 0.7521367521367521, 0.7435897435897436, 0.7435897435897436, 0.7606837606837606, 0.7264957264957265, 0.7350427350427351, 0.7350427350427351, 0.7264957264957265, 0.7350427350427351, 0.7264957264957265, 0.7435897435897436, 0.7350427350427351, 0.7264957264957265, 0.7264957264957265, 0.7435897435897436, 0.7350427350427351, 0.7264957264957265, 0.7435897435897436, 0.7350427350427351, 0.7521367521367521, 0.7264957264957265, 0.7606837606837606, 0.7008547008547008, 0.7350427350427351, 0.7264957264957265, 0.7435897435897436, 0.7435897435897436, 0.7264957264957265, 0.7350427350427351, 0.7350427350427351, 0.7264957264957265, 0.7350427350427351, 0.717948717948718, 0.7264957264957265, 0.7521367521367521, 0.7264957264957265, 0.7350427350427351, 0.7264957264957265, 0.7264957264957265, 0.7264957264957265, 0.7350427350427351, 0.7264957264957265, 0.717948717948718, 0.7264957264957265, 0.717948717948718, 0.7350427350427351, 0.7350427350427351, 0.717948717948718, 0.7264957264957265, 0.7435897435897436]}