{"train_loss": [0.6905534565448761, 0.6835198476910591, 0.6789856255054474, 0.6816454157233238, 0.680820420384407, 0.6805703565478325, 0.6772484853863716, 0.6779606491327286, 0.6803236156702042, 0.6797127276659012, 0.6781720370054245, 0.6718404665589333, 0.6581270918250084, 0.6454673334956169, 0.6430921405553818, 0.6286367774009705, 0.6129521653056145, 0.6060310080647469, 0.5890280976891518, 0.5910497605800629, 0.6083194389939308, 0.5965617448091507, 0.5857403576374054, 0.587803028523922, 0.5763834565877914, 0.5796737745404243, 0.5832555070519447, 0.5849023684859276, 0.5948906317353249, 0.566249780356884, 0.5907457396388054, 0.584731750190258, 0.5865000933408737, 0.5816069468855858, 0.5837392956018448, 0.5863232836127281, 0.5784773975610733, 0.5741946920752525, 0.589594691991806, 0.5786984860897064, 0.5776316076517105, 0.6070603430271149, 0.5808897987008095, 0.5799623355269432, 0.577267549932003, 0.5669616982340813, 0.5617520548403263, 0.5575035847723484, 0.5714852809906006, 0.5579573549330235, 0.5828407891094685, 0.5673220604658127, 0.582679033279419, 0.5649887323379517, 0.5661019496619701, 0.5634024068713188, 0.5625220686197281, 0.5631455704569817, 0.5762995481491089, 0.5934546440839767, 0.5664366409182549, 0.5557850748300552, 0.5634419247508049, 0.5640450567007065, 0.5813380628824234, 0.576116718351841, 0.5636236295104027, 0.5621465295553207, 0.5441131964325905, 0.5631617084145546, 0.5603239350020885, 0.5444135628640652, 0.5572010204195976, 0.5546649992465973, 0.5659210160374641, 0.5485410988330841, 0.5306837894022465, 0.5342971682548523, 0.5291815586388111, 0.5392946489155293, 0.5410266891121864, 0.533031765371561, 0.5330299809575081, 0.5411611311137676, 0.5405622273683548, 0.5446071401238441, 0.5539085939526558, 0.5425461530685425, 0.5367771983146667, 0.5370971374213696, 0.5470069088041782, 0.5600205436348915, 0.5380515158176422, 0.5372187085449696, 0.5244248770177364, 0.5273252837359905, 0.5265097096562386, 0.5184145234525204, 0.5282411873340607, 0.5116544254124165], "train_acc": [0.5626326963906582, 0.5774946921443737, 0.5774946921443737, 0.5774946921443737, 0.5774946921443737, 0.5774946921443737, 0.5774946921443737, 0.5774946921443737, 0.5774946921443737, 0.5774946921443737, 0.5774946921443737, 0.5774946921443737, 0.5796178343949044, 0.6242038216560509, 0.6549893842887473, 0.6963906581740976, 0.6953290870488322, 0.70276008492569, 0.6995753715498938, 0.7070063694267515, 0.6932059447983014, 0.7091295116772823, 0.7059447983014862, 0.7154989384288747, 0.7208067940552016, 0.7335456475583864, 0.7123142250530785, 0.7165605095541401, 0.697452229299363, 0.7186836518046709, 0.7048832271762208, 0.6985138004246284, 0.7144373673036093, 0.7133757961783439, 0.7133757961783439, 0.7080679405520169, 0.7292993630573248, 0.7101910828025477, 0.7144373673036093, 0.7250530785562632, 0.7176220806794055, 0.6878980891719745, 0.7229299363057324, 0.7144373673036093, 0.7144373673036093, 0.7250530785562632, 0.727176220806794, 0.7261146496815286, 0.7165605095541401, 0.732484076433121, 0.7208067940552016, 0.7261146496815286, 0.7070063694267515, 0.721868365180467, 0.7303609341825902, 0.7346072186836518, 0.7356687898089171, 0.7282377919320594, 0.7292993630573248, 0.697452229299363, 0.7239915074309978, 0.7399150743099787, 0.7282377919320594, 0.7420382165605095, 0.7165605095541401, 0.7133757961783439, 0.7388535031847133, 0.7250530785562632, 0.732484076433121, 0.7367303609341825, 0.7356687898089171, 0.7420382165605095, 0.7335456475583864, 0.7388535031847133, 0.7239915074309978, 0.7526539278131635, 0.7452229299363057, 0.7515923566878981, 0.7515923566878981, 0.7420382165605095, 0.7441613588110403, 0.7579617834394905, 0.7484076433121019, 0.7558386411889597, 0.7292993630573248, 0.732484076433121, 0.732484076433121, 0.7462845010615711, 0.7484076433121019, 0.7473460721868365, 0.7261146496815286, 0.697452229299363, 0.7303609341825902, 0.7335456475583864, 0.7547770700636943, 0.7473460721868365, 0.7653927813163482, 0.7526539278131635, 0.7515923566878981, 0.7600849256900213], "val_loss": [0.6808784604072571, 0.6798302531242371, 0.680215060710907, 0.6796586513519287, 0.6795194745063782, 0.679375410079956, 0.6793021559715271, 0.6784335970878601, 0.6773887276649475, 0.6769872307777405, 0.670442521572113, 0.6567628383636475, 0.6371481418609619, 0.6318626999855042, 0.6061272025108337, 0.5961693525314331, 0.5618138313293457, 0.5561655163764954, 0.5558791756629944, 0.6021765470504761, 0.5718419551849365, 0.5619167685508728, 0.552440881729126, 0.5491340160369873, 0.5495225191116333, 0.5509373545646667, 0.563731849193573, 0.6075536608695984, 0.5606227517127991, 0.5622406005859375, 0.55204176902771, 0.5545369386672974, 0.5639280676841736, 0.5535194873809814, 0.552009642124176, 0.5765711069107056, 0.5613206028938293, 0.5716730952262878, 0.5646984577178955, 0.5542771220207214, 0.5964558124542236, 0.5564360618591309, 0.560852587223053, 0.571578860282898, 0.5566263198852539, 0.5517889261245728, 0.5483224391937256, 0.5630674362182617, 0.5459638833999634, 0.5451993942260742, 0.5501216650009155, 0.5550280809402466, 0.5540862679481506, 0.5531464219093323, 0.5467451810836792, 0.550112247467041, 0.5471305251121521, 0.5631002187728882, 0.5599138736724854, 0.5527797341346741, 0.5494745373725891, 0.5526087284088135, 0.5455701351165771, 0.5477653741836548, 0.5635508894920349, 0.570530354976654, 0.5495195984840393, 0.5689979791641235, 0.5590878129005432, 0.5454753637313843, 0.5687185525894165, 0.5467687249183655, 0.545045793056488, 0.5680882930755615, 0.5453022122383118, 0.5427907705307007, 0.5512039065361023, 0.539921760559082, 0.5545222759246826, 0.5440303683280945, 0.5351605415344238, 0.5321768522262573, 0.5300205945968628, 0.5351422429084778, 0.552997350692749, 0.5374999642372131, 0.5378735661506653, 0.5368590354919434, 0.5655520558357239, 0.570834755897522, 0.633567214012146, 0.5385314226150513, 0.5670788884162903, 0.5311009883880615, 0.556950569152832, 0.5513147115707397, 0.5425776243209839, 0.5276151895523071, 0.5280238389968872, 0.5320664644241333],