{"train_loss": [0.6778937354683876, 0.6751951426267624, 0.6779192984104156, 0.6763560697436333, 0.6752080991864204, 0.6765767186880112, 0.6788549795746803, 0.6753348186612129, 0.6762841567397118, 0.67815151065588, 0.6782275140285492, 0.676764078438282, 0.6747883632779121, 0.6818191856145859, 0.6768249273300171, 0.677505299448967, 0.6744678989052773, 0.677832119166851, 0.6775306686758995, 0.6775786206126213, 0.6753154993057251, 0.6770220100879669, 0.6756802052259445, 0.6753956973552704, 0.6719404980540276, 0.6708079949021339, 0.6626512557268143, 0.6403776034712791, 0.6064599230885506, 0.6212683767080307, 0.6131338030099869, 0.5994796454906464, 0.5962199568748474, 0.5915819853544235, 0.5886780172586441, 0.5898262336850166, 0.5907720401883125, 0.589128453284502, 0.5962472856044769, 0.5899238176643848, 0.5759855955839157, 0.5953595042228699, 0.6054816022515297, 0.5850048288702965, 0.5828037336468697, 0.5961668938398361, 0.5764135271310806, 0.5773110911250114, 0.5813975557684898, 0.5712727084755898, 0.5773151814937592, 0.5742954984307289, 0.5729335993528366, 0.568615660071373, 0.5736564099788666, 0.568317748606205, 0.5769890919327736, 0.5741080194711685, 0.5728816762566566, 0.5737831443548203, 0.5834926441311836, 0.591733030974865, 0.5823542401194572, 0.5652930811047554, 0.5723282471299171, 0.5769923180341721, 0.5949615463614464, 0.5741538815200329, 0.5716632902622223, 0.5870289653539658, 0.5643375441431999, 0.5710529014468193, 0.5635979324579239, 0.5575242750346661, 0.5655823908746243, 0.572434987872839, 0.5700674206018448, 0.5791017413139343, 0.5707438178360462, 0.5679626166820526, 0.5688231959939003, 0.5719130001962185, 0.5707936510443687, 0.5615113265812397, 0.5732858702540398, 0.5698577836155891, 0.5636233054101467, 0.5613640882074833, 0.5611968711018562, 0.5712303593754768, 0.5679546445608139, 0.5847434401512146, 0.5837365388870239, 0.570343092083931, 0.5643885135650635, 0.5609145686030388, 0.550935298204422, 0.5501397512853146, 0.5545373857021332, 0.5591643713414669], "train_acc": [0.5902335456475584, 0.5902335456475584, 0.5902335456475584, 0.5902335456475584, 0.5902335456475584, 0.5902335456475584, 0.5902335456475584, 0.5902335456475584, 0.5902335456475584, 0.5902335456475584, 0.5902335456475584, 0.5902335456475584, 0.5902335456475584, 0.5902335456475584, 0.5902335456475584, 0.5902335456475584, 0.5902335456475584, 0.5902335456475584, 0.5902335456475584, 0.5902335456475584, 0.5902335456475584, 0.5902335456475584, 0.5902335456475584, 0.5902335456475584, 0.5902335456475584, 0.5902335456475584, 0.5955414012738853, 0.5997876857749469, 0.6900212314225053, 0.6868365180467091, 0.6804670912951167, 0.6963906581740976, 0.7006369426751592, 0.7165605095541401, 0.7250530785562632, 0.7154989384288747, 0.7133757961783439, 0.6878980891719745, 0.7197452229299363, 0.721868365180467, 0.7314225053078556, 0.70276008492569, 0.7048832271762208, 0.7048832271762208, 0.7250530785562632, 0.7154989384288747, 0.727176220806794, 0.7250530785562632, 0.7144373673036093, 0.7282377919320594, 0.7229299363057324, 0.7292993630573248, 0.7250530785562632, 0.727176220806794, 0.721868365180467, 0.732484076433121, 0.7154989384288747, 0.7186836518046709, 0.7239915074309978, 0.7133757961783439, 0.721868365180467, 0.7112526539278131, 0.7186836518046709, 0.7154989384288747, 0.7186836518046709, 0.7176220806794055, 0.6910828025477707, 0.721868365180467, 0.7197452229299363, 0.7091295116772823, 0.7261146496815286, 0.7123142250530785, 0.7144373673036093, 0.7208067940552016, 0.7208067940552016, 0.7197452229299363, 0.7197452229299363, 0.7197452229299363, 0.7070063694267515, 0.7261146496815286, 0.7176220806794055, 0.7314225053078556, 0.7367303609341825, 0.7176220806794055, 0.7197452229299363, 0.721868365180467, 0.7186836518046709, 0.721868365180467, 0.7261146496815286, 0.7239915074309978, 0.7133757961783439, 0.7133757961783439, 0.7292993630573248, 0.7186836518046709, 0.7409766454352441, 0.7367303609341825, 0.7388535031847133, 0.7261146496815286, 0.7388535031847133, 0.7303609341825902], "val_loss": [0.698216438293457, 0.7026907801628113, 0.6988852620124817, 0.6974439024925232, 0.6989472508430481, 0.6996278762817383, 0.6994672417640686, 0.698140025138855, 0.6979836225509644, 0.698732852935791, 0.6980398893356323, 0.6982080340385437, 0.6989476084709167, 0.6995643973350525, 0.6965672373771667, 0.6968262791633606, 0.6979490518569946, 0.6991055011749268, 0.6996958255767822, 0.6979833841323853, 0.6977787017822266, 0.6986164450645447, 0.6987971663475037, 0.6955477595329285, 0.6975164413452148, 0.6866721510887146, 0.6662943959236145, 0.6457971930503845, 0.6028200387954712, 0.570268988609314, 0.6224605441093445, 0.606451153755188, 0.5860043168067932, 0.5869798064231873, 0.6000059843063354, 0.6217559576034546, 0.5771467685699463, 0.582061767578125, 0.6356392502784729, 0.5935574173927307, 0.5854138731956482, 0.6071465611457825, 0.6429720520973206, 0.6241391897201538, 0.5821815133094788, 0.5970519185066223, 0.6188886761665344, 0.5790483951568604, 0.5839666128158569, 0.6006224751472473, 0.60188227891922, 0.5950596928596497, 0.6246422529220581, 0.6375859975814819, 0.6003668308258057, 0.5980995297431946, 0.5924091935157776, 0.5872249007225037, 0.6189298033714294, 0.634480357170105, 0.5864031314849854, 0.6035534739494324, 0.6393432021141052, 0.5888249278068542, 0.5971537828445435, 0.6682335138320923, 0.6540610790252686, 0.6006298661231995, 0.5918745994567871, 0.6331669092178345, 0.6221466064453125, 0.5924290418624878, 0.6083897352218628, 0.6352217793464661, 0.6213523149490356, 0.5919918417930603, 0.5865623354911804, 0.6721434593200684, 0.620719313621521, 0.5934942364692688, 0.6395844221115112, 0.5898653864860535, 0.5930196642875671, 0.6684038639068604, 0.5910109877586365, 0.5947169065475464, 0.599699854850769, 0.6396500468254089, 0.600460410118103, 0.593534529209137, 0.7259229421615601, 0.5905234217643738, 0.6427846550941467, 0.6232087016105652, 0.6013088822364807, 0.621662437915802, 0.59645015001297, 0.6204232573509216, 0.5884034633636475, 0.5873544216156006],