{"train_loss": [0.6915750280022621, 0.6763771772384644, 0.6765986159443855, 0.6752299889922142, 0.6771261617541313, 0.6753905713558197, 0.6778665482997894, 0.6766571998596191, 0.676942303776741, 0.6757169142365456, 0.678261399269104, 0.6710348874330521, 0.6688461899757385, 0.6567606702446938, 0.6581186279654503, 0.6520747691392899, 0.6460754498839378, 0.6358815804123878, 0.6241369098424911, 0.6094525754451752, 0.6096851751208305, 0.6189008355140686, 0.6025380864739418, 0.6074508652091026, 0.5870411917567253, 0.5945381298661232, 0.5940909162163734, 0.5909726992249489, 0.5932023748755455, 0.5880249664187431, 0.5854770317673683, 0.5843148976564407, 0.5899354070425034, 0.6114120632410049, 0.5903896614909172, 0.5817397311329842, 0.5715381093323231, 0.5819180086255074, 0.583819791674614, 0.5802571848034859, 0.5762138962745667, 0.5813555754721165, 0.6117212325334549, 0.6160976365208626, 0.6092310473322868, 0.5958212167024612, 0.5933107882738113, 0.5864225327968597, 0.588644489645958, 0.5811550542712212, 0.569293200969696, 0.5892911404371262, 0.5784953758120537, 0.5768545344471931, 0.5960700884461403, 0.5795896239578724, 0.5811048597097397, 0.5864126831293106, 0.5784409493207932, 0.5757970213890076, 0.5856480151414871, 0.5858346223831177, 0.5763340592384338, 0.5704993829131126, 0.5673536136746407, 0.5737486258149147, 0.5880351476371288, 0.5883355364203453, 0.5791109353303909, 0.5858329832553864, 0.5889699161052704, 0.5806610137224197, 0.5745752081274986, 0.581494003534317, 0.564548447728157, 0.5679197385907173, 0.5699753724038601, 0.5695168450474739, 0.56916493922472, 0.5657741203904152, 0.5773552134633064, 0.5618546418845654, 0.570408932864666, 0.5813293904066086, 0.5913482271134853, 0.5937742069363594, 0.5806297585368156, 0.5852417796850204, 0.5847220197319984, 0.5736498534679413, 0.5902676656842232, 0.5781228989362717, 0.5929075181484222, 0.5757189840078354, 0.5746910646557808, 0.5604803264141083, 0.5683322250843048, 0.5745025798678398, 0.5496710203588009, 0.5727755650877953], "train_acc": [0.49469214437367304, 0.5870488322717622, 0.5870488322717622, 0.5870488322717622, 0.5870488322717622, 0.5870488322717622, 0.5870488322717622, 0.5870488322717622, 0.5870488322717622, 0.5870488322717622, 0.5870488322717622, 0.5870488322717622, 0.5870488322717622, 0.5870488322717622, 0.5912951167728238, 0.5966029723991507, 0.6602972399150743, 0.6602972399150743, 0.6825902335456475, 0.7038216560509554, 0.6963906581740976, 0.6868365180467091, 0.6985138004246284, 0.7059447983014862, 0.7292993630573248, 0.7165605095541401, 0.7091295116772823, 0.7154989384288747, 0.7144373673036093, 0.721868365180467, 0.7006369426751592, 0.7261146496815286, 0.7314225053078556, 0.7250530785562632, 0.6910828025477707, 0.7229299363057324, 0.7314225053078556, 0.7250530785562632, 0.7154989384288747, 0.7154989384288747, 0.7239915074309978, 0.7123142250530785, 0.70276008492569, 0.6634819532908705, 0.6836518046709129, 0.7091295116772823, 0.7133757961783439, 0.721868365180467, 0.7038216560509554, 0.7112526539278131, 0.732484076433121, 0.7133757961783439, 0.7282377919320594, 0.7261146496815286, 0.7165605095541401, 0.7144373673036093, 0.7101910828025477, 0.7239915074309978, 0.7292993630573248, 0.7123142250530785, 0.7346072186836518, 0.721868365180467, 0.7282377919320594, 0.7346072186836518, 0.7377919320594479, 0.7282377919320594, 0.7239915074309978, 0.7239915074309978, 0.7303609341825902, 0.721868365180467, 0.7112526539278131, 0.732484076433121, 0.7367303609341825, 0.721868365180467, 0.7282377919320594, 0.7261146496815286, 0.7367303609341825, 0.7239915074309978, 0.7292993630573248, 0.7388535031847133, 0.732484076433121, 0.7346072186836518, 0.7282377919320594, 0.70276008492569, 0.6985138004246284, 0.697452229299363, 0.721868365180467, 0.7346072186836518, 0.7016985138004246, 0.6889596602972399, 0.6985138004246284, 0.667728237791932, 0.7048832271762208, 0.7091295116772823, 0.7282377919320594, 0.7292993630573248, 0.7377919320594479, 0.7367303609341825, 0.7346072186836518, 0.7292993630573248], "val_loss": [0.6739314794540405, 0.6668669581413269, 0.6683115363121033, 0.6688356399536133, 0.6680828928947449, 0.6678274273872375, 0.6668903827667236, 0.6675919890403748, 0.666090726852417, 0.6652995347976685, 0.6623762249946594, 0.662593424320221, 0.6505293250083923, 0.6420792937278748, 0.6379021406173706, 0.6301392912864685, 0.618877649307251, 0.6081000566482544, 0.606097936630249, 0.590801477432251, 0.5986535549163818, 0.5946736931800842, 0.5783700346946716, 0.571331262588501, 0.5658286809921265, 0.559785008430481, 0.5745418071746826, 0.5769460201263428, 0.5640931129455566, 0.5494589805603027, 0.5471053719520569, 0.5433322787284851, 0.5418219566345215, 0.540955662727356, 0.5516088604927063, 0.5556676983833313, 0.5417762994766235, 0.5370305776596069, 0.5439875721931458, 0.5470388531684875, 0.5369819402694702, 0.5369089841842651, 0.6276589632034302, 0.5543187260627747, 0.5626051425933838, 0.578364908695221, 0.5520914196968079, 0.5537204742431641, 0.5601423978805542, 0.5441171526908875, 0.5403776168823242, 0.546586275100708, 0.5379260778427124, 0.5389519333839417, 0.5469029545783997, 0.5401856303215027, 0.5390819311141968, 0.5584595799446106, 0.5442721843719482, 0.539505124092102, 0.5610613822937012, 0.5408594608306885, 0.539949357509613, 0.5414045453071594, 0.5398208498954773, 0.5403810143470764, 0.543958842754364, 0.5516561269760132, 0.5540650486946106, 0.5483384132385254, 0.5441563725471497, 0.5428347587585449, 0.5510982871055603, 0.5436735153198242, 0.5397842526435852, 0.559597373008728, 0.5395764708518982, 0.5398088693618774, 0.5393406748771667, 0.5402114987373352, 0.5398668050765991, 0.5423246622085571, 0.578783392906189, 0.5801805257797241, 0.5419073700904846, 0.5521981716156006, 0.5485303401947021, 0.5753377676010132, 0.5554829239845276, 0.5467984676361084, 0.6120064854621887, 0.6082412600517273, 0.595047652721405, 0.5498038530349731, 0.5464139580726624, 0.5425097942352295, 0.5404810905456543, 0.5390753746032715, 0.558208167552948, 0.54388827085495],