{"train_loss": [0.7002485543489456, 0.691052757203579, 0.6793177276849747, 0.68252132833004, 0.6800742298364639, 0.6802410334348679, 0.6763684973120689, 0.6768619418144226, 0.678395189344883, 0.6779997795820236, 0.6765554398298264, 0.6739290207624435, 0.6670496836304665, 0.6626196131110191, 0.6598177850246429, 0.6626729145646095, 0.6489877700805664, 0.6429520100355148, 0.6352002397179604, 0.6364135667681694, 0.6419569477438927, 0.6331141144037247, 0.6173783764243126, 0.6072808727622032, 0.5972334742546082, 0.5923033282160759, 0.5879390984773636, 0.5848639756441116, 0.5853267684578896, 0.5778092704713345, 0.6153265982866287, 0.5973696187138557, 0.5836626216769218, 0.5854567214846611, 0.583311952650547, 0.5766418129205704, 0.5714343264698982, 0.5721074305474758, 0.5814185440540314, 0.5749201104044914, 0.5774759203195572, 0.5940779745578766, 0.5777013599872589, 0.5715422332286835, 0.5707339271903038, 0.5665035620331764, 0.5634308233857155, 0.5566187016665936, 0.564515732228756, 0.5642937533557415, 0.5819859430193901, 0.5648608207702637, 0.5849483907222748, 0.5669072344899178, 0.5595966055989265, 0.5591185018420219, 0.5607537478208542, 0.5530323088169098, 0.5750037804245949, 0.586075484752655, 0.5606535524129868, 0.5540163815021515, 0.5625272691249847, 0.5608929954469204, 0.5726338326931, 0.5719418972730637, 0.5574435666203499, 0.558849960565567, 0.5445288084447384, 0.5551978312432766, 0.5618699193000793, 0.5461454503238201, 0.5557337179780006, 0.5591677837073803, 0.5636328682303429, 0.5516449250280857, 0.5376097001135349, 0.5407261811196804, 0.5369229093194008, 0.5402446538209915, 0.5487117022275925, 0.5477830544114113, 0.5461058393120766, 0.5451817810535431, 0.5546371191740036, 0.5566115453839302, 0.5407383628189564, 0.5532370619475842, 0.5470729731023312, 0.5401987321674824, 0.557705108076334, 0.55359922721982, 0.5550683438777924, 0.5539640262722969, 0.5299012213945389, 0.5436275787651539, 0.5429668948054314, 0.5256075970828533, 0.5339139215648174, 0.5236372277140617], "train_acc": [0.42250530785562634, 0.5392781316348195, 0.5774946921443737, 0.5774946921443737, 0.5774946921443737, 0.5774946921443737, 0.5774946921443737, 0.5774946921443737, 0.5774946921443737, 0.5774946921443737, 0.5774946921443737, 0.5774946921443737, 0.5774946921443737, 0.578556263269639, 0.578556263269639, 0.6337579617834395, 0.6231422505307855, 0.6326963906581741, 0.6496815286624203, 0.6518046709129511, 0.638004246284501, 0.6825902335456475, 0.692144373673036, 0.6995753715498938, 0.7208067940552016, 0.7176220806794055, 0.727176220806794, 0.7176220806794055, 0.7101910828025477, 0.7133757961783439, 0.6878980891719745, 0.6985138004246284, 0.7197452229299363, 0.7133757961783439, 0.7229299363057324, 0.732484076433121, 0.727176220806794, 0.7165605095541401, 0.7388535031847133, 0.7197452229299363, 0.7186836518046709, 0.7091295116772823, 0.7186836518046709, 0.721868365180467, 0.7335456475583864, 0.7388535031847133, 0.727176220806794, 0.7377919320594479, 0.7292993630573248, 0.7346072186836518, 0.7282377919320594, 0.7250530785562632, 0.697452229299363, 0.7239915074309978, 0.7367303609341825, 0.7409766454352441, 0.7346072186836518, 0.7377919320594479, 0.7367303609341825, 0.7165605095541401, 0.7356687898089171, 0.7430997876857749, 0.732484076433121, 0.7409766454352441, 0.7303609341825902, 0.7091295116772823, 0.7377919320594479, 0.7314225053078556, 0.7282377919320594, 0.7314225053078556, 0.7430997876857749, 0.7420382165605095, 0.7430997876857749, 0.7388535031847133, 0.7473460721868365, 0.7515923566878981, 0.7505307855626328, 0.7346072186836518, 0.7664543524416136, 0.7515923566878981, 0.7473460721868365, 0.7420382165605095, 0.7590233545647559, 0.7494692144373672, 0.7239915074309978, 0.7399150743099787, 0.7335456475583864, 0.7388535031847133, 0.7537154989384289, 0.7430997876857749, 0.7356687898089171, 0.7112526539278131, 0.7261146496815286, 0.7123142250530785, 0.7452229299363057, 0.7399150743099787, 0.7505307855626328, 0.7494692144373672, 0.7547770700636943, 0.7558386411889597], "val_loss": [0.694158136844635, 0.6826319098472595, 0.6799806356430054, 0.6791051030158997, 0.6789045333862305, 0.6783177256584167, 0.6775702834129333, 0.6770887970924377, 0.6756680607795715, 0.6746213436126709, 0.6715481877326965, 0.6667258739471436, 0.6591402292251587, 0.6479834914207458, 0.6433591246604919, 0.6310948133468628, 0.6267455220222473, 0.6175855994224548, 0.627228319644928, 0.6283366084098816, 0.6133553385734558, 0.6061652898788452, 0.5854635834693909, 0.5729325413703918, 0.5577004551887512, 0.5460145473480225, 0.5435609221458435, 0.5584724545478821, 0.5441855788230896, 0.5536254644393921, 0.5463929772377014, 0.5655850768089294, 0.5505182147026062, 0.5495282411575317, 0.5464798212051392, 0.5540205836296082, 0.543358564376831, 0.5531366467475891, 0.5402284264564514, 0.5407214760780334, 0.5721322298049927, 0.5685275197029114, 0.5571799874305725, 0.5466201305389404, 0.5456300973892212, 0.5433708429336548, 0.5436265468597412, 0.5450794696807861, 0.5395371317863464, 0.5416982769966125, 0.5503131747245789, 0.5581894516944885, 0.5557423233985901, 0.5454789996147156, 0.5438608527183533, 0.5551993250846863, 0.5432894229888916, 0.556724488735199, 0.5442054867744446, 0.5458271503448486, 0.5430061221122742, 0.5505708456039429, 0.5416052937507629, 0.5437813997268677, 0.5503334403038025, 0.5640791058540344, 0.5441798567771912, 0.5633118748664856, 0.5548926591873169, 0.54609215259552, 0.563901424407959, 0.5443093776702881, 0.5425508618354797, 0.566880464553833, 0.544944703578949, 0.5434807538986206, 0.557197630405426, 0.5416772961616516, 0.5468541383743286, 0.5381775498390198, 0.5380738973617554, 0.5383760929107666, 0.5362223386764526, 0.5386691689491272, 0.5379298329353333, 0.5647041201591492, 0.5486807823181152, 0.5425143837928772, 0.5486403107643127, 0.5414791703224182, 0.5760443210601807, 0.5601332783699036, 0.5659619569778442, 0.540244996547699, 0.5677953362464905, 0.5386171340942383, 0.535131573677063, 0.5349534749984741, 0.5331347584724426, 0.5366461277008057],