{"train_loss": [0.6831354945898056, 0.6800483763217926, 0.6788230165839195, 0.6748460307717323, 0.6712813302874565, 0.6747167184948921, 0.6736408621072769, 0.6768063306808472, 0.6732892245054245, 0.6727831587195396, 0.6754683926701546, 0.6725444868206978, 0.6689822673797607, 0.6672017127275467, 0.6677401885390282, 0.6542205438017845, 0.6418247669935226, 0.6559875905513763, 0.6405122876167297, 0.6318434327840805, 0.6296671107411385, 0.6260855570435524, 0.604673258960247, 0.6053521260619164, 0.5960744991898537, 0.5795850120484829, 0.6004018560051918, 0.6026283428072929, 0.5893528051674366, 0.5843990445137024, 0.5935132578015327, 0.5825360491871834, 0.5780739858746529, 0.5788260325789452, 0.576658695936203, 0.5798964127898216, 0.5758229345083237, 0.5662219300866127, 0.5731360465288162, 0.5609991997480392, 0.5697761103510857, 0.5692865177989006, 0.5834913700819016, 0.5588608682155609, 0.5742005482316017, 0.5704764127731323, 0.5630880929529667, 0.5542765744030476, 0.5801587253808975, 0.5581068284809589, 0.5654366463422775, 0.5461123995482922, 0.5810910910367966, 0.5369386896491051, 0.5658595412969589, 0.5592859834432602, 0.546377670019865, 0.5621478855609894, 0.5494913011789322, 0.55575280636549, 0.5431526564061642, 0.5585012398660183, 0.5502277612686157, 0.5766656175255775, 0.5595598854124546, 0.5645998939871788, 0.5498001724481583, 0.5770079791545868, 0.5487656146287918, 0.5467983260750771, 0.5563646107912064, 0.5484975539147854, 0.5421732068061829, 0.5418326891958714, 0.5250544138252735, 0.5425196588039398, 0.5407945513725281, 0.5265379697084427, 0.5290083959698677, 0.562079556286335, 0.5364929996430874, 0.5414923690259457, 0.533324908465147, 0.5412607416510582, 0.5396590009331703, 0.5199924856424332, 0.5435940101742744, 0.5355841889977455, 0.5555242039263248, 0.5384395904839039, 0.5419973656535149, 0.5310966484248638, 0.5313836336135864, 0.5311415866017342, 0.5384348630905151, 0.5238802097737789, 0.5174705125391483, 0.512823510915041, 0.5277832821011543, 0.5135049410164356], "train_acc": [0.5934182590233545, 0.5934182590233545, 0.5934182590233545, 0.5934182590233545, 0.5934182590233545, 0.5934182590233545, 0.5934182590233545, 0.5934182590233545, 0.5934182590233545, 0.5934182590233545, 0.5934182590233545, 0.5934182590233545, 0.5934182590233545, 0.5934182590233545, 0.5934182590233545, 0.5934182590233545, 0.5934182590233545, 0.6061571125265393, 0.6050955414012739, 0.6539278131634819, 0.6687898089171974, 0.7006369426751592, 0.7123142250530785, 0.7229299363057324, 0.732484076433121, 0.727176220806794, 0.7101910828025477, 0.7133757961783439, 0.721868365180467, 0.7239915074309978, 0.7144373673036093, 0.7346072186836518, 0.7261146496815286, 0.727176220806794, 0.7335456475583864, 0.7186836518046709, 0.7377919320594479, 0.7409766454352441, 0.7494692144373672, 0.7515923566878981, 0.7346072186836518, 0.7377919320594479, 0.7282377919320594, 0.7388535031847133, 0.7643312101910829, 0.7494692144373672, 0.732484076433121, 0.7367303609341825, 0.721868365180467, 0.7558386411889597, 0.7515923566878981, 0.7462845010615711, 0.7335456475583864, 0.7600849256900213, 0.7367303609341825, 0.7494692144373672, 0.7505307855626328, 0.7346072186836518, 0.7526539278131635, 0.7558386411889597, 0.7515923566878981, 0.732484076433121, 0.7547770700636943, 0.7430997876857749, 0.7409766454352441, 0.7600849256900213, 0.7600849256900213, 0.7144373673036093, 0.7515923566878981, 0.7558386411889597, 0.7579617834394905, 0.7569002123142251, 0.767515923566879, 0.7717622080679406, 0.7717622080679406, 0.7558386411889597, 0.7696390658174098, 0.7653927813163482, 0.7622080679405521, 0.7346072186836518, 0.7484076433121019, 0.767515923566879, 0.7558386411889597, 0.7590233545647559, 0.7600849256900213, 0.7717622080679406, 0.7367303609341825, 0.7303609341825902, 0.7441613588110403, 0.7505307855626328, 0.7569002123142251, 0.7611464968152867, 0.7791932059447984, 0.7685774946921444, 0.7484076433121019, 0.7717622080679406, 0.7622080679405521, 0.7653927813163482, 0.7685774946921444, 0.7696390658174098], "val_loss": [0.6944407820701599, 0.6982200145721436, 0.7073835730552673, 0.7063416242599487, 0.7043784856796265, 0.7096645832061768, 0.7076728940010071, 0.7053371071815491, 0.7012097835540771, 0.7038571834564209, 0.7055509686470032, 0.7000086307525635, 0.7002072930335999, 0.6950877904891968, 0.7021555304527283, 0.6869008541107178, 0.7028113007545471, 0.6723439693450928, 0.6670405864715576, 0.69391268491745, 0.6591503024101257, 0.6451811790466309, 0.6381688714027405, 0.6503780484199524, 0.6082869172096252, 0.6172608137130737, 0.6607571244239807, 0.6463625431060791, 0.5985386967658997, 0.5939878821372986, 0.6155167818069458, 0.632716715335846, 0.5921847820281982, 0.5856227874755859, 0.5962653756141663, 0.6361415982246399, 0.583385169506073, 0.5831901431083679, 0.5895301103591919, 0.5884581804275513, 0.5790281891822815, 0.6187108755111694, 0.587003231048584, 0.5837843418121338, 0.5944924354553223, 0.5999182462692261, 0.6225584745407104, 0.6755732893943787, 0.5807305574417114, 0.5780343413352966, 0.5928354263305664, 0.6654121279716492, 0.579436182975769, 0.6259740591049194, 0.5981501340866089, 0.5765906572341919, 0.5997596383094788, 0.5678492784500122, 0.5631754398345947, 0.5773250460624695, 0.6664884090423584, 0.5606651902198792, 0.5701863765716553, 0.5707640051841736, 0.6090521812438965, 0.5960984230041504, 0.6405869722366333, 0.5722600817680359, 0.5817839503288269, 0.5620532631874084, 0.5644146800041199, 0.6250270009040833, 0.5817848443984985, 0.5583431124687195, 0.6033029556274414, 0.5994871258735657, 0.5603719353675842, 0.6053494811058044, 0.7198604941368103, 0.552921712398529, 0.5536597967147827, 0.5674279928207397, 0.5794945955276489, 0.5693782567977905, 0.5705549716949463, 0.5614922046661377, 0.5608408451080322, 0.6920526027679443, 0.5931041240692139, 0.5659533143043518, 0.5650586485862732, 0.5504765510559082, 0.5957414507865906, 0.613405704498291, 0.559455394744873, 0.5509458184242249, 0.5670071840286255, 0.5739641785621643, 0.6046004891395569, 0.5638027191162109],