{"train_loss": [0.6905565708875656, 0.6835388019680977, 0.6789933070540428, 0.6816566735506058, 0.6808478459715843, 0.680558443069458, 0.6772459894418716, 0.6779565438628197, 0.6803062483668327, 0.6797172427177429, 0.678099699318409, 0.6716601550579071, 0.6578317210078239, 0.6453025639057159, 0.6423038318753242, 0.6298428326845169, 0.6144524589180946, 0.6042326986789703, 0.5870218686759472, 0.5924111008644104, 0.6071861237287521, 0.5949889793992043, 0.5894080847501755, 0.591948539018631, 0.5778200030326843, 0.5813770294189453, 0.5831762030720711, 0.5920559242367744, 0.5976249426603317, 0.5697750262916088, 0.5978020653128624, 0.5818140245974064, 0.5814368277788162, 0.5817508175969124, 0.5857275500893593, 0.5889101251959801, 0.5829070582985878, 0.5770594589412212, 0.5906168222427368, 0.5833947360515594, 0.5802844762802124, 0.6071099564433098, 0.5841310173273087, 0.5814252868294716, 0.5837357118725777, 0.5704126805067062, 0.5667651891708374, 0.5617554485797882, 0.5758617743849754, 0.5669979229569435, 0.5882125720381737, 0.576417438685894, 0.5838233605027199, 0.5698837116360664, 0.5792376436293125, 0.5686071664094925, 0.5687698125839233, 0.5686352998018265, 0.5862334966659546, 0.5957685634493828, 0.5700161531567574, 0.5627957656979561, 0.5729207620024681, 0.5733118951320648, 0.584190733730793, 0.5821850150823593, 0.5795259475708008, 0.5738980993628502, 0.557435542345047, 0.5782784223556519, 0.5739026144146919, 0.5595226585865021, 0.5749395340681076, 0.5689947381615639, 0.5727361813187599, 0.5619970969855785, 0.5492377951741219, 0.5526510253548622, 0.5483669340610504, 0.5559452883899212, 0.5532269924879074, 0.5552614480257034, 0.552259586751461, 0.5588572584092617, 0.5660921931266785, 0.5620005130767822, 0.5496862158179283, 0.5563138090074062, 0.5466110855340958, 0.5473571829497814, 0.5576882101595402, 0.5695635303854942, 0.5530938170850277, 0.5437425039708614, 0.536363810300827, 0.5438764318823814, 0.5436759442090988, 0.5339533500373363, 0.5439882539212704, 0.5321112349629402], "train_acc": [0.564755838641189, 0.5774946921443737, 0.5774946921443737, 0.5774946921443737, 0.5774946921443737, 0.5774946921443737, 0.5774946921443737, 0.5774946921443737, 0.5774946921443737, 0.5774946921443737, 0.5774946921443737, 0.5774946921443737, 0.5796178343949044, 0.6273885350318471, 0.6581740976645435, 0.6995753715498938, 0.6963906581740976, 0.7070063694267515, 0.6985138004246284, 0.7080679405520169, 0.6942675159235668, 0.7080679405520169, 0.7048832271762208, 0.7123142250530785, 0.7165605095541401, 0.7229299363057324, 0.7261146496815286, 0.7091295116772823, 0.6932059447983014, 0.721868365180467, 0.7059447983014862, 0.7070063694267515, 0.721868365180467, 0.7208067940552016, 0.7176220806794055, 0.70276008492569, 0.7250530785562632, 0.7123142250530785, 0.7208067940552016, 0.7186836518046709, 0.7165605095541401, 0.6953290870488322, 0.721868365180467, 0.7070063694267515, 0.7197452229299363, 0.721868365180467, 0.7208067940552016, 0.7239915074309978, 0.7186836518046709, 0.727176220806794, 0.7239915074309978, 0.7154989384288747, 0.7006369426751592, 0.727176220806794, 0.7261146496815286, 0.7367303609341825, 0.7314225053078556, 0.7229299363057324, 0.7144373673036093, 0.70276008492569, 0.7292993630573248, 0.7335456475583864, 0.7261146496815286, 0.7335456475583864, 0.721868365180467, 0.7070063694267515, 0.7250530785562632, 0.7229299363057324, 0.7261146496815286, 0.7303609341825902, 0.7154989384288747, 0.7420382165605095, 0.7165605095541401, 0.7314225053078556, 0.7292993630573248, 0.7314225053078556, 0.7367303609341825, 0.7441613588110403, 0.7452229299363057, 0.7388535031847133, 0.7356687898089171, 0.7303609341825902, 0.7430997876857749, 0.7377919320594479, 0.7133757961783439, 0.7250530785562632, 0.7314225053078556, 0.7346072186836518, 0.7388535031847133, 0.732484076433121, 0.727176220806794, 0.7016985138004246, 0.727176220806794, 0.7346072186836518, 0.7462845010615711, 0.7420382165605095, 0.7441613588110403, 0.7590233545647559, 0.7452229299363057, 0.7494692144373672], "val_loss": [0.6808601021766663, 0.6798361539840698, 0.6802321076393127, 0.6796693205833435, 0.6795310378074646, 0.679390013217926, 0.6793297529220581, 0.6784999966621399, 0.6774855852127075, 0.6770877242088318, 0.6706085801124573, 0.6566789150238037, 0.6377403736114502, 0.6306060552597046, 0.607606828212738, 0.5989025831222534, 0.5660659074783325, 0.5600350499153137, 0.5575616955757141, 0.5970451235771179, 0.5746240615844727, 0.5725706219673157, 0.5595207810401917, 0.5550974607467651, 0.5589163899421692, 0.5590711832046509, 0.5795531272888184, 0.6113858819007874, 0.5630462765693665, 0.5735819339752197, 0.5660706758499146, 0.5638890862464905, 0.562413215637207, 0.5600647926330566, 0.5570589303970337, 0.5925465822219849, 0.5668717622756958, 0.5753296613693237, 0.5734379887580872, 0.5612305402755737, 0.5924862623214722, 0.5632839798927307, 0.5654447674751282, 0.5759595632553101, 0.564616322517395, 0.5589709877967834, 0.5558282732963562, 0.565153181552887, 0.5591127276420593, 0.554082989692688, 0.5605107545852661, 0.5581997632980347, 0.568325400352478, 0.5734533071517944, 0.5553216934204102, 0.5542325377464294, 0.5562655329704285, 0.5758301615715027, 0.5586817860603333, 0.5579966902732849, 0.5590972304344177, 0.5580400228500366, 0.551804780960083, 0.5520527958869934, 0.5617702007293701, 0.5797253847122192, 0.5606237649917603, 0.5639633536338806, 0.5743687152862549, 0.5573059320449829, 0.5630472898483276, 0.5675133466720581, 0.5508136749267578, 0.5567736625671387, 0.5526829361915588, 0.5490036010742188, 0.5551117062568665, 0.5471282005310059, 0.5503979325294495, 0.5435969829559326, 0.5434366464614868, 0.5424922108650208, 0.5418892502784729, 0.5443588495254517, 0.546875, 0.5771114230155945, 0.5531367659568787, 0.5444832444190979, 0.5536201596260071, 0.5585601925849915, 0.6342625021934509, 0.5428135395050049, 0.5629072785377502, 0.5400677919387817, 0.556925892829895, 0.56087726354599, 0.5495625138282776, 0.5369609594345093, 0.5354340672492981, 0.5389378070831299], "val_acc": [0.5811965811965812, 0.5811965811965812, 0.5811965811965812, 0.5811965811965812, 0.5811965811965812, 0.5811965811965812, 0.5811965811965812, 0.5811965811965812, 0.5811965811965812, 0.5811965811965812, 0.5811965811965812, 0.5811965811965812, 0.6324786324786325, 0.6068376068376068, 0.7435897435897436, 0.6581196581196581, 0.717948717948718, 0.7435897435897436, 0.7350427350427351, 0.6153846153846154, 0.6837606837606838, 0.7094017094017094, 0.7350427350427351, 0.7094017094017094, 0.7350427350427351, 0.7435897435897436, 0.6837606837606838, 0.6410256410256411, 0.7264957264957265, 0.717948717948718, 0.7264957264957265, 0.7350427350427351, 0.7350427350427351, 0.7350427350427351, 0.717948717948718, 0.717948717948718, 0.7264957264957265, 0.7094017094017094, 0.717948717948718, 0.717948717948718, 0.6752136752136753, 0.7008547008547008, 0.7350427350427351, 0.717948717948718, 0.7350427350427351, 0.7094017094017094, 0.717948717948718, 0.7350427350427351, 0.7350427350427351, 0.7094017094017094, 0.717948717948718, 0.7350427350427351, 0.717948717948718, 0.7094017094017094, 0.7094017094017094, 0.7264957264957265, 0.717948717948718, 0.7094017094017094, 0.7264957264957265, 0.717948717948718, 0.717948717948718, 0.7264957264957265, 0.717948717948718, 0.7264957264957265, 0.7264957264957265, 0.717948717948718, 0.7521367521367521, 0.7264957264957265, 0.717948717948718, 0.7521367521367521, 0.7264957264957265, 0.7094017094017094, 0.7435897435897436, 0.7264957264957265, 0.7435897435897436, 0.7350427350427351, 0.7350427350427351, 0.7435897435897436, 0.7350427350427351, 0.7606837606837606, 0.7435897435897436, 0.7435897435897436, 0.7606837606837606, 0.7521367521367521, 0.7435897435897436, 0.7008547008547008, 0.7264957264957265, 0.7350427350427351, 0.7264957264957265, 0.7264957264957265, 0.6068376068376068, 0.7350427350427351, 0.7094017094017094, 0.7521367521367521, 0.7350427350427351, 0.717948717948718, 0.7350427350427351, 0.7264957264957265, 0.7264957264957265, 0.7264957264957265]}