{"train_loss": [0.6915730535984039, 0.6764049604535103, 0.6765413880348206, 0.6752073615789413, 0.6770926937460899, 0.6754094883799553, 0.6778424456715584, 0.6766472905874252, 0.6769364699721336, 0.6757251098752022, 0.6783016622066498, 0.6711155250668526, 0.6687958762049675, 0.6572353094816208, 0.6580928638577461, 0.6529429331421852, 0.6466131657361984, 0.6370917409658432, 0.6275722905993462, 0.6139794811606407, 0.6142743229866028, 0.6208802908658981, 0.6134906485676765, 0.6119982823729515, 0.5932674258947372, 0.5987874642014503, 0.5944953858852386, 0.5970117896795273, 0.5927603244781494, 0.5920655429363251, 0.5861440375447273, 0.5881206095218658, 0.593591645359993, 0.6102631166577339, 0.5905836597084999, 0.5859936997294426, 0.5735189765691757, 0.581063374876976, 0.585549533367157, 0.5830668658018112, 0.5764883235096931, 0.5825282447040081, 0.6133465021848679, 0.6191060766577721, 0.6094309985637665, 0.5982961803674698, 0.5926453843712807, 0.5861772820353508, 0.5938236638903618, 0.5848130360245705, 0.5709664262831211, 0.5903519988059998, 0.5788230299949646, 0.5801612287759781, 0.5940823256969452, 0.5806743465363979, 0.5802810117602348, 0.5883452594280243, 0.5776754766702652, 0.5748637616634369, 0.5860008597373962, 0.5858232006430626, 0.5768684148788452, 0.5717385485768318, 0.5686656199395657, 0.5737813860177994, 0.5857670903205872, 0.5884078741073608, 0.5809792131185532, 0.5864449590444565, 0.5882485434412956, 0.5801414325833321, 0.5748666152358055, 0.5788101479411125, 0.5656783804297447, 0.5671681836247444, 0.5707104727625847, 0.5730164423584938, 0.5677414983510971, 0.5656720772385597, 0.5753680616617203, 0.5619233474135399, 0.5722328647971153, 0.5835391879081726, 0.5929050743579865, 0.5926631689071655, 0.5782092586159706, 0.5843180269002914, 0.5849303603172302, 0.5719111822545528, 0.5917372331023216, 0.5782376676797867, 0.5911238268017769, 0.5738431140780449, 0.5737837478518486, 0.5615023709833622, 0.569866880774498, 0.5756896622478962, 0.5479959361255169, 0.5715988427400589], "train_acc": [0.49469214437367304, 0.5870488322717622, 0.5870488322717622, 0.5870488322717622, 0.5870488322717622, 0.5870488322717622, 0.5870488322717622, 0.5870488322717622, 0.5870488322717622, 0.5870488322717622, 0.5870488322717622, 0.5870488322717622, 0.5870488322717622, 0.5870488322717622, 0.5923566878980892, 0.5997876857749469, 0.6698513800424628, 0.6560509554140127, 0.6857749469214437, 0.6942675159235668, 0.697452229299363, 0.692144373673036, 0.6794055201698513, 0.6953290870488322, 0.7165605095541401, 0.7070063694267515, 0.7154989384288747, 0.7239915074309978, 0.7154989384288747, 0.7186836518046709, 0.7112526539278131, 0.7282377919320594, 0.732484076433121, 0.7282377919320594, 0.6985138004246284, 0.721868365180467, 0.7303609341825902, 0.7335456475583864, 0.7208067940552016, 0.7197452229299363, 0.7250530785562632, 0.7016985138004246, 0.6985138004246284, 0.6698513800424628, 0.6889596602972399, 0.7059447983014862, 0.7091295116772823, 0.7282377919320594, 0.70276008492569, 0.70276008492569, 0.7303609341825902, 0.7261146496815286, 0.7197452229299363, 0.7282377919320594, 0.7165605095541401, 0.7154989384288747, 0.7070063694267515, 0.7197452229299363, 0.727176220806794, 0.7186836518046709, 0.7335456475583864, 0.7186836518046709, 0.7250530785562632, 0.7303609341825902, 0.7367303609341825, 0.7250530785562632, 0.7197452229299363, 0.7197452229299363, 0.7292993630573248, 0.7186836518046709, 0.7091295116772823, 0.7208067940552016, 0.7346072186836518, 0.7250530785562632, 0.7282377919320594, 0.7335456475583864, 0.7367303609341825, 0.7250530785562632, 0.7346072186836518, 0.7335456475583864, 0.732484076433121, 0.7388535031847133, 0.732484076433121, 0.7059447983014862, 0.7038216560509554, 0.6985138004246284, 0.7282377919320594, 0.7292993630573248, 0.70276008492569, 0.697452229299363, 0.697452229299363, 0.6868365180467091, 0.7154989384288747, 0.7133757961783439, 0.7261146496815286, 0.7314225053078556, 0.7377919320594479, 0.7399150743099787, 0.7409766454352441, 0.7335456475583864], "val_loss": [0.673926591873169, 0.6668664813041687, 0.6683146357536316, 0.6688157320022583, 0.6680737733840942, 0.6678369045257568, 0.6668985486030579, 0.6675835251808167, 0.6661161780357361, 0.6653961539268494, 0.6623903512954712, 0.6628358364105225, 0.6505616307258606, 0.6419625282287598, 0.637852668762207, 0.6304856538772583, 0.6214068531990051, 0.6118592023849487, 0.6166259050369263, 0.5980631709098816, 0.6231356859207153, 0.5984355807304382, 0.5955793857574463, 0.5790672898292542, 0.5825909376144409, 0.575853705406189, 0.5913479328155518, 0.5801120400428772, 0.5664284825325012, 0.5587500929832458, 0.5580728650093079, 0.5522011518478394, 0.5501526594161987, 0.54864901304245, 0.5594578385353088, 0.563439667224884, 0.5477567911148071, 0.5421437621116638, 0.5471864938735962, 0.5492356419563293, 0.5408539772033691, 0.5414538383483887, 0.6277026534080505, 0.5579335689544678, 0.5649816989898682, 0.5738122463226318, 0.5549502372741699, 0.5571084022521973, 0.5698189735412598, 0.5486899018287659, 0.5439475774765015, 0.547045111656189, 0.5411410927772522, 0.5438729524612427, 0.5505143404006958, 0.5431374311447144, 0.5421583652496338, 0.5579845309257507, 0.543708324432373, 0.5405958294868469, 0.555527925491333, 0.54118812084198, 0.5406127572059631, 0.5412651300430298, 0.5397852659225464, 0.5416074395179749, 0.5400097370147705, 0.5494673848152161, 0.553643524646759, 0.5499370098114014, 0.5437066555023193, 0.542029857635498, 0.54524165391922, 0.5411545634269714, 0.5374880433082581, 0.5500493049621582, 0.5370038151741028, 0.537137508392334, 0.5371420383453369, 0.5371134877204895, 0.5362199544906616, 0.5382764935493469, 0.5761421322822571, 0.5745906829833984, 0.5402526259422302, 0.5496180057525635, 0.5441063046455383, 0.5721330046653748, 0.5530871748924255, 0.5465361475944519, 0.6113588213920593, 0.6059728264808655, 0.584699273109436, 0.5468658208847046, 0.5424951910972595, 0.5387323498725891, 0.5362626910209656, 0.5348184108734131, 0.5471823811531067, 0.5376947522163391],