{"train_loss": [0.6842641606926918, 0.6774613708257675, 0.6778415367007256, 0.6758652478456497, 0.6722198203206062, 0.6754315942525864, 0.6742675304412842, 0.6773064881563187, 0.674089327454567, 0.6738770753145218, 0.6763730421662331, 0.6738869920372963, 0.6712786182761192, 0.6692716926336288, 0.6700772196054459, 0.6583250910043716, 0.6428202092647552, 0.6391929909586906, 0.6327470019459724, 0.609990306198597, 0.6015842482447624, 0.6057403013110161, 0.6084757447242737, 0.6255172789096832, 0.6060725748538971, 0.5969981923699379, 0.6007003635168076, 0.592547319829464, 0.5891567803919315, 0.5872865989804268, 0.594863273203373, 0.5879247039556503, 0.5819928273558617, 0.5845462009310722, 0.5777256786823273, 0.585911825299263, 0.5841723792254925, 0.5762488842010498, 0.5800480097532272, 0.5699889361858368, 0.5795387774705887, 0.5837356895208359, 0.585930697619915, 0.5716324374079704, 0.5831731259822845, 0.5757108852267265, 0.5707143917679787, 0.5660109966993332, 0.5741419121623039, 0.5760761573910713, 0.5803164057433605, 0.5640970095992088, 0.5862087979912758, 0.5571875721216202, 0.578132301568985, 0.5692749917507172, 0.5578232742846012, 0.5672139935195446, 0.5644778832793236, 0.5731027722358704, 0.5593864880502224, 0.5802373886108398, 0.5785823538899422, 0.5829804241657257, 0.5674736872315407, 0.5827230736613274, 0.5705419406294823, 0.5842708498239517, 0.5732101276516914, 0.5676306113600731, 0.582203172147274, 0.5734789445996284, 0.5769294649362564, 0.5758803263306618, 0.5496947318315506, 0.5774548202753067, 0.5549094267189503, 0.5668381452560425, 0.5858534909784794, 0.5795515701174736, 0.5836582183837891, 0.5888667479157448, 0.5664691105484962, 0.5655089840292931, 0.5651624500751495, 0.5579632073640823, 0.5776537135243416, 0.5717654898762703, 0.5667905919253826, 0.5568653494119644, 0.5679791942238808, 0.558288037776947, 0.5612821169197559, 0.5631137564778328, 0.564379520714283, 0.552898071706295, 0.5473672747612, 0.5470929779112339, 0.5564867630600929, 0.5447116084396839], "train_acc": [0.5934182590233545, 0.5934182590233545, 0.5934182590233545, 0.5934182590233545, 0.5934182590233545, 0.5934182590233545, 0.5934182590233545, 0.5934182590233545, 0.5934182590233545, 0.5934182590233545, 0.5934182590233545, 0.5934182590233545, 0.5934182590233545, 0.5934182590233545, 0.5934182590233545, 0.6093418259023354, 0.5987261146496815, 0.6624203821656051, 0.6539278131634819, 0.7080679405520169, 0.7070063694267515, 0.6953290870488322, 0.6995753715498938, 0.6847133757961783, 0.6932059447983014, 0.7101910828025477, 0.7091295116772823, 0.7208067940552016, 0.7208067940552016, 0.7091295116772823, 0.7091295116772823, 0.732484076433121, 0.7197452229299363, 0.721868365180467, 0.7176220806794055, 0.7176220806794055, 0.721868365180467, 0.732484076433121, 0.7154989384288747, 0.7335456475583864, 0.7346072186836518, 0.7197452229299363, 0.732484076433121, 0.727176220806794, 0.7388535031847133, 0.7367303609341825, 0.7186836518046709, 0.7250530785562632, 0.7314225053078556, 0.7292993630573248, 0.7250530785562632, 0.7377919320594479, 0.727176220806794, 0.7399150743099787, 0.7239915074309978, 0.7314225053078556, 0.7346072186836518, 0.7261146496815286, 0.7356687898089171, 0.7430997876857749, 0.7388535031847133, 0.7239915074309978, 0.727176220806794, 0.7346072186836518, 0.7250530785562632, 0.727176220806794, 0.7377919320594479, 0.7112526539278131, 0.7356687898089171, 0.7356687898089171, 0.7441613588110403, 0.7377919320594479, 0.7346072186836518, 0.7133757961783439, 0.7282377919320594, 0.7186836518046709, 0.7399150743099787, 0.7208067940552016, 0.697452229299363, 0.7208067940552016, 0.6932059447983014, 0.7186836518046709, 0.7261146496815286, 0.7441613588110403, 0.7388535031847133, 0.7335456475583864, 0.7208067940552016, 0.7292993630573248, 0.7197452229299363, 0.7409766454352441, 0.7399150743099787, 0.7409766454352441, 0.7484076433121019, 0.7505307855626328, 0.7314225053078556, 0.7462845010615711, 0.7409766454352441, 0.7409766454352441, 0.7547770700636943, 0.7367303609341825], "val_loss": [0.697810709476471, 0.7095746994018555, 0.7030942440032959, 0.6995360255241394, 0.7021163702011108, 0.7119411826133728, 0.7063361406326294, 0.7037947177886963, 0.7011529207229614, 0.7046944499015808, 0.7076970934867859, 0.7015427350997925, 0.7018057703971863, 0.6920206546783447, 0.7046105861663818, 0.6767717003822327, 0.6756542921066284, 0.6940273642539978, 0.6378970146179199, 0.6270923614501953, 0.6338933706283569, 0.67923903465271, 0.6935684084892273, 0.6056375503540039, 0.6117499470710754, 0.6356098055839539, 0.6009907722473145, 0.6123685836791992, 0.5923690795898438, 0.5899657011032104, 0.6103808283805847, 0.6310746073722839, 0.5977022647857666, 0.5872475504875183, 0.601947546005249, 0.6290372014045715, 0.5877712368965149, 0.5865462422370911, 0.5932764410972595, 0.592727780342102, 0.5860607028007507, 0.6324198842048645, 0.6028897762298584, 0.5908785462379456, 0.600485622882843, 0.6101856231689453, 0.6243726015090942, 0.646182119846344, 0.5894083976745605, 0.5888275504112244, 0.6079186797142029, 0.660638153553009, 0.5923450589179993, 0.634787380695343, 0.5980826020240784, 0.5881269574165344, 0.6188475489616394, 0.5906268954277039, 0.5855521559715271, 0.6030905246734619, 0.6653137803077698, 0.5881605744361877, 0.6110057234764099, 0.6061538457870483, 0.5928295850753784, 0.5945100784301758, 0.649596631526947, 0.5966686010360718, 0.6134465336799622, 0.5849794149398804, 0.592018187046051, 0.652052640914917, 0.5911607146263123, 0.5870707631111145, 0.6478608846664429, 0.5897553563117981, 0.5874001383781433, 0.6914001703262329, 0.6257590651512146, 0.5955550074577332, 0.6657590270042419, 0.5898890495300293, 0.6085935235023499, 0.606019914150238, 0.5929745435714722, 0.5875066518783569, 0.6672857999801636, 0.6219283938407898, 0.5859745740890503, 0.621985137462616, 0.5955637097358704, 0.584262490272522, 0.6307359337806702, 0.5961095690727234, 0.5839661359786987, 0.604187548160553, 0.604400634765625, 0.5903055667877197, 0.6030969619750977, 0.5922077894210815],