{"train_loss": [0.7002567797899246, 0.6910779699683189, 0.6792827919125557, 0.682495191693306, 0.6800196543335915, 0.6801996529102325, 0.6762640997767448, 0.6767149493098259, 0.6782495900988579, 0.67782973498106, 0.6761689111590385, 0.6733362004160881, 0.6661869138479233, 0.6615760028362274, 0.6584179997444153, 0.6621808707714081, 0.6484639495611191, 0.6422409415245056, 0.633575364947319, 0.6348849833011627, 0.6397765278816223, 0.6296676769852638, 0.6131836622953415, 0.6058649122714996, 0.5914891287684441, 0.5889037996530533, 0.584921732544899, 0.5853647738695145, 0.5845763981342316, 0.5796687826514244, 0.6099795550107956, 0.5971098020672798, 0.5833741426467896, 0.5853320136666298, 0.5833505988121033, 0.5776185616850853, 0.5730626285076141, 0.5716074891388416, 0.5822924375534058, 0.5737040862441063, 0.5777093544602394, 0.5956548750400543, 0.578024260699749, 0.5753734186291695, 0.5737435817718506, 0.5679707676172256, 0.5638167262077332, 0.5564588606357574, 0.567230336368084, 0.5669747404754162, 0.5837522223591805, 0.5712284818291664, 0.5827729254961014, 0.56622264534235, 0.565140537917614, 0.5608743280172348, 0.561895065009594, 0.5547463968396187, 0.5794768184423447, 0.5870304107666016, 0.5618820339441299, 0.5532803758978844, 0.5648746192455292, 0.5650161541998386, 0.5753612965345383, 0.5739223584532738, 0.5613286644220352, 0.562438115477562, 0.5472788214683533, 0.5611520260572433, 0.5647493414580822, 0.5491705499589443, 0.5608915910124779, 0.5615042299032211, 0.5648920014500618, 0.5541899092495441, 0.5428603664040565, 0.544282540678978, 0.5414731577038765, 0.5425012521445751, 0.5542822107672691, 0.5493042767047882, 0.5484433621168137, 0.5488521307706833, 0.5560737177729607, 0.557162594050169, 0.5448665842413902, 0.5550872720777988, 0.5497767888009548, 0.5434478670358658, 0.5573731139302254, 0.5547916479408741, 0.556711956858635, 0.5548320189118385, 0.5338363498449326, 0.5490094944834709, 0.5476615726947784, 0.5301388688385487, 0.5400711819529533, 0.528615191578865], "train_acc": [0.42250530785562634, 0.5371549893842887, 0.5774946921443737, 0.5774946921443737, 0.5774946921443737, 0.5774946921443737, 0.5774946921443737, 0.5774946921443737, 0.5774946921443737, 0.5774946921443737, 0.5774946921443737, 0.5774946921443737, 0.5774946921443737, 0.5796178343949044, 0.5806794055201698, 0.648619957537155, 0.6348195329087049, 0.638004246284501, 0.6539278131634819, 0.6507430997876857, 0.6528662420382165, 0.6804670912951167, 0.70276008492569, 0.7154989384288747, 0.727176220806794, 0.7197452229299363, 0.7144373673036093, 0.721868365180467, 0.7070063694267515, 0.7038216560509554, 0.6942675159235668, 0.6985138004246284, 0.721868365180467, 0.7112526539278131, 0.7346072186836518, 0.721868365180467, 0.7282377919320594, 0.7123142250530785, 0.732484076433121, 0.7176220806794055, 0.7165605095541401, 0.7112526539278131, 0.7112526539278131, 0.7229299363057324, 0.727176220806794, 0.7388535031847133, 0.727176220806794, 0.732484076433121, 0.7314225053078556, 0.7250530785562632, 0.7186836518046709, 0.7335456475583864, 0.6942675159235668, 0.7335456475583864, 0.7261146496815286, 0.7356687898089171, 0.7430997876857749, 0.7335456475583864, 0.7292993630573248, 0.7197452229299363, 0.7314225053078556, 0.7409766454352441, 0.7377919320594479, 0.7356687898089171, 0.7282377919320594, 0.7059447983014862, 0.7314225053078556, 0.732484076433121, 0.7346072186836518, 0.7367303609341825, 0.7399150743099787, 0.7441613588110403, 0.7388535031847133, 0.7388535031847133, 0.7441613588110403, 0.7452229299363057, 0.7430997876857749, 0.7473460721868365, 0.7653927813163482, 0.732484076433121, 0.7484076433121019, 0.7484076433121019, 0.7537154989384289, 0.7430997876857749, 0.7208067940552016, 0.7388535031847133, 0.7335456475583864, 0.7356687898089171, 0.7356687898089171, 0.7409766454352441, 0.7335456475583864, 0.7144373673036093, 0.7208067940552016, 0.7101910828025477, 0.7452229299363057, 0.7229299363057324, 0.7452229299363057, 0.7441613588110403, 0.7441613588110403, 0.7452229299363057], "val_loss": [0.6941859722137451, 0.6826828718185425, 0.6799290776252747, 0.6790564060211182, 0.6788679957389832, 0.6782691478729248, 0.6774802803993225, 0.676936149597168, 0.6754657626152039, 0.6743703484535217, 0.671116828918457, 0.6660504937171936, 0.6580290794372559, 0.6464284062385559, 0.642892062664032, 0.6299554705619812, 0.6269164681434631, 0.6180269718170166, 0.6234673857688904, 0.6261486411094666, 0.6090959906578064, 0.5967977643013, 0.5838935375213623, 0.5648093819618225, 0.5534532070159912, 0.542283296585083, 0.5411816239356995, 0.5544958114624023, 0.5423409342765808, 0.5531327128410339, 0.5463159084320068, 0.563960075378418, 0.5513986349105835, 0.5497755408287048, 0.5454806685447693, 0.5541993379592896, 0.5457910895347595, 0.5544635653495789, 0.5425894856452942, 0.541888952255249, 0.5737857222557068, 0.5635306239128113, 0.5608524680137634, 0.5506320595741272, 0.5457324981689453, 0.5439923405647278, 0.543615460395813, 0.5483553409576416, 0.54055255651474, 0.5407907366752625, 0.5539907217025757, 0.5512182712554932, 0.5626211762428284, 0.5529332756996155, 0.5438305735588074, 0.5486863255500793, 0.5421339869499207, 0.5592865347862244, 0.5409824848175049, 0.5432813167572021, 0.5420276522636414, 0.5474705696105957, 0.5391796231269836, 0.5407692193984985, 0.547969400882721, 0.5633877515792847, 0.5432681441307068, 0.558741569519043, 0.5570327043533325, 0.5413089990615845, 0.5631177425384521, 0.5451792478561401, 0.5404743552207947, 0.5568745136260986, 0.5431479811668396, 0.5418720245361328, 0.5520423650741577, 0.5414462089538574, 0.5409780144691467, 0.5370244383811951, 0.5373733043670654, 0.5375859141349792, 0.5355053544044495, 0.5375031232833862, 0.5397962927818298, 0.5685506463050842, 0.5472251772880554, 0.5416231751441956, 0.5476409196853638, 0.5405007600784302, 0.5750811696052551, 0.5557694435119629, 0.5669693350791931, 0.5391234159469604, 0.5701438188552856, 0.5422810316085815, 0.5357734560966492, 0.5358834266662598, 0.5340819954872131, 0.5378291606903076],