{"train_loss": [0.6778650656342506, 0.6753078103065491, 0.6777611374855042, 0.676180973649025, 0.6753319948911667, 0.6767367646098137, 0.6788683012127876, 0.6753467544913292, 0.6763622909784317, 0.6782117560505867, 0.6784931793808937, 0.6767826676368713, 0.6750087738037109, 0.681747131049633, 0.6768174543976784, 0.6775839999318123, 0.6743775233626366, 0.6780666634440422, 0.6776344552636147, 0.6778653338551521, 0.6755752861499786, 0.6773534491658211, 0.6763579472899437, 0.6770508140325546, 0.6762020140886307, 0.676863431930542, 0.6742742955684662, 0.6746952757239342, 0.6755364760756493, 0.6783666089177132, 0.679540254175663, 0.6766688376665115, 0.6782155558466911, 0.6744782626628876, 0.6736273542046547, 0.6775114312767982, 0.6774937584996223, 0.6789946034550667, 0.677108496427536, 0.6805616989731789, 0.6795712634921074, 0.677202932536602, 0.678186222910881, 0.6729354932904243, 0.6801718771457672, 0.6794323474168777, 0.6761711537837982, 0.6793828383088112, 0.6786953210830688, 0.6769580245018005, 0.6739451289176941, 0.6768894791603088, 0.6762946918606758, 0.6768574863672256, 0.6756967529654503, 0.6761561334133148, 0.6792947798967361, 0.6835112348198891, 0.6791126728057861, 0.675666481256485, 0.6801423877477646, 0.6799720972776413, 0.67691370844841, 0.6759283393621445, 0.6774383708834648, 0.6781980991363525, 0.6765373423695564, 0.6749436631798744, 0.6776113659143448, 0.6814322397112846, 0.6779870837926865, 0.6775138080120087, 0.6763187199831009, 0.6774651184678078, 0.6769104674458504, 0.6794057935476303, 0.6801567822694778, 0.6783081144094467, 0.678120419383049, 0.6788483485579491, 0.6727964505553246, 0.6757373809814453, 0.6783418208360672, 0.6775184869766235, 0.6744212657213211, 0.6795468926429749, 0.6748747155070305, 0.6762479543685913, 0.6770271733403206, 0.6781638115644455, 0.6745269000530243, 0.68079824000597, 0.6751463264226913, 0.6767848432064056, 0.6757302507758141, 0.6786837726831436, 0.6781806498765945, 0.673682376742363, 0.6769357696175575, 0.6777389422059059], "train_acc": [0.5902335456475584, 0.5902335456475584, 0.5902335456475584, 0.5902335456475584, 0.5902335456475584, 0.5902335456475584, 0.5902335456475584, 0.5902335456475584, 0.5902335456475584, 0.5902335456475584, 0.5902335456475584, 0.5902335456475584, 0.5902335456475584, 0.5902335456475584, 0.5902335456475584, 0.5902335456475584, 0.5902335456475584, 0.5902335456475584, 0.5902335456475584, 0.5902335456475584, 0.5902335456475584, 0.5902335456475584, 0.5902335456475584, 0.5902335456475584, 0.5902335456475584, 0.5902335456475584, 0.5902335456475584, 0.5902335456475584, 0.5902335456475584, 0.5902335456475584, 0.5902335456475584, 0.5902335456475584, 0.5902335456475584, 0.5902335456475584, 0.5902335456475584, 0.5902335456475584, 0.5902335456475584, 0.5902335456475584, 0.5902335456475584, 0.5902335456475584, 0.5902335456475584, 0.5902335456475584, 0.5902335456475584, 0.5902335456475584, 0.5902335456475584, 0.5902335456475584, 0.5902335456475584, 0.5902335456475584, 0.5902335456475584, 0.5902335456475584, 0.5902335456475584, 0.5902335456475584, 0.5902335456475584, 0.5902335456475584, 0.5902335456475584, 0.5902335456475584, 0.5902335456475584, 0.5902335456475584, 0.5902335456475584, 0.5902335456475584, 0.5902335456475584, 0.5902335456475584, 0.5902335456475584, 0.5902335456475584, 0.5902335456475584, 0.5902335456475584, 0.5902335456475584, 0.5902335456475584, 0.5902335456475584, 0.5902335456475584, 0.5902335456475584, 0.5902335456475584, 0.5902335456475584, 0.5902335456475584, 0.5902335456475584, 0.5902335456475584, 0.5902335456475584, 0.5902335456475584, 0.5902335456475584, 0.5902335456475584, 0.5902335456475584, 0.5902335456475584, 0.5902335456475584, 0.5902335456475584, 0.5902335456475584, 0.5902335456475584, 0.5902335456475584, 0.5902335456475584, 0.5902335456475584, 0.5902335456475584, 0.5902335456475584, 0.5902335456475584, 0.5902335456475584, 0.5902335456475584, 0.5902335456475584, 0.5902335456475584, 0.5902335456475584, 0.5902335456475584, 0.5902335456475584, 0.5902335456475584], "val_loss": [0.6982669234275818, 0.7030190825462341, 0.6989330053329468, 0.6976413726806641, 0.6990635395050049, 0.6995789408683777, 0.6994317173957825, 0.6982254981994629, 0.698265790939331, 0.6990171074867249, 0.6981256604194641, 0.6981084942817688, 0.6989063620567322, 0.6997425556182861, 0.697054922580719, 0.6972781419754028, 0.6982373595237732, 0.6992117166519165, 0.6998693346977234, 0.6985334157943726, 0.698344886302948, 0.6989588737487793, 0.699738621711731, 0.6990116238594055, 0.6982236504554749, 0.6980758905410767, 0.6990354061126709, 0.7000353932380676, 0.7009885907173157, 0.7009541392326355, 0.6984599232673645, 0.6969468593597412, 0.6977619528770447, 0.6977677345275879, 0.699029803276062, 0.7001331448554993, 0.7004711031913757, 0.6999496221542358, 0.6976413130760193, 0.6975443363189697, 0.6971248984336853, 0.6967260241508484, 0.697027862071991, 0.6973615884780884, 0.6990594863891602, 0.6993462443351746, 0.6985687613487244, 0.6983328461647034, 0.6977698802947998, 0.6974208354949951, 0.697238564491272, 0.6985799074172974, 0.6988072395324707, 0.6988486647605896, 0.6992915868759155, 0.699511706829071, 0.6994397640228271, 0.6988956928253174, 0.6970540881156921, 0.696182370185852, 0.6969388723373413, 0.6969016194343567, 0.6969590783119202, 0.6977799534797668, 0.6981280446052551, 0.6980352401733398, 0.6979915499687195, 0.698434591293335, 0.6991439461708069, 0.6990827322006226, 0.6982243061065674, 0.6977658271789551, 0.6976137161254883, 0.6980007886886597, 0.6983663439750671, 0.6984111666679382, 0.6983851194381714, 0.6973874568939209, 0.6972153782844543, 0.6972706317901611, 0.6974173188209534, 0.6986854076385498, 0.6992089748382568, 0.6987981796264648, 0.6988518834114075, 0.6991655826568604, 0.6989962458610535, 0.698591947555542, 0.6988212466239929, 0.6987354755401611, 0.698265016078949, 0.698765218257904, 0.6980274319648743, 0.6981909871101379, 0.6984953880310059, 0.6984219551086426, 0.6987206935882568, 0.6985113024711609, 0.6991838216781616, 0.6995237469673157],