{"train_loss": [0.7035018801689148, 0.6901030391454697, 0.6773297861218452, 0.6773592457175255, 0.6770531982183456, 0.6746315360069275, 0.6767235025763512, 0.6756412461400032, 0.6743490397930145, 0.6734163016080856, 0.6739644408226013, 0.6655187606811523, 0.6609527766704559, 0.6439723074436188, 0.6460349932312965, 0.6398934051394463, 0.6340613588690758, 0.6286167874932289, 0.6166603043675423, 0.6112397164106369, 0.606427513062954, 0.6133487895131111, 0.5987385213375092, 0.6032739505171776, 0.5758844017982483, 0.5871805101633072, 0.5830550007522106, 0.5797630995512009, 0.5763095170259476, 0.580248236656189, 0.5716378763318062, 0.5767953619360924, 0.5790324434638023, 0.5889398865401745, 0.5688807368278503, 0.5644222646951675, 0.5512370802462101, 0.5661474987864494, 0.5533235035836697, 0.5497773736715317, 0.5490220859646797, 0.5497157461941242, 0.577550433576107, 0.5807399973273277, 0.5689013823866844, 0.5587845966219902, 0.5561873689293861, 0.5619942173361778, 0.5647987723350525, 0.5575381591916084, 0.5332465954124928, 0.5501741841435432, 0.528290368616581, 0.5437889881432056, 0.5442997738718987, 0.5457413457334042, 0.5336949415504932, 0.5338364318013191, 0.5128532275557518, 0.5209806337952614, 0.5316639989614487, 0.5354419052600861, 0.5201545245945454, 0.5125884898006916, 0.5042511001229286, 0.5118105039000511, 0.5128967761993408, 0.5202200785279274, 0.5150206722319126, 0.5006367228925228, 0.5097665190696716, 0.5183891616761684, 0.5150597989559174, 0.4997369982302189, 0.49358977004885674, 0.48879096284508705, 0.497211080044508, 0.48551643267273903, 0.47006039693951607, 0.4931998625397682, 0.46956754848361015, 0.47896406799554825, 0.48708604648709297, 0.4801165238022804, 0.48801587149500847, 0.4980642534792423, 0.4948269911110401, 0.48365041241049767, 0.47919560223817825, 0.47689059004187584, 0.4938304275274277, 0.4729255214333534, 0.5068079829216003, 0.4679145812988281, 0.4674111306667328, 0.4776424393057823, 0.4761591888964176, 0.4915465861558914, 0.4579238034784794, 0.47791212797164917], "train_acc": [0.4129511677282378, 0.5159235668789809, 0.5870488322717622, 0.5870488322717622, 0.5870488322717622, 0.5870488322717622, 0.5870488322717622, 0.5870488322717622, 0.5870488322717622, 0.5870488322717622, 0.5870488322717622, 0.5870488322717622, 0.5859872611464968, 0.5976645435244161, 0.6348195329087049, 0.6709129511677282, 0.6847133757961783, 0.7038216560509554, 0.7070063694267515, 0.6953290870488322, 0.7038216560509554, 0.7112526539278131, 0.692144373673036, 0.6932059447983014, 0.7186836518046709, 0.7144373673036093, 0.727176220806794, 0.7133757961783439, 0.7208067940552016, 0.7239915074309978, 0.7250530785562632, 0.7197452229299363, 0.7441613588110403, 0.7335456475583864, 0.7282377919320594, 0.7409766454352441, 0.7441613588110403, 0.7430997876857749, 0.7462845010615711, 0.7388535031847133, 0.7590233545647559, 0.7377919320594479, 0.721868365180467, 0.7080679405520169, 0.7346072186836518, 0.7420382165605095, 0.7346072186836518, 0.7494692144373672, 0.7197452229299363, 0.7441613588110403, 0.7664543524416136, 0.7526539278131635, 0.7569002123142251, 0.7590233545647559, 0.7494692144373672, 0.7250530785562632, 0.7462845010615711, 0.7505307855626328, 0.767515923566879, 0.7664543524416136, 0.767515923566879, 0.7622080679405521, 0.7622080679405521, 0.7643312101910829, 0.7600849256900213, 0.767515923566879, 0.7590233545647559, 0.7494692144373672, 0.7685774946921444, 0.7866242038216561, 0.7802547770700637, 0.7749469214437368, 0.7600849256900213, 0.778131634819533, 0.7876857749469215, 0.7770700636942676, 0.7696390658174098, 0.7940552016985138, 0.7887473460721869, 0.7813163481953291, 0.7983014861995754, 0.7823779193205945, 0.7823779193205945, 0.7738853503184714, 0.7600849256900213, 0.7898089171974523, 0.7685774946921444, 0.778131634819533, 0.7929936305732485, 0.7802547770700637, 0.7845010615711253, 0.7876857749469215, 0.7707006369426752, 0.7908704883227177, 0.8057324840764332, 0.7791932059447984, 0.7929936305732485, 0.7845010615711253, 0.7951167728237792, 0.7961783439490446], "val_loss": [0.6986344456672668, 0.677822470664978, 0.6666780710220337, 0.6664762496948242, 0.6689068675041199, 0.66754150390625, 0.6648093461990356, 0.6645281910896301, 0.6636431217193604, 0.6616132855415344, 0.6571254730224609, 0.65370774269104, 0.6423131227493286, 0.6345326900482178, 0.6214170455932617, 0.6172239780426025, 0.6079893112182617, 0.602240800857544, 0.6095709800720215, 0.5860036015510559, 0.5770562291145325, 0.5720000267028809, 0.5819315314292908, 0.5651025772094727, 0.5733413696289062, 0.5595693588256836, 0.5587778091430664, 0.5514665842056274, 0.5503572225570679, 0.5494682192802429, 0.5481306314468384, 0.540957510471344, 0.536088228225708, 0.5439640283584595, 0.5450387001037598, 0.5384225249290466, 0.5249773263931274, 0.5195732712745667, 0.5256478190422058, 0.5201224088668823, 0.5123467445373535, 0.5132917761802673, 0.573924720287323, 0.5234938859939575, 0.5445964336395264, 0.5416475534439087, 0.5188309550285339, 0.5117753148078918, 0.5517922639846802, 0.5241159796714783, 0.5092287063598633, 0.5036363005638123, 0.5006416440010071, 0.5012808442115784, 0.5133779644966125, 0.498654305934906, 0.5183209180831909, 0.4975069463253021, 0.49925875663757324, 0.4920557141304016, 0.5200658440589905, 0.4976346492767334, 0.488177627325058, 0.4866958558559418, 0.48686495423316956, 0.48785266280174255, 0.4842105209827423, 0.48912283778190613, 0.5178343653678894, 0.48735302686691284, 0.4921256899833679, 0.5452620983123779, 0.48312652111053467, 0.5015507340431213, 0.488341361284256, 0.4905916750431061, 0.4814700782299042, 0.483759343624115, 0.48807546496391296, 0.4782024621963501, 0.4784996807575226, 0.4788338541984558, 0.5020850300788879, 0.5070933699607849, 0.49206849932670593, 0.4889950454235077, 0.4856584370136261, 0.48947200179100037, 0.48969072103500366, 0.5228264927864075, 0.4959656596183777, 0.550678014755249, 0.4833654463291168, 0.48442333936691284, 0.48463672399520874, 0.48640176653862, 0.4850426912307739, 0.48590829968452454, 0.485206663608551, 0.48747164011001587],