{"train_loss": [0.6842571347951889, 0.6628414392471313, 0.6276116073131561, 0.6016265004873276, 0.5715263709425926, 0.6517252326011658, 0.627455934882164, 0.5837308093905449, 0.5993184670805931, 0.5940848737955093, 0.573026716709137, 0.5900046825408936, 0.5710588470101357, 0.5668676868081093, 0.5775452703237534, 0.5756582766771317, 0.5765887275338173, 0.5910618007183075, 0.5760533064603806, 0.5638351999223232, 0.5667108744382858, 0.5701080039143562, 0.5725680589675903, 0.5832562670111656, 0.5700503140687943, 0.5700023882091045, 0.5831876695156097, 0.5927901715040207, 0.5836391448974609, 0.5692874565720558, 0.5723090693354607, 0.5596289597451687, 0.5533185377717018, 0.5554054491221905, 0.563738189637661, 0.5635452717542648, 0.5582011677324772, 0.5600218921899796, 0.5691100656986237, 0.5519527047872543, 0.5539945513010025, 0.5586157962679863, 0.5675327070057392, 0.5550611168146133, 0.5668251551687717, 0.5603533014655113, 0.5435165874660015, 0.5412221401929855, 0.5405045114457607, 0.5470893681049347, 0.5605246461927891, 0.5355911701917648, 0.5660916864871979, 0.5553817190229893, 0.5656665675342083, 0.5616445690393448, 0.5468112230300903, 0.5416399762034416, 0.5578024946153164, 0.5565471649169922, 0.5474894493818283, 0.5512530654668808, 0.5608638152480125, 0.5541169866919518, 0.5569756925106049, 0.560413021594286, 0.5527416616678238, 0.5553167723119259, 0.5567141696810722, 0.5424340814352036, 0.5460209548473358, 0.5379557572305202, 0.5401248037815094, 0.544994980096817, 0.5371556840837002, 0.5442553162574768, 0.5344480611383915, 0.5515261739492416, 0.5282484069466591, 0.5387910790741444, 0.5434593483805656, 0.5344873480498791, 0.5324000790715218, 0.5410280339419842, 0.5461986064910889, 0.5345599763095379, 0.5733639560639858, 0.5526453442871571, 0.5576683469116688, 0.5539240352809429, 0.5486989580094814, 0.5555792599916458, 0.5416547358036041, 0.5657265558838844, 0.5507511422038078, 0.5306207202374935, 0.5270594730973244, 0.5175485759973526, 0.5341854058206081, 0.5267913714051247], "train_acc": [0.5997876857749469, 0.5976645435244161, 0.7101910828025477, 0.7165605095541401, 0.7144373673036093, 0.6496815286624203, 0.648619957537155, 0.7123142250530785, 0.7250530785562632, 0.7112526539278131, 0.727176220806794, 0.7388535031847133, 0.7377919320594479, 0.7282377919320594, 0.7346072186836518, 0.7335456475583864, 0.727176220806794, 0.7144373673036093, 0.727176220806794, 0.7261146496815286, 0.7409766454352441, 0.7303609341825902, 0.7292993630573248, 0.7144373673036093, 0.7154989384288747, 0.7229299363057324, 0.7154989384288747, 0.7250530785562632, 0.7059447983014862, 0.7346072186836518, 0.7335456475583864, 0.7441613588110403, 0.7409766454352441, 0.7399150743099787, 0.7335456475583864, 0.7314225053078556, 0.7250530785562632, 0.7208067940552016, 0.7462845010615711, 0.7346072186836518, 0.7346072186836518, 0.7388535031847133, 0.7292993630573248, 0.7367303609341825, 0.7452229299363057, 0.7494692144373672, 0.7409766454352441, 0.7430997876857749, 0.7441613588110403, 0.7346072186836518, 0.7356687898089171, 0.7494692144373672, 0.732484076433121, 0.7505307855626328, 0.7303609341825902, 0.7292993630573248, 0.732484076433121, 0.7430997876857749, 0.7452229299363057, 0.7356687898089171, 0.7239915074309978, 0.7367303609341825, 0.7367303609341825, 0.7430997876857749, 0.7505307855626328, 0.7505307855626328, 0.7430997876857749, 0.732484076433121, 0.7473460721868365, 0.7494692144373672, 0.7484076433121019, 0.7569002123142251, 0.7558386411889597, 0.7579617834394905, 0.7420382165605095, 0.7399150743099787, 0.7484076433121019, 0.732484076433121, 0.7462845010615711, 0.7409766454352441, 0.7420382165605095, 0.7579617834394905, 0.7622080679405521, 0.7579617834394905, 0.7409766454352441, 0.7441613588110403, 0.7101910828025477, 0.7250530785562632, 0.7229299363057324, 0.7261146496815286, 0.7547770700636943, 0.732484076433121, 0.7515923566878981, 0.7409766454352441, 0.7356687898089171, 0.7579617834394905, 0.7547770700636943, 0.7537154989384289, 0.7558386411889597, 0.7547770700636943], "val_loss": [0.6859184503555298, 0.6579340100288391, 0.6042174100875854, 0.607687771320343, 0.8705374002456665, 0.6605132818222046, 0.6864348649978638, 0.5920327305793762, 0.6099839210510254, 0.5901966691017151, 0.5728972554206848, 0.5972976684570312, 0.611461877822876, 0.6025948524475098, 0.6236595511436462, 0.6090624928474426, 0.6455489993095398, 0.5985061526298523, 0.576560378074646, 0.6049716472625732, 0.6638768315315247, 0.6238877177238464, 0.6302844882011414, 0.5986292958259583, 0.5852246284484863, 0.6287771463394165, 0.6843165159225464, 0.6031440496444702, 0.599804162979126, 0.6300088167190552, 0.5972539186477661, 0.6147969365119934, 0.6078051924705505, 0.6045820713043213, 0.616944432258606, 0.6375037431716919, 0.5993655323982239, 0.5965731739997864, 0.6261471509933472, 0.6137473583221436, 0.6096333265304565, 0.6761119961738586, 0.6231494545936584, 0.6239240765571594, 0.6342962384223938, 0.6406228542327881, 0.6237666010856628, 0.6399725079536438, 0.6519027948379517, 0.6450307369232178, 0.6286448240280151, 0.6753787994384766, 0.6363610029220581, 0.6559130549430847, 0.7031668424606323, 0.6105963587760925, 0.6422730088233948, 0.615719735622406, 0.6376254558563232, 0.6688716411590576, 0.6657076478004456, 0.6214960217475891, 0.6403046250343323, 0.6388125419616699, 0.6308103799819946, 0.655055820941925, 0.6707155108451843, 0.6295760869979858, 0.6554087400436401, 0.6155990362167358, 0.6380259990692139, 0.6580379605293274, 0.6752511858940125, 0.6543077230453491, 0.6451041102409363, 0.6452427506446838, 0.6300143003463745, 0.644136369228363, 0.6923421025276184, 0.6308067440986633, 0.6313815116882324, 0.6415467858314514, 0.7131263613700867, 0.656063437461853, 0.6496585011482239, 0.669918417930603, 0.6655077934265137, 0.6742026209831238, 0.6160915493965149, 0.6407644748687744, 0.6851472854614258, 0.6114113926887512, 0.7045560479164124, 0.6156240701675415, 0.6297662854194641, 0.6642631888389587, 0.6356145739555359, 0.6415411829948425, 0.6826536655426025, 0.6503678560256958],