{"train_loss": [0.7004291117191315, 0.6923491209745407, 0.6811682879924774, 0.6837918534874916, 0.6808505058288574, 0.6808888763189316, 0.677218459546566, 0.6776687428355217, 0.6792372763156891, 0.6786208599805832, 0.6775780841708183, 0.6745167672634125, 0.6658211648464203, 0.6608159467577934, 0.6544525027275085, 0.6617841348052025, 0.6443613097071648, 0.635695680975914, 0.6280720308423042, 0.6260828226804733, 0.6374843642115593, 0.6261129900813103, 0.6045728400349617, 0.6033660620450974, 0.5773228071630001, 0.5800113826990128, 0.5808362737298012, 0.5828016623854637, 0.5798679515719414, 0.5621389411389828, 0.5735084787011147, 0.5719889737665653, 0.5904154255986214, 0.5768299996852875, 0.5766741558909416, 0.5833854824304581, 0.5751605704426765, 0.5669994093477726, 0.5802465118467808, 0.5902158319950104, 0.5864262804389, 0.5817794874310493, 0.5709117278456688, 0.5570483058691025, 0.5767180919647217, 0.5588107481598854, 0.5487802103161812, 0.5455228835344315, 0.5597970709204674, 0.5507481135427952, 0.5695479102432728, 0.5649995505809784, 0.5666859000921249, 0.5503438785672188, 0.5532435514032841, 0.5541159808635712, 0.5440796054899693, 0.5417658686637878, 0.559862781316042, 0.5725822523236275, 0.5527166873216629, 0.5454357042908669, 0.5444004572927952, 0.5462288819253445, 0.5637186877429485, 0.5637771189212799, 0.5500991716980934, 0.5424360819160938, 0.5320498421788216, 0.5413137227296829, 0.5485064350068569, 0.5301983691751957, 0.5357088297605515, 0.5354579351842403, 0.5460268445312977, 0.524925958365202, 0.520270612090826, 0.5118424780666828, 0.5213195607066154, 0.5287231057882309, 0.5211867392063141, 0.5129359178245068, 0.5211667567491531, 0.5127009823918343, 0.5081128664314747, 0.5096078366041183, 0.4989929050207138, 0.508164320141077, 0.5116163268685341, 0.48647790402173996, 0.5030207484960556, 0.5259937159717083, 0.4862220287322998, 0.481451366096735, 0.4840148128569126, 0.48382219299674034, 0.4698774926364422, 0.4840818718075752, 0.5066589042544365, 0.5184685178101063], "train_acc": [0.42250530785562634, 0.5031847133757962, 0.5774946921443737, 0.5774946921443737, 0.5774946921443737, 0.5774946921443737, 0.5774946921443737, 0.5774946921443737, 0.5774946921443737, 0.5774946921443737, 0.5774946921443737, 0.5774946921443737, 0.5774946921443737, 0.5828025477707006, 0.5859872611464968, 0.6571125265392781, 0.678343949044586, 0.648619957537155, 0.6857749469214437, 0.6634819532908705, 0.6295116772823779, 0.6825902335456475, 0.6942675159235668, 0.7144373673036093, 0.721868365180467, 0.7229299363057324, 0.7186836518046709, 0.7165605095541401, 0.7112526539278131, 0.7303609341825902, 0.7261146496815286, 0.7091295116772823, 0.7197452229299363, 0.7133757961783439, 0.7250530785562632, 0.7261146496815286, 0.7239915074309978, 0.7176220806794055, 0.7239915074309978, 0.7261146496815286, 0.7091295116772823, 0.7208067940552016, 0.7292993630573248, 0.7292993630573248, 0.7303609341825902, 0.7377919320594479, 0.7367303609341825, 0.7346072186836518, 0.7282377919320594, 0.7346072186836518, 0.727176220806794, 0.7335456475583864, 0.7186836518046709, 0.732484076433121, 0.7377919320594479, 0.7441613588110403, 0.7653927813163482, 0.7484076433121019, 0.7367303609341825, 0.727176220806794, 0.7452229299363057, 0.7547770700636943, 0.7505307855626328, 0.7505307855626328, 0.7430997876857749, 0.7186836518046709, 0.7399150743099787, 0.7452229299363057, 0.7600849256900213, 0.7579617834394905, 0.7441613588110403, 0.7537154989384289, 0.7579617834394905, 0.7653927813163482, 0.7590233545647559, 0.7685774946921444, 0.7579617834394905, 0.7643312101910829, 0.7558386411889597, 0.7696390658174098, 0.7685774946921444, 0.7770700636942676, 0.7738853503184714, 0.7834394904458599, 0.7632696390658175, 0.7791932059447984, 0.7685774946921444, 0.767515923566879, 0.7760084925690022, 0.7760084925690022, 0.7685774946921444, 0.7409766454352441, 0.7653927813163482, 0.7823779193205945, 0.7770700636942676, 0.7717622080679406, 0.7908704883227177, 0.7760084925690022, 0.7653927813163482, 0.7664543524416136], "val_loss": [0.6950923204421997, 0.6845080256462097, 0.6805930733680725, 0.6801139712333679, 0.6797799468040466, 0.6792645454406738, 0.6785153746604919, 0.6780151724815369, 0.6765414476394653, 0.6752638220787048, 0.6719501614570618, 0.6661916971206665, 0.6566972732543945, 0.6420794129371643, 0.6470689177513123, 0.6228524446487427, 0.6173308491706848, 0.6099920272827148, 0.6125373244285583, 0.6302548050880432, 0.5990411639213562, 0.5867570638656616, 0.5798550248146057, 0.5570079684257507, 0.5485497713088989, 0.5372822880744934, 0.5408191084861755, 0.5707939267158508, 0.5478419065475464, 0.5339161157608032, 0.5295106172561646, 0.5331157445907593, 0.5348076820373535, 0.5488859415054321, 0.5312879681587219, 0.562690019607544, 0.5528124570846558, 0.5383805632591248, 0.5604031085968018, 0.5467156767845154, 0.5364786982536316, 0.5365807414054871, 0.5336718559265137, 0.5321466326713562, 0.526949405670166, 0.5243201851844788, 0.5214055776596069, 0.5338913798332214, 0.5236158967018127, 0.5187779664993286, 0.5414058566093445, 0.5220058560371399, 0.5349460244178772, 0.554696261882782, 0.5211897492408752, 0.5195722579956055, 0.5147059559822083, 0.5507426261901855, 0.5146976113319397, 0.5200173258781433, 0.5168164372444153, 0.5165970325469971, 0.512499988079071, 0.5167733430862427, 0.5255002379417419, 0.5333869457244873, 0.5151962637901306, 0.5203271508216858, 0.519228458404541, 0.5096043348312378, 0.5373730659484863, 0.5143362283706665, 0.5064658522605896, 0.5154829025268555, 0.5060379505157471, 0.5037661194801331, 0.5142452716827393, 0.5019797086715698, 0.5244293212890625, 0.5017557144165039, 0.4961055815219879, 0.4943304657936096, 0.49271833896636963, 0.49339547753334045, 0.4940865635871887, 0.4990096390247345, 0.489751398563385, 0.4868694841861725, 0.4919198751449585, 0.5023958683013916, 0.6360337734222412, 0.49473488330841064, 0.4822244644165039, 0.4826790988445282, 0.4796961843967438, 0.4810752272605896, 0.4817219078540802, 0.48056405782699585, 0.5096055865287781, 0.5238991975784302],