{"train_loss": [0.6916888728737831, 0.6761753857135773, 0.6762269511818886, 0.6750356778502464, 0.677604965865612, 0.6750786677002907, 0.6786649152636528, 0.676310621201992, 0.6774151176214218, 0.6764806881546974, 0.6797531023621559, 0.6730857342481613, 0.6730869710445404, 0.6661906018853188, 0.6621009558439255, 0.6630108654499054, 0.6609036847949028, 0.6494549959897995, 0.6476985141634941, 0.6357514336705208, 0.6272770017385483, 0.6256294697523117, 0.6271705105900764, 0.6232537254691124, 0.6051457524299622, 0.5998277142643929, 0.5924350470304489, 0.5998595878481865, 0.5919328853487968, 0.5892266184091568, 0.5883796960115433, 0.5853385776281357, 0.5933596193790436, 0.6085346564650536, 0.5919153764843941, 0.5929953008890152, 0.5834104418754578, 0.5784527063369751, 0.581900529563427, 0.5693827643990517, 0.5737107023596764, 0.5767010748386383, 0.5984916985034943, 0.6232488378882408, 0.5989744290709496, 0.5915824174880981, 0.5803586170077324, 0.5804586187005043, 0.5852779000997543, 0.5934763625264168, 0.5698257386684418, 0.5774479508399963, 0.5714606568217278, 0.5787063241004944, 0.583763986825943, 0.5915800258517265, 0.5862335190176964, 0.5791214406490326, 0.579289898276329, 0.5644999332726002, 0.5939273461699486, 0.5856859236955643, 0.5737349092960358, 0.5642827562987804, 0.5670218653976917, 0.57129942253232, 0.5675333626568317, 0.5765675082802773, 0.5739934667944908, 0.574687298387289, 0.5733130425214767, 0.5696566179394722, 0.5763595178723335, 0.5745965018868446, 0.5625908486545086, 0.561674851924181, 0.5709450468420982, 0.5645794123411179, 0.5640766844153404, 0.5609066039323807, 0.573747031390667, 0.5593900084495544, 0.5604259148240089, 0.5634244233369827, 0.5774601362645626, 0.5727922096848488, 0.5656276792287827, 0.5714764967560768, 0.5609143078327179, 0.5554035380482674, 0.5825701877474785, 0.5638917535543442, 0.5752394646406174, 0.5653424635529518, 0.5660660490393639, 0.5463198237121105, 0.558908224105835, 0.5751110203564167, 0.5438782013952732, 0.5685311034321785], "train_acc": [0.49469214437367304, 0.5870488322717622, 0.5870488322717622, 0.5870488322717622, 0.5870488322717622, 0.5870488322717622, 0.5870488322717622, 0.5870488322717622, 0.5870488322717622, 0.5870488322717622, 0.5870488322717622, 0.5870488322717622, 0.5870488322717622, 0.5870488322717622, 0.5870488322717622, 0.589171974522293, 0.6804670912951167, 0.6019108280254777, 0.6358811040339702, 0.6762208067940552, 0.6613588110403397, 0.7048832271762208, 0.6602972399150743, 0.6804670912951167, 0.7038216560509554, 0.6995753715498938, 0.7176220806794055, 0.7048832271762208, 0.7070063694267515, 0.7123142250530785, 0.7154989384288747, 0.7250530785562632, 0.7144373673036093, 0.7186836518046709, 0.6995753715498938, 0.697452229299363, 0.7080679405520169, 0.727176220806794, 0.7186836518046709, 0.7250530785562632, 0.7208067940552016, 0.7091295116772823, 0.7186836518046709, 0.6496815286624203, 0.6985138004246284, 0.7101910828025477, 0.7186836518046709, 0.7303609341825902, 0.7059447983014862, 0.7038216560509554, 0.7314225053078556, 0.7314225053078556, 0.7409766454352441, 0.727176220806794, 0.7282377919320594, 0.697452229299363, 0.7144373673036093, 0.7197452229299363, 0.7112526539278131, 0.7335456475583864, 0.7314225053078556, 0.7059447983014862, 0.732484076433121, 0.721868365180467, 0.7314225053078556, 0.7250530785562632, 0.7292993630573248, 0.7229299363057324, 0.7346072186836518, 0.7473460721868365, 0.7261146496815286, 0.7261146496815286, 0.7367303609341825, 0.7377919320594479, 0.7346072186836518, 0.7314225053078556, 0.7314225053078556, 0.7239915074309978, 0.7473460721868365, 0.7314225053078556, 0.7388535031847133, 0.7377919320594479, 0.7420382165605095, 0.7144373673036093, 0.7186836518046709, 0.7261146496815286, 0.7377919320594479, 0.7399150743099787, 0.727176220806794, 0.7176220806794055, 0.7080679405520169, 0.7282377919320594, 0.7303609341825902, 0.7229299363057324, 0.7399150743099787, 0.7388535031847133, 0.7569002123142251, 0.727176220806794, 0.7399150743099787, 0.7282377919320594], "val_loss": [0.6745589971542358, 0.6666517853736877, 0.668159544467926, 0.6689563393592834, 0.6683318018913269, 0.6678892970085144, 0.6671984791755676, 0.6680194735527039, 0.6667846441268921, 0.6669172644615173, 0.664341151714325, 0.6672797203063965, 0.6568716764450073, 0.6508594751358032, 0.6501515507698059, 0.6332632303237915, 0.6282011866569519, 0.6399832367897034, 0.6188417077064514, 0.6129776239395142, 0.6123436689376831, 0.5996050834655762, 0.5906155705451965, 0.5853128433227539, 0.588657557964325, 0.5794157981872559, 0.5855656862258911, 0.5681766867637634, 0.5676202178001404, 0.5633154511451721, 0.5602589249610901, 0.5578993558883667, 0.5536935925483704, 0.5588435530662537, 0.5646267533302307, 0.574643611907959, 0.5532485842704773, 0.5390023589134216, 0.5402396321296692, 0.5406569242477417, 0.5362765789031982, 0.5357376337051392, 0.6213630437850952, 0.5620650053024292, 0.5605319142341614, 0.5540128350257874, 0.5413455367088318, 0.5402868390083313, 0.5556505918502808, 0.5425853133201599, 0.5401724576950073, 0.5369860529899597, 0.5330193042755127, 0.5328246355056763, 0.5471771359443665, 0.5449954867362976, 0.5411264300346375, 0.5501226186752319, 0.5373880863189697, 0.5332287549972534, 0.5613587498664856, 0.5373463034629822, 0.5388670563697815, 0.5381773710250854, 0.533927321434021, 0.5327524542808533, 0.5413922667503357, 0.5364874005317688, 0.5399129986763, 0.5430216789245605, 0.5369382500648499, 0.5365024209022522, 0.5406491756439209, 0.5339407324790955, 0.5346933603286743, 0.5447094440460205, 0.5360805988311768, 0.5331147313117981, 0.5343016386032104, 0.5331020355224609, 0.5333271026611328, 0.5339444875717163, 0.5503129959106445, 0.5433597564697266, 0.5384315252304077, 0.5371800661087036, 0.5334859490394592, 0.5528609156608582, 0.5371958613395691, 0.5496687293052673, 0.5937227010726929, 0.567889392375946, 0.5584918856620789, 0.5349281430244446, 0.5339215397834778, 0.5321524739265442, 0.5348544716835022, 0.5309811234474182, 0.5539991855621338, 0.5324634313583374],