{"train_loss": [0.6965688616037369, 0.6872977092862129, 0.678682342171669, 0.6773859262466431, 0.6756738126277924, 0.6769054308533669, 0.6784509643912315, 0.6744815483689308, 0.6744441092014313, 0.6753054186701775, 0.6734556257724762, 0.6706464290618896, 0.6639072224497795, 0.6648335456848145, 0.6547862514853477, 0.6449084654450417, 0.6293696910142899, 0.6379403471946716, 0.6277014166116714, 0.6209854260087013, 0.6093336865305901, 0.6089594662189484, 0.6053046956658363, 0.613426685333252, 0.5891257375478745, 0.6006832048296928, 0.5845506191253662, 0.5891810804605484, 0.5767885521054268, 0.5888816118240356, 0.5755593478679657, 0.5646427571773529, 0.5660205706954002, 0.5714302659034729, 0.5703718438744545, 0.5752036571502686, 0.569849357008934, 0.5672655217349529, 0.5732280984520912, 0.5689692236483097, 0.5604471042752266, 0.5686239078640938, 0.5837972238659859, 0.5628550946712494, 0.5659189745783806, 0.5799093022942543, 0.554631844162941, 0.5561031140387058, 0.5526060611009598, 0.5512469336390495, 0.5558012500405312, 0.5435516498982906, 0.541556291282177, 0.554849348962307, 0.5433561690151691, 0.5327657572925091, 0.5383402369916439, 0.5472949557006359, 0.5443391278386116, 0.5491800308227539, 0.5327786952257156, 0.5470278523862362, 0.5337779521942139, 0.5187268555164337, 0.5241230018436909, 0.524751603603363, 0.5837147459387779, 0.5363210439682007, 0.5370414108037949, 0.5287159010767937, 0.51384037733078, 0.5120874233543873, 0.5090618282556534, 0.4996093809604645, 0.50975376740098, 0.5204629339277744, 0.4920630306005478, 0.49327245354652405, 0.4996105879545212, 0.49294476583600044, 0.49636631458997726, 0.4773682728409767, 0.48451067507267, 0.49326300621032715, 0.4814422093331814, 0.4849361889064312, 0.47953127697110176, 0.4671480692923069, 0.4657517038285732, 0.49879441410303116, 0.4759303219616413, 0.5022140815854073, 0.47431711852550507, 0.47377995401620865, 0.46381156146526337, 0.47997885942459106, 0.4663187339901924, 0.4738406650722027, 0.4729883000254631, 0.45395704731345177], "train_acc": [0.40552016985138006, 0.5902335456475584, 0.5902335456475584, 0.5902335456475584, 0.5902335456475584, 0.5902335456475584, 0.5902335456475584, 0.5902335456475584, 0.5902335456475584, 0.5902335456475584, 0.5902335456475584, 0.5902335456475584, 0.5902335456475584, 0.5902335456475584, 0.5902335456475584, 0.6093418259023354, 0.6401273885350318, 0.667728237791932, 0.6762208067940552, 0.6815286624203821, 0.7016985138004246, 0.7080679405520169, 0.7080679405520169, 0.7006369426751592, 0.721868365180467, 0.7292993630573248, 0.7154989384288747, 0.7144373673036093, 0.7282377919320594, 0.7303609341825902, 0.7356687898089171, 0.732484076433121, 0.727176220806794, 0.732484076433121, 0.732484076433121, 0.7144373673036093, 0.7346072186836518, 0.7154989384288747, 0.7208067940552016, 0.7197452229299363, 0.7430997876857749, 0.7239915074309978, 0.7250530785562632, 0.7367303609341825, 0.7229299363057324, 0.721868365180467, 0.7441613588110403, 0.7420382165605095, 0.7346072186836518, 0.7377919320594479, 0.7505307855626328, 0.7558386411889597, 0.7526539278131635, 0.7388535031847133, 0.7569002123142251, 0.7494692144373672, 0.7452229299363057, 0.7558386411889597, 0.7420382165605095, 0.7399150743099787, 0.7515923566878981, 0.7314225053078556, 0.7622080679405521, 0.7632696390658175, 0.7569002123142251, 0.7515923566878981, 0.7154989384288747, 0.7494692144373672, 0.7494692144373672, 0.7537154989384289, 0.7632696390658175, 0.7696390658174098, 0.772823779193206, 0.7749469214437368, 0.7653927813163482, 0.7707006369426752, 0.7866242038216561, 0.7823779193205945, 0.7696390658174098, 0.7770700636942676, 0.7760084925690022, 0.778131634819533, 0.7643312101910829, 0.7579617834394905, 0.7760084925690022, 0.7951167728237792, 0.7653927813163482, 0.7961783439490446, 0.7749469214437368, 0.7738853503184714, 0.7876857749469215, 0.7653927813163482, 0.7951167728237792, 0.7866242038216561, 0.7961783439490446, 0.7929936305732485, 0.7845010615711253, 0.7802547770700637, 0.7855626326963907, 0.7983014861995754], "val_loss": [0.693031907081604, 0.6923166513442993, 0.7065635919570923, 0.7004283666610718, 0.6969687938690186, 0.6965562105178833, 0.6979466080665588, 0.6961120367050171, 0.6957104206085205, 0.6950362920761108, 0.6908092498779297, 0.6896873116493225, 0.6766577363014221, 0.6658033728599548, 0.6665442585945129, 0.6514621376991272, 0.6622584462165833, 0.6712496280670166, 0.6476227045059204, 0.6383785009384155, 0.6350867748260498, 0.6231305003166199, 0.6084214448928833, 0.5992950797080994, 0.5933382511138916, 0.5883984565734863, 0.6139412522315979, 0.5896701812744141, 0.578125, 0.5681068301200867, 0.5834270119667053, 0.5809957981109619, 0.5738998055458069, 0.5810612440109253, 0.5959625244140625, 0.5979268550872803, 0.5652225613594055, 0.5637072920799255, 0.6326611042022705, 0.5744636654853821, 0.5605161786079407, 0.5795974135398865, 0.6161748170852661, 0.6262912750244141, 0.5617210268974304, 0.5635308623313904, 0.5995379090309143, 0.5572942495346069, 0.5577061176300049, 0.5608431696891785, 0.5627830624580383, 0.5796306133270264, 0.6100166440010071, 0.6017119288444519, 0.5743547677993774, 0.5674465894699097, 0.5593187212944031, 0.551701545715332, 0.5612126588821411, 0.5793070197105408, 0.5493196845054626, 0.561407208442688, 0.5842778086662292, 0.5459156632423401, 0.5451188087463379, 0.5858963131904602, 0.6613280177116394, 0.6405665278434753, 0.5416947603225708, 0.5522994995117188, 0.568027675151825, 0.5494425296783447, 0.5390128493309021, 0.5713074803352356, 0.5885969400405884, 0.5668656826019287, 0.5355285406112671, 0.5512148141860962, 0.5601460337638855, 0.5518958568572998, 0.5521519184112549, 0.5379130840301514, 0.555550754070282, 0.5952361226081848, 0.5215421915054321, 0.5348079800605774, 0.5507814288139343, 0.5317425727844238, 0.5930166244506836, 0.5487675070762634, 0.6158033609390259, 0.5139791369438171, 0.500649631023407, 0.5105307102203369, 0.5380868911743164, 0.5299077033996582, 0.49234697222709656, 0.5010610222816467, 0.5045430064201355, 0.5144680738449097],