{"train_loss": [0.6832917481660843, 0.6805694997310638, 0.6794176250696182, 0.6753349527716637, 0.6719603314995766, 0.6754428818821907, 0.6743376478552818, 0.6772365942597389, 0.6736617311835289, 0.6736067607998848, 0.6761909201741219, 0.6738833338022232, 0.6704173982143402, 0.6677829846739769, 0.6682629510760307, 0.6516428962349892, 0.6447187960147858, 0.6438025385141373, 0.6324235126376152, 0.6202498748898506, 0.6053634732961655, 0.6044484004378319, 0.5980970785021782, 0.611802913248539, 0.6019832342863083, 0.5896216854453087, 0.591503232717514, 0.5910786092281342, 0.5830432400107384, 0.579895868897438, 0.5812178179621696, 0.5702950209379196, 0.5630855113267899, 0.5647564679384232, 0.5664439834654331, 0.5808413699269295, 0.5684649907052517, 0.554657518863678, 0.5630624145269394, 0.5557182505726814, 0.5560777187347412, 0.5607448481023312, 0.5722754001617432, 0.5469946414232254, 0.5611290633678436, 0.5485040470957756, 0.5484245978295803, 0.5382567681372166, 0.557872649282217, 0.5467428714036942, 0.5533108785748482, 0.5305231474339962, 0.5508709065616131, 0.5290936194360256, 0.5525863319635391, 0.5342801623046398, 0.5297905020415783, 0.5260092504322529, 0.5311733447015285, 0.5366452895104885, 0.5213385038077831, 0.536993958055973, 0.5255797021090984, 0.5388202928006649, 0.529434110969305, 0.5482734926044941, 0.5201238319277763, 0.5434077940881252, 0.5246429666876793, 0.5239564515650272, 0.5200750790536404, 0.5217529833316803, 0.5094571448862553, 0.5093644596636295, 0.49194419384002686, 0.5073481500148773, 0.5019598044455051, 0.5083614736795425, 0.4876473918557167, 0.49133992940187454, 0.4811985120177269, 0.4906926043331623, 0.4980096220970154, 0.4971374683082104, 0.5027195960283279, 0.48942984640598297, 0.4712582677602768, 0.47347694635391235, 0.48458675295114517, 0.4811469241976738, 0.48868339881300926, 0.48166802525520325, 0.4789174795150757, 0.4916647747159004, 0.49926431104540825, 0.4923177547752857, 0.47697222977876663, 0.4751186855137348, 0.45989609509706497, 0.4550536312162876], "train_acc": [0.5934182590233545, 0.5934182590233545, 0.5934182590233545, 0.5934182590233545, 0.5934182590233545, 0.5934182590233545, 0.5934182590233545, 0.5934182590233545, 0.5934182590233545, 0.5934182590233545, 0.5934182590233545, 0.5934182590233545, 0.5934182590233545, 0.5934182590233545, 0.5934182590233545, 0.5934182590233545, 0.5934182590233545, 0.5934182590233545, 0.6326963906581741, 0.692144373673036, 0.7123142250530785, 0.7112526539278131, 0.7144373673036093, 0.692144373673036, 0.70276008492569, 0.7123142250530785, 0.7080679405520169, 0.7282377919320594, 0.7197452229299363, 0.7112526539278131, 0.7282377919320594, 0.7346072186836518, 0.7388535031847133, 0.7441613588110403, 0.7399150743099787, 0.721868365180467, 0.7462845010615711, 0.7441613588110403, 0.7430997876857749, 0.7430997876857749, 0.7590233545647559, 0.7239915074309978, 0.7335456475583864, 0.7515923566878981, 0.7569002123142251, 0.7600849256900213, 0.7505307855626328, 0.7462845010615711, 0.7303609341825902, 0.7526539278131635, 0.7526539278131635, 0.7590233545647559, 0.7547770700636943, 0.7558386411889597, 0.7335456475583864, 0.7569002123142251, 0.7600849256900213, 0.7632696390658175, 0.7600849256900213, 0.7632696390658175, 0.7738853503184714, 0.7515923566878981, 0.767515923566879, 0.7558386411889597, 0.7611464968152867, 0.7569002123142251, 0.772823779193206, 0.7452229299363057, 0.7717622080679406, 0.7600849256900213, 0.7760084925690022, 0.772823779193206, 0.7823779193205945, 0.7855626326963907, 0.7749469214437368, 0.7813163481953291, 0.7696390658174098, 0.7632696390658175, 0.7908704883227177, 0.7876857749469215, 0.7908704883227177, 0.7993630573248408, 0.7866242038216561, 0.7791932059447984, 0.7770700636942676, 0.7887473460721869, 0.8014861995753716, 0.7834394904458599, 0.7866242038216561, 0.7940552016985138, 0.802547770700637, 0.7887473460721869, 0.7940552016985138, 0.7983014861995754, 0.7834394904458599, 0.7760084925690022, 0.7898089171974523, 0.7834394904458599, 0.8036093418259024, 0.8004246284501062], "val_loss": [0.6943552494049072, 0.6973417401313782, 0.7047536373138428, 0.706146240234375, 0.7047566175460815, 0.7090899348258972, 0.7064127326011658, 0.7050455808639526, 0.7017620801925659, 0.7037690877914429, 0.704799473285675, 0.7008348703384399, 0.699823796749115, 0.6949370503425598, 0.7060444951057434, 0.691196858882904, 0.6803236603736877, 0.677453339099884, 0.6529577970504761, 0.6487463712692261, 0.6494088172912598, 0.6741201281547546, 0.6903595328330994, 0.6712436676025391, 0.6017547249794006, 0.6373832821846008, 0.6364337205886841, 0.5971770882606506, 0.5884248614311218, 0.6014193296432495, 0.61777663230896, 0.6038035154342651, 0.5970831513404846, 0.58440762758255, 0.5835005640983582, 0.611408531665802, 0.5813076496124268, 0.5838246941566467, 0.5967456698417664, 0.5910316705703735, 0.5735981464385986, 0.6289352774620056, 0.6032840013504028, 0.5857513546943665, 0.598221480846405, 0.5936295986175537, 0.6155837774276733, 0.6708754301071167, 0.5890644788742065, 0.5823460221290588, 0.5874834656715393, 0.650274395942688, 0.5813753604888916, 0.6487501263618469, 0.6295507550239563, 0.5710324048995972, 0.5847249627113342, 0.5683252215385437, 0.5591550469398499, 0.5889825224876404, 0.6801204681396484, 0.5580854415893555, 0.5619891285896301, 0.5791189074516296, 0.6048928499221802, 0.6069820523262024, 0.6403418183326721, 0.5993894934654236, 0.6065491437911987, 0.5482972264289856, 0.5463366508483887, 0.5907632112503052, 0.5757468342781067, 0.5613412261009216, 0.5858834981918335, 0.6012839674949646, 0.5565609335899353, 0.5649874806404114, 0.6672831773757935, 0.5629426836967468, 0.5757148861885071, 0.6080244183540344, 0.6721910238265991, 0.638611376285553, 0.6215267777442932, 0.5290129780769348, 0.5306430459022522, 0.5690860748291016, 0.5375429391860962, 0.6067740321159363, 0.6550555229187012, 0.578811764717102, 0.6638113260269165, 0.6635286808013916, 0.6526885032653809, 0.5971725583076477, 0.5696746110916138, 0.5694690942764282, 0.58078533411026, 0.5417683720588684],