{"train_loss": [7390914.005792683, 728588.631097561, 641021.4806402439, 543034.1362042683, 512247.2110518293, 491920.2500762195, 479355.56417682924, 482442.08384146343, 458036.2787347561, 454443.1137195122, 454459.4000762195, 444373.29641768296, 449815.3401676829, 428582.42210365855, 433613.0257621951, 428026.770464939, 410362.62168445124, 412735.26288109756, 461897.4374237805, 402808.1143292683, 379253.23887195124, 375121.56592987804, 375234.5210746951, 368897.986089939, 368142.82419969514, 364321.4889862805, 363869.1153201219, 362085.02427591465, 363634.1634146341, 359629.2272865854], "train_mae": [1082.8023647401392, 327.79294924852326, 296.7568448694741, 259.55724643614235, 242.8775570753144, 230.75550775295352, 221.157148556593, 218.97897532393293, 205.93702868950075, 200.5349840861995, 200.79942961902154, 192.42117190477325, 194.35473595595943, 183.1121692936595, 184.779152921351, 179.48415214724656, 170.94724857981612, 171.37873512826314, 188.42833564572217, 162.79994871558213, 151.1118181182117, 149.6658538074028, 149.7333770751953, 143.98180969982613, 144.77450967183927, 141.8957215844131, 142.7259316048971, 140.5000520659656, 141.4446207930402, 139.21605656321455], "val_loss": [808471.7451923077, 1422709.3942307692, 1945201.1875, 2966342.3365384615, 3411631.2596153845, 3332275.1826923075, 3797071.6634615385, 3307095.403846154, 3518531.625, 4158836.3653846155, 3620027.6634615385, 4049083.8653846155, 4254793.605769231, 3950598.2403846155, 4488012.576923077, 5270119.346153846, 3991705.7596153845, 3736843.6826923075, 2815752.394230769, 2659201.875, 2757240.605769231, 3058069.8365384615, 2866216.826923077, 2379422.596153846, 2646188.798076923, 2527629.721153846, 2184585.2884615385, 2784394.798076923, 1908132.610576923, 2144810.216346154], "val_mae": [405.18069223257214, 552.8655724158654, 651.7543428861178, 808.9831918569712, 871.2576434795673, 858.8951533390925, 916.9288611778846, 853.9586510291466, 881.8532057542068, 960.3891366811899, 893.5148550180288, 947.0011854905349, 969.0664884127103, 932.2968421349159, 994.3507643479568, 1079.5340529221755, 942.0579575758713, 905.7610778808594, 781.386228121244, 758.962655874399, 787.0388958270734, 822.2658339280349, 787.6717693622296, 714.5942171536959, 755.2106065016526, 741.8343130258413, 682.8670935997596, 780.3392427884615, 635.1861032339243, 676.9632263183594]}