{"train_loss": [3259203.852820122, 461733.04283536586, 439405.4439786585, 537826.6071646342, 493384.4608993902, 560348.1943597561, 443623.3274390244, 500187.6474085366, 405618.21303353657, 415077.940472561, 373769.8625, 372662.0554878049, 373462.756097561, 362305.1327743902, 363391.71547256096, 356483.61871189025, 354989.44032012194, 355351.50045731704, 353730.87660060974, 613749.6504954268, 355978.310785061, 353174.64874237805, 355013.1713033537, 349305.30057164637, 351656.68643292686, 347619.16143292683, 353141.4832698171, 344554.131554878, 341446.1862804878, 339535.8653201219], "train_mae": [677.6936779487423, 249.67548336866426, 231.4248360238424, 252.66515398723323, 237.209046526653, 244.74461022353753, 208.33348790610708, 219.7633883592559, 185.45512643209318, 186.3167248981755, 166.04197060189597, 164.42139326886434, 165.9801899235423, 159.44125857469513, 159.2215144459794, 154.37763709091558, 152.64372536263815, 152.69793436934307, 151.98368694026297, 148.10641140821502, 155.2963703434642, 150.23154155452076, 153.52860773598275, 149.41875543361758, 150.40059859112995, 148.49602378286966, 151.59145068657108, 146.24854944740855, 145.26892569937357, 144.24778755001904], "val_loss": [347526.95192307694, 328696.15174278844, 327678.77373798075, 420720.47716346156, 357371.7280649039, 327470.87079326925, 500220.13341346156, 327221.27373798075, 341277.01682692306, 343791.7713341346, 325965.5447716346, 349173.9353966346, 323040.3563701923, 351357.6388221154, 319630.4384014423, 371757.5414663461, 327404.35516826925, 361145.90685096156, 317399.89393028844, 348399.1853966346, 368175.90204326925, 328193.7328725961, 375100.5099158654, 315084.82151442306, 336639.5967548077, 321314.31370192306, 325015.5063100961, 314283.66346153844, 326202.78455528844, 315572.31280048075], "val_mae": [134.6250446026142, 121.17546961857722, 120.64536754901593, 202.993777348445, 166.40100977971002, 119.9020767211914, 239.49056654710037, 113.54779610267052, 148.18717604417068, 149.89116316575272, 127.5582985511193, 169.1535139817458, 126.92766747107872, 161.9030315692608, 108.62739093487079, 177.518558208759, 137.68809333214392, 170.87288313645584, 116.08329949012169, 157.91927102895883, 176.17857360839844, 133.95388647226187, 130.97921840961163, 113.75486491276668, 153.46474045973557, 94.90885807917668, 137.96892841045673, 109.80220119769757, 102.3359037546011, 110.30921701284555]}