{"train_loss": [7896675.556211891, 337253.03460365854, 320203.1479420732, 318864.13006859756, 323068.36947408534, 314373.56455792685, 326343.8076219512, 314936.38319359755, 316755.4772103659, 319201.42477134144, 328417.9067454268, 356597.8666539634, 331414.40228658536, 107933864.18422256, 232821143.1317073, 26337369.990243904, 26175341.32682927, 26542655.268292684, 25506004.858536586, 25472151.88292683, 24899890.995121952, 24577151.131707318, 24254036.897560976, 23895985.024390243, 23533288.468292683, 184700897.6097561, 3913786871901.395, 144597697.14146343, 1962520008.9073172, 22280969.541463416], "train_mae": [522.7828006651343, 164.71059674518864, 150.38003078553734, 146.44874059165397, 147.38275991300256, 138.6007692662681, 145.2413514672256, 135.39298259455984, 135.20354785453983, 135.25211929693455, 139.6157508664015, 152.06131457817264, 139.56946273431547, 2370.1100068627334, 2470.365673828125, 2416.605516387195, 2404.2346143769055, 2392.128662109375, 2375.6946562976373, 2361.1843607088413, 2345.165558307927, 2328.6744998094514, 2311.72548828125, 2293.387293969131, 2274.305792682927, 2286.138400342988, 5235.697240615473, 2241.352918969131, 2373.42051019436, 2204.703146436738], "val_loss": [563146.7836538461, 325202.515625, 323486.31310096156, 316101.9080528846, 316735.42518028844, 324243.59254807694, 316267.51171875, 324102.7169471154, 314261.0916466346, 321331.70252403844, 374691.4903846154, 346601.62049278844, 397174.8563701923, 26733601.923076924, 26467583.230769232, 26199850.076923076, 25925077.384615384, 25645389.230769232, 25354084.0, 25051250.923076924, 24736206.923076924, 24408210.53846154, 24067229.230769232, 23713054.769230768, 23344292.153846152, 22965286.923076924, 22624097.384615384, 22495696.307692308, 22355762.384615384, 22201367.46153846], "val_mae": [246.24988731971155, 115.70026573768028, 103.98039979201097, 111.32909921499399, 120.34656025813176, 135.44475907545822, 104.1384271474985, 132.37405923696664, 113.44636770395132, 124.95120209913988, 176.49022205059345, 144.51190655048077, 186.8309067946214, 2434.524188701923, 2421.919931265024, 2408.924992487981, 2395.5313720703125, 2381.636953500601, 2367.086144080529, 2351.812753530649, 2335.7998985877402, 2318.9415377103364, 2301.2664982722354, 2282.7220177283652, 2263.2088529146636, 2243.1202674278848, 2224.330547626202, 2216.417292668269, 2208.1439396784854, 2198.7152475210337]}