{"train_loss": [6156923.033841464, 364481.9978277439, 357158.6633384146, 347765.2092987805, 347520.43837652437, 349535.2466082317, 343074.884375, 344853.3189786585, 341534.31943597563, 345714.6041539634, 341402.1665015244, 1979363836.6881099, 39430725.10243902, 656321275.3951219, 7262019290.478048, 26612304.351219513, 2486687114.126829, 39493412.97560976, 26194394.058536585, 26037726.946341462, 25876033.824390244, 25706087.726829268, 25529005.980487805, 25344059.346341465, 25152805.35609756, 24950835.756097563, 24744106.458536584, 24526097.795121953, 24303548.243902437, 24068694.63414634], "train_mae": [574.8870187898962, 156.97924864233994, 150.36209099002002, 142.19619118295066, 140.7231609065358, 141.4669775241759, 136.12213302240139, 135.9282402224657, 134.23263144144198, 135.1382189122642, 131.33123563440836, 5280.192725130407, 2533.608917682927, 2561.2848358898627, 2664.050988471799, 2496.622687214177, 2697.865807212271, 2492.438729039634, 2476.01786871189, 2468.062340415396, 2459.768279582698, 2451.0056497713413, 2441.7747618140243, 2432.05771365282, 2421.8986673494665, 2411.0810570693598, 2399.866533679497, 2387.9128930068596, 2375.5947587176065, 2362.4708841463416], "val_loss": [149397.06189903847, 152370.5516826923, 102678.24128605769, 105486.62379807692, 100704.02554086539, 107042.32902644231, 151098.04747596153, 110250.22746394231, 111364.78605769231, 144427.58383413462, 105789.32301682692, 26855277.923076924, 26722541.615384616, 26584172.923076924, 26452249.615384616, 26321306.923076924, 26185807.307692308, 26042151.692307692, 25890182.153846152, 25731052.384615384, 25564714.230769232, 25391106.46153846, 25210101.230769232, 25021589.230769232, 24825391.692307692, 24621398.076923076, 24409354.769230768, 24188993.846153848, 23960100.153846152, 23722406.384615384], "val_mae": [140.62482041579025, 132.0564193725586, 123.52035639836238, 106.90187571598933, 126.20490147517278, 106.13586865938626, 177.04688908503607, 140.19088745117188, 123.19300255408653, 104.26343947190504, 123.91293569711539, 2519.6273662860576, 2513.053992638221, 2506.0853177584136, 2499.0773174579326, 2492.5853740985576, 2486.113037109375, 2478.925978440505, 2471.244131234976, 2463.1349064753604, 2454.586162860577, 2445.5838153545674, 2436.1105299729566, 2426.1490572415864, 2415.677940955529, 2404.6790489783652, 2393.126258263221, 2380.9917649489184, 2368.2510516826924, 2354.876765324519]}