{"train_loss": [1812377.290320122, 451218.00929878047, 475835.9293445122, 463651.3425304878, 442480.16653963417, 430107.23224085366, 436693.7574695122, 413433.5756859756, 411072.9622713415, 394982.02484756097, 390708.35609756096, 392017.295160061, 382554.36451981706, 380346.7733231707, 378238.4051448171, 377142.97122713417, 373980.2908917683, 378211.9380335366, 373623.73243140243, 375752.35777439026, 368268.12591463415, 372584.8613567073, 369520.3233231707, 371717.08700457314, 366358.6275914634, 365682.5397865854, 363298.4921875, 368823.1199695122, 363966.08849085367, 359465.6242759146], "train_mae": [436.70441403272673, 216.6709703398914, 215.31629824754668, 202.6232627310404, 190.67925109863282, 182.5377043189072, 181.7064512671494, 169.48134400902725, 169.33164129489805, 160.16842547160823, 156.48154728587082, 158.1181872111995, 152.30457086330506, 150.83056536418636, 149.68527988340796, 148.70125036472228, 146.16103485851752, 149.1933068624357, 146.846060776129, 148.41300848984136, 144.475688655202, 146.331202437238, 144.0193961911085, 146.23281116020388, 143.07905265994188, 143.22096293379622, 141.21160836568694, 144.63903172190595, 142.11156552942788, 139.77068913157393], "val_loss": [123994.82091346153, 112145.95612980769, 108561.86388221153, 106423.74549278847, 181553.7998798077, 154879.1592548077, 104520.04657451923, 127277.02704326923, 141152.33533653847, 112465.23828125, 108299.73828125, 120717.50631009616, 102664.76983173077, 101447.24368990384, 103358.09735576923, 105182.99579326923, 106809.04116586539, 108566.03695913461, 128593.19350961539, 105973.90625, 102483.8671875, 99575.30679086539, 218718.43870192306, 104414.29236778847, 99604.74549278847, 108148.32091346153, 199488.98617788462, 99608.73287259616, 116443.36207932692, 114409.76141826923], "val_mae": [137.60281372070312, 104.25981316199669, 132.96288622342624, 124.91476675180289, 193.56521899883563, 178.01345825195312, 109.80869938777043, 160.52753096360428, 167.107177734375, 99.63467348538913, 128.42863787137546, 149.06136791522687, 102.63483311579778, 105.54036184457632, 129.07192729069635, 130.75824385422928, 131.97040528517502, 134.58725767869217, 108.76947285578801, 99.54711239154523, 106.08154619657077, 108.7093276977539, 211.2919205885667, 132.71538103543796, 114.45474477914664, 137.34812633807843, 206.96392939640924, 110.53162794846754, 149.7107637845553, 146.34363673283502]}