{"train_loss": [1483343.3147865853, 509682.7427591463, 503331.1449695122, 521318.9597560976, 7936406.245807927, 810044.6681402439, 683531.699695122, 631683.1611280488, 623509.937652439, 617159.4672256098, 606013.0065548781, 593405.9050304878, 575977.650152439, 521254.6327743902, 481786.1355945122, 475244.06166158535, 460095.9567073171, 456443.4074695122, 450897.5871189024, 455874.1737804878, 444890.87972560973, 447483.412347561, 440365.08506097563, 434088.86211890244, 431523.4293445122, 425928.6695121951, 426615.8363567073, 431900.7105182927, 431505.16547256097, 418093.6472560976], "train_mae": [427.26641674506953, 250.2464659155869, 236.34229312059355, 232.81572258181689, 1038.1923933820026, 354.36440444574123, 312.8307091689691, 293.32051867973513, 289.47015991210935, 286.28263698670924, 281.8866928472751, 279.50117060963703, 272.2600033643769, 249.86892707638623, 217.8128036871189, 208.45326954911394, 197.24458685153868, 193.86364872630048, 189.48867648985328, 191.32942073170733, 185.04581127631954, 185.37351141208555, 180.85442519769435, 177.8420996689215, 176.3235235446837, 173.54734028141672, 173.66092142244665, 176.52904960818407, 176.3694015130764, 169.75814514160157], "val_loss": [109453.40414663461, 182284.69711538462, 288611.5096153846, 348496.25360576925, 325489.5649038461, 322519.5673076923, 846684.4879807692, 953443.5240384615, 956263.96875, 528742.8497596154, 730953.7932692308, 625641.2403846154, 610331.0168269231, 647676.1706730769, 487190.96875, 826549.8389423077, 984323.6057692308, 814787.6105769231, 753323.4759615385, 784811.7788461539, 996845.6346153846, 590113.0, 1046230.4350961539, 747854.2307692308, 1252118.923076923, 860649.9423076923, 1591161.6826923077, 968087.8461538461, 1080102.451923077, 1161303.9278846155], "val_mae": [126.7808453486516, 191.67572080172025, 242.74162409855768, 264.5655517578125, 252.0049602801983, 277.02337763859674, 435.89672499436597, 469.6105640117939, 455.19856731708234, 332.68075796274036, 414.71676048865686, 378.6754197340745, 387.64495614858777, 373.7626049335186, 311.1287266657903, 417.3227926400992, 456.6041013277494, 409.298582810622, 393.7413001427284, 402.75559293306793, 453.1963641826923, 346.1910588191106, 468.04591017503003, 396.4683779202975, 514.4967686579778, 423.5482189471905, 582.2810739370493, 447.45237731933594, 477.02599041278546, 493.07485727163464]}