{"train_loss": [2238936.2169207316, 470385.58506097563, 445418.64161585364, 433016.6549542683, 438022.9931402439, 464030.84207317076, 450281.1007621951, 416899.3804115854, 407533.55118140246, 398371.63368902437, 391476.11981707317, 391149.8222942073, 393477.91253810975, 393500.23025914637, 389967.2780487805, 387847.66547256097, 387535.73163109756, 380973.9299542683, 381657.43589939026, 385536.20811737806, 380297.01036585367, 380601.95948932925, 382216.94942835363, 376334.4772484756, 378287.790320122, 373947.81341463415, 374438.70049542683, 368504.33864329266, 375403.9279344512, 366989.8899390244], "train_mae": [512.4204783369855, 226.24910084794206, 203.61415263850515, 192.42727579256385, 190.59286804199218, 194.05856330685498, 191.23080176376715, 172.1827007014577, 166.48906659382146, 160.8907072485947, 157.21576433879574, 156.43594665527343, 158.51458412728658, 158.64319800400153, 155.73611472525246, 155.4791007437357, 154.69740928091653, 150.15045195788872, 151.3929092035061, 153.3280338194312, 151.51535153272675, 150.75384610804116, 152.3872973186214, 148.57815495932974, 149.75116592035062, 149.33595164229232, 147.20093197706268, 143.8501841475324, 148.14722718029486, 144.00854775033346], "val_loss": [144554.47475961538, 119126.72385817308, 96521.52764423077, 105524.36778846153, 114414.02373798077, 998679.5240384615, 114813.41796875, 111194.57902644231, 104160.83683894231, 95822.80618990384, 94970.74489182692, 100280.48737980769, 94673.44831730769, 96206.68629807692, 114305.13311298077, 125532.796875, 94877.13581730769, 123905.96033653847, 92901.98527644231, 98994.01622596153, 114248.14362980769, 101875.77914663461, 115422.33052884616, 111631.82512019231, 101060.39182692308, 96827.83984375, 95348.43479567308, 91376.44381009616, 119810.64332932692, 94450.15715144231], "val_mae": [148.37280684251053, 146.77081298828125, 103.44451258732722, 98.0937373821552, 148.63592177170975, 471.2786137507512, 150.06235386775091, 143.22490046574518, 134.92277086698093, 111.02448947613055, 112.77698575533353, 131.28781626774713, 105.63290786743164, 114.85250649085411, 146.81624544583835, 155.77276904766376, 103.57202441875751, 156.54851590670071, 103.17506291316106, 128.49935150146484, 147.35022970346304, 133.0167999267578, 96.55669579139122, 93.88002806443434, 130.9404863210825, 90.78547169612004, 90.61605600210336, 103.56416262113132, 150.61385756272537, 117.40783544687125]}