{"train_loss": [1452199.484222561, 812851.8007621951, 471779.5969512195, 508718.93544207315, 5641090.583536586, 923903.0074695122, 723075.4717987805, 647612.1030487805, 615729.1198170732, 603312.0661585366, 589725.6542682927, 576197.724695122, 567414.2385670731, 562608.9269817073, 548835.1282012195, 522297.21356707317, 441926.6407012195, 428468.41913109756, 424848.9987042683, 419020.3701219512, 411722.6217987805, 411317.4993902439, 406636.8487042683, 403477.5781631098, 401730.0247713415, 396461.25388719514, 399339.6769054878, 395137.7336128049, 391733.5277820122, 391214.29047256097], "train_mae": [432.7197638534918, 325.8086601443407, 224.43447667563834, 226.79444059046304, 788.2454257127715, 350.50237560737423, 291.93621320026676, 266.769338468226, 254.40573492282775, 247.7513843815501, 241.36393760122903, 235.20118482636244, 231.1955373624476, 227.39401066477706, 222.52673056997904, 211.71713122856326, 180.04702118664252, 174.2916050608565, 171.99856768352228, 168.8829272014339, 165.22639733291254, 164.46391713212176, 162.36192545076696, 159.9833209526248, 159.67798097191786, 157.3672607421875, 157.578707141411, 156.16091770079078, 154.5075610649295, 154.42982832745807], "val_loss": [182429.26622596153, 117910.91105769231, 151277.79447115384, 127732.14933894231, 314660.2992788461, 1648167.6201923077, 1243794.7067307692, 1251127.0048076923, 808533.3485576923, 719302.3701923077, 955289.0, 695451.8004807692, 776573.2451923077, 750743.7740384615, 640007.0408653846, 515208.71754807694, 624356.8389423077, 670975.6033653846, 434753.7139423077, 541646.9350961539, 607588.2620192308, 409921.046875, 603538.3966346154, 468157.62620192306, 652819.8413461539, 440091.6153846154, 533453.8293269231, 623607.7716346154, 669961.0360576923, 542589.2055288461], "val_mae": [186.6824499276968, 144.7754193819486, 172.83687063363882, 158.33226071871243, 396.6620565561148, 578.2043738731971, 492.9157902644231, 491.64153935359076, 381.23514380821814, 356.3137641319862, 420.14195368840143, 351.86544917179987, 371.80828270545373, 368.71444115271936, 334.73058025653546, 316.9878892164964, 356.7147087684044, 367.67161677433893, 290.3124694824219, 325.45754887507513, 347.05092562161957, 282.543454683744, 345.3470764160156, 302.55778033916766, 359.95566030649036, 293.6135723407452, 324.16185114933893, 351.9561321551983, 366.58829439603363, 326.3052649864784]}