{"train_loss": [12568463.543521341, 392812.22267530486, 443778.0950457317, 403963.6384527439, 365868.94752286584, 367997.4694740854, 33503328.591006096, 26754723.346341465, 26599500.82926829, 26442310.370731708, 26277734.59512195, 26102262.331707317, 25916090.02926829, 25719389.609756097, 25514131.034146342, 25296773.297560975, 25068122.243902437, 25004512.72195122, 24588298.614634145, 24386600.175609756, 24069301.31707317, 23797540.702439025, 23500017.697560977, 23196072.380487803, 22874803.31707317, 22540802.331707317, 22192736.331707317, 21826840.0, 21447473.102439024, 21053659.56097561], "train_mae": [669.0792088950552, 193.2176568752382, 204.95615867056497, 180.89263268447505, 160.2352696860709, 156.4444909816835, 1561.8433458653892, 2440.6884896627284, 2432.5593428448933, 2424.8230599752287, 2416.661044683689, 2407.9370569740854, 2398.5492366139483, 2388.609890672637, 2378.1438428925303, 2366.9938238376526, 2355.186113757622, 2343.895106469131, 2330.234003429878, 2317.802677210366, 2302.8319169207316, 2288.109093940549, 2272.1769412157014, 2255.5917039824694, 2237.9822789634145, 2219.520098132622, 2200.1696074695124, 2179.622298971037, 2158.153202410442, 2135.65273556593], "val_loss": [174601.16526442306, 97218.94831730769, 119890.046875, 103117.11838942308, 115029.42938701923, 118459.94981971153, 26592626.615384616, 26445349.307692308, 26292004.53846154, 26130950.307692308, 25960805.076923076, 25780849.0, 25590522.384615384, 25389463.769230768, 25177296.46153846, 24953639.0, 24718211.307692308, 24477718.384615384, 24232256.923076924, 23974798.615384616, 23703160.076923076, 23418408.076923076, 23119623.769230768, 22806765.153846152, 22479545.923076924, 22137688.384615384, 21781075.307692308, 21409282.230769232, 21022246.615384616, 20619910.615384616], "val_mae": [175.92606940636267, 129.01382622352014, 153.9364266028771, 136.06572664701022, 151.68785271277795, 161.36902031531702, 2443.051457331731, 2436.039269080529, 2428.532902644231, 2420.588322566106, 2412.1345966045674, 2403.129187950721, 2393.5348463792066, 2383.330857496995, 2372.482365534856, 2360.9657545823316, 2348.7546105018027, 2336.2867713341348, 2323.386953500601, 2309.865224984976, 2295.3616943359375, 2279.9580735426684, 2263.78803898738, 2246.6998384915864, 2228.686730018029, 2209.7162334735576, 2189.8112041766826, 2168.8418626051684, 2146.832463191106, 2123.768845778245]}