{"train_loss": [2021494.0, 457706.0644054878, 449715.8699695122, 488377.2144054878, 424298.5589176829, 418030.8405487805, 421684.10983231704, 404299.54298780486, 396697.4567454268, 389790.9542682927, 391086.44493140245, 382732.3557545732, 380095.075, 379083.73235518293, 377229.0752667683, 376895.345007622, 377692.1605945122, 372779.64039634145, 374127.9898628049, 372086.5482088415, 368949.64512195124, 367200.6958079268, 365567.68898628047, 365139.309375, 369605.3988567073, 365955.22347560973, 365055.5662347561, 362073.8294969512, 364580.79256859754, 365907.7168445122], "train_mae": [463.9711843351038, 219.24794162657201, 206.120052505121, 211.8741994718226, 184.08554188798112, 178.03074958615187, 176.92729737816788, 165.99748356516767, 161.5353968922685, 156.15577742413777, 158.53171669564597, 151.32884380061452, 151.57851331757337, 150.10005202874905, 149.42750928925304, 149.18301495807927, 149.4632109851372, 146.54310276682784, 147.38964118027104, 146.2630390818526, 142.68743193091416, 143.58187307962558, 142.89755703065453, 141.3768857258122, 144.9099671526653, 143.8474111045279, 142.3969061874762, 138.87149036686594, 141.06207320050495, 142.8568417804997], "val_loss": [144022.66977163462, 143975.02764423078, 113237.89092548077, 108827.75390625, 111067.27163461539, 117000.18780048077, 108839.90084134616, 130861.88762019231, 125895.80168269231, 126098.70973557692, 110805.36388221153, 108574.71784855769, 113508.87680288461, 112705.56460336539, 108770.90024038461, 125485.67788461539, 110068.61177884616, 118017.44411057692, 146548.68419471153, 105366.94411057692, 112500.94951923077, 133552.73407451922, 107051.42457932692, 108546.34164663461, 110426.84675480769, 106117.27704326923, 117426.37469951923, 109820.94501201923, 106624.67217548077, 107937.78786057692], "val_mae": [132.39615102914664, 111.2633285522461, 131.6251443716196, 110.00944049541766, 109.86611234224759, 101.14967346191406, 120.35524720412035, 153.9210692185622, 149.28584993802585, 151.11552546574518, 127.74661108163687, 117.45749517587515, 101.55282856867863, 97.4572128882775, 102.30105473445012, 154.35946596585788, 108.91878509521484, 96.7267711345966, 116.94695135263296, 108.97179442185622, 135.7298710162823, 159.65511028583234, 106.32478743333083, 130.43840848482571, 132.2153097299429, 111.84595665564903, 97.69291628324069, 132.54956817626953, 102.18314801729642, 100.61217821561374]}