{"train_loss": [7245330.103048781, 784863.7585365854, 629066.0913871952, 531517.1173780488, 507378.2224847561, 487423.11021341465, 476861.9112804878, 550212.4772865854, 489164.7924542683, 511821.9616615854, 475724.38902439026, 459070.4244664634, 499220.9987804878, 477721.2063262195, 490319.29961890244, 442211.8513719512, 474229.7259146341, 445806.47515243903, 457353.52080792683, 447040.32461890246, 420248.61143292685, 419611.38917682925, 410177.86966463417, 395458.6236661585, 404660.2884908537, 385641.5385289634, 384632.51516768296, 380147.13448932924, 377674.9407012195, 374774.7584222561], "train_mae": [1019.8898233553258, 335.4515461247142, 276.3768054496951, 235.41785576052783, 220.06153847298972, 208.92394900438262, 204.7953849234232, 224.75375098251715, 205.64003593630906, 211.64973427377097, 197.9903445360137, 194.57487525009526, 210.16286502000762, 197.70162725681212, 203.9086794225181, 182.56952879370712, 197.66451155499715, 185.85556834151106, 192.81501829566025, 187.11767392042208, 175.07694173673303, 175.74290429092036, 171.04927851979326, 162.8873465933451, 167.86155097775344, 157.54647387993046, 157.59481662657203, 155.9260447432355, 155.65024734124904, 154.2274317671613], "val_loss": [285355.3954326923, 121454.92998798077, 166548.61057692306, 191097.3780048077, 170981.72836538462, 280098.96875, 346733.3341346154, 87518.97671274039, 281455.1971153846, 135658.88882211538, 354058.5252403846, 261104.35036057694, 261916.27524038462, 408422.12860576925, 167027.58413461538, 88967.11102764423, 183630.84375, 202030.1796875, 183367.37079326922, 169368.12439903847, 282700.39182692306, 89966.68930288461, 92044.07902644231, 85938.197265625, 116061.49909855769, 84424.52824519231, 149273.0889423077, 107322.83713942308, 105408.95072115384, 97203.31099759616], "val_mae": [229.60903813288763, 148.30252016507663, 192.5148221529447, 206.73842092660757, 194.3710227379432, 252.65515547532303, 271.36436227651745, 103.90691845233624, 241.15483504075272, 171.53416677621695, 286.70750896747296, 247.49364354060248, 233.2229256263146, 317.30218388484076, 192.660401564378, 85.23152131300706, 202.18537257267877, 217.97253711407, 209.49471459021936, 191.26143294114334, 241.64432232196515, 124.37804178091196, 126.98696694007286, 107.94511560293344, 152.32052612304688, 103.55734282273512, 176.950442974384, 147.99441704383264, 145.65259199876053, 138.2555659367488]}