{"train_loss": [2339035.179801829, 488203.1693597561, 459004.4819359756, 456229.9080030488, 443830.7424542683, 450585.8931402439, 427510.1693597561, 430148.7830792683, 410455.4887195122, 402616.1783155488, 398388.51722560974, 391811.09725609754, 391343.13548018294, 386762.59519817075, 378276.7240472561, 371436.9851753049, 357891.60743140243, 341096.8354420732, 323555.06295731704, 321568.9868902439, 308604.0445503049, 302470.95394435973, 300124.52284679876, 295873.6241996951, 293625.2990472561, 295092.37741996953, 293398.31295731704, 294462.7973704268, 288687.73557545734, 286972.7627667683], "train_mae": [524.2281216505097, 234.46765367461413, 212.16650055675973, 205.21472964403105, 195.6916226270722, 195.13480068299828, 182.12647243592798, 180.64519109958556, 169.34005841511052, 163.30779426388625, 162.36764987852516, 156.60053993783347, 157.62348610482564, 154.5349940230207, 150.7601591528916, 148.41219817370904, 144.8316671976229, 139.538547906643, 130.95821540646438, 130.01331939697266, 120.99320019977849, 118.25581050965845, 117.71118941888577, 111.58836535942264, 112.21948067269675, 112.28376773741186, 114.53842006776391, 111.49227358190025, 107.9929038071051, 106.82942449057974], "val_loss": [152081.2178485577, 130663.73888221153, 138315.95973557694, 107716.62560096153, 107580.96123798077, 106829.85516826923, 106761.66256009616, 145863.89963942306, 124884.94891826923, 115271.66135817308, 111119.77944711539, 109415.16316105769, 107483.60096153847, 127296.56219951923, 97596.11989182692, 82149.81986177884, 59488.09705528846, 44097.215294471156, 30367.526893028848, 42771.1796875, 56937.536057692305, 26286.37342247596, 71308.44005408653, 24178.573392427883, 16366.302884615385, 21949.3837890625, 50680.289963942305, 19560.370943509617, 15715.428448016826, 18398.837139423078], "val_mae": [144.1308881319486, 153.66092212383563, 164.7713335477389, 105.80010986328125, 113.82191702035757, 106.55955857496996, 104.42036291269156, 169.7883559006911, 150.15864856426532, 136.35543236365686, 125.43449460543118, 111.28059974083534, 116.71484991220328, 96.11281556349535, 107.94562002328726, 108.53359046349159, 81.71637901893028, 80.44023748544546, 66.17834061842699, 76.36489838820238, 107.52265108548679, 59.437733723567085, 106.01865768432617, 71.4844844524677, 45.43886331411508, 64.92945671081543, 105.04479070810171, 55.02031194246732, 49.86644656841572, 42.918516599214996]}