{"train_loss": [1929827.5692835366, 436560.1946646341, 421574.62149390246, 462066.45525914634, 405801.3997713415, 404648.4913871951, 395610.0299542683, 383955.7733231707, 382109.45228658535, 372430.3006097561, 366935.93414634146, 362298.8239710366, 356877.8731326219, 344622.9132621951, 340713.42698170734, 323115.2930640244, 304412.2697789634, 341045.4022484756, 342390.4926829268, 572575.0363185976, 291325.1274390244, 292692.209375, 286901.1572027439, 283052.55933689023, 285941.1908917683, 285462.0233993902, 278546.32879192074, 282113.79176829266, 282552.49232088414, 282774.1538490854], "train_mae": [452.5648747886099, 219.02934689405487, 203.14687172494283, 213.3529433831936, 186.82143964069647, 183.29497345715035, 177.96187796243808, 169.02611947408536, 167.15277285692167, 161.16657826493426, 158.35642275926543, 155.386723811452, 154.03419918897674, 150.21939373481564, 152.35741696241425, 144.8369472224538, 135.06477467606706, 151.00720330215083, 150.787807557641, 135.05603994974277, 129.71333912174876, 127.25325574177067, 126.37464763362233, 122.13471940203411, 124.29569452797494, 124.72946412621475, 118.55470726199266, 120.02642018387958, 119.77920312648867, 121.39186472078649], "val_loss": [342118.46213942306, 322898.75420673075, 321142.09344951925, 383165.0955528846, 324262.8921274039, 330452.4390024039, 332523.1463341346, 365033.4969951923, 346099.5880408654, 327332.59495192306, 327082.1616586539, 323111.0249399039, 312289.0615985577, 287965.17457932694, 290951.27764423075, 310026.6114783654, 253556.97926682694, 306513.6231971154, 317524.0483774039, 262700.6084735577, 240506.31415264422, 258365.25946514422, 249617.89911358172, 243090.6727764423, 305330.22295673075, 261107.3426983173, 237030.25848858172, 274985.2732872596, 261055.72581129806, 231408.79263070913], "val_mae": [132.08086864764874, 127.61873098520132, 112.19375463632437, 185.39325714111328, 127.03641480665941, 139.01500760591946, 142.9852294921875, 171.83214040902945, 100.3993767958421, 129.81869213397687, 139.76374053955078, 96.99561661940355, 94.16033084575946, 115.5181162907527, 94.80236229529747, 145.44418276273288, 88.77904099684496, 105.09298706054688, 110.94254508385292, 93.70821057833157, 59.579029670128456, 105.80037923959586, 85.62061603252704, 60.323147993821365, 139.75942934476413, 96.92414709237906, 52.30433199955867, 113.39986595740685, 97.21625812237079, 47.29025958134578]}