{"train_loss": [7820507.978429878, 412265.17149390245, 424012.8876143293, 356497.40625, 348940.87358993903, 345803.5779344512, 346019.3892911585, 342442.3689405488, 343564.26158536586, 384016.6366234756, 346855.1983231707, 346051.4410823171, 60030945842715.32, 49229953.69756097, 29378401.014634147, 32341301.902439024, 28102142.59512195, 27738995.27804878, 28111163.746341463, 28341165.27804878, 27731745.47317073, 27517568.409756098, 27225525.44390244, 32359314.048780486, 27436674.780487806, 27765450.497560974, 27308667.268292684, 27086302.995121952, 27729436.36097561, 27309294.468292683], "train_mae": [717.4645496647532, 198.62481853205983, 193.38906555175782, 160.11738832055067, 151.23124947896818, 146.68036997725324, 143.16722613078792, 139.0710334591749, 138.38844515172445, 156.51303844917112, 139.2058596355159, 135.0466503236352, 1358207.0878842983, 2550.974355706936, 2496.658681878811, 2504.262157012195, 2485.9078672827745, 2480.726036108994, 2483.543331983613, 2482.779726800686, 2478.933036394817, 2478.34550662157, 2475.5389791349085, 2484.94160037157, 2476.1975728849084, 2476.5687714367377, 2473.706981230945, 2472.143958412729, 2473.430019769436, 2473.06171875], "val_loss": [296351.8179086539, 117926.76201923077, 120389.32121394231, 114174.85276442308, 113166.55078125, 139597.00540865384, 112463.39993990384, 188636.96514423078, 327996.3689903846, 161356.39903846153, 378466.14783653844, 146009.93028846153, 26839296.0, 26837289.307692308, 26834942.846153848, 26832459.769230768, 26829567.692307692, 26826345.076923076, 26822766.46153846, 26818791.307692308, 26814381.307692308, 26809489.153846152, 26804054.230769232, 26798045.692307692, 26791378.153846152, 26783991.230769232, 26775799.692307692, 26766828.076923076, 26756772.384615384, 26745635.846153848], "val_mae": [237.7493614783654, 157.8836223895733, 152.05974578857422, 147.99385892427884, 148.0630651620718, 169.40259493314304, 141.80796696589545, 196.48689915583685, 254.98641791710486, 189.4209923377404, 277.0314225416917, 130.5133320735051, 2471.5707256610576, 2471.4686279296875, 2471.360126201923, 2471.2572021484375, 2471.12407038762, 2470.9753699669473, 2470.81049992488, 2470.6271127554087, 2470.4237530048076, 2470.197979266827, 2469.943368765024, 2469.6520150991587, 2469.34419133113, 2469.0032395582934, 2468.6248967097354, 2468.2155104417066, 2467.7508732722354, 2467.236027644231]}