{"train_loss": [3421802.4583841464, 518831.5855182927, 478846.4361280488, 460451.3930640244, 466811.56516768294, 455111.6625, 2014242.1798018292, 3626906.0033536586, 673758.1964939025, 564906.0099085366, 514317.65464939026, 479457.0108231707, 465518.72263719514, 452949.28391768294, 455416.2109756098, 437792.87225609756, 432826.2412347561, 425631.9299542683, 422347.70655487804, 414804.2881097561, 409330.3189786585, 406217.7806402439, 398151.35716463416, 395199.9067454268, 392723.22972560977, 386744.4386051829, 388785.5583079268, 383289.5500762195, 379656.19615091465, 379605.7879192073], "train_mae": [687.1169667313739, 273.45487484815646, 239.80862650057165, 221.57442187797733, 216.82484078756193, 206.32328111602038, 350.5836690018817, 707.0219820348228, 303.59075332269435, 256.690195669779, 233.8995566763529, 212.43612961187594, 203.7945363858851, 194.3878426156393, 193.08896730004287, 184.30928143757146, 180.893082260504, 176.07609148723324, 173.8560735935118, 170.42346049983328, 166.1675699373571, 165.8605163574219, 161.84180789110138, 158.83648845393483, 159.17818223906727, 155.69088484601278, 157.3996671350991, 153.42109881145197, 152.68020927615282, 152.26237941834984], "val_loss": [140442.08984375, 128861.81159855769, 118454.046875, 113609.64002403847, 134204.45582932694, 148864.91917067306, 26585457.46153846, 361777.5721153846, 845438.3846153846, 486328.28004807694, 553308.0564903846, 595827.5192307692, 763484.0384615385, 678800.0769230769, 614632.6947115385, 785314.3653846154, 738871.2740384615, 953053.6947115385, 880769.4639423077, 865303.2307692308, 995621.9182692308, 1235824.826923077, 992013.9230769231, 986899.5144230769, 1184466.0865384615, 1412987.1346153845, 1215893.8365384615, 1438776.6298076923, 1312124.3653846155, 1532072.1586538462], "val_mae": [146.36246666541467, 151.36714054987982, 145.3307366004357, 140.49933096078726, 112.07429651113657, 173.66470630352313, 2436.108924278846, 257.01061366154596, 412.37366074782153, 318.6170583871695, 345.0811720628005, 348.6893615722656, 396.1146733210637, 373.8943903996394, 352.46912560096155, 405.9534665621244, 398.52815011831433, 446.2866985614483, 427.33402545635516, 425.59344247671277, 475.0787541316106, 518.100089439979, 456.4101245586689, 458.01239131047174, 498.26071284367487, 553.9030362642728, 505.49111703725964, 560.8741548978365, 527.4545170710637, 569.4016723632812]}