{"train_loss": [6538071.302134146, 676104.1512195122, 568008.1279725609, 529007.9972560976, 479389.0714939024, 453819.30381097563, 565611.634527439, 424085.82278963417, 409730.12530487805, 397761.05327743903, 391914.0362804878, 388240.7453125, 384331.2841844512, 377925.72069359757, 374837.03326981707, 372056.70583079266, 370355.88132621953, 366780.6069740854, 367568.3235137195, 362331.8543445122, 360308.2317835366, 361148.6376143293, 357709.8479420732, 356970.09839939023, 355463.0, 353469.99241615855, 352116.52850609756, 356830.5364710366, 349699.01356707315, 348749.8053353659], "train_mae": [1024.3632328684737, 315.352878328649, 267.1066249196122, 248.82089642780582, 227.4357889314977, 213.9271136772342, 238.5998346096132, 190.6929049608184, 182.94122455876047, 173.4326608797399, 167.51155589033917, 164.1179841576553, 160.25547157845847, 155.2156075082174, 152.34106914241138, 149.69120446181878, 148.00555579953078, 145.5510780892721, 145.83330070681689, 142.73157839891388, 142.11469525593083, 141.88767614597228, 140.04150945151724, 139.02837196908345, 138.36489979813737, 136.39533736066122, 136.30034529523152, 139.4078205387767, 134.16690175126237, 134.5605107377215], "val_loss": [277608.69471153844, 164375.09495192306, 107156.19741586539, 545765.2848557692, 422274.5372596154, 301893.5600961539, 182589.5751201923, 175647.515625, 194149.70913461538, 168987.59915865384, 188858.27764423078, 252921.49579326922, 188594.62680288462, 151507.75360576922, 254786.16826923078, 301853.5204326923, 244765.5594951923, 288263.63341346156, 311638.11778846156, 272659.0733173077, 330911.99278846156, 321175.34735576925, 335212.9735576923, 327703.9867788461, 348840.84495192306, 308387.54807692306, 622119.2259615385, 493969.74158653844, 522431.4435096154, 465896.69951923075], "val_mae": [237.3854211660532, 192.92896622877853, 124.58791967538687, 356.7697237454928, 319.3277658315805, 269.3268315241887, 201.53467853252704, 216.06544201190655, 212.60066692645734, 196.60707679161658, 213.76971846360428, 235.69363696758563, 204.91321505033054, 183.2896270751953, 232.70993335430438, 254.84758758544922, 228.6853262094351, 243.52981860821063, 258.1511447613056, 239.62334618201623, 257.3514275184044, 256.46840609036957, 260.40740262545074, 258.5281037550706, 266.0074028602013, 248.98638446514423, 365.4503819392278, 321.2134821965144, 332.83394211989184, 310.6446779691256]}