{"train_loss": [0.7276472449302673, 0.70717853307724, 0.6870317757129669, 0.6712978184223175, 0.6425976455211639, 0.6193491220474243, 0.624235063791275, 0.6215289235115051, 0.5923554301261902, 0.5996368527412415, 0.6375615894794464, 0.6569251418113708, 0.6042657792568207, 0.611627846956253, 0.5707488059997559, 0.650402158498764, 0.5754940211772919, 0.5892687141895294, 0.6588922142982483, 0.6079680621623993, 0.6249826848506927, 0.5856475532054901, 0.6249791383743286, 0.6581017076969147, 0.6353302001953125, 0.6582050025463104, 0.6181021332740784, 0.6077229678630829, 0.6436495184898376, 0.5969339609146118, 0.6064013242721558, 0.5880280137062073, 0.6164511740207672, 0.6213157474994659, 0.7387301027774811, 0.6347779631614685, 0.6109382808208466, 0.5932712852954865, 0.582499235868454, 0.6165704727172852, 0.6261240839958191, 0.5771044492721558, 0.5994268953800201, 0.690498948097229, 0.6553320586681366, 0.6479484438896179, 0.5948216021060944, 0.6306010186672211, 0.6237856149673462, 0.5897103250026703, 0.6054836511611938, 0.5679764151573181, 0.5433001816272736, 0.6175453066825867, 0.5677464604377747, 0.5833536088466644, 0.519526407122612, 0.5900256037712097, 0.6006975173950195, 0.5529296398162842, 0.5664907395839691, 0.550895482301712, 0.6709303557872772, 0.5321151912212372, 0.5744225084781647, 0.5539168417453766, 0.5269414186477661, 0.5441696345806122, 0.6068629324436188, 0.5290453732013702, 0.5661497414112091, 0.560059130191803, 0.5965074002742767, 0.4883718490600586, 0.4735942482948303, 0.5530774593353271, 0.7191625982522964, 0.5253315269947052, 0.5872082710266113, 0.5863724946975708, 0.5732717216014862, 0.5572177171707153, 0.4769434332847595, 0.5266402363777161, 0.5222267955541611, 0.5761115401983261, 0.542972594499588, 0.5307730436325073, 0.5457208752632141, 0.5169388055801392, 0.5578804314136505, 0.5068883001804352, 0.5731056183576584, 0.4451516568660736, 0.4918224662542343, 0.5578659176826477, 0.5052783489227295, 0.5104343593120575, 0.5027650594711304, 0.5379311144351959], "train_acc": [0.30666666666666664, 0.30666666666666664, 0.4666666666666667, 0.6933333333333334, 0.6933333333333334, 0.6933333333333334, 0.6933333333333334, 0.6933333333333334, 0.6933333333333334, 0.6933333333333334, 0.6933333333333334, 0.6933333333333334, 0.6933333333333334, 0.6933333333333334, 0.6933333333333334, 0.6933333333333334, 0.6933333333333334, 0.6933333333333334, 0.6933333333333334, 0.6933333333333334, 0.6933333333333334, 0.6933333333333334, 0.6933333333333334, 0.6933333333333334, 0.6933333333333334, 0.6933333333333334, 0.6933333333333334, 0.6933333333333334, 0.6933333333333334, 0.6933333333333334, 0.6933333333333334, 0.6933333333333334, 0.6933333333333334, 0.6933333333333334, 0.6933333333333334, 0.6933333333333334, 0.6933333333333334, 0.6933333333333334, 0.6933333333333334, 0.6933333333333334, 0.6933333333333334, 0.6933333333333334, 0.6933333333333334, 0.6933333333333334, 0.6933333333333334, 0.6933333333333334, 0.6933333333333334, 0.6933333333333334, 0.6933333333333334, 0.6933333333333334, 0.6933333333333334, 0.6933333333333334, 0.6933333333333334, 0.6933333333333334, 0.6933333333333334, 0.6933333333333334, 0.6933333333333334, 0.6933333333333334, 0.6933333333333334, 0.6933333333333334, 0.6933333333333334, 0.6933333333333334, 0.6933333333333334, 0.6933333333333334, 0.6933333333333334, 0.6933333333333334, 0.6933333333333334, 0.6933333333333334, 0.6933333333333334, 0.6933333333333334, 0.6933333333333334, 0.6933333333333334, 0.6933333333333334, 0.7, 0.74, 0.72, 0.7133333333333334, 0.7666666666666667, 0.7666666666666667, 0.76, 0.78, 0.76, 0.7333333333333333, 0.7066666666666667, 0.7333333333333333, 0.74, 0.7533333333333333, 0.7733333333333333, 0.74, 0.7533333333333333, 0.74, 0.74, 0.76, 0.7533333333333333, 0.7333333333333333, 0.7666666666666667, 0.7466666666666667, 0.76, 0.7533333333333333, 0.7466666666666667], "val_loss": [0.6948168277740479, 0.6933881044387817, 0.6930519938468933, 0.6952725052833557, 0.7065608501434326, 0.7456836700439453, 0.7744711637496948, 0.7517105340957642, 0.733445405960083, 0.725115954875946, 0.7216490507125854, 0.7172009348869324, 0.7142046689987183, 0.7156717777252197, 0.7217927575111389, 0.7311856746673584, 0.7381300330162048, 0.7499620914459229, 0.7513477206230164, 0.7397589087486267, 0.7290897369384766, 0.7225621342658997, 0.7204051613807678, 0.7177002429962158, 0.7136931419372559, 0.7102403044700623, 0.7084985375404358, 0.7105098962783813, 0.7146580815315247, 0.7199409008026123, 0.7291759252548218, 0.7390608191490173, 0.743278980255127, 0.736809492111206, 0.7187612056732178, 0.7025426030158997, 0.6968260407447815, 0.6958098411560059, 0.6987003087997437, 0.7081459164619446, 0.7241533994674683, 0.7436127066612244, 0.760006308555603, 0.7427238821983337, 0.7133505940437317, 0.6973074674606323, 0.6918429732322693, 0.6906476616859436, 0.6906894445419312, 0.6930350065231323, 0.701075553894043, 0.7196601629257202, 0.7570698857307434, 0.785997211933136, 0.7680500745773315, 0.7344590425491333, 0.710547924041748, 0.6992793083190918, 0.6895233988761902, 0.6854560971260071, 0.691577672958374, 0.7062416672706604, 0.6948062777519226, 0.6679028272628784, 0.6552291512489319, 0.6516526937484741, 0.677464485168457, 0.7075923085212708, 0.6541234254837036, 0.6184366345405579, 0.611061692237854, 0.6099109649658203, 0.606873631477356, 0.6020931601524353, 0.640146791934967, 0.6750589609146118, 0.6023452281951904, 0.5829741954803467, 0.5899150371551514, 0.5838013887405396, 0.6095103025436401, 0.6501672267913818, 0.6813990473747253, 0.6772383451461792, 0.6358610391616821, 0.6026498079299927, 0.5873836874961853, 0.5851976871490479, 0.5939648151397705, 0.6264384984970093, 0.6490105986595154, 0.6261129379272461, 0.5940868258476257, 0.5780452489852905, 0.5848982334136963, 0.5975925922393799, 0.5941907167434692, 0.5841566324234009, 0.5774635672569275, 0.5680747032165527], "val_acc": [0.5, 0.5, 0.5, 0.5, 0.5, 0.5, 0.5, 0.5, 0.5, 0.5, 0.5, 0.5, 0.5, 0.5, 0.5, 0.5, 0.5, 0.5, 0.5, 0.5, 0.5, 0.5, 0.5, 0.5, 0.5, 0.5, 0.5, 0.5, 0.5, 0.5, 0.5, 0.5, 0.5, 0.5, 0.5, 0.5, 0.5, 0.5, 0.5, 0.5, 0.5, 0.5, 0.5, 0.5, 0.5, 0.5, 0.5, 0.5, 0.5, 0.5, 0.5, 0.5, 0.5, 0.5, 0.5, 0.5, 0.5, 0.5, 0.5, 0.5, 0.5, 0.5, 0.5, 0.5, 0.5, 0.5, 0.5, 0.5, 0.5, 0.5, 0.5, 0.5, 0.5, 0.5555555555555556, 0.5555555555555556, 0.5, 0.5555555555555556, 0.6666666666666666, 0.6666666666666666, 0.6666666666666666, 0.5555555555555556, 0.5555555555555556, 0.5, 0.5, 0.5555555555555556, 0.5555555555555556, 0.6111111111111112, 0.6111111111111112, 0.5555555555555556, 0.5555555555555556, 0.5555555555555556, 0.5555555555555556, 0.5555555555555556, 0.6111111111111112, 0.6111111111111112, 0.5555555555555556, 0.6111111111111112, 0.6666666666666666, 0.6666666666666666, 0.6666666666666666]}