{"train_loss": [0.7329024970531464, 0.7988854646682739, 0.5666027367115021, 0.637270987033844, 0.6813144385814667, 0.5449917912483215, 0.5640503764152527, 0.5607418417930603, 0.5004732310771942, 0.5550548136234283, 0.5283576548099518, 0.5160045623779297, 0.5601816177368164, 0.5359587073326111, 0.5637659728527069, 0.5212104171514511, 0.4913504719734192, 0.5039898604154587, 0.43841251730918884, 0.4840257316827774, 0.5173247009515762, 0.5194076299667358, 0.4787341356277466, 0.6374333500862122, 0.49004068970680237, 0.5632549226284027, 0.45297040045261383, 0.5113556385040283, 0.5955511927604675, 0.6052165627479553, 0.5829517245292664, 0.6320600807666779, 0.579349935054779, 0.5248844027519226, 0.5736088156700134, 0.5113528668880463, 0.5431345105171204, 0.4625183343887329, 0.4281979501247406, 0.4589938670396805, 0.4984259158372879, 0.4782901704311371, 0.43441174924373627, 0.49709533154964447, 0.406713530421257, 0.5746567100286484, 0.47460542619228363, 0.5215485990047455, 0.45407630503177643, 0.5556032508611679, 0.44140227138996124, 0.5169398188591003, 0.4327792227268219, 0.48089705407619476, 0.4579967111349106, 0.6194415539503098, 0.4689396917819977, 0.4938831329345703, 0.5563084185123444, 0.5441917330026627, 0.4385805279016495, 0.4752887934446335, 0.48745791614055634, 0.41168074309825897, 0.5212778598070145, 0.5029730498790741, 0.4488201290369034, 0.44899407029151917, 0.449994832277298, 0.47748130559921265, 0.521632581949234, 0.4531092643737793, 0.43059174716472626, 0.3904793709516525, 0.47110895812511444, 0.5818123072385788, 0.5286584943532944, 0.507248193025589, 0.4776810556650162, 0.4325854927301407, 0.5546977818012238, 0.5312866866588593, 0.4995708167552948, 0.4874962866306305, 0.46449995040893555, 0.5337765514850616, 0.4359631836414337, 0.5400094836950302, 0.5135277211666107, 0.44336192309856415, 0.5468010902404785, 0.4184466004371643, 0.496430441737175, 0.41698917746543884, 0.4585976153612137, 0.43928997218608856, 0.5220435261726379, 0.4768240600824356, 0.44184160232543945, 0.5410979986190796], "train_acc": [0.4266666666666667, 0.38666666666666666, 0.6933333333333334, 0.6933333333333334, 0.38, 0.6933333333333334, 0.6933333333333334, 0.7, 0.6933333333333334, 0.7, 0.6866666666666666, 0.7066666666666667, 0.68, 0.74, 0.7, 0.72, 0.7066666666666667, 0.7133333333333334, 0.7866666666666666, 0.7533333333333333, 0.7133333333333334, 0.78, 0.7733333333333333, 0.6933333333333334, 0.6933333333333334, 0.7266666666666667, 0.7866666666666666, 0.7533333333333333, 0.7333333333333333, 0.76, 0.7733333333333333, 0.6933333333333334, 0.6933333333333334, 0.7466666666666667, 0.7466666666666667, 0.74, 0.7333333333333333, 0.7733333333333333, 0.7533333333333333, 0.7333333333333333, 0.7466666666666667, 0.7933333333333333, 0.7466666666666667, 0.7466666666666667, 0.76, 0.76, 0.7666666666666667, 0.76, 0.7733333333333333, 0.7733333333333333, 0.7733333333333333, 0.7866666666666666, 0.78, 0.7733333333333333, 0.7733333333333333, 0.7733333333333333, 0.78, 0.76, 0.7, 0.7666666666666667, 0.78, 0.7533333333333333, 0.76, 0.7733333333333333, 0.76, 0.78, 0.78, 0.7733333333333333, 0.78, 0.78, 0.7866666666666666, 0.7866666666666666, 0.7733333333333333, 0.7866666666666666, 0.7733333333333333, 0.78, 0.78, 0.7533333333333333, 0.7866666666666666, 0.7866666666666666, 0.7733333333333333, 0.7666666666666667, 0.7733333333333333, 0.7866666666666666, 0.7866666666666666, 0.78, 0.7866666666666666, 0.78, 0.7666666666666667, 0.78, 0.7733333333333333, 0.7666666666666667, 0.74, 0.74, 0.7866666666666666, 0.7733333333333333, 0.7733333333333333, 0.7733333333333333, 0.76, 0.7866666666666666], "val_loss": [0.8330757021903992, 0.7441720366477966, 0.8336127996444702, 0.7317121028900146, 0.8158402442932129, 0.9211687445640564, 0.7428314685821533, 0.7890447974205017, 0.9685633182525635, 0.9178588390350342, 0.8600429892539978, 0.8533276915550232, 0.8960210084915161, 0.7993996143341064, 0.6941922903060913, 0.7436181902885437, 0.955367386341095, 0.8655661940574646, 0.8678420186042786, 0.9695212244987488, 0.7644638419151306, 0.6789469122886658, 0.8066554069519043, 0.7002748250961304, 0.6406065225601196, 0.6661344170570374, 0.8216866850852966, 0.9521439075469971, 0.7487425208091736, 0.6435137987136841, 0.6636450886726379, 0.6549595594406128, 0.68052738904953, 0.847606360912323, 0.8838475942611694, 0.8433014154434204, 0.7799760699272156, 0.7761698365211487, 0.9320677518844604, 0.8605181574821472, 0.7265498042106628, 0.6879907250404358, 0.7192838788032532, 0.7939872145652771, 0.8452441692352295, 0.786325216293335, 0.7251338362693787, 0.684180498123169, 0.6894970536231995, 0.6987016201019287, 0.6664612889289856, 0.670604407787323, 0.7119771838188171, 0.7822951078414917, 0.7922709584236145, 0.6683251857757568, 0.6239823698997498, 0.6448676586151123, 0.6648080348968506, 0.66950523853302, 0.717399001121521, 0.7663611173629761, 0.7819761037826538, 0.7590048313140869, 0.7037643194198608, 0.6616520881652832, 0.6552547812461853, 0.7325900793075562, 0.7819018959999084, 0.6940000653266907, 0.6362702250480652, 0.6308485269546509, 0.6628472805023193, 0.7498037815093994, 0.7477602362632751, 0.6967095136642456, 0.6532204151153564, 0.635765552520752, 0.65083909034729, 0.7255932688713074, 0.7422568798065186, 0.655150830745697, 0.6345431804656982, 0.6356136798858643, 0.6469919681549072, 0.704276978969574, 0.7353070378303528, 0.6969117522239685, 0.6436499357223511, 0.6306023001670837, 0.6438426375389099, 0.6671244502067566, 0.699331521987915, 0.6994016766548157, 0.6993598937988281, 0.7053375244140625, 0.7086799144744873, 0.6981306076049805, 0.6897013187408447, 0.6555583477020264], "val_acc": [0.4444444444444444, 0.5555555555555556, 0.5555555555555556, 0.4444444444444444, 0.5555555555555556, 0.5555555555555556, 0.4444444444444444, 0.4444444444444444, 0.3333333333333333, 0.5, 0.5555555555555556, 0.5, 0.3888888888888889, 0.4444444444444444, 0.4444444444444444, 0.5, 0.4444444444444444, 0.5555555555555556, 0.5555555555555556, 0.5555555555555556, 0.5555555555555556, 0.5555555555555556, 0.5555555555555556, 0.5555555555555556, 0.7777777777777778, 0.5555555555555556, 0.5, 0.5555555555555556, 0.5555555555555556, 0.5555555555555556, 0.5555555555555556, 0.5555555555555556, 0.5555555555555556, 0.5555555555555556, 0.5, 0.5555555555555556, 0.5555555555555556, 0.5555555555555556, 0.5, 0.5, 0.5, 0.5555555555555556, 0.5, 0.5555555555555556, 0.5555555555555556, 0.5555555555555556, 0.5555555555555556, 0.5555555555555556, 0.5555555555555556, 0.6111111111111112, 0.5555555555555556, 0.5555555555555556, 0.5555555555555556, 0.5555555555555556, 0.5555555555555556, 0.5555555555555556, 0.7777777777777778, 0.5555555555555556, 0.6111111111111112, 0.5555555555555556, 0.5555555555555556, 0.5555555555555556, 0.5555555555555556, 0.5555555555555556, 0.5555555555555556, 0.5555555555555556, 0.5555555555555556, 0.6666666666666666, 0.6666666666666666, 0.5555555555555556, 0.5555555555555556, 0.5555555555555556, 0.5555555555555556, 0.5555555555555556, 0.5555555555555556, 0.6111111111111112, 0.5555555555555556, 0.5555555555555556, 0.6111111111111112, 0.6666666666666666, 0.6666666666666666, 0.5555555555555556, 0.5555555555555556, 0.5555555555555556, 0.5555555555555556, 0.5555555555555556, 0.5555555555555556, 0.5555555555555556, 0.6111111111111112, 0.6111111111111112, 0.5555555555555556, 0.6111111111111112, 0.6111111111111112, 0.5555555555555556, 0.5555555555555556, 0.5555555555555556, 0.5555555555555556, 0.5555555555555556, 0.6666666666666666, 0.7222222222222222]}