{"train_loss": [0.7122592031955719, 0.7148180305957794, 0.6982012987136841, 0.682612419128418, 0.6482296288013458, 0.6038684844970703, 0.6571577787399292, 0.6260229349136353, 0.6467550098896027, 0.612770289182663, 0.6952989995479584, 0.6123204827308655, 0.6532554924488068, 0.660133570432663, 0.6521683931350708, 0.6603559851646423, 0.6342728435993195, 0.6186960339546204, 0.6687847077846527, 0.5937520861625671, 0.6229695975780487, 0.6415518224239349, 0.6435699760913849, 0.616041362285614, 0.600464940071106, 0.595270425081253, 0.6229226589202881, 0.6268600523471832, 0.6199502050876617, 0.5975112617015839, 0.6253358423709869, 0.6259737610816956, 0.6186598837375641, 0.6257281005382538, 0.6097895205020905, 0.6435515582561493, 0.6565725803375244, 0.6584888398647308, 0.6444064378738403, 0.6416803896427155, 0.6478943228721619, 0.6940661072731018, 0.581365168094635, 0.617360383272171, 0.6103742718696594, 0.5784954726696014, 0.6653887331485748, 0.5579845011234283, 0.6370727121829987, 0.5790345966815948, 0.5820488929748535, 0.6377589702606201, 0.6316476464271545, 0.5931293368339539, 0.5845617949962616, 0.5803788602352142, 0.6015949845314026, 0.6427632570266724, 0.64739790558815, 0.6320262253284454, 0.6244090497493744, 0.6582086384296417, 0.6102339029312134, 0.5595986247062683, 0.5591126978397369, 0.5803151428699493, 0.6651887595653534, 0.6310175657272339, 0.601349800825119, 0.6197773516178131, 0.6137139797210693, 0.5776582658290863, 0.6027972400188446, 0.5282908976078033, 0.6049801707267761, 0.6355462968349457, 0.588943749666214, 0.580359548330307, 0.6269011795520782, 0.6107602417469025, 0.599195271730423, 0.5706478655338287, 0.5652066171169281, 0.6024714708328247, 0.6028801798820496, 0.573265552520752, 0.5715884268283844, 0.5300387889146805, 0.6213052570819855, 0.5211170166730881, 0.5300549268722534, 0.4605090320110321, 0.5762809813022614, 0.5857008099555969, 0.5825032591819763, 0.5687958002090454, 0.652415007352829, 0.5583999156951904, 0.5386464893817902, 0.5533861815929413], "train_acc": [0.3333333333333333, 0.3333333333333333, 0.3333333333333333, 0.6666666666666666, 0.6666666666666666, 0.6666666666666666, 0.6666666666666666, 0.6666666666666666, 0.6666666666666666, 0.6666666666666666, 0.6666666666666666, 0.6666666666666666, 0.6666666666666666, 0.6666666666666666, 0.6666666666666666, 0.6666666666666666, 0.6666666666666666, 0.6666666666666666, 0.6666666666666666, 0.6666666666666666, 0.6666666666666666, 0.6666666666666666, 0.6666666666666666, 0.6666666666666666, 0.6666666666666666, 0.6666666666666666, 0.6666666666666666, 0.6666666666666666, 0.6666666666666666, 0.6666666666666666, 0.6666666666666666, 0.6666666666666666, 0.6666666666666666, 0.6666666666666666, 0.6666666666666666, 0.6666666666666666, 0.6666666666666666, 0.6666666666666666, 0.6666666666666666, 0.6666666666666666, 0.6666666666666666, 0.6666666666666666, 0.6666666666666666, 0.6666666666666666, 0.6666666666666666, 0.6666666666666666, 0.6666666666666666, 0.6666666666666666, 0.6666666666666666, 0.6666666666666666, 0.6666666666666666, 0.6666666666666666, 0.6666666666666666, 0.6666666666666666, 0.6666666666666666, 0.6666666666666666, 0.6666666666666666, 0.6666666666666666, 0.6666666666666666, 0.6666666666666666, 0.6666666666666666, 0.6666666666666666, 0.6666666666666666, 0.6666666666666666, 0.6666666666666666, 0.6666666666666666, 0.6666666666666666, 0.6666666666666666, 0.6666666666666666, 0.6666666666666666, 0.6666666666666666, 0.6666666666666666, 0.6666666666666666, 0.6666666666666666, 0.6666666666666666, 0.6666666666666666, 0.6666666666666666, 0.6666666666666666, 0.68, 0.6933333333333334, 0.6866666666666666, 0.6666666666666666, 0.7, 0.6933333333333334, 0.7066666666666667, 0.68, 0.72, 0.7133333333333334, 0.7066666666666667, 0.74, 0.7266666666666667, 0.76, 0.74, 0.7266666666666667, 0.7066666666666667, 0.7133333333333334, 0.7066666666666667, 0.7, 0.7133333333333334, 0.74], "val_loss": [0.7219924330711365, 0.7089182138442993, 0.6917983889579773, 0.6700324416160583, 0.6389855146408081, 0.6042246222496033, 0.588901162147522, 0.589228093624115, 0.595327615737915, 0.604546844959259, 0.6152822971343994, 0.6241106390953064, 0.6275194883346558, 0.6294935345649719, 0.6298695802688599, 0.6283247470855713, 0.6248960494995117, 0.6176366806030273, 0.6097527742385864, 0.6022339463233948, 0.5943562984466553, 0.5900161266326904, 0.5906786322593689, 0.5930872559547424, 0.5953167676925659, 0.5950744152069092, 0.5935724973678589, 0.5928820371627808, 0.5926064252853394, 0.5914032459259033, 0.5893280506134033, 0.5890296697616577, 0.590027928352356, 0.5905760526657104, 0.5906032919883728, 0.5905352830886841, 0.5928756594657898, 0.59815913438797, 0.6040211915969849, 0.6069405674934387, 0.6065760850906372, 0.6071434617042542, 0.6043927073478699, 0.5900400280952454, 0.5751927495002747, 0.5668172836303711, 0.5651057958602905, 0.564436137676239, 0.5649992823600769, 0.5674768686294556, 0.5655298829078674, 0.5626378059387207, 0.5625507831573486, 0.5601108074188232, 0.5501739978790283, 0.5398229956626892, 0.5327571034431458, 0.5279530882835388, 0.537943959236145, 0.5631733536720276, 0.5779039859771729, 0.5740324854850769, 0.5523186922073364, 0.5129504799842834, 0.5009459853172302, 0.5077640414237976, 0.4913973808288574, 0.5161629319190979, 0.5593206286430359, 0.5717850923538208, 0.5552047491073608, 0.513852059841156, 0.47860848903656006, 0.4700050950050354, 0.46731916069984436, 0.46850496530532837, 0.500471293926239, 0.5225541591644287, 0.5243922472000122, 0.5080076456069946, 0.47642844915390015, 0.4468882977962494, 0.4329614043235779, 0.42755740880966187, 0.44306182861328125, 0.4717872440814972, 0.46232911944389343, 0.4232306480407715, 0.4028102457523346, 0.3983422517776489, 0.3948785662651062, 0.3882972002029419, 0.38617461919784546, 0.39250338077545166, 0.4264005422592163, 0.412142276763916, 0.4023240804672241, 0.40804070234298706, 0.4176550805568695, 0.42382559180259705], "val_acc": [0.2777777777777778, 0.2777777777777778, 0.7222222222222222, 0.7222222222222222, 0.7222222222222222, 0.7222222222222222, 0.7222222222222222, 0.7222222222222222, 0.7222222222222222, 0.7222222222222222, 0.7222222222222222, 0.7222222222222222, 0.7222222222222222, 0.7222222222222222, 0.7222222222222222, 0.7222222222222222, 0.7222222222222222, 0.7222222222222222, 0.7222222222222222, 0.7222222222222222, 0.7222222222222222, 0.7222222222222222, 0.7222222222222222, 0.7222222222222222, 0.7222222222222222, 0.7222222222222222, 0.7222222222222222, 0.7222222222222222, 0.7222222222222222, 0.7222222222222222, 0.7222222222222222, 0.7222222222222222, 0.7222222222222222, 0.7222222222222222, 0.7222222222222222, 0.7222222222222222, 0.7222222222222222, 0.7222222222222222, 0.7222222222222222, 0.7222222222222222, 0.7222222222222222, 0.7222222222222222, 0.7222222222222222, 0.7222222222222222, 0.7222222222222222, 0.7222222222222222, 0.7222222222222222, 0.7222222222222222, 0.7222222222222222, 0.7222222222222222, 0.7222222222222222, 0.7222222222222222, 0.7222222222222222, 0.7222222222222222, 0.7222222222222222, 0.7222222222222222, 0.7222222222222222, 0.7222222222222222, 0.7222222222222222, 0.7222222222222222, 0.7222222222222222, 0.7222222222222222, 0.7222222222222222, 0.7222222222222222, 0.7222222222222222, 0.7222222222222222, 0.7222222222222222, 0.7222222222222222, 0.7222222222222222, 0.7222222222222222, 0.7222222222222222, 0.7222222222222222, 0.7222222222222222, 0.7222222222222222, 0.7222222222222222, 0.7222222222222222, 0.7222222222222222, 0.8333333333333334, 0.8333333333333334, 0.8333333333333334, 0.8333333333333334, 0.8333333333333334, 0.8333333333333334, 0.8333333333333334, 0.8888888888888888, 0.8888888888888888, 0.8888888888888888, 0.8888888888888888, 0.8888888888888888, 0.8888888888888888, 0.8888888888888888, 0.8888888888888888, 0.8888888888888888, 0.8888888888888888, 0.8888888888888888, 0.8888888888888888, 0.8888888888888888, 0.8888888888888888, 0.8888888888888888, 0.8888888888888888]}