{"train_loss": [0.7113763093948364, 0.7704087495803833, 0.5545729249715805, 0.6390774846076965, 0.6104758381843567, 0.629683792591095, 0.5853651165962219, 0.5820715427398682, 0.5747048854827881, 0.5596103370189667, 0.6149729490280151, 0.6204083561897278, 0.578771322965622, 0.5412169694900513, 0.5400795340538025, 0.6751686930656433, 0.6008422672748566, 0.5990971624851227, 0.6179860234260559, 0.5235396325588226, 0.6243416368961334, 0.5520282983779907, 0.5507728755474091, 0.5945598185062408, 0.5208817422389984, 0.6136285364627838, 0.5339842438697815, 0.5753303170204163, 0.6146657019853592, 0.5852831900119781, 0.571656346321106, 0.4983403831720352, 0.4902176856994629, 0.5655277371406555, 0.5410209000110626, 0.5565082728862762, 0.5706491768360138, 0.45921456813812256, 0.47430628538131714, 0.53677037358284, 0.5469942390918732, 0.5225648283958435, 0.4297148138284683, 0.6533489376306534, 0.5368971973657608, 0.6137953400611877, 0.5337303876876831, 0.5482919812202454, 0.4913055896759033, 0.4851410537958145, 0.5196528434753418, 0.4914683848619461, 0.453032910823822, 0.5659743994474411, 0.4580885022878647, 0.5323470234870911, 0.501945897936821, 0.5320682525634766, 0.4970400780439377, 0.4669130891561508, 0.5337499976158142, 0.5551105439662933, 0.5445063412189484, 0.5062453895807266, 0.4760504513978958, 0.5505203604698181, 0.4635385721921921, 0.5294544398784637, 0.5418257564306259, 0.49195946753025055, 0.5763869881629944, 0.5477570295333862, 0.557208776473999, 0.4803222715854645, 0.4495367705821991, 0.537098616361618, 0.6786288917064667, 0.5363937616348267, 0.5842500030994415, 0.5854542255401611, 0.5658350586891174, 0.5324598848819733, 0.4479983150959015, 0.5195767879486084, 0.4549126774072647, 0.5688636898994446, 0.4996332973241806, 0.49832938611507416, 0.5130694806575775, 0.491244301199913, 0.5166802555322647, 0.4802284836769104, 0.5371674001216888, 0.4999181479215622, 0.4591777175664902, 0.5872439444065094, 0.530565544962883, 0.49248814582824707, 0.4971183091402054, 0.535212978720665], "train_acc": [0.6133333333333333, 0.32, 0.6933333333333334, 0.6933333333333334, 0.6933333333333334, 0.7066666666666667, 0.7066666666666667, 0.6933333333333334, 0.6933333333333334, 0.6933333333333334, 0.6666666666666666, 0.6533333333333333, 0.6666666666666666, 0.6666666666666666, 0.6866666666666666, 0.6866666666666666, 0.6866666666666666, 0.7266666666666667, 0.7066666666666667, 0.6933333333333334, 0.7, 0.6933333333333334, 0.7, 0.7266666666666667, 0.7466666666666667, 0.7333333333333333, 0.7266666666666667, 0.7533333333333333, 0.7, 0.6933333333333334, 0.7333333333333333, 0.7266666666666667, 0.74, 0.7466666666666667, 0.72, 0.7066666666666667, 0.7533333333333333, 0.76, 0.7466666666666667, 0.7066666666666667, 0.7066666666666667, 0.74, 0.7333333333333333, 0.7533333333333333, 0.7266666666666667, 0.7133333333333334, 0.7666666666666667, 0.7, 0.76, 0.7533333333333333, 0.74, 0.7333333333333333, 0.7533333333333333, 0.76, 0.7666666666666667, 0.7666666666666667, 0.7533333333333333, 0.7533333333333333, 0.7666666666666667, 0.76, 0.7733333333333333, 0.7466666666666667, 0.7333333333333333, 0.7533333333333333, 0.76, 0.7533333333333333, 0.76, 0.7466666666666667, 0.7533333333333333, 0.74, 0.72, 0.7733333333333333, 0.7533333333333333, 0.7466666666666667, 0.7666666666666667, 0.7666666666666667, 0.7666666666666667, 0.74, 0.74, 0.7666666666666667, 0.74, 0.7733333333333333, 0.76, 0.7733333333333333, 0.7533333333333333, 0.7333333333333333, 0.7466666666666667, 0.7666666666666667, 0.7533333333333333, 0.76, 0.7733333333333333, 0.7466666666666667, 0.7466666666666667, 0.7533333333333333, 0.74, 0.7, 0.76, 0.7533333333333333, 0.7466666666666667, 0.7466666666666667], "val_loss": [0.7423616051673889, 0.7114284634590149, 0.905994713306427, 0.8947699069976807, 0.6864577531814575, 0.6837255954742432, 0.7928354144096375, 0.8996500372886658, 0.7186161875724792, 0.6677454710006714, 0.7073943018913269, 0.6422101855278015, 0.6615278720855713, 0.8468973636627197, 0.8227431178092957, 0.6419703364372253, 0.6428490281105042, 0.6986242532730103, 0.8056744933128357, 0.8365369439125061, 0.7163927555084229, 0.6463469862937927, 0.6823931932449341, 0.6498277187347412, 0.5744870901107788, 0.5653917193412781, 0.6613968014717102, 0.7375341057777405, 0.6936324834823608, 0.63791823387146, 0.6198848485946655, 0.7192139625549316, 0.7335681915283203, 0.598499059677124, 0.5689123272895813, 0.5923817157745361, 0.7974085807800293, 0.9076067805290222, 0.805142343044281, 0.7254829406738281, 0.6498257517814636, 0.6168492436408997, 0.728882908821106, 0.613658607006073, 0.5430036187171936, 0.596381425857544, 0.6550625562667847, 0.8376270532608032, 0.8009316921234131, 0.6155974268913269, 0.575958788394928, 0.6125142574310303, 0.7312605977058411, 0.8083996176719666, 0.7185463309288025, 0.6700328588485718, 0.6619145274162292, 0.6839222311973572, 0.658534824848175, 0.6208937764167786, 0.5934721827507019, 0.5567207336425781, 0.5655136704444885, 0.5775878429412842, 0.7322427034378052, 0.6852495670318604, 0.5606625080108643, 0.5679391026496887, 0.6109675765037537, 0.6415531635284424, 0.5961220264434814, 0.5384978652000427, 0.5437140464782715, 0.590675950050354, 0.7634512186050415, 0.706393301486969, 0.5149707794189453, 0.5884735584259033, 0.629715085029602, 0.6358032822608948, 0.6918632984161377, 0.7660282850265503, 0.7467576265335083, 0.6963055729866028, 0.6704061627388, 0.6346616148948669, 0.6152819395065308, 0.6635100841522217, 0.7236297130584717, 0.7274131774902344, 0.6737040281295776, 0.5797297358512878, 0.5589644312858582, 0.6994357705116272, 0.8579711318016052, 0.7239058613777161, 0.5797717571258545, 0.5517666935920715, 0.6006038188934326, 0.7376058101654053], "val_acc": [0.5, 0.5, 0.5, 0.5, 0.5, 0.5, 0.5, 0.5, 0.5, 0.4444444444444444, 0.4444444444444444, 0.5, 0.5, 0.5, 0.5, 0.5, 0.5, 0.5, 0.5, 0.5, 0.5, 0.5, 0.5, 0.5, 0.6111111111111112, 0.6111111111111112, 0.5555555555555556, 0.5, 0.5, 0.5, 0.5, 0.5, 0.5, 0.5555555555555556, 0.7777777777777778, 0.5555555555555556, 0.5, 0.5, 0.5, 0.5, 0.5555555555555556, 0.5, 0.5555555555555556, 0.6111111111111112, 0.7777777777777778, 0.6111111111111112, 0.5, 0.5555555555555556, 0.5555555555555556, 0.5555555555555556, 0.6111111111111112, 0.5, 0.5555555555555556, 0.5555555555555556, 0.5, 0.5555555555555556, 0.5555555555555556, 0.5555555555555556, 0.5555555555555556, 0.6111111111111112, 0.6111111111111112, 0.6111111111111112, 0.6111111111111112, 0.6666666666666666, 0.5555555555555556, 0.5555555555555556, 0.6111111111111112, 0.6666666666666666, 0.5555555555555556, 0.5555555555555556, 0.6666666666666666, 0.6666666666666666, 0.7222222222222222, 0.6666666666666666, 0.5555555555555556, 0.6111111111111112, 0.7777777777777778, 0.7777777777777778, 0.5, 0.5555555555555556, 0.5555555555555556, 0.5555555555555556, 0.5555555555555556, 0.5555555555555556, 0.5555555555555556, 0.6111111111111112, 0.5555555555555556, 0.5555555555555556, 0.5555555555555556, 0.5555555555555556, 0.5555555555555556, 0.6111111111111112, 0.6111111111111112, 0.5555555555555556, 0.5, 0.5555555555555556, 0.6111111111111112, 0.6666666666666666, 0.5555555555555556, 0.5555555555555556]}