{"train_loss": [0.771178662776947, 0.7846254408359528, 0.6206071376800537, 0.6156049072742462, 0.5827150344848633, 0.6305151581764221, 0.6103707551956177, 0.6167135536670685, 0.5965668261051178, 0.5599064528942108, 0.6362476944923401, 0.732216864824295, 0.6075583696365356, 0.6267605125904083, 0.6318114399909973, 0.6005873084068298, 0.5332175195217133, 0.5438135862350464, 0.5734162330627441, 0.5443338751792908, 0.5662026107311249, 0.5549387335777283, 0.6563412845134735, 0.5377224087715149, 0.4736378639936447, 0.5371773093938828, 0.5490654706954956, 0.5675026774406433, 0.5089212507009506, 0.5025860518217087, 0.5526052713394165, 0.5356056094169617, 0.542208343744278, 0.5430677533149719, 0.5144250988960266, 0.5553160905838013, 0.5181568562984467, 0.5546911060810089, 0.535298079252243, 0.544896736741066, 0.5724810659885406, 0.6025875955820084, 0.608749657869339, 0.5353128015995026, 0.6736017167568207, 0.5264070183038712, 0.5744223594665527, 0.5846409797668457, 0.618356317281723, 0.4515146315097809, 0.500218853354454, 0.5826138257980347, 0.5550115406513214, 0.5088732242584229, 0.5251666605472565, 0.4809783846139908, 0.5417769849300385, 0.5308912098407745, 0.5683112889528275, 0.5581035614013672, 0.6090269386768341, 0.6323736011981964, 0.5119510591030121, 0.4479934871196747, 0.5020923912525177, 0.4581446349620819, 0.49081479012966156, 0.5228723287582397, 0.5542218089103699, 0.486835315823555, 0.5324515998363495, 0.4702567756175995, 0.5956677347421646, 0.4543062448501587, 0.5590372085571289, 0.505281537771225, 0.46504656970500946, 0.5403138697147369, 0.519682303071022, 0.588242918252945, 0.4689458906650543, 0.6334435343742371, 0.471592053771019, 0.49958889186382294, 0.537178099155426, 0.5142639726400375, 0.5959585011005402, 0.5066408514976501, 0.6013070940971375, 0.5361904501914978, 0.5321686565876007, 0.446286678314209, 0.5728576481342316, 0.570175290107727, 0.6106423437595367, 0.541308730840683, 0.6665513515472412, 0.5750910043716431, 0.5908780992031097, 0.546834409236908], "train_acc": [0.52, 0.38, 0.6666666666666666, 0.6666666666666666, 0.68, 0.6666666666666666, 0.6666666666666666, 0.6466666666666666, 0.6333333333333333, 0.6666666666666666, 0.66, 0.6733333333333333, 0.66, 0.6666666666666666, 0.6666666666666666, 0.68, 0.6933333333333334, 0.7133333333333334, 0.7333333333333333, 0.7666666666666667, 0.7733333333333333, 0.7133333333333334, 0.7466666666666667, 0.7266666666666667, 0.74, 0.72, 0.7466666666666667, 0.7733333333333333, 0.7533333333333333, 0.7333333333333333, 0.7466666666666667, 0.7333333333333333, 0.7466666666666667, 0.7066666666666667, 0.7133333333333334, 0.7533333333333333, 0.72, 0.7266666666666667, 0.8, 0.78, 0.78, 0.7533333333333333, 0.7266666666666667, 0.74, 0.6866666666666666, 0.72, 0.7666666666666667, 0.7266666666666667, 0.7266666666666667, 0.7333333333333333, 0.7133333333333334, 0.7133333333333334, 0.7666666666666667, 0.7266666666666667, 0.68, 0.7066666666666667, 0.7933333333333333, 0.78, 0.76, 0.6933333333333334, 0.72, 0.7133333333333334, 0.68, 0.7866666666666666, 0.7733333333333333, 0.7533333333333333, 0.7666666666666667, 0.76, 0.78, 0.7933333333333333, 0.76, 0.8133333333333334, 0.76, 0.7733333333333333, 0.7933333333333333, 0.7666666666666667, 0.8, 0.7733333333333333, 0.7666666666666667, 0.74, 0.8066666666666666, 0.7266666666666667, 0.78, 0.7466666666666667, 0.72, 0.7266666666666667, 0.72, 0.7466666666666667, 0.6933333333333334, 0.72, 0.7333333333333333, 0.7466666666666667, 0.7333333333333333, 0.7333333333333333, 0.6933333333333334, 0.7666666666666667, 0.74, 0.6733333333333333, 0.6666666666666666, 0.7133333333333334], "val_loss": [0.9471731185913086, 0.599416971206665, 0.5719582438468933, 0.5749397873878479, 0.6229283809661865, 0.5387955904006958, 0.5379235744476318, 0.5372164845466614, 0.529768168926239, 0.5133806467056274, 0.5937705039978027, 0.495583176612854, 0.5308640599250793, 0.5708615779876709, 0.5320831537246704, 0.48059049248695374, 0.4562896192073822, 0.43341028690338135, 0.4967208504676819, 0.40983450412750244, 0.4178096055984497, 0.44664907455444336, 0.3799411356449127, 0.4036690592765808, 0.4532454311847687, 0.4391597807407379, 0.5056015253067017, 0.46223974227905273, 0.44890308380126953, 0.4636537730693817, 0.4013696014881134, 0.45614174008369446, 0.42325809597969055, 0.43114036321640015, 0.38479921221733093, 0.4028618633747101, 0.40905988216400146, 0.3842630982398987, 0.3861728310585022, 0.4005317986011505, 0.4067772924900055, 0.470633864402771, 0.40601587295532227, 0.5584739446640015, 0.4372774362564087, 0.4919854402542114, 0.555154025554657, 0.522278904914856, 0.4601167142391205, 0.44837018847465515, 0.4739638566970825, 0.42857372760772705, 0.43616029620170593, 0.4713228940963745, 0.4468842148780823, 0.388680100440979, 0.3556549847126007, 0.34527888894081116, 0.4054039418697357, 0.3897687494754791, 0.4262547492980957, 0.41709649562835693, 0.3630414307117462, 0.3646625876426697, 0.3788891136646271, 0.3766404688358307, 0.37363049387931824, 0.37246161699295044, 0.3559749126434326, 0.3550730347633362, 0.37115606665611267, 0.3330253064632416, 0.3259367048740387, 0.349497526884079, 0.349935382604599, 0.3642255961894989, 0.3625696003437042, 0.32002541422843933, 0.37474673986434937, 0.33360859751701355, 0.3881588578224182, 0.36434444785118103, 0.4254874587059021, 0.38240981101989746, 0.3878365755081177, 0.4470820426940918, 0.41389551758766174, 0.4158526360988617, 0.42675772309303284, 0.4771929383277893, 0.44310158491134644, 0.4048273265361786, 0.36943697929382324, 0.5143606066703796, 0.4305472671985626, 0.3687703013420105, 0.4136103391647339, 0.5258248448371887, 0.49274811148643494, 0.40353643894195557], "val_acc": [0.2777777777777778, 0.7222222222222222, 0.7222222222222222, 0.7222222222222222, 0.7222222222222222, 0.7222222222222222, 0.7222222222222222, 0.7222222222222222, 0.7222222222222222, 0.7222222222222222, 0.7222222222222222, 0.7777777777777778, 0.7222222222222222, 0.7222222222222222, 0.7222222222222222, 0.7777777777777778, 0.7777777777777778, 0.7777777777777778, 0.9444444444444444, 0.7777777777777778, 0.7222222222222222, 0.9444444444444444, 0.8888888888888888, 0.7777777777777778, 0.7777777777777778, 0.7777777777777778, 0.7777777777777778, 0.7777777777777778, 0.7777777777777778, 0.7777777777777778, 0.8888888888888888, 0.9444444444444444, 0.7222222222222222, 0.7222222222222222, 0.8333333333333334, 0.8888888888888888, 0.9444444444444444, 0.8888888888888888, 0.8888888888888888, 0.9444444444444444, 0.9444444444444444, 0.8888888888888888, 0.7777777777777778, 0.7777777777777778, 0.7777777777777778, 0.8888888888888888, 0.8888888888888888, 0.8333333333333334, 0.7777777777777778, 0.7777777777777778, 0.7777777777777778, 0.7777777777777778, 0.7777777777777778, 0.7222222222222222, 0.7222222222222222, 0.9444444444444444, 0.8888888888888888, 0.9444444444444444, 0.7777777777777778, 0.9444444444444444, 0.7777777777777778, 0.7777777777777778, 0.9444444444444444, 0.8888888888888888, 0.8888888888888888, 0.8888888888888888, 0.9444444444444444, 0.9444444444444444, 0.8888888888888888, 0.8888888888888888, 0.9444444444444444, 0.8888888888888888, 0.8888888888888888, 0.9444444444444444, 0.8888888888888888, 0.9444444444444444, 0.9444444444444444, 0.9444444444444444, 0.8333333333333334, 0.9444444444444444, 0.7777777777777778, 0.9444444444444444, 0.8888888888888888, 0.9444444444444444, 0.8888888888888888, 0.7777777777777778, 0.9444444444444444, 0.7777777777777778, 0.7777777777777778, 0.8888888888888888, 0.8888888888888888, 0.8333333333333334, 0.8888888888888888, 0.7222222222222222, 0.8888888888888888, 0.8888888888888888, 0.7222222222222222, 0.7222222222222222, 0.7222222222222222, 0.8333333333333334]}