{"train_loss": [0.6867259740829468, 0.669855922460556, 0.6742153167724609, 0.683210700750351, 0.6228630542755127, 0.6430694460868835, 0.6394706666469574, 0.6403747498989105, 0.6620839238166809, 0.6911202073097229, 0.6850190460681915, 0.6933873295783997, 0.660105973482132, 0.6691209971904755, 0.676745742559433, 0.6804307699203491, 0.635675311088562, 0.658430278301239, 0.6498449146747589, 0.6509696245193481, 0.6411013007164001, 0.6348834931850433, 0.6481682062149048, 0.6592961251735687, 0.6127915382385254, 0.5784002542495728, 0.650465339422226, 0.6010244786739349, 0.7297722399234772, 0.6411779820919037, 0.659442812204361, 0.6563282907009125, 0.650663286447525, 0.6200403273105621, 0.6455728709697723, 0.6228958666324615, 0.6698341965675354, 0.6289061903953552, 0.5452411770820618, 0.5918467938899994, 0.6208082139492035, 0.5384086817502975, 0.5995166301727295, 0.4542139917612076, 0.6249270737171173, 0.6580989062786102, 0.548325777053833, 0.601337730884552, 0.5750174820423126, 0.5693670809268951, 0.6258748173713684, 0.491187259554863, 0.5060510784387589, 0.48102782666683197, 0.45804208517074585, 0.658168762922287, 0.4945572167634964, 0.5758800804615021, 0.48039744794368744, 0.5996081680059433, 0.4313737750053406, 0.5136401951313019, 0.4736441522836685, 0.5630479454994202, 0.4982609301805496, 0.5142922848463058, 0.5311600565910339, 0.49560946226119995, 0.5366966873407364, 0.5032991319894791, 0.5330083668231964, 0.4896993041038513, 0.4328950047492981, 0.375825971364975, 0.4790320545434952, 0.5094770789146423, 0.45414333045482635, 0.4820716977119446, 0.41619712114334106, 0.5011725574731827, 0.5437367111444473, 0.4301265925168991, 0.4054737538099289, 0.5492944419384003, 0.43004390597343445, 0.4467512220144272, 0.503488302230835, 0.38842956721782684, 0.45014233887195587, 0.4769906848669052, 0.4211402088403702, 0.46019355952739716, 0.42976662516593933, 0.38858453929424286, 0.43589283525943756, 0.4107142835855484, 0.5584418624639511, 0.411184161901474, 0.4027024209499359, 0.47822989523410797], "train_acc": [0.64, 0.64, 0.64, 0.64, 0.64, 0.64, 0.64, 0.64, 0.64, 0.64, 0.64, 0.64, 0.64, 0.64, 0.64, 0.64, 0.64, 0.64, 0.64, 0.64, 0.64, 0.64, 0.64, 0.64, 0.64, 0.64, 0.64, 0.64, 0.64, 0.64, 0.64, 0.64, 0.64, 0.64, 0.64, 0.64, 0.64, 0.64, 0.64, 0.64, 0.64, 0.64, 0.64, 0.64, 0.64, 0.64, 0.64, 0.6666666666666666, 0.7666666666666667, 0.76, 0.7333333333333333, 0.74, 0.7733333333333333, 0.7866666666666666, 0.7933333333333333, 0.78, 0.7733333333333333, 0.7666666666666667, 0.7933333333333333, 0.7866666666666666, 0.8, 0.7666666666666667, 0.7866666666666666, 0.78, 0.7533333333333333, 0.7666666666666667, 0.7666666666666667, 0.78, 0.78, 0.78, 0.8, 0.7866666666666666, 0.8, 0.8066666666666666, 0.8, 0.78, 0.8, 0.8066666666666666, 0.8, 0.78, 0.8, 0.82, 0.7866666666666666, 0.78, 0.82, 0.7866666666666666, 0.7866666666666666, 0.8, 0.8066666666666666, 0.8333333333333334, 0.82, 0.82, 0.8066666666666666, 0.8066666666666666, 0.8266666666666667, 0.8133333333333334, 0.82, 0.7933333333333333, 0.8266666666666667, 0.78], "val_loss": [0.6626186966896057, 0.6429815888404846, 0.6223534345626831, 0.6067029237747192, 0.5952613949775696, 0.5805183053016663, 0.5671987533569336, 0.5611431002616882, 0.5624032020568848, 0.5731890201568604, 0.5856596231460571, 0.5967267751693726, 0.6058790683746338, 0.6117321252822876, 0.6158258318901062, 0.6190800666809082, 0.6203546524047852, 0.6189512610435486, 0.6160055994987488, 0.6113860607147217, 0.6047350764274597, 0.5950196385383606, 0.5818642377853394, 0.5689807534217834, 0.5578444004058838, 0.5471183657646179, 0.5436446666717529, 0.5490704774856567, 0.5607933402061462, 0.5776574611663818, 0.5898221731185913, 0.5979616045951843, 0.6018437147140503, 0.5986239910125732, 0.5873059034347534, 0.5701196789741516, 0.5576010346412659, 0.5547311305999756, 0.5533532500267029, 0.5554894208908081, 0.548084020614624, 0.5357576012611389, 0.530219554901123, 0.5973036289215088, 0.6765186786651611, 0.5396885871887207, 0.5343809723854065, 0.5408084392547607, 0.5366879105567932, 0.5705597400665283, 0.5781604051589966, 0.5607244372367859, 0.5640726089477539, 0.5797247290611267, 0.6145449280738831, 0.6166946291923523, 0.5826866626739502, 0.5748940110206604, 0.580883264541626, 0.5844786167144775, 0.5888217091560364, 0.6018664836883545, 0.6268447637557983, 0.6374169588088989, 0.6295194625854492, 0.6260076761245728, 0.6252143383026123, 0.6440962553024292, 0.6534478664398193, 0.6214509010314941, 0.6060999631881714, 0.604667067527771, 0.6187811493873596, 0.6712473630905151, 0.7016927003860474, 0.6550674438476562, 0.6164838075637817, 0.612648069858551, 0.6124149560928345, 0.6156798601150513, 0.6164097189903259, 0.6177860498428345, 0.6238409876823425, 0.6278623342514038, 0.6268894672393799, 0.6330720782279968, 0.6377507448196411, 0.6504541039466858, 0.6766311526298523, 0.7044743299484253, 0.7128998041152954, 0.7050811052322388, 0.6556143164634705, 0.6310547590255737, 0.6531710028648376, 0.7044843435287476, 0.7094666957855225, 0.691882848739624, 0.6936185956001282, 0.6821390986442566], "val_acc": [0.7777777777777778, 0.7777777777777778, 0.7777777777777778, 0.7777777777777778, 0.7777777777777778, 0.7777777777777778, 0.7777777777777778, 0.7777777777777778, 0.7777777777777778, 0.7777777777777778, 0.7777777777777778, 0.7777777777777778, 0.7777777777777778, 0.7777777777777778, 0.7777777777777778, 0.7777777777777778, 0.7777777777777778, 0.7777777777777778, 0.7777777777777778, 0.7777777777777778, 0.7777777777777778, 0.7777777777777778, 0.7777777777777778, 0.7777777777777778, 0.7777777777777778, 0.7777777777777778, 0.7777777777777778, 0.7777777777777778, 0.7777777777777778, 0.7777777777777778, 0.7777777777777778, 0.7777777777777778, 0.7777777777777778, 0.7777777777777778, 0.7777777777777778, 0.7777777777777778, 0.7777777777777778, 0.7777777777777778, 0.7777777777777778, 0.7777777777777778, 0.7777777777777778, 0.7777777777777778, 0.7777777777777778, 0.7777777777777778, 0.7777777777777778, 0.7777777777777778, 0.7777777777777778, 0.7222222222222222, 0.7222222222222222, 0.7777777777777778, 0.7222222222222222, 0.7222222222222222, 0.6666666666666666, 0.7222222222222222, 0.7222222222222222, 0.6666666666666666, 0.6666666666666666, 0.6666666666666666, 0.6666666666666666, 0.6666666666666666, 0.6666666666666666, 0.6666666666666666, 0.6666666666666666, 0.6666666666666666, 0.6666666666666666, 0.6666666666666666, 0.6666666666666666, 0.6666666666666666, 0.6666666666666666, 0.6666666666666666, 0.6666666666666666, 0.6666666666666666, 0.6666666666666666, 0.6666666666666666, 0.6666666666666666, 0.6666666666666666, 0.6666666666666666, 0.6666666666666666, 0.6666666666666666, 0.6666666666666666, 0.6666666666666666, 0.6666666666666666, 0.6666666666666666, 0.6666666666666666, 0.6666666666666666, 0.6666666666666666, 0.6666666666666666, 0.6666666666666666, 0.6666666666666666, 0.6666666666666666, 0.6666666666666666, 0.6666666666666666, 0.6666666666666666, 0.6666666666666666, 0.6666666666666666, 0.6666666666666666, 0.6666666666666666, 0.6666666666666666, 0.6666666666666666, 0.6666666666666666]}