{"train_loss": [0.7113796472549438, 0.7177653312683105, 0.7100274562835693, 0.7018051445484161, 0.6883699595928192, 0.6707753539085388, 0.6635349690914154, 0.6254478394985199, 0.6261398494243622, 0.5965764820575714, 0.7124956846237183, 0.620916098356247, 0.6465370059013367, 0.6658293008804321, 0.6284578442573547, 0.6500855386257172, 0.6214969754219055, 0.5969871580600739, 0.6508092880249023, 0.5946140885353088, 0.6105003654956818, 0.6247502565383911, 0.6070186197757721, 0.5984343588352203, 0.5655248016119003, 0.5763081908226013, 0.6136693954467773, 0.6211433410644531, 0.6116753220558167, 0.5885624885559082, 0.6271940171718597, 0.6213955283164978, 0.606858879327774, 0.6234752237796783, 0.5923649370670319, 0.6304729282855988, 0.6421828866004944, 0.6443360149860382, 0.6133045256137848, 0.6273116767406464, 0.6322093904018402, 0.6750912368297577, 0.5457703173160553, 0.5934999287128448, 0.6026907563209534, 0.5698806643486023, 0.6308178603649139, 0.5073296576738358, 0.6240428388118744, 0.5345059186220169, 0.5603237748146057, 0.623956710100174, 0.6018377542495728, 0.5663868486881256, 0.5656629800796509, 0.5313611924648285, 0.5857441127300262, 0.6073629260063171, 0.6031974256038666, 0.625493735074997, 0.5852389335632324, 0.6154294908046722, 0.5680368542671204, 0.542226254940033, 0.5426589846611023, 0.5047167837619781, 0.5933447480201721, 0.5615802109241486, 0.5391629338264465, 0.5649350881576538, 0.5708625912666321, 0.5151389539241791, 0.5512385368347168, 0.4778132438659668, 0.5853805243968964, 0.6225844919681549, 0.5427365303039551, 0.5394057333469391, 0.5591379106044769, 0.5774829685688019, 0.5160739570856094, 0.5378092527389526, 0.5302018225193024, 0.5507360696792603, 0.51687952876091, 0.5151583254337311, 0.552150160074234, 0.49069663882255554, 0.568526953458786, 0.5377014875411987, 0.5158750712871552, 0.4412449449300766, 0.5445712506771088, 0.5920081436634064, 0.5560124516487122, 0.5471255481243134, 0.5855044424533844, 0.574192225933075, 0.5156444907188416, 0.5529676377773285], "train_acc": [0.3333333333333333, 0.3333333333333333, 0.3333333333333333, 0.34, 0.52, 0.6733333333333333, 0.6666666666666666, 0.6666666666666666, 0.6666666666666666, 0.6666666666666666, 0.6666666666666666, 0.6666666666666666, 0.6666666666666666, 0.6666666666666666, 0.6666666666666666, 0.6666666666666666, 0.6666666666666666, 0.6666666666666666, 0.6666666666666666, 0.6666666666666666, 0.6666666666666666, 0.6666666666666666, 0.6666666666666666, 0.6666666666666666, 0.6666666666666666, 0.6666666666666666, 0.6666666666666666, 0.6666666666666666, 0.6666666666666666, 0.6666666666666666, 0.6666666666666666, 0.6666666666666666, 0.6666666666666666, 0.6666666666666666, 0.6666666666666666, 0.6666666666666666, 0.6666666666666666, 0.6666666666666666, 0.6666666666666666, 0.6666666666666666, 0.6666666666666666, 0.6666666666666666, 0.6666666666666666, 0.6666666666666666, 0.6666666666666666, 0.6666666666666666, 0.6666666666666666, 0.6666666666666666, 0.6666666666666666, 0.6666666666666666, 0.6666666666666666, 0.6666666666666666, 0.6666666666666666, 0.6666666666666666, 0.6666666666666666, 0.6666666666666666, 0.6666666666666666, 0.6666666666666666, 0.6666666666666666, 0.6666666666666666, 0.6866666666666666, 0.72, 0.7333333333333333, 0.7466666666666667, 0.7466666666666667, 0.7333333333333333, 0.7, 0.7266666666666667, 0.7133333333333334, 0.7466666666666667, 0.74, 0.78, 0.7466666666666667, 0.78, 0.7333333333333333, 0.7533333333333333, 0.7666666666666667, 0.7466666666666667, 0.7533333333333333, 0.7333333333333333, 0.7666666666666667, 0.7466666666666667, 0.74, 0.74, 0.7333333333333333, 0.7666666666666667, 0.76, 0.7733333333333333, 0.7466666666666667, 0.7333333333333333, 0.7466666666666667, 0.76, 0.7666666666666667, 0.78, 0.7466666666666667, 0.76, 0.7466666666666667, 0.76, 0.7533333333333333, 0.78], "val_loss": [0.7237429022789001, 0.7174323797225952, 0.7085119485855103, 0.6964634656906128, 0.6805230379104614, 0.6604496240615845, 0.6362782716751099, 0.6088864803314209, 0.585707426071167, 0.5763915181159973, 0.5757808685302734, 0.5770515203475952, 0.5820930004119873, 0.5902025103569031, 0.5991649031639099, 0.6062576174736023, 0.6108105778694153, 0.6103015542030334, 0.6071122288703918, 0.6017556190490723, 0.59335857629776, 0.585165798664093, 0.5789355039596558, 0.5742595195770264, 0.5709555745124817, 0.5689939856529236, 0.5681304335594177, 0.5679463744163513, 0.5694358348846436, 0.5719655752182007, 0.5740516185760498, 0.5773669481277466, 0.5796128511428833, 0.579990804195404, 0.5782759189605713, 0.5748990774154663, 0.5727075934410095, 0.5723947882652283, 0.5734536647796631, 0.5736377239227295, 0.5736782550811768, 0.5756601095199585, 0.5756819248199463, 0.5665016174316406, 0.5559623837471008, 0.545916736125946, 0.539370059967041, 0.5346654057502747, 0.5304685831069946, 0.5271511673927307, 0.5228450298309326, 0.520702064037323, 0.5240306258201599, 0.5281569957733154, 0.5220835208892822, 0.5067021250724792, 0.4920618236064911, 0.48453617095947266, 0.4830431342124939, 0.4924877882003784, 0.509262204170227, 0.5199170708656311, 0.5180742144584656, 0.48648807406425476, 0.44785723090171814, 0.4442879557609558, 0.44218164682388306, 0.43143197894096375, 0.4440981149673462, 0.4677720069885254, 0.4760190546512604, 0.45720475912094116, 0.4306192398071289, 0.41417112946510315, 0.4073389768600464, 0.4122803509235382, 0.4312284290790558, 0.4440132975578308, 0.4527996778488159, 0.44827693700790405, 0.4229714572429657, 0.40286755561828613, 0.39663398265838623, 0.39723455905914307, 0.40421733260154724, 0.41245704889297485, 0.4212965965270996, 0.4212832450866699, 0.40941333770751953, 0.40875476598739624, 0.40786024928092957, 0.39465779066085815, 0.385404497385025, 0.3937196433544159, 0.4274161458015442, 0.45438358187675476, 0.4592655599117279, 0.4496487081050873, 0.4320811927318573, 0.41566744446754456], "val_acc": [0.2777777777777778, 0.2777777777777778, 0.2777777777777778, 0.2777777777777778, 0.7222222222222222, 0.7222222222222222, 0.7222222222222222, 0.7222222222222222, 0.7222222222222222, 0.7222222222222222, 0.7222222222222222, 0.7222222222222222, 0.7222222222222222, 0.7222222222222222, 0.7222222222222222, 0.7222222222222222, 0.7222222222222222, 0.7222222222222222, 0.7222222222222222, 0.7222222222222222, 0.7222222222222222, 0.7222222222222222, 0.7222222222222222, 0.7222222222222222, 0.7222222222222222, 0.7222222222222222, 0.7222222222222222, 0.7222222222222222, 0.7222222222222222, 0.7222222222222222, 0.7222222222222222, 0.7222222222222222, 0.7222222222222222, 0.7222222222222222, 0.7222222222222222, 0.7222222222222222, 0.7222222222222222, 0.7222222222222222, 0.7222222222222222, 0.7222222222222222, 0.7222222222222222, 0.7222222222222222, 0.7222222222222222, 0.7222222222222222, 0.7222222222222222, 0.7222222222222222, 0.7222222222222222, 0.7222222222222222, 0.7222222222222222, 0.7222222222222222, 0.7222222222222222, 0.7222222222222222, 0.7222222222222222, 0.7222222222222222, 0.7222222222222222, 0.7222222222222222, 0.7222222222222222, 0.7222222222222222, 0.7222222222222222, 0.7777777777777778, 0.8333333333333334, 0.8333333333333334, 0.8333333333333334, 0.8333333333333334, 0.8333333333333334, 0.7777777777777778, 0.7777777777777778, 0.8333333333333334, 0.8333333333333334, 0.8888888888888888, 0.9444444444444444, 0.8888888888888888, 0.8888888888888888, 0.8888888888888888, 0.8333333333333334, 0.8888888888888888, 0.8888888888888888, 0.9444444444444444, 0.9444444444444444, 0.9444444444444444, 0.9444444444444444, 0.8888888888888888, 0.8888888888888888, 0.8888888888888888, 0.9444444444444444, 0.9444444444444444, 0.9444444444444444, 0.9444444444444444, 0.9444444444444444, 0.9444444444444444, 0.9444444444444444, 0.9444444444444444, 0.9444444444444444, 0.9444444444444444, 0.9444444444444444, 0.9444444444444444, 0.9444444444444444, 0.9444444444444444, 0.9444444444444444, 0.9444444444444444]}