{"train_loss": [0.7593077123165131, 0.7673766613006592, 0.6204912960529327, 0.6166253983974457, 0.5754610002040863, 0.6129783540964127, 0.6029021739959717, 0.6227979063987732, 0.5952475070953369, 0.5703085958957672, 0.6266566514968872, 0.6715671718120575, 0.5926366150379181, 0.6294589638710022, 0.6151043176651001, 0.6180006861686707, 0.5605053603649139, 0.5684211254119873, 0.6003195643424988, 0.6285731792449951, 0.5748828947544098, 0.5899990200996399, 0.6105917692184448, 0.5972146987915039, 0.5458310097455978, 0.5439072102308273, 0.588086724281311, 0.5595771372318268, 0.559179425239563, 0.532582014799118, 0.5343140810728073, 0.599437028169632, 0.5769706666469574, 0.5892059803009033, 0.5318536162376404, 0.5436357855796814, 0.5784918069839478, 0.5767085254192352, 0.5360340178012848, 0.598217099905014, 0.5940102338790894, 0.6739298850297928, 0.5592315793037415, 0.5513578355312347, 0.5418465733528137, 0.49432051181793213, 0.627597451210022, 0.5062245279550552, 0.6050094962120056, 0.5102015435695648, 0.49143142998218536, 0.6507271230220795, 0.5870214998722076, 0.5140336900949478, 0.5805155634880066, 0.5166354030370712, 0.5229702591896057, 0.6393267214298248, 0.5266775488853455, 0.5616646707057953, 0.5558404922485352, 0.6123176217079163, 0.5271201729774475, 0.4649210423231125, 0.49651673436164856, 0.48215803503990173, 0.5961331725120544, 0.5449735522270203, 0.5881392359733582, 0.5259037762880325, 0.5574019849300385, 0.47728946805000305, 0.5838617384433746, 0.5140318274497986, 0.574118435382843, 0.5260367095470428, 0.5746354460716248, 0.6001026928424835, 0.5833881199359894, 0.5505724251270294, 0.5131853371858597, 0.5105085968971252, 0.4825391322374344, 0.5233210772275925, 0.5485445261001587, 0.5531307458877563, 0.5689745247364044, 0.5300036370754242, 0.5732708275318146, 0.5201684087514877, 0.5465822517871857, 0.450263187289238, 0.5025488138198853, 0.5568934977054596, 0.5520880222320557, 0.5406767725944519, 0.5833522975444794, 0.5430048108100891, 0.5770962238311768, 0.5572580993175507], "train_acc": [0.4666666666666667, 0.37333333333333335, 0.6666666666666666, 0.6666666666666666, 0.6666666666666666, 0.66, 0.6733333333333333, 0.6466666666666666, 0.6466666666666666, 0.68, 0.66, 0.6666666666666666, 0.6266666666666667, 0.6866666666666666, 0.68, 0.6933333333333334, 0.6533333333333333, 0.66, 0.6533333333333333, 0.7, 0.7, 0.6866666666666666, 0.6666666666666666, 0.6666666666666666, 0.6666666666666666, 0.6733333333333333, 0.68, 0.7133333333333334, 0.6666666666666666, 0.68, 0.7066666666666667, 0.7066666666666667, 0.6866666666666666, 0.6933333333333334, 0.7, 0.76, 0.7333333333333333, 0.7333333333333333, 0.6866666666666666, 0.6866666666666666, 0.7, 0.7466666666666667, 0.72, 0.7066666666666667, 0.7666666666666667, 0.7466666666666667, 0.7333333333333333, 0.7466666666666667, 0.7, 0.6866666666666666, 0.7066666666666667, 0.7666666666666667, 0.76, 0.7133333333333334, 0.7133333333333334, 0.7066666666666667, 0.7466666666666667, 0.7666666666666667, 0.7666666666666667, 0.7266666666666667, 0.7333333333333333, 0.72, 0.7133333333333334, 0.72, 0.74, 0.7666666666666667, 0.7533333333333333, 0.7333333333333333, 0.7266666666666667, 0.7266666666666667, 0.74, 0.7533333333333333, 0.7666666666666667, 0.7666666666666667, 0.7333333333333333, 0.7266666666666667, 0.7466666666666667, 0.74, 0.7333333333333333, 0.7333333333333333, 0.7266666666666667, 0.7333333333333333, 0.72, 0.72, 0.7333333333333333, 0.7266666666666667, 0.7466666666666667, 0.74, 0.74, 0.76, 0.76, 0.76, 0.7666666666666667, 0.7266666666666667, 0.7066666666666667, 0.7133333333333334, 0.76, 0.7333333333333333, 0.7133333333333334, 0.72], "val_loss": [0.8958280086517334, 0.6089718341827393, 0.5742559432983398, 0.5765017867088318, 0.6244605779647827, 0.5473882555961609, 0.5559901595115662, 0.5374204516410828, 0.5449280142784119, 0.5399601459503174, 0.5547729134559631, 0.5225738883018494, 0.5442685484886169, 0.5386754274368286, 0.5860469341278076, 0.5386725664138794, 0.49882495403289795, 0.4940931499004364, 0.5101608633995056, 0.5246193408966064, 0.518967866897583, 0.5356712341308594, 0.5491712093353271, 0.5583609342575073, 0.5291742086410522, 0.5413944721221924, 0.49883386492729187, 0.513432502746582, 0.49472081661224365, 0.4746227264404297, 0.4856368601322174, 0.4636964797973633, 0.5070694088935852, 0.4925808310508728, 0.4649534225463867, 0.4727862775325775, 0.44994258880615234, 0.4791153371334076, 0.4886358976364136, 0.4449077844619751, 0.4333593547344208, 0.4632793962955475, 0.5193508267402649, 0.48854631185531616, 0.45756959915161133, 0.4735298752784729, 0.4321178197860718, 0.46349090337753296, 0.4686829149723053, 0.43857628107070923, 0.4277203679084778, 0.4312276542186737, 0.4485967457294464, 0.4875030517578125, 0.47244390845298767, 0.4359005093574524, 0.43303391337394714, 0.42743489146232605, 0.4345966875553131, 0.462310791015625, 0.46303048729896545, 0.432588666677475, 0.40274709463119507, 0.3905041813850403, 0.4088180363178253, 0.4008137285709381, 0.39998453855514526, 0.45263248682022095, 0.4592067301273346, 0.4327675700187683, 0.41527116298675537, 0.4138484597206116, 0.407365620136261, 0.4129849672317505, 0.4325072765350342, 0.440753698348999, 0.4302612543106079, 0.42514318227767944, 0.428031861782074, 0.42674553394317627, 0.40263792872428894, 0.3809863328933716, 0.377914160490036, 0.3835009038448334, 0.4014474153518677, 0.44011175632476807, 0.4590601325035095, 0.44318002462387085, 0.42858460545539856, 0.42975369095802307, 0.4240178167819977, 0.4125615358352661, 0.3961745798587799, 0.393860787153244, 0.41389667987823486, 0.43796828389167786, 0.46480241417884827, 0.48022952675819397, 0.48243841528892517, 0.47552913427352905], "val_acc": [0.2777777777777778, 0.7222222222222222, 0.7222222222222222, 0.7222222222222222, 0.7222222222222222, 0.7222222222222222, 0.6666666666666666, 0.7222222222222222, 0.7222222222222222, 0.7222222222222222, 0.6666666666666666, 0.6666666666666666, 0.7222222222222222, 0.7222222222222222, 0.7777777777777778, 0.7777777777777778, 0.7777777777777778, 0.7777777777777778, 0.7777777777777778, 0.7222222222222222, 0.7222222222222222, 0.7222222222222222, 0.7222222222222222, 0.7222222222222222, 0.7222222222222222, 0.7222222222222222, 0.7222222222222222, 0.8333333333333334, 0.8333333333333334, 0.8333333333333334, 0.8333333333333334, 0.7222222222222222, 0.7222222222222222, 0.8333333333333334, 0.8333333333333334, 0.7777777777777778, 0.8333333333333334, 0.7222222222222222, 0.7777777777777778, 0.7777777777777778, 0.8333333333333334, 0.8333333333333334, 0.8333333333333334, 0.8333333333333334, 0.7777777777777778, 0.7777777777777778, 0.8333333333333334, 0.8333333333333334, 0.8888888888888888, 0.8333333333333334, 0.8333333333333334, 0.8333333333333334, 0.8333333333333334, 0.8333333333333334, 0.8333333333333334, 0.8333333333333334, 0.8333333333333334, 0.8333333333333334, 0.8333333333333334, 0.8888888888888888, 0.9444444444444444, 0.8888888888888888, 0.8333333333333334, 0.8333333333333334, 0.8333333333333334, 0.8333333333333334, 0.8333333333333334, 0.9444444444444444, 0.8888888888888888, 0.8333333333333334, 0.8333333333333334, 0.8333333333333334, 0.8333333333333334, 0.8333333333333334, 0.8333333333333334, 0.8333333333333334, 0.8333333333333334, 0.8333333333333334, 0.8333333333333334, 0.8333333333333334, 0.8333333333333334, 0.8333333333333334, 0.8333333333333334, 0.8333333333333334, 0.8333333333333334, 0.8333333333333334, 0.8333333333333334, 0.8333333333333334, 0.8333333333333334, 0.8333333333333334, 0.8333333333333334, 0.8333333333333334, 0.8333333333333334, 0.8333333333333334, 0.8333333333333334, 0.8333333333333334, 0.7777777777777778, 0.7777777777777778, 0.7777777777777778, 0.7777777777777778]}