{"train_loss": [0.6757783591747284, 0.6539148390293121, 0.6438858807086945, 0.657855898141861, 0.6318808495998383, 0.6064216792583466, 0.6038158237934113, 0.5802144706249237, 0.6355914175510406, 0.6109311580657959, 0.6822530925273895, 0.627823680639267, 0.6088408827781677, 0.6014440953731537, 0.6340826451778412, 0.5984644889831543, 0.584775447845459, 0.6006962656974792, 0.6118510961532593, 0.6063270568847656, 0.637157142162323, 0.5786250531673431, 0.6080428659915924, 0.6437931060791016, 0.5523475110530853, 0.6383109986782074, 0.6173844635486603, 0.5546790808439255, 0.6128693222999573, 0.6502537429332733, 0.5939294397830963, 0.6053561866283417, 0.5847420692443848, 0.598537802696228, 0.6264616847038269, 0.6014001071453094, 0.5423661917448044, 0.5305716395378113, 0.5447960495948792, 0.5049305260181427, 0.5440396517515182, 0.5424533784389496, 0.4817449152469635, 0.5556192994117737, 0.4571049362421036, 0.6465145200490952, 0.49838218092918396, 0.5635794997215271, 0.5392224192619324, 0.5351510345935822, 0.48246924579143524, 0.5612520575523376, 0.5235078781843185, 0.49676404893398285, 0.4890940189361572, 0.6241910457611084, 0.49254395067691803, 0.5143775045871735, 0.538649246096611, 0.5825898945331573, 0.500567227602005, 0.517341673374176, 0.5182029604911804, 0.4622377008199692, 0.593348428606987, 0.4971665292978287, 0.4617853909730911, 0.5075397491455078, 0.49127598106861115, 0.4611625671386719, 0.48656097054481506, 0.4810510724782944, 0.4523758888244629, 0.4639112502336502, 0.46848078072071075, 0.5837853252887726, 0.5543111860752106, 0.5445419996976852, 0.486146941781044, 0.48963311314582825, 0.5521927624940872, 0.5362465977668762, 0.49876658618450165, 0.4799754321575165, 0.4581058621406555, 0.5133733451366425, 0.5005754977464676, 0.5420760214328766, 0.567483127117157, 0.4274982213973999, 0.5239217430353165, 0.4696439206600189, 0.46857716143131256, 0.40048646926879883, 0.49292173981666565, 0.46622560918331146, 0.5567240118980408, 0.4951546639204025, 0.44631563127040863, 0.5501658022403717], "train_acc": [0.6933333333333334, 0.6933333333333334, 0.6933333333333334, 0.6933333333333334, 0.6933333333333334, 0.6933333333333334, 0.6933333333333334, 0.6933333333333334, 0.6933333333333334, 0.6933333333333334, 0.6933333333333334, 0.6933333333333334, 0.6933333333333334, 0.6933333333333334, 0.6933333333333334, 0.6933333333333334, 0.6933333333333334, 0.6933333333333334, 0.6933333333333334, 0.6933333333333334, 0.6933333333333334, 0.6933333333333334, 0.6933333333333334, 0.6933333333333334, 0.6933333333333334, 0.6933333333333334, 0.6933333333333334, 0.6933333333333334, 0.6933333333333334, 0.6933333333333334, 0.6933333333333334, 0.6933333333333334, 0.6933333333333334, 0.6933333333333334, 0.6933333333333334, 0.6933333333333334, 0.6933333333333334, 0.6933333333333334, 0.6933333333333334, 0.6933333333333334, 0.6933333333333334, 0.6933333333333334, 0.6933333333333334, 0.6933333333333334, 0.6933333333333334, 0.6933333333333334, 0.6933333333333334, 0.6933333333333334, 0.6933333333333334, 0.6933333333333334, 0.6933333333333334, 0.6933333333333334, 0.6933333333333334, 0.6933333333333334, 0.6933333333333334, 0.6933333333333334, 0.6933333333333334, 0.6933333333333334, 0.6933333333333334, 0.6933333333333334, 0.6933333333333334, 0.72, 0.7666666666666667, 0.7666666666666667, 0.7466666666666667, 0.7866666666666666, 0.7666666666666667, 0.7533333333333333, 0.78, 0.78, 0.74, 0.7466666666666667, 0.76, 0.78, 0.7733333333333333, 0.76, 0.7533333333333333, 0.7866666666666666, 0.7533333333333333, 0.7666666666666667, 0.7666666666666667, 0.78, 0.7666666666666667, 0.78, 0.76, 0.7533333333333333, 0.7266666666666667, 0.76, 0.78, 0.7733333333333333, 0.7733333333333333, 0.76, 0.78, 0.78, 0.74, 0.7666666666666667, 0.7466666666666667, 0.7666666666666667, 0.7533333333333333, 0.7466666666666667], "val_loss": [0.6872148513793945, 0.6869389414787292, 0.6874180436134338, 0.6891688704490662, 0.6938230991363525, 0.7052800059318542, 0.7282283306121826, 0.7528449892997742, 0.751419723033905, 0.7327369451522827, 0.7165285348892212, 0.7057158946990967, 0.7005907893180847, 0.6986976861953735, 0.6985760927200317, 0.6995534300804138, 0.7028501033782959, 0.7092778086662292, 0.7183451056480408, 0.7293123602867126, 0.7339826226234436, 0.7326802015304565, 0.7307112216949463, 0.7250102758407593, 0.7205215692520142, 0.7193991541862488, 0.7167546153068542, 0.7166596055030823, 0.7210312485694885, 0.7210075855255127, 0.7176821827888489, 0.7160530686378479, 0.7178730368614197, 0.722071647644043, 0.7206994295120239, 0.7108414173126221, 0.7100539207458496, 0.7357556819915771, 0.7764893174171448, 0.7564144730567932, 0.7189028263092041, 0.6942967176437378, 0.6962424516677856, 0.7058992385864258, 0.7133949398994446, 0.6781141757965088, 0.6541406512260437, 0.6542403101921082, 0.6741112470626831, 0.700442910194397, 0.6923601627349854, 0.6676240563392639, 0.6481759548187256, 0.6631084084510803, 0.7165619134902954, 0.6833220720291138, 0.644180178642273, 0.6500391960144043, 0.6801145076751709, 0.6755752563476562, 0.6518880128860474, 0.6546899080276489, 0.6693065762519836, 0.6812711358070374, 0.6666480302810669, 0.6521162986755371, 0.6761522889137268, 0.7269867062568665, 0.7340899109840393, 0.712975025177002, 0.6825800538063049, 0.6712676286697388, 0.6648204326629639, 0.669722318649292, 0.6924152374267578, 0.700425922870636, 0.6753875613212585, 0.6537908911705017, 0.6508563160896301, 0.6557128429412842, 0.6993064284324646, 0.7319545745849609, 0.6939274072647095, 0.6548293828964233, 0.6455700993537903, 0.648227334022522, 0.6489104628562927, 0.6604092121124268, 0.6725346446037292, 0.6679825782775879, 0.6628422141075134, 0.6560322642326355, 0.6574461460113525, 0.6696841716766357, 0.6951863169670105, 0.6974518895149231, 0.6725981831550598, 0.6629781723022461, 0.6639745235443115, 0.6649510264396667], "val_acc": [0.5555555555555556, 0.5555555555555556, 0.5555555555555556, 0.5555555555555556, 0.5555555555555556, 0.5555555555555556, 0.5555555555555556, 0.5555555555555556, 0.5555555555555556, 0.5555555555555556, 0.5555555555555556, 0.5555555555555556, 0.5555555555555556, 0.5555555555555556, 0.5555555555555556, 0.5555555555555556, 0.5555555555555556, 0.5555555555555556, 0.5555555555555556, 0.5555555555555556, 0.5555555555555556, 0.5555555555555556, 0.5555555555555556, 0.5555555555555556, 0.5555555555555556, 0.5555555555555556, 0.5555555555555556, 0.5555555555555556, 0.5555555555555556, 0.5555555555555556, 0.5555555555555556, 0.5555555555555556, 0.5555555555555556, 0.5555555555555556, 0.5555555555555556, 0.5555555555555556, 0.5555555555555556, 0.5555555555555556, 0.5555555555555556, 0.5555555555555556, 0.5555555555555556, 0.5555555555555556, 0.5555555555555556, 0.5555555555555556, 0.5555555555555556, 0.5555555555555556, 0.5555555555555556, 0.5555555555555556, 0.5555555555555556, 0.5555555555555556, 0.5555555555555556, 0.5555555555555556, 0.5555555555555556, 0.5555555555555556, 0.5555555555555556, 0.5555555555555556, 0.5555555555555556, 0.5555555555555556, 0.5555555555555556, 0.5555555555555556, 0.6666666666666666, 0.7222222222222222, 0.6666666666666666, 0.6111111111111112, 0.5555555555555556, 0.5555555555555556, 0.5555555555555556, 0.6666666666666666, 0.6666666666666666, 0.6111111111111112, 0.5555555555555556, 0.5555555555555556, 0.5555555555555556, 0.5555555555555556, 0.5555555555555556, 0.5555555555555556, 0.5555555555555556, 0.5555555555555556, 0.6111111111111112, 0.5555555555555556, 0.6111111111111112, 0.6666666666666666, 0.6666666666666666, 0.5555555555555556, 0.5555555555555556, 0.5555555555555556, 0.5555555555555556, 0.5555555555555556, 0.6111111111111112, 0.5555555555555556, 0.5555555555555556, 0.5555555555555556, 0.5555555555555556, 0.5555555555555556, 0.6111111111111112, 0.6111111111111112, 0.5555555555555556, 0.5555555555555556, 0.5555555555555556, 0.5555555555555556]}