{"train_loss": [0.7108487486839294, 0.7186778783798218, 0.7117639780044556, 0.7058617472648621, 0.6981919407844543, 0.6807608008384705, 0.670631468296051, 0.6435846388339996, 0.6361348628997803, 0.60020512342453, 0.7084950804710388, 0.6094879508018494, 0.6509442925453186, 0.6486262679100037, 0.6360496580600739, 0.6434126198291779, 0.625055730342865, 0.600500226020813, 0.648362547159195, 0.592028796672821, 0.6142288446426392, 0.6232708394527435, 0.6293089687824249, 0.6123802065849304, 0.5711071044206619, 0.5898030698299408, 0.6122057437896729, 0.6022413671016693, 0.625045657157898, 0.5809850990772247, 0.645842045545578, 0.6235936284065247, 0.6000754237174988, 0.6199916899204254, 0.5986909568309784, 0.6263624131679535, 0.6303487420082092, 0.636463463306427, 0.6230734288692474, 0.6292807161808014, 0.6187001168727875, 0.6948491632938385, 0.5450523793697357, 0.5997864305973053, 0.598058432340622, 0.5771403908729553, 0.6267988681793213, 0.5114780366420746, 0.6556407809257507, 0.5417201668024063, 0.5602264106273651, 0.6125974655151367, 0.6009318232536316, 0.542392909526825, 0.5806791484355927, 0.5326806008815765, 0.5927241742610931, 0.5999166369438171, 0.5927231907844543, 0.5920599400997162, 0.5690939724445343, 0.6217028200626373, 0.5342577546834946, 0.5190886706113815, 0.5389028191566467, 0.534951701760292, 0.5852665603160858, 0.5896533727645874, 0.5518326461315155, 0.5742321610450745, 0.5801472365856171, 0.4909210354089737, 0.5589612126350403, 0.49880246818065643, 0.5795428454875946, 0.5429704487323761, 0.5558381080627441, 0.5733126103878021, 0.5498931407928467, 0.5748560130596161, 0.5125637203454971, 0.5362000167369843, 0.574428379535675, 0.543087363243103, 0.5282636284828186, 0.5405644178390503, 0.5598123371601105, 0.532947450876236, 0.5800421237945557, 0.5406399667263031, 0.528105616569519, 0.4419185370206833, 0.5924784243106842, 0.537554919719696, 0.547894299030304, 0.5450176000595093, 0.616995632648468, 0.5316364169120789, 0.49425943195819855, 0.5505973994731903], "train_acc": [0.3333333333333333, 0.3333333333333333, 0.3333333333333333, 0.34, 0.36666666666666664, 0.6533333333333333, 0.6666666666666666, 0.6666666666666666, 0.6666666666666666, 0.6666666666666666, 0.6666666666666666, 0.6666666666666666, 0.6666666666666666, 0.6666666666666666, 0.6666666666666666, 0.6666666666666666, 0.6666666666666666, 0.6666666666666666, 0.6666666666666666, 0.6666666666666666, 0.6666666666666666, 0.6666666666666666, 0.6666666666666666, 0.6666666666666666, 0.6666666666666666, 0.6666666666666666, 0.6666666666666666, 0.6666666666666666, 0.6666666666666666, 0.6666666666666666, 0.6666666666666666, 0.6666666666666666, 0.6666666666666666, 0.6666666666666666, 0.6666666666666666, 0.6666666666666666, 0.6666666666666666, 0.6666666666666666, 0.6666666666666666, 0.6666666666666666, 0.6666666666666666, 0.6666666666666666, 0.6666666666666666, 0.6666666666666666, 0.6666666666666666, 0.6666666666666666, 0.6666666666666666, 0.6666666666666666, 0.6666666666666666, 0.6666666666666666, 0.6666666666666666, 0.6666666666666666, 0.6666666666666666, 0.6666666666666666, 0.6666666666666666, 0.6733333333333333, 0.6666666666666666, 0.6666666666666666, 0.6866666666666666, 0.72, 0.7266666666666667, 0.72, 0.7, 0.7266666666666667, 0.72, 0.72, 0.7333333333333333, 0.6933333333333334, 0.7333333333333333, 0.7133333333333334, 0.7133333333333334, 0.72, 0.72, 0.7266666666666667, 0.7333333333333333, 0.72, 0.7266666666666667, 0.72, 0.7333333333333333, 0.72, 0.7266666666666667, 0.72, 0.7266666666666667, 0.6933333333333334, 0.6933333333333334, 0.72, 0.6933333333333334, 0.72, 0.7266666666666667, 0.72, 0.72, 0.7333333333333333, 0.7066666666666667, 0.7133333333333334, 0.72, 0.7333333333333333, 0.7133333333333334, 0.7266666666666667, 0.7333333333333333, 0.6933333333333334], "val_loss": [0.7243450284004211, 0.7187755107879639, 0.7107698917388916, 0.7002992033958435, 0.6865571141242981, 0.6687449812889099, 0.6464681029319763, 0.6202936172485352, 0.5948433876037598, 0.5784635543823242, 0.5762175917625427, 0.5763531923294067, 0.5782783031463623, 0.5832156538963318, 0.5896984338760376, 0.5956449508666992, 0.6000276803970337, 0.6000064611434937, 0.5974257588386536, 0.5931495428085327, 0.5864438414573669, 0.5802266597747803, 0.5761895775794983, 0.5738116502761841, 0.5720264911651611, 0.570554256439209, 0.5697252154350281, 0.5691465139389038, 0.5692089200019836, 0.5696277618408203, 0.5704836249351501, 0.5729448795318604, 0.5744416117668152, 0.5739110112190247, 0.5717071294784546, 0.568489134311676, 0.5662925243377686, 0.5659491419792175, 0.5664905905723572, 0.5672274231910706, 0.5661575198173523, 0.5669016242027283, 0.5661996006965637, 0.5565596222877502, 0.5460391044616699, 0.5386321544647217, 0.5347995162010193, 0.5318260192871094, 0.5287854075431824, 0.526239275932312, 0.5231747031211853, 0.5200948715209961, 0.5205245614051819, 0.5186216831207275, 0.5090124011039734, 0.49798351526260376, 0.4898921251296997, 0.48481354117393494, 0.48744451999664307, 0.4987327754497528, 0.5060127973556519, 0.5052379369735718, 0.4945457875728607, 0.4633835256099701, 0.45762988924980164, 0.46334177255630493, 0.4525051712989807, 0.4635465443134308, 0.5002132654190063, 0.5009410381317139, 0.47362464666366577, 0.44803333282470703, 0.4456007778644562, 0.44319477677345276, 0.445180207490921, 0.45933976769447327, 0.46951156854629517, 0.46355295181274414, 0.4555095136165619, 0.4445834159851074, 0.437001496553421, 0.4351945221424103, 0.43569475412368774, 0.4409807324409485, 0.44779694080352783, 0.45702001452445984, 0.46102461218833923, 0.45192766189575195, 0.4368787705898285, 0.4334458112716675, 0.4322119951248169, 0.4311816096305847, 0.4308387339115143, 0.4362450838088989, 0.45256125926971436, 0.45807531476020813, 0.45649611949920654, 0.4554077386856079, 0.44797366857528687, 0.44252216815948486], "val_acc": [0.2777777777777778, 0.2777777777777778, 0.2777777777777778, 0.2777777777777778, 0.7222222222222222, 0.7222222222222222, 0.7222222222222222, 0.7222222222222222, 0.7222222222222222, 0.7222222222222222, 0.7222222222222222, 0.7222222222222222, 0.7222222222222222, 0.7222222222222222, 0.7222222222222222, 0.7222222222222222, 0.7222222222222222, 0.7222222222222222, 0.7222222222222222, 0.7222222222222222, 0.7222222222222222, 0.7222222222222222, 0.7222222222222222, 0.7222222222222222, 0.7222222222222222, 0.7222222222222222, 0.7222222222222222, 0.7222222222222222, 0.7222222222222222, 0.7222222222222222, 0.7222222222222222, 0.7222222222222222, 0.7222222222222222, 0.7222222222222222, 0.7222222222222222, 0.7222222222222222, 0.7222222222222222, 0.7222222222222222, 0.7222222222222222, 0.7222222222222222, 0.7222222222222222, 0.7222222222222222, 0.7222222222222222, 0.7222222222222222, 0.7222222222222222, 0.7222222222222222, 0.7222222222222222, 0.7222222222222222, 0.7222222222222222, 0.7222222222222222, 0.7222222222222222, 0.7222222222222222, 0.7222222222222222, 0.7222222222222222, 0.7222222222222222, 0.7222222222222222, 0.7222222222222222, 0.7222222222222222, 0.8333333333333334, 0.8333333333333334, 0.8333333333333334, 0.8333333333333334, 0.8333333333333334, 0.8333333333333334, 0.8333333333333334, 0.8333333333333334, 0.8333333333333334, 0.8333333333333334, 0.8333333333333334, 0.8333333333333334, 0.7777777777777778, 0.8333333333333334, 0.8333333333333334, 0.8333333333333334, 0.8333333333333334, 0.7777777777777778, 0.8333333333333334, 0.8333333333333334, 0.7777777777777778, 0.8333333333333334, 0.8888888888888888, 0.8888888888888888, 0.8888888888888888, 0.8333333333333334, 0.7777777777777778, 0.8333333333333334, 0.8333333333333334, 0.8333333333333334, 0.8333333333333334, 0.8333333333333334, 0.8888888888888888, 0.8888888888888888, 0.8888888888888888, 0.8333333333333334, 0.8333333333333334, 0.8333333333333334, 0.8333333333333334, 0.8333333333333334, 0.8888888888888888, 0.8888888888888888]}