{"train_loss": [0.7006399929523468, 0.7605781853199005, 0.5364177227020264, 0.6470344066619873, 0.5982392728328705, 0.6208341419696808, 0.5789779424667358, 0.5756770670413971, 0.5634564161300659, 0.5565207898616791, 0.592566192150116, 0.6119544804096222, 0.5745869576931, 0.521102100610733, 0.5432139784097672, 0.6662471294403076, 0.5760667622089386, 0.6166075170040131, 0.6185539662837982, 0.5011159181594849, 0.6196833550930023, 0.5314164459705353, 0.5258933901786804, 0.5622300505638123, 0.5217123031616211, 0.6316124796867371, 0.5417079627513885, 0.5340017080307007, 0.6259667277336121, 0.5519974529743195, 0.583769828081131, 0.5183649361133575, 0.4946001023054123, 0.5582612752914429, 0.5006188303232193, 0.5506467223167419, 0.5529636144638062, 0.4447709769010544, 0.4469985365867615, 0.5644785463809967, 0.5584632158279419, 0.5321769416332245, 0.4927174150943756, 0.5510462075471878, 0.5644518435001373, 0.5861583054065704, 0.49043184518814087, 0.5472604483366013, 0.498371958732605, 0.4664512425661087, 0.494662880897522, 0.459075465798378, 0.4227455258369446, 0.5542359352111816, 0.4155253469944, 0.5246080458164215, 0.49811026453971863, 0.5220945328474045, 0.5387092083692551, 0.47014768421649933, 0.5084787011146545, 0.503058984875679, 0.5311981588602066, 0.5165525376796722, 0.46818259358406067, 0.4555206745862961, 0.48217807710170746, 0.5293755382299423, 0.5296612977981567, 0.4931163042783737, 0.5378817319869995, 0.5419288873672485, 0.5630471259355545, 0.5062329918146133, 0.5186651945114136, 0.476803258061409, 0.6217890977859497, 0.4629667103290558, 0.4657043069601059, 0.5298569053411484, 0.5409830510616302, 0.4973652809858322, 0.4656539708375931, 0.46824508905410767, 0.45041294395923615, 0.5573147684335709, 0.4687602072954178, 0.5226033478975296, 0.4704841077327728, 0.45341818034648895, 0.5029025822877884, 0.46344006061553955, 0.513750821352005, 0.5026324093341827, 0.4201201945543289, 0.568867951631546, 0.5368980467319489, 0.5091153383255005, 0.4883347451686859, 0.47329580783843994], "train_acc": [0.5666666666666667, 0.32, 0.6933333333333334, 0.6933333333333334, 0.6933333333333334, 0.7066666666666667, 0.7066666666666667, 0.6933333333333334, 0.7, 0.6666666666666666, 0.7, 0.6733333333333333, 0.7066666666666667, 0.7, 0.7, 0.7066666666666667, 0.7133333333333334, 0.7266666666666667, 0.74, 0.6933333333333334, 0.7, 0.74, 0.7333333333333333, 0.7333333333333333, 0.72, 0.7, 0.7266666666666667, 0.7733333333333333, 0.7466666666666667, 0.7866666666666666, 0.7733333333333333, 0.78, 0.7733333333333333, 0.7866666666666666, 0.7266666666666667, 0.6666666666666666, 0.7266666666666667, 0.8, 0.7466666666666667, 0.7333333333333333, 0.7266666666666667, 0.7466666666666667, 0.7866666666666666, 0.8066666666666666, 0.7533333333333333, 0.7266666666666667, 0.7533333333333333, 0.7733333333333333, 0.78, 0.7933333333333333, 0.78, 0.8, 0.78, 0.7666666666666667, 0.7733333333333333, 0.7933333333333333, 0.7933333333333333, 0.8, 0.7733333333333333, 0.78, 0.7866666666666666, 0.7933333333333333, 0.7933333333333333, 0.76, 0.78, 0.7866666666666666, 0.8, 0.8066666666666666, 0.7933333333333333, 0.8, 0.8, 0.8, 0.8, 0.7866666666666666, 0.7733333333333333, 0.78, 0.7933333333333333, 0.8, 0.76, 0.7733333333333333, 0.7733333333333333, 0.7866666666666666, 0.8066666666666666, 0.8066666666666666, 0.8, 0.8066666666666666, 0.7933333333333333, 0.7733333333333333, 0.7866666666666666, 0.8, 0.8, 0.8, 0.8, 0.7533333333333333, 0.7933333333333333, 0.78, 0.7533333333333333, 0.8, 0.7933333333333333, 0.7666666666666667], "val_loss": [0.7330943942070007, 0.713582456111908, 0.9607760906219482, 0.8344628810882568, 0.6802778244018555, 0.6820496320724487, 0.7996574640274048, 0.868516206741333, 0.6822486519813538, 0.6624682545661926, 0.7093361616134644, 0.6116983294487, 0.645880401134491, 0.8990951180458069, 0.8573259115219116, 0.6627304553985596, 0.6461777687072754, 0.6563482284545898, 0.707432210445404, 0.8474208116531372, 0.8169839382171631, 0.6856808662414551, 0.671164333820343, 0.6479251980781555, 0.6285147070884705, 0.6164730787277222, 0.6877020001411438, 0.8623925447463989, 0.7187337875366211, 0.6608963012695312, 0.694480299949646, 0.8261004686355591, 0.9195735454559326, 0.6753479838371277, 0.567168653011322, 0.6261106729507446, 0.8520839214324951, 0.9520217180252075, 0.9453513622283936, 0.8377928137779236, 0.7344658374786377, 0.7143893241882324, 0.7502797245979309, 0.7574491500854492, 0.6284773945808411, 0.6127036213874817, 0.7025063037872314, 0.8477156758308411, 0.8635786175727844, 0.827853798866272, 0.806350588798523, 0.775383710861206, 0.8134812116622925, 0.871762752532959, 0.8174661993980408, 0.7594078183174133, 0.7540913224220276, 0.8208481073379517, 0.8384969234466553, 0.8290003538131714, 0.822563648223877, 0.7743843793869019, 0.6892061233520508, 0.6800214648246765, 0.8427242040634155, 0.9799537658691406, 0.8876992464065552, 0.7635390758514404, 0.7214505672454834, 0.7430511713027954, 0.8133876323699951, 0.8215457201004028, 0.7387883067131042, 0.6955355405807495, 0.7319447994232178, 0.8334847092628479, 0.8167431354522705, 0.7178230285644531, 0.7056167125701904, 0.7520354986190796, 0.7987009286880493, 0.8067376613616943, 0.7895700335502625, 0.8055543899536133, 0.8487898111343384, 0.8073630928993225, 0.7490212321281433, 0.7687890529632568, 0.816179096698761, 0.9044396877288818, 0.9309285283088684, 0.8387448191642761, 0.7377903461456299, 0.7387822866439819, 0.8884129524230957, 0.9790108799934387, 0.852420449256897, 0.7463988661766052, 0.7108718156814575, 0.7531113028526306], "val_acc": [0.5, 0.5, 0.5, 0.5, 0.5, 0.5, 0.5, 0.5, 0.4444444444444444, 0.5, 0.4444444444444444, 0.5555555555555556, 0.5, 0.5, 0.5, 0.5, 0.5, 0.5, 0.5, 0.5, 0.5555555555555556, 0.5, 0.5, 0.5, 0.5, 0.5555555555555556, 0.5, 0.5, 0.5, 0.5555555555555556, 0.5555555555555556, 0.5, 0.5555555555555556, 0.5, 0.6666666666666666, 0.5555555555555556, 0.5555555555555556, 0.5, 0.5, 0.5, 0.5, 0.5555555555555556, 0.5555555555555556, 0.5555555555555556, 0.6111111111111112, 0.6111111111111112, 0.5555555555555556, 0.5, 0.5, 0.5, 0.5555555555555556, 0.5555555555555556, 0.5555555555555556, 0.5555555555555556, 0.5555555555555556, 0.5555555555555556, 0.5555555555555556, 0.5, 0.5, 0.5, 0.5555555555555556, 0.5555555555555556, 0.5555555555555556, 0.5555555555555556, 0.5555555555555556, 0.5555555555555556, 0.5555555555555556, 0.5555555555555556, 0.5555555555555556, 0.5555555555555556, 0.5555555555555556, 0.5555555555555556, 0.5555555555555556, 0.5555555555555556, 0.5555555555555556, 0.5555555555555556, 0.5555555555555556, 0.5555555555555556, 0.5555555555555556, 0.5555555555555556, 0.5555555555555556, 0.5555555555555556, 0.5555555555555556, 0.5555555555555556, 0.5555555555555556, 0.5555555555555556, 0.5555555555555556, 0.5555555555555556, 0.5555555555555556, 0.5555555555555556, 0.5555555555555556, 0.5555555555555556, 0.5555555555555556, 0.5555555555555556, 0.5, 0.5, 0.5, 0.5555555555555556, 0.5555555555555556, 0.5555555555555556]}