{"train_loss": [0.6879572868347168, 0.6699158549308777, 0.6753202080726624, 0.684040904045105, 0.6315628588199615, 0.6510528028011322, 0.6381035149097443, 0.6439566016197205, 0.6769057512283325, 0.6788052618503571, 0.6924774050712585, 0.7037390470504761, 0.6591824889183044, 0.6713270843029022, 0.6782063543796539, 0.6745628416538239, 0.6317141056060791, 0.6590009033679962, 0.6503877639770508, 0.6523446142673492, 0.6412907540798187, 0.6395061314105988, 0.6545850038528442, 0.662641853094101, 0.6274250745773315, 0.6008947789669037, 0.6496570110321045, 0.606126070022583, 0.7430653870105743, 0.6542795896530151, 0.6983936429023743, 0.6688961088657379, 0.6652726829051971, 0.6363222897052765, 0.6634474992752075, 0.649920791387558, 0.6928583383560181, 0.6656799614429474, 0.6392480731010437, 0.6613028645515442, 0.6769535839557648, 0.6364088356494904, 0.6777317821979523, 0.588723212480545, 0.6473113298416138, 0.6664420366287231, 0.6488534808158875, 0.6890717446804047, 0.6428360641002655, 0.6381723880767822, 0.6463896930217743, 0.607362300157547, 0.5798053443431854, 0.5873476564884186, 0.5649470537900925, 0.6445974707603455, 0.5913898944854736, 0.589356005191803, 0.592321902513504, 0.6863772571086884, 0.5010777562856674, 0.619343101978302, 0.5609550476074219, 0.6700949966907501, 0.5456603765487671, 0.572138786315918, 0.5514301955699921, 0.5101731270551682, 0.6276593506336212, 0.5252382159233093, 0.5860477387905121, 0.6009541451931, 0.4977811723947525, 0.42009110748767853, 0.5814558267593384, 0.5851501226425171, 0.5149466246366501, 0.5688778758049011, 0.5241643935441971, 0.5908680856227875, 0.5917468667030334, 0.539589524269104, 0.4157937318086624, 0.6711327731609344, 0.4976773262023926, 0.5310393869876862, 0.5753275454044342, 0.5076917111873627, 0.553430587053299, 0.548688992857933, 0.5373218357563019, 0.5664039254188538, 0.5426580905914307, 0.44517555832862854, 0.5242415368556976, 0.4598732441663742, 0.5776683688163757, 0.45405854284763336, 0.4832594245672226, 0.5428101420402527], "train_acc": [0.64, 0.64, 0.64, 0.64, 0.64, 0.64, 0.64, 0.64, 0.64, 0.64, 0.64, 0.64, 0.64, 0.64, 0.64, 0.64, 0.64, 0.64, 0.64, 0.64, 0.64, 0.64, 0.64, 0.64, 0.64, 0.64, 0.64, 0.64, 0.64, 0.64, 0.64, 0.64, 0.64, 0.64, 0.64, 0.64, 0.64, 0.64, 0.64, 0.64, 0.64, 0.64, 0.64, 0.64, 0.64, 0.64, 0.64, 0.64, 0.64, 0.64, 0.64, 0.64, 0.64, 0.64, 0.64, 0.64, 0.64, 0.64, 0.64, 0.64, 0.64, 0.64, 0.64, 0.7333333333333333, 0.74, 0.7666666666666667, 0.7666666666666667, 0.7533333333333333, 0.7, 0.74, 0.7133333333333334, 0.7, 0.76, 0.7133333333333334, 0.7466666666666667, 0.7066666666666667, 0.7466666666666667, 0.76, 0.7266666666666667, 0.7066666666666667, 0.7533333333333333, 0.74, 0.78, 0.74, 0.7333333333333333, 0.7266666666666667, 0.7733333333333333, 0.7266666666666667, 0.7133333333333334, 0.7666666666666667, 0.72, 0.7066666666666667, 0.7133333333333334, 0.76, 0.74, 0.78, 0.7333333333333333, 0.7866666666666666, 0.76, 0.74], "val_loss": [0.6627395153045654, 0.6454635858535767, 0.6275686025619507, 0.6130459308624268, 0.6012446284294128, 0.5879427790641785, 0.5731446743011475, 0.5598956942558289, 0.5565071105957031, 0.5634098649024963, 0.5741012096405029, 0.5858120322227478, 0.5954447388648987, 0.6019264459609985, 0.6068277359008789, 0.6104151010513306, 0.6119686365127563, 0.6111574769020081, 0.609099805355072, 0.6058774590492249, 0.6013606786727905, 0.5953338742256165, 0.5882318019866943, 0.5812869668006897, 0.5733950734138489, 0.5620891451835632, 0.5500924587249756, 0.543013334274292, 0.5437672734260559, 0.5544313788414001, 0.5662760734558105, 0.5779304504394531, 0.5875561833381653, 0.5938766002655029, 0.5973198413848877, 0.5989864468574524, 0.5998590588569641, 0.6006258130073547, 0.5998368859291077, 0.5970367193222046, 0.5936825275421143, 0.5889561176300049, 0.5825359225273132, 0.5730946660041809, 0.5577154159545898, 0.5465294718742371, 0.5449225902557373, 0.550913393497467, 0.5666316747665405, 0.5789481401443481, 0.5811040997505188, 0.5651824474334717, 0.5374693274497986, 0.5459511280059814, 0.5418108701705933, 0.5423007607460022, 0.5614168643951416, 0.5457335114479065, 0.5409776568412781, 0.5381826162338257, 0.5463674068450928, 0.5472058653831482, 0.5405372381210327, 0.542545735836029, 0.5473119616508484, 0.5480663776397705, 0.5656591057777405, 0.6105553507804871, 0.5803200602531433, 0.5696841478347778, 0.5941653847694397, 0.5806645750999451, 0.5781406760215759, 0.6548479199409485, 0.6609101295471191, 0.5739681720733643, 0.5843149423599243, 0.6064454317092896, 0.5977293848991394, 0.5751014351844788, 0.5658435225486755, 0.5664215087890625, 0.5844781398773193, 0.5880106091499329, 0.5650940537452698, 0.5706411600112915, 0.5856800675392151, 0.589428186416626, 0.57744300365448, 0.5746249556541443, 0.5857359766960144, 0.5913439393043518, 0.5833439826965332, 0.5805889964103699, 0.5794923305511475, 0.5805553793907166, 0.5812193751335144, 0.5820896029472351, 0.5853963494300842, 0.5913761854171753], "val_acc": [0.7777777777777778, 0.7777777777777778, 0.7777777777777778, 0.7777777777777778, 0.7777777777777778, 0.7777777777777778, 0.7777777777777778, 0.7777777777777778, 0.7777777777777778, 0.7777777777777778, 0.7777777777777778, 0.7777777777777778, 0.7777777777777778, 0.7777777777777778, 0.7777777777777778, 0.7777777777777778, 0.7777777777777778, 0.7777777777777778, 0.7777777777777778, 0.7777777777777778, 0.7777777777777778, 0.7777777777777778, 0.7777777777777778, 0.7777777777777778, 0.7777777777777778, 0.7777777777777778, 0.7777777777777778, 0.7777777777777778, 0.7777777777777778, 0.7777777777777778, 0.7777777777777778, 0.7777777777777778, 0.7777777777777778, 0.7777777777777778, 0.7777777777777778, 0.7777777777777778, 0.7777777777777778, 0.7777777777777778, 0.7777777777777778, 0.7777777777777778, 0.7777777777777778, 0.7777777777777778, 0.7777777777777778, 0.7777777777777778, 0.7777777777777778, 0.7777777777777778, 0.7777777777777778, 0.7777777777777778, 0.7777777777777778, 0.7777777777777778, 0.7777777777777778, 0.7777777777777778, 0.7777777777777778, 0.7777777777777778, 0.7777777777777778, 0.7777777777777778, 0.7777777777777778, 0.7777777777777778, 0.7777777777777778, 0.7777777777777778, 0.7777777777777778, 0.7777777777777778, 0.6666666666666666, 0.6666666666666666, 0.6666666666666666, 0.6666666666666666, 0.6666666666666666, 0.6666666666666666, 0.6666666666666666, 0.7222222222222222, 0.5555555555555556, 0.7222222222222222, 0.6666666666666666, 0.7222222222222222, 0.7222222222222222, 0.6666666666666666, 0.7222222222222222, 0.6666666666666666, 0.7222222222222222, 0.6666666666666666, 0.6666666666666666, 0.6666666666666666, 0.6666666666666666, 0.6666666666666666, 0.6666666666666666, 0.6666666666666666, 0.7222222222222222, 0.7222222222222222, 0.6666666666666666, 0.6666666666666666, 0.6666666666666666, 0.6666666666666666, 0.6666666666666666, 0.6666666666666666, 0.6666666666666666, 0.6666666666666666, 0.6666666666666666, 0.6666666666666666, 0.6666666666666666, 0.6666666666666666]}