{"train_loss": [2.899715082986014, 1.8158011086403378, 1.7937556921489655, 1.6902453733815088, 1.6872777617166912, 1.7228941283528767, 1.7533798577293518, 1.7194847956536308, 1.7280299985219563, 1.6534023043655215, 1.6784345091335358, 1.6666423020854828, 1.6692143971957858, 1.6783367026419866, 1.6857744114739555, 1.6427184740702312, 1.7311642094263955, 1.6870508856243558, 1.7662611461821056, 1.672800828540136, 1.6694374500759064, 1.67845385509824, 1.6311290973708743, 1.63202521819917, 1.6085715274962167, 1.6247673507720706, 1.6252356843342857, 1.6286345578375316, 1.6576964457829793, 1.622865473467206], "train_mae": [1.1815682327936565, 0.7988418936729431, 0.7812605017707461, 0.7459382045836676, 0.7380297543510558, 0.7584424435146271, 0.7665663503465199, 0.748827286182888, 0.7634263133245801, 0.7286555681909833, 0.7372631052183727, 0.7351800033024379, 0.7320748406743246, 0.7368091373216539, 0.7388634653318495, 0.7210041880607605, 0.7645447793461028, 0.750510036945343, 0.7259505391120911, 0.7450784993550134, 0.7390801277425554, 0.7343487077289157, 0.7129338610739935, 0.7164555759656996, 0.7047842021972414, 0.7137438986036513, 0.7154747115241157, 0.7208863260254027, 0.7254711503074283, 0.7139378256267972], "val_loss": [1.4697609134018421, 1.840635597705841, 1.3222860842943192, 1.2422220557928085, 1.2528467066586018, 1.2957909554243088, 1.4294404536485672, 1.240077156573534, 1.2656877860426903, 1.3732220456004143, 1.2241954766213894, 1.2475226745009422, 1.206717237830162, 1.2547736912965775, 1.3144920989871025, 1.2279398366808891, 1.3449825569987297, 1.2025235146284103, 1.4501648843288422, 1.1976573020219803, 1.5367730855941772, 1.187359631061554, 1.1872489377856255, 1.1733257845044136, 1.2118382826447487, 1.1608345322310925, 1.3604899644851685, 1.2886160612106323, 1.2069135829806328, 1.1555102914571762], "val_mae": [0.7325717881321907, 1.0525838881731033, 0.755061998963356, 0.6442453190684319, 0.6308058500289917, 0.730096623301506, 0.8432125225663185, 0.6440628618001938, 0.7076930105686188, 0.6715133413672447, 0.6528166905045509, 0.6386725381016731, 0.6269873306155205, 0.7047525569796562, 0.7695369124412537, 0.6921093016862869, 0.7897361293435097, 0.6399786919355392, 0.8721066564321518, 0.667097270488739, 0.7552827075123787, 0.6530420258641243, 0.6285131797194481, 0.6512646824121475, 0.704960398375988, 0.6323113143444061, 0.8095242753624916, 0.6295741945505142, 0.6113489679992199, 0.6440936177968979]}