{"train_loss": [2.755200333065457, 1.874633948954325, 1.7565975198670039, 1.7233009962808519, 1.7338119773637681, 1.6870074158623105, 1.6871482635301256, 1.6342190002638197, 1.6526365620749337, 1.669125929711357, 1.613944328966595, 1.6079897672410994, 1.591455652600243, 1.5759333220739213, 1.5757944186528523, 1.565688097287738, 1.5749610842220367, 1.5934965922718956, 1.6427286153747922, 1.553630379930375, 1.538312346216232, 1.5468444890446134, 1.556133158623226, 1.6558620257983132, 1.5705279253778004, 1.5339726129221538, 1.5435369166116866, 1.5279003372268072, 1.5652911435990107, 1.5654583138132852], "train_mae": [1.1391427147956121, 0.8383804824617174, 0.7900370983850389, 0.7714298121512883, 0.7816068161101568, 0.7556202458956885, 0.7616394956906637, 0.7382851167330666, 0.7496695991546388, 0.7531761829815213, 0.7197162139983404, 0.720560492031158, 0.7191566342399234, 0.7079100268227714, 0.7099293621759566, 0.7040235655648368, 0.7130338890211922, 0.7013681275503976, 0.7383909712708185, 0.703575485282474, 0.6863578520123921, 0.6968316199287535, 0.7026212404644678, 0.74815933666532, 0.7032408198666951, 0.6881741233288295, 0.6924425216894301, 0.6800539503021846, 0.7019762169747126, 0.7046168418157668], "val_loss": [2.0704589188098907, 1.542516052722931, 1.5421053916215897, 1.4653521105647087, 1.411199152469635, 1.393291711807251, 1.4185036718845367, 1.3898673951625824, 1.6845656633377075, 1.4306782111525536, 1.338556595146656, 1.3429050147533417, 1.424157291650772, 1.3828575760126114, 1.3886220455169678, 1.3919476047158241, 1.441485770046711, 1.3195181712508202, 1.434441201388836, 1.3087235540151596, 1.3114523813128471, 1.3729301765561104, 1.9495991691946983, 1.4259296581149101, 1.3499868661165237, 1.4455883130431175, 1.3884233385324478, 1.2973059937357903, 1.4944572150707245, 1.3046698048710823], "val_mae": [0.878182902932167, 0.7333332747220993, 0.7222609966993332, 0.6662794873118401, 0.7222872003912926, 0.6742099598050117, 0.694719061255455, 0.6932221949100494, 0.7412843480706215, 0.6705392524600029, 0.6529827415943146, 0.6794098913669586, 0.6742754727602005, 0.6961983665823936, 0.6556438952684402, 0.6975317075848579, 0.6554680094122887, 0.6406275704503059, 0.6774809435009956, 0.6298069953918457, 0.6545407250523567, 0.6168541684746742, 0.8633331954479218, 0.7672256678342819, 0.6161388233304024, 0.6396123766899109, 0.6355270855128765, 0.6345864161849022, 0.6704500988125801, 0.6691468507051468]}