{"train_loss": [2.7601848632570296, 1.6213646985235668, 1.5597000462668282, 1.4718615791154286, 1.4960560155293299, 1.4451685112620156, 1.4776516405362932, 1.4786379938087766, 1.4534140361679926, 1.432275435754231, 1.4460614597986614, 1.4779973744399963, 1.4653937277339755, 1.4372379448678758, 1.42146483962498, 1.4139859165464128, 1.4319743258612496, 1.4139805625355433, 1.4255857429807148, 1.4040092154154702, 1.3954955689490787, 1.4315756814820426, 1.4226706056367784, 1.3898141488196358, 1.38753351616481, 1.3692981477767703, 1.4564880946325878, 1.3869407001941922, 1.4097702342366416, 1.3747075110200853], "train_mae": [1.1917357993504358, 0.8001810208199516, 0.7596590197275556, 0.7281504793772622, 0.7446620095343817, 0.7190125887356107, 0.7268376208487011, 0.7417220851731678, 0.7187070496498592, 0.7098767643883115, 0.7154860751969474, 0.7410776681370206, 0.7304281705901736, 0.7099397258153037, 0.7078376639456976, 0.7012244311590043, 0.7094786138761611, 0.7095529181616647, 0.7074975503815545, 0.6970080212941245, 0.6998908245374286, 0.7112272183100382, 0.7135595641438923, 0.6910840935177274, 0.6945142055314685, 0.6841791584378197, 0.7282118901373849, 0.6969327595498827, 0.7062127978082687, 0.6857917639944289], "val_loss": [3.18072859197855, 2.7947851717472076, 2.7530704587697983, 2.7865089029073715, 2.7953240498900414, 2.772467292845249, 2.812018133699894, 2.8069649636745453, 2.743755504488945, 2.805866874754429, 2.8365863263607025, 2.7418209090828896, 2.9009608551859856, 2.7289383336901665, 2.722143702208996, 2.7619680985808372, 2.8019161075353622, 2.745469141751528, 2.7007706835865974, 2.748077943921089, 2.771053820848465, 2.7831013798713684, 2.740108236670494, 2.7800295501947403, 2.71042350679636, 2.7777199149131775, 2.7763104289770126, 3.032350331544876, 2.754805486649275, 2.815869562327862], "val_mae": [0.8212522715330124, 0.7572559714317322, 0.6949556693434715, 0.6851004585623741, 0.7188374474644661, 0.6843430399894714, 0.6678458005189896, 0.6603656634688377, 0.6927342489361763, 0.7866036891937256, 0.8009022772312164, 0.699173741042614, 0.6765143200755119, 0.6548387855291367, 0.6873790547251701, 0.6440941914916039, 0.6574363112449646, 0.6667079329490662, 0.6720439195632935, 0.6390732303261757, 0.7371836751699448, 0.6492195352911949, 0.700249545276165, 0.7380546033382416, 0.6531784944236279, 0.6472750715911388, 0.6691088899970055, 0.7285215258598328, 0.6360089778900146, 0.6435279622673988]}