{"train_loss": [2.7305134421303157, 1.7674334711498685, 1.7223887590188829, 1.6683760446215432, 1.6777699920866225, 1.6481590365606642, 1.7065764779136294, 1.6010535993273296, 1.6330748115267073, 1.645765571367173, 1.6141383146482802, 1.6097877735183352, 1.620899676330506, 1.671569668111347, 1.5808233609275213, 1.5962644768139673, 1.5766961763775538, 1.6144823772566659, 1.576558530330658, 1.5758063949289776, 1.5711214083527762, 1.5382499458297851, 1.5392387372160714, 1.5676988940390328, 1.573055186915019, 1.560827652613322, 1.5880396044443523, 1.6258836114217365, 1.5894262081100827, 1.5899364285998874], "train_mae": [1.1208411284855433, 0.7905123631159464, 0.7751348993134877, 0.7446700145327856, 0.7563048979592701, 0.73848319242871, 0.7476854400029258, 0.7230407661861844, 0.7256376979843019, 0.7482167993273053, 0.7217746121542794, 0.7220449154339139, 0.7286000601829045, 0.7537564871803163, 0.7098576208901783, 0.7178456102098737, 0.7120500301557874, 0.7380493254888625, 0.7025959945860363, 0.7116921146710714, 0.7095625741141183, 0.6885364330004132, 0.6952749670497955, 0.7086567594891503, 0.708884786991846, 0.710490223907289, 0.7135034922569518, 0.7350272299751403, 0.6974590619405111, 0.7103958129882812], "val_loss": [1.28928292542696, 1.3533602356910706, 1.0692623257637024, 1.233795814216137, 1.15689717233181, 1.2377351820468903, 1.0641517043113708, 1.1078583970665932, 1.4842072427272797, 1.1591246277093887, 1.117387093603611, 1.0247935429215431, 1.0796717554330826, 1.068334273993969, 1.048462152481079, 1.0742095559835434, 1.0993938148021698, 1.0318285822868347, 1.0643083155155182, 1.1274740546941757, 1.0211305171251297, 1.0216023102402687, 1.012309730052948, 1.0008601546287537, 1.0798138305544853, 1.0333802849054337, 1.0231076627969742, 1.0167904272675514, 1.0772931724786758, 1.0220478922128677], "val_mae": [0.7197133079171181, 0.8775940611958504, 0.6512666121125221, 0.8208087459206581, 0.7617315575480461, 0.6811041459441185, 0.6612027063965797, 0.639609232544899, 0.7877478078007698, 0.6536481902003288, 0.7569661736488342, 0.6428913474082947, 0.7106004133820534, 0.6766686663031578, 0.6349276900291443, 0.7152988463640213, 0.6272770017385483, 0.6708561703562737, 0.6649583131074905, 0.6443075612187386, 0.6176425740122795, 0.6670726984739304, 0.6201151236891747, 0.6587535664439201, 0.7368821352720261, 0.6434411481022835, 0.632476381957531, 0.6672365963459015, 0.7272825241088867, 0.633994847536087]}