{"train_loss": [2.9643780144434126, 1.7349442773395114, 1.6707971171727256, 1.5859494975634985, 1.5801831758211529, 1.500540694547078, 1.5292162970891074, 1.5558182805303544, 1.5019727718262446, 1.5216396867282806, 1.5113042990366619, 1.515491611427731, 1.48883485037183, 1.4686515823243156, 1.4334670423515259, 1.4358642082365731, 1.4380764734177363, 1.4259944160779316, 1.402915329687179, 1.428155688066331, 1.4352363830520993, 1.4112880532703702, 1.4394579988623422, 1.4160851486145505, 1.3973578053807456, 1.386106893183693, 1.427237608130016, 1.399684418761541, 1.4054187044264779, 1.3820579335803078], "train_mae": [1.2203796609999642, 0.8418722862289065, 0.8131200292753795, 0.7930458112368508, 0.7927709448905218, 0.7568614113898504, 0.7621669513838631, 0.7879059797241574, 0.7500996712654356, 0.7559213354474023, 0.7575205668570504, 0.7618555814500839, 0.7582380800020128, 0.7397447389269632, 0.7236849211511158, 0.7245221686741662, 0.7236360841327243, 0.7206907054734608, 0.70446201827791, 0.7247117549654037, 0.7248766091134813, 0.7218930910504053, 0.7241872416602241, 0.7105644998096284, 0.702737411809346, 0.7009358443911113, 0.7175520261128744, 0.705503399409945, 0.7087651926373678, 0.6928093674637023], "val_loss": [3.2287372648715973, 2.8128915950655937, 2.7871482521295547, 2.8274243474006653, 2.7769227884709835, 2.776464991271496, 2.6909284070134163, 2.7259929813444614, 2.7035631462931633, 2.7501563131809235, 2.7203631699085236, 2.7519347071647644, 2.8678587898612022, 2.6790414340794086, 2.7029759772121906, 2.728011194616556, 2.7351136319339275, 2.696390636265278, 2.6730013638734818, 2.869608536362648, 2.688025303184986, 2.7999705001711845, 2.659973666071892, 2.740017246454954, 2.6820807233452797, 2.6533991545438766, 2.692038781940937, 2.7958847656846046, 2.6854161955416203, 2.755690384656191], "val_mae": [0.8259312734007835, 0.7272987961769104, 0.7187870070338249, 0.6989175006747246, 0.7278675213456154, 0.6838310584425926, 0.6939391084015369, 0.6761648133397102, 0.6643787920475006, 0.7547780051827431, 0.6590035408735275, 0.746808223426342, 0.6783545911312103, 0.6887376978993416, 0.6376084983348846, 0.6377423629164696, 0.6346421241760254, 0.6722571179270744, 0.6413967534899712, 0.6744548454880714, 0.6982077807188034, 0.6625834926962852, 0.6175116151571274, 0.6382843777537346, 0.6280363947153091, 0.6408797055482864, 0.6476396843791008, 0.6508082039654255, 0.6231999695301056, 0.631244033575058]}