{"train_loss": [3.7233859281691295, 2.2095102563736932, 1.7471558442191473, 1.6666834959908137, 1.7069737163801042, 1.6551425144785927, 1.683100908521622, 1.6440658304426405, 1.6262709119963268, 1.6564275499374148, 1.6313045516846671, 1.6211023482065352, 1.656905432542165, 1.6230808685696314, 1.604563023362841, 1.6038016118700542, 1.6386835064206804, 1.6706095423017229, 1.6686945642743791, 1.6088320225004167, 1.6093614687995306, 1.5836994903428214, 1.5882238859222049, 1.6417262828539287, 1.5778285941434285, 1.583996647407138, 1.6065787020183744, 1.5794774383779555, 1.5887561885137407, 1.6252126769414024], "train_mae": [1.4258893463346693, 0.9646087014485919, 0.7756414839199611, 0.740069397858211, 0.7572585732217819, 0.730244621397957, 0.7500007701298547, 0.7347413869131179, 0.7270971044661507, 0.7364793533370608, 0.7239001828526693, 0.7202720263647655, 0.7385875885448758, 0.7188512550459968, 0.717511184631832, 0.7141296939244346, 0.7258337972656129, 0.7240542618055192, 0.7479223769808573, 0.7163654480661664, 0.71414167540414, 0.7027291948833163, 0.7064139691610185, 0.7312251859241061, 0.7027847634421455, 0.7087786301733956, 0.7164854719525292, 0.6985977159606086, 0.7139961814123487, 0.7202324157669431], "val_loss": [2.6160707622766495, 1.465401515364647, 1.4499517604708672, 1.4820058941841125, 1.4169034026563168, 1.4220950938761234, 1.467279925942421, 1.4061603844165802, 1.7962966188788414, 1.4056575819849968, 1.4227552711963654, 1.3974880166351795, 1.417760007083416, 1.4650267735123634, 1.3909285888075829, 1.3981200531125069, 1.4263757020235062, 1.424461953341961, 1.4405514150857925, 1.40359665453434, 1.3783679082989693, 1.3731267973780632, 1.407135710120201, 1.501519463956356, 1.3846913874149323, 1.636560082435608, 1.565521962940693, 1.4211332201957703, 1.371384747326374, 1.411568522453308], "val_mae": [1.224053405225277, 0.6867378428578377, 0.6837145239114761, 0.6760208979249, 0.6530835442245007, 0.6810882613062859, 0.7356698215007782, 0.6946054920554161, 0.7808015123009682, 0.6813538447022438, 0.725843571126461, 0.686223179101944, 0.6658620163798332, 0.6515962779521942, 0.6529907807707787, 0.6781201027333736, 0.6741682961583138, 0.6477850787341595, 0.6517690643668175, 0.6476294584572315, 0.6612364202737808, 0.6587037965655327, 0.7029931992292404, 0.816352128982544, 0.6392472833395004, 0.702511303126812, 0.6923205778002739, 0.7580609023571014, 0.644567683339119, 0.7355425581336021]}