{"train_loss": [137.39300895872572, 3.139659771843562, 2.6746732734498524, 2.2952767553783597, 2.152944315047491, 2.107672001634325, 1.9775392782120478, 1.9494273662567139, 1.912168682567657, 1.9772783621909127, 1.9031329136046151, 1.8474582462083726, 1.8418852913947332, 1.7657536495299566, 1.7391996468816484, 1.7203876896510049, 1.7258107094537645, 1.7345178515192061, 1.700271239356389, 1.6474234367173815, 1.6523145862988062, 1.605798745912219, 1.6000735447520302, 1.6139860957387895, 1.5800200956208366, 1.5901995637114086, 1.5719087809797316, 1.589201291402181, 1.5744454482245067, 1.5817698807943434], "train_mae": [4.7545112863419545, 1.238042502176194, 1.109671920064896, 0.9968539258790394, 0.947849070268964, 0.9356505180162097, 0.8906276235504756, 0.8770601266906375, 0.8633193127692692, 0.88783607974885, 0.856984745888483, 0.8326231695356823, 0.8320683922086444, 0.8046706176939464, 0.7890978701530941, 0.7862739742748321, 0.7828890823182606, 0.770776839483352, 0.7705807392559354, 0.7427475178052508, 0.7498370513083443, 0.7357381355194819, 0.7302444425840227, 0.7329215085695661, 0.7273454013324919, 0.7267950744855971, 0.7172006330792866, 0.7256843731516883, 0.7188938288461595, 0.7320776014100938], "val_loss": [2.711845323443413, 2.122095912694931, 2.154310241341591, 1.8406199216842651, 1.7624635845422745, 1.7095455899834633, 1.7360276281833649, 1.702274113893509, 2.0011443346738815, 1.6620230451226234, 1.659008800983429, 1.6579996347427368, 1.6288805454969406, 1.573685348033905, 1.557782381772995, 1.526408039033413, 1.572619117796421, 1.5842381045222282, 1.4855584651231766, 1.5435382798314095, 1.4780469834804535, 1.46329964697361, 1.4856738150119781, 1.4826593846082687, 1.5117029622197151, 1.6321336776018143, 1.4804788827896118, 1.4655675813555717, 1.4519348591566086, 1.4299885407090187], "val_mae": [1.1883879229426384, 1.019912265241146, 0.9451749697327614, 0.8860686048865318, 0.8568534329533577, 0.8313414454460144, 0.840751551091671, 0.8042389303445816, 0.8744667693972588, 0.8238892406225204, 0.8093186989426613, 0.8085678890347481, 0.8265765979886055, 0.7517673447728157, 0.7261300012469292, 0.7596740275621414, 0.7585237175226212, 0.7149903848767281, 0.709317646920681, 0.7046255692839622, 0.7292244881391525, 0.7039838135242462, 0.6987281367182732, 0.774995855987072, 0.69896399974823, 0.7228962406516075, 0.6892000436782837, 0.7640079259872437, 0.7023940086364746, 0.6886350139975548]}