{"train_loss": [103.60896669872223, 2.2218384629204158, 2.0432844341747343, 1.9059530004622445, 1.8666753418861874, 1.8170290759631567, 1.858565174397968, 1.7962749401728313, 1.7475630584217252, 1.6825922845848023, 1.665574348162091, 1.635879583775051, 1.6346809570751493, 1.6309559747340188, 1.627585634352669, 1.6048054080160836, 1.686632889130759, 1.631377066884722, 1.7071399726564922, 1.6526247191996801, 1.6040183684182545, 1.622465395738208, 1.5445413925344982, 1.5849533232431563, 1.5985250539249845, 1.6104107328823634, 1.5656195566767739, 1.563518030302865, 1.5462889586176192, 1.556714106646795], "train_mae": [4.805927431772625, 0.9557123363964142, 0.8910738031069437, 0.844374952808259, 0.8253155085775588, 0.8083636826939053, 0.8191822521270268, 0.7954272627830505, 0.793621664009397, 0.7577442020650894, 0.7435672462932648, 0.7306235886755443, 0.7300108832026285, 0.7296997696634323, 0.72382818895673, 0.7205820575593009, 0.762481811500731, 0.7377133369445801, 0.7113271251557365, 0.7485723675243439, 0.7144826915529039, 0.7244391895475841, 0.6963047252760993, 0.7171258008669293, 0.7173945563180106, 0.7229368402844384, 0.7070385037906586, 0.7079820519401914, 0.7014499770270454, 0.7064412264596849], "val_loss": [2.00053983181715, 1.5843507200479507, 1.4577967301011086, 1.580992840230465, 1.5321357250213623, 1.380940031260252, 1.2309016436338425, 1.2482968121767044, 1.2798521667718887, 1.2492031380534172, 1.2785950377583504, 1.2144145481288433, 1.2383653558790684, 1.1942996941506863, 1.2129094377160072, 1.178472712635994, 1.1812910474836826, 1.234536051750183, 1.2507718056440353, 1.1816048622131348, 1.3248023986816406, 1.152285672724247, 1.1502542942762375, 1.1714254021644592, 1.2381454110145569, 1.1710662618279457, 1.2483345344662666, 1.2416562512516975, 1.2168754413723946, 1.2094225250184536], "val_mae": [0.904853880405426, 0.8138248398900032, 0.7541155889630318, 0.7431535348296165, 0.726779468357563, 0.7107808068394661, 0.6780991852283478, 0.6630228608846664, 0.7162566483020782, 0.6587156802415848, 0.6436067260801792, 0.6289842426776886, 0.6373521313071251, 0.6424736380577087, 0.6640934571623802, 0.6584481820464134, 0.6543686538934708, 0.6290075108408928, 0.704091303050518, 0.6332793943583965, 0.6846949383616447, 0.6743377968668938, 0.6244551613926888, 0.6161944046616554, 0.7308454215526581, 0.6350223198533058, 0.7252987325191498, 0.6344804018735886, 0.6216758452355862, 0.64597038179636]}