{"train_loss": [2.8971634800471957, 1.9688812494277954, 1.8611258211589994, 1.8282797308195204, 1.7857347953887213, 1.7677573883344257, 1.7692357244945707, 1.7114488397325789, 1.71120752417852, 1.736610016652516, 1.711029052734375, 1.6735369250887917, 1.6822951975322904, 1.7015922419608585, 1.6593617456299918, 1.6445912416019137, 1.6520621871191359, 1.7047120900381179, 1.670257424551343, 1.6802284949355655, 1.6315646237797208, 1.633824004067315, 1.6099375316074915, 1.6677046683099535, 1.6458799980935597, 1.6010593298881772, 1.620107892959837, 1.6078852311013236, 1.6257597160717798, 1.6571396087843275], "train_mae": [1.1815545918449524, 0.8712675495753213, 0.8321998895160736, 0.8225960031388297, 0.7989352591454036, 0.7954200648126148, 0.7925748730462695, 0.7702141640678285, 0.765956925967383, 0.7755802822491479, 0.7616149111399575, 0.7511765568975418, 0.757331941808973, 0.7621962598391941, 0.7396919557026455, 0.7427298057646978, 0.7493781352800036, 0.747210302996257, 0.750368921529679, 0.7544323347863697, 0.7313844921096923, 0.7381444819389827, 0.7267391634365868, 0.7452483262334552, 0.7407312724325392, 0.7228429781066047, 0.7287510425325424, 0.7169771421523321, 0.7352474558921087, 0.7470234121595111], "val_loss": [1.8643637895584106, 1.5448548570275307, 1.540470078587532, 1.5222890004515648, 1.48972537368536, 1.4627470076084137, 1.468711368739605, 1.4328882843255997, 1.4716169014573097, 1.4660744816064835, 1.4140492230653763, 1.4033511132001877, 1.4910077825188637, 1.4002942889928818, 1.456098847091198, 1.4372583255171776, 1.4469322860240936, 1.4388505667448044, 1.4611374214291573, 1.426308460533619, 1.3973849713802338, 1.4231367781758308, 1.4383217617869377, 1.4001418575644493, 1.428726501762867, 1.634098470211029, 1.4943901672959328, 1.3843876123428345, 1.5185685753822327, 1.3814899548888206], "val_mae": [0.8230291530489922, 0.7725999504327774, 0.7402797266840935, 0.7640695497393608, 0.7666076645255089, 0.7329740300774574, 0.7443294078111649, 0.719242699444294, 0.6779818907380104, 0.7305106520652771, 0.6932185292243958, 0.6841868460178375, 0.7075704634189606, 0.6919660121202469, 0.6881643831729889, 0.7408434525132179, 0.6789194643497467, 0.6678367108106613, 0.6900147572159767, 0.658388115465641, 0.6646270304918289, 0.6805876046419144, 0.6918816566467285, 0.7327774688601494, 0.6586846336722374, 0.7218626141548157, 0.7041604965925217, 0.7236595526337624, 0.6900281235575676, 0.678308479487896]}