{"train_loss": [180.32386788110884, 2.953835332204425, 2.7441125862182134, 2.51262636979421, 2.3594116615870644, 2.068726002223908, 1.8988340988991752, 1.801511493940202, 1.7409304654787456, 1.670751052243369, 1.6694580004328774, 1.63332343196112, 1.5912125053859891, 1.616620159338391, 1.578661016055516, 1.5641576326082622, 1.5235871048200698, 1.5308002810629586, 1.4888211744172233, 1.4644875356129237, 1.4942479985100883, 1.4805856328161935, 1.4826694698560805, 1.4472191977122473, 1.4498621859247722, 1.4477214415868123, 1.4378326487919642, 1.4342206498933217, 1.4281710764718434, 1.407785173446413], "train_mae": [5.107796161893814, 1.245949798160129, 1.182988391036079, 1.1143430651180328, 1.066777421368493, 0.9793815877702501, 0.9087372687127855, 0.8786321547296312, 0.8557185010304527, 0.8226547439893087, 0.8265890422321501, 0.8126471657601614, 0.7979041593415397, 0.8042388397549826, 0.7891046944118681, 0.7890761352720714, 0.7715549241928827, 0.7733939233280364, 0.7580766545401679, 0.7483708915256319, 0.7532067071823847, 0.7563921194227915, 0.7589589442525592, 0.735387402867514, 0.7478615130696978, 0.7459593774780394, 0.7390574301992144, 0.7399161429632277, 0.7322533017113095, 0.7238370937014383], "val_loss": [4.796753346920013, 4.073000460863113, 4.025182157754898, 3.5954181849956512, 3.4331485480070114, 3.169529527425766, 3.029520332813263, 2.9873333647847176, 2.9734291285276413, 2.975279852747917, 2.9333167672157288, 2.9593512415885925, 3.1089969873428345, 2.8857749551534653, 2.8746449276804924, 3.1113925725221634, 3.0215402618050575, 2.9195885062217712, 2.8571480363607407, 2.944779746234417, 2.8122982308268547, 2.8836683556437492, 2.9659933149814606, 2.798350401222706, 2.7810656800866127, 2.813687913119793, 2.773563399910927, 3.0482695251703262, 2.9004327058792114, 2.861805059015751], "val_mae": [1.2470709681510925, 1.1516361013054848, 1.064745470881462, 0.9994773492217064, 0.9523915350437164, 0.85508943349123, 0.8104027435183525, 0.8453247845172882, 0.785898856818676, 0.7906546741724014, 0.7742137685418129, 0.7935565710067749, 0.7994078695774078, 0.7713958397507668, 0.7589704468846321, 0.8074210360646248, 0.7693969085812569, 0.7472262606024742, 0.7184441760182381, 0.7389180436730385, 0.7224091589450836, 0.7337338328361511, 0.7567241713404655, 0.7630271017551422, 0.7058258280158043, 0.7192800417542458, 0.7065630480647087, 0.7871800884604454, 0.7161928191781044, 0.712440125644207]}