{"train_loss": [91.20341852543847, 2.7439061800638833, 2.556642119846647, 2.260758100047944, 2.1915019495146617, 2.0065124867454407, 2.1267160016392905, 1.845589037925478, 1.8280615172688923, 1.8234717240409246, 1.762451810496194, 1.7617411320171659, 1.7516316071389213, 1.7701853447490268, 1.710058609644572, 1.7657101816601224, 1.6826564839908056, 1.6643532978163824, 1.6831624545748272, 1.6798028066044761, 1.666445793613555, 1.6689199398434351, 1.728230335409679, 1.6611074691727048, 1.637990188977075, 1.63729761328016, 1.6935354277255044, 1.7104103763898213, 1.6714840200212266, 1.6761561934910123], "train_mae": [4.445124635620723, 1.1293591961028084, 1.077768954019698, 0.9731887560042124, 0.9703186580113002, 0.8952940078008742, 0.9318440793052553, 0.8382299665420775, 0.8343076147730388, 0.8315972089767456, 0.8039981003791566, 0.8060908156727987, 0.8031152373268491, 0.8142671518855624, 0.7869320417207385, 0.813082250337752, 0.7674444459733509, 0.7676488482762897, 0.7723505165841844, 0.7676710221502516, 0.7649272651899428, 0.7654885649681091, 0.8005229688826061, 0.7659344606929355, 0.752555617264339, 0.7571355388278053, 0.7789626045832558, 0.7968523190135047, 0.7580662946852427, 0.7657713435945057], "val_loss": [2.7223023772239685, 2.772087872028351, 1.7691416889429092, 1.708746686577797, 1.5590516030788422, 1.367711916565895, 1.473036378622055, 1.238256797194481, 1.513071894645691, 1.1681013479828835, 1.2443454712629318, 1.1793092861771584, 1.1938840299844742, 1.2066472992300987, 1.176977925002575, 1.19257952272892, 1.1339050605893135, 1.1459833979606628, 1.3042656481266022, 1.1903440430760384, 1.1275639310479164, 1.2540650963783264, 1.2870423942804337, 1.1357750445604324, 1.2188309282064438, 1.1396673172712326, 1.1900777593255043, 1.1547908261418343, 1.164799839258194, 1.3327073901891708], "val_mae": [1.343252494931221, 1.4100782871246338, 0.8727233856916428, 1.0069398283958435, 0.8207007721066475, 0.7589392811059952, 0.9210541844367981, 0.7354249134659767, 0.8183873370289803, 0.7154062241315842, 0.7391906604170799, 0.7046733573079109, 0.7038027346134186, 0.761823333799839, 0.7018905505537987, 0.7063788920640945, 0.7001499757170677, 0.7152973636984825, 0.8306112363934517, 0.7009484320878983, 0.6900298893451691, 0.7834004685282707, 0.7332037463784218, 0.6889328733086586, 0.7630920484662056, 0.7149068489670753, 0.7545198127627373, 0.7083596214652061, 0.7239583730697632, 0.8522058799862862]}