{"train_loss": [2.52770830998345, 1.7693302820599268, 1.8203246366410029, 1.7101050586927504, 1.7150160547286746, 1.7185940103871482, 1.7671390355579437, 1.7365327884280493, 1.756693542949737, 1.683994125752222, 1.6902150445514255, 1.655685445619008, 1.687557928145878, 1.7025220299523973, 1.6953901137624467, 1.6633910290778628, 1.7424803262665158, 1.6821609659800454, 1.7751996119817097, 1.6742560891878038, 1.7077721248543452, 1.7074032056899298, 1.6434339351124234, 1.6528901883534022, 1.654235753748152, 1.6495639303373912, 1.6537640265056066, 1.6644676356088548, 1.6600019203291998, 1.65940761376941], "train_mae": [1.0444313268812875, 0.7814207900138128, 0.7976083395973085, 0.7564173880077544, 0.7550102680448502, 0.7624024644730583, 0.7762704453771077, 0.757332273891994, 0.7803705987476167, 0.7450650296513996, 0.7463990724275983, 0.7322801947593689, 0.7488814403140356, 0.7488405051685515, 0.7401880063707866, 0.7363606738665748, 0.7673283919455514, 0.745353965532212, 0.734094482565683, 0.7438346071848794, 0.7575250239599318, 0.7533510194884406, 0.7191075928627498, 0.7304845556380257, 0.7276032794089544, 0.7285935670610458, 0.7328548857143947, 0.7392476522733294, 0.7321418476483178, 0.7317477805273873], "val_loss": [1.3655577674508095, 1.9285290837287903, 1.3119558990001678, 1.3004034496843815, 1.3394306525588036, 1.3667271807789803, 1.559929683804512, 1.3006778359413147, 1.309637926518917, 1.2960679158568382, 1.290179144591093, 1.3263654373586178, 1.282554555684328, 1.3728544861078262, 1.3780871331691742, 1.300745613873005, 1.307500846683979, 1.2625155001878738, 1.5117141008377075, 1.2711587250232697, 1.5602931305766106, 1.3045101761817932, 1.3184156455099583, 1.280600294470787, 1.3388237729668617, 1.258622482419014, 1.4439262449741364, 1.392777644097805, 1.3015302531421185, 1.2784470804035664], "val_mae": [0.710707038640976, 1.061682440340519, 0.7196371182799339, 0.6716705784201622, 0.6755196377635002, 0.7847283706068993, 0.9111682996153831, 0.7009500488638878, 0.6939538940787315, 0.6760432496666908, 0.7022294700145721, 0.6901782900094986, 0.6590625420212746, 0.7899942472577095, 0.7768943980336189, 0.694499708712101, 0.7297972589731216, 0.6670805737376213, 0.87455003708601, 0.7033811658620834, 0.7414668649435043, 0.6854570657014847, 0.6889922171831131, 0.659473292529583, 0.7536530420184135, 0.6756571978330612, 0.8433996140956879, 0.6683187261223793, 0.6471726670861244, 0.7085066214203835]}