{"train_loss": [101.78009651956104, 2.796903822157118, 2.232068447839646, 2.10505857921782, 1.9301760953570168, 1.8256063669446916, 1.8897191163093325, 1.7426755324242607, 1.7428739629094563, 1.7544342799792214, 1.7139544600532168, 1.6965967473529635, 1.7211489554435488, 1.6899451849952576, 1.6437853555830697, 1.7168850274313063, 1.6206860684213185, 1.6310313656216575, 1.6501572255104306, 1.6173071586896504, 1.598011228773329, 1.615693660009475, 1.6317870219548543, 1.5938527621920147, 1.606174960022881, 1.583565044024634, 1.679554911832961, 1.5992370730354672, 1.6361948280107408, 1.6096395301440405], "train_mae": [4.967843757735358, 1.1587395705874004, 0.9717304971483018, 0.9212972796152509, 0.871103478802575, 0.8296848128712366, 0.8329156835873922, 0.7896121163216848, 0.7930494073837523, 0.7979655871315608, 0.7726098658546569, 0.773727622297075, 0.7819206487564814, 0.7702095262588017, 0.7450615214923072, 0.7790212583920312, 0.740344900933523, 0.7445469205341642, 0.7508898027359493, 0.7413461236726671, 0.7289301828732566, 0.7373395921692015, 0.7471701379806276, 0.7253823043808104, 0.7278948265408712, 0.7216104817768884, 0.7618008738472348, 0.7296343105179923, 0.7244226965639327, 0.7279353699986897], "val_loss": [3.223006397485733, 2.051990032196045, 1.5025232210755348, 1.3604625910520554, 1.4081040546298027, 1.4738475382328033, 1.2506078630685806, 1.2597248181700706, 1.4749041572213173, 1.1614720821380615, 1.1499883010983467, 1.1776782646775246, 1.2511702552437782, 1.159927524626255, 1.202188104391098, 1.1574765518307686, 1.187441200017929, 1.1452439799904823, 1.3006873652338982, 1.2808908075094223, 1.154874786734581, 1.1651250645518303, 1.1540343537926674, 1.0796617716550827, 1.1148346662521362, 1.124219797551632, 1.1283177956938744, 1.0896751806139946, 1.1632282882928848, 1.1140446737408638], "val_mae": [1.2596436738967896, 1.1081866919994354, 0.8233320713043213, 0.7899463102221489, 0.75000861287117, 0.7822504863142967, 0.7571397051215172, 0.6908585429191589, 0.7683979347348213, 0.6664581298828125, 0.7213218659162521, 0.6851923316717148, 0.6882628723978996, 0.7127034813165665, 0.6896660178899765, 0.6940241828560829, 0.7078622281551361, 0.6785126626491547, 0.7227905243635178, 0.6900088489055634, 0.6529359593987465, 0.6897224634885788, 0.6602611467242241, 0.6602119952440262, 0.6817395314574242, 0.6526440903544426, 0.6724482625722885, 0.6642070263624191, 0.7258134186267853, 0.7078338116407394]}