{"train_loss": [3.307346186940632, 1.962231711735801, 1.8192268761377486, 1.7926489057995023, 1.7472638308055817, 1.729359755440364, 1.7555479057251462, 1.6551511136312334, 1.6838201568240212, 1.7088565343902224, 1.6612990205250089, 1.6456300152672663, 1.7020602330328927, 1.6887245679658556, 1.61600371012612, 1.6410663033288622, 1.6357385218143463, 1.6367149542248438, 1.6184493738507468, 1.5916945877529325, 1.6666187596699549, 1.6170470156366863, 1.585205612674592, 1.5806974257741655, 1.6173104218074255, 1.6240919852067555, 1.737153744886792, 1.7317318509495447, 1.6241082634244646, 1.6147012398356484], "train_mae": [1.3044566729712108, 0.8840766832942054, 0.827861645865062, 0.8017038750270057, 0.7907622163257901, 0.7758381016670711, 0.7699119363512311, 0.7520918600142948, 0.7562968106496901, 0.7786635264517769, 0.7485665234308394, 0.7504311099885002, 0.7680950912218245, 0.7622011086297413, 0.7262934399029565, 0.7450479392021422, 0.7396546498177543, 0.744966865531982, 0.7322058110010057, 0.7329916547215174, 0.7613939964582049, 0.7399488488833109, 0.722209214218079, 0.7213605736929273, 0.7299152328854516, 0.7405258899643308, 0.7753732961321634, 0.7897642936025348, 0.7242462890488761, 0.7219429082340665], "val_loss": [1.6643657386302948, 1.355027236044407, 1.2179410234093666, 1.3535019978880882, 1.2759064808487892, 1.2475085705518723, 1.284719042479992, 1.2650724798440933, 1.6952477172017097, 1.189248375594616, 1.0760974511504173, 1.1220644563436508, 1.2058742195367813, 1.1531912460923195, 1.2661421075463295, 1.2700742483139038, 1.4412799626588821, 1.1215956583619118, 1.3890375420451164, 1.2993857190012932, 1.0958707630634308, 1.1467018574476242, 1.0880866795778275, 1.1061213091015816, 1.1255652531981468, 1.1004545912146568, 1.3846565186977386, 1.1220056265592575, 1.114463932812214, 1.164316087961197], "val_mae": [0.8754880875349045, 0.8571223616600037, 0.7198603227734566, 0.8892491236329079, 0.7012035176157951, 0.6917732283473015, 0.7189166769385338, 0.6851365938782692, 0.8486683592200279, 0.6626665368676186, 0.6774127408862114, 0.6488036811351776, 0.7424519881606102, 0.6790928542613983, 0.705416738986969, 0.7018343210220337, 0.751681424677372, 0.6600758880376816, 0.7477132901549339, 0.7067875787615776, 0.6557901352643967, 0.6421051062643528, 0.6411309018731117, 0.646224282681942, 0.6798463985323906, 0.6973976269364357, 0.8072422668337822, 0.6368356421589851, 0.663843423128128, 0.673636332154274]}