{"train_loss": [3.122546954760476, 1.781513580254146, 1.6617622101117695, 1.6881388558281794, 1.6574202227214025, 1.6272162066565619, 1.7091833996394323, 1.6352557265569294, 1.631883101803916, 1.624020018274822, 1.6167695976438976, 1.5978076959413194, 1.6285051012796068, 1.6750427077686976, 1.6208197247414362, 1.607000552472614, 1.5883010692066617, 1.6564096685439822, 1.5983255742088196, 1.5912672442103188, 1.5890552420464774, 1.5707428455352783, 1.561166183816062, 1.5806473588186598, 1.5934374318236397, 1.587601607754117, 1.908750929056652, 1.6179047349899534, 1.6231625638310871, 1.5871103623556713], "train_mae": [1.2521924357565621, 0.8084288494927543, 0.7488685505730766, 0.7580291732909188, 0.7447338340774415, 0.7305608259307014, 0.7543758333675445, 0.7391428569006542, 0.7318020803587777, 0.7405998205381726, 0.7197681599193149, 0.7127613973995995, 0.7315535318283808, 0.7522110305135212, 0.7276375218043252, 0.7199143947116913, 0.7115421843907189, 0.7529845824317326, 0.7125089130704365, 0.7210467949746147, 0.7141600828322153, 0.7062729918767535, 0.700507296456231, 0.7080490626986065, 0.718241068105849, 0.7104468194265214, 0.8588540989255148, 0.7325831292167543, 0.7082000554554047, 0.7033798505389501], "val_loss": [1.5579086989164352, 1.1282436400651932, 1.0827395990490913, 1.4301887154579163, 1.1027803793549538, 1.2460363507270813, 1.1315917521715164, 1.0577771216630936, 1.5090173855423927, 1.2109768986701965, 1.1228689029812813, 1.0674399212002754, 1.0555984377861023, 1.2728219479322433, 1.1030972003936768, 1.100848712027073, 1.0793737471103668, 1.0421549305319786, 1.1612449064850807, 1.1949165388941765, 1.1406096369028091, 1.0693993419408798, 1.1350726708769798, 1.0239004865288734, 1.0509744882583618, 1.1451368182897568, 1.361938238143921, 1.0390379428863525, 1.0799711346626282, 1.0486494898796082], "val_mae": [0.8589373081922531, 0.7363201677799225, 0.6620390117168427, 0.9577121138572693, 0.6407406069338322, 0.6856095343828201, 0.6651379466056824, 0.6322375163435936, 0.790625274181366, 0.6749123558402061, 0.7568104565143585, 0.632750041782856, 0.6452512666583061, 0.8369928002357483, 0.6490034312009811, 0.7072489410638809, 0.6340863853693008, 0.65558872371912, 0.6653408408164978, 0.6594514437019825, 0.6539183557033539, 0.6427639499306679, 0.6540661603212357, 0.6358831897377968, 0.6555935144424438, 0.659401960670948, 0.7993407100439072, 0.6561461016535759, 0.6969379782676697, 0.6596002504229546]}