{"train_loss": [2.5638400978512235, 1.6517815183079432, 1.6093978030341012, 1.5286495931564816, 1.5173286890226698, 1.4796882394760373, 1.517630536404867, 1.525679374971087, 1.4864899516105652, 1.4726053883158972, 1.4776854420465135, 1.4543224213615296, 1.4506999698896257, 1.4324700926977492, 1.4341365354401725, 1.4181279909043085, 1.4202982206193229, 1.395766760621752, 1.3991517150212849, 1.4517301179113842, 1.4435575027314445, 1.412165878311036, 1.4136526225105164, 1.3786771335299053, 1.3917263254286751, 1.4020067954820299, 1.4255820777681139, 1.375287774063292, 1.3886815635930925, 1.3939948223886036], "train_mae": [1.133484263268728, 0.80875031153361, 0.789761569764879, 0.7607233713543604, 0.7577209103675115, 0.7384050242484562, 0.7508555262807816, 0.772826782294682, 0.7373355456760952, 0.7341512375407748, 0.7310783881989736, 0.7301717703304593, 0.7228396487614465, 0.7165436848761544, 0.7111320826742384, 0.711918034250774, 0.708770439738319, 0.700417939632658, 0.6972182099781339, 0.7297136537612431, 0.7241119543711344, 0.7092213829358419, 0.7138177222675748, 0.6878933547035097, 0.6941520496020241, 0.7025531539841304, 0.7154753246004619, 0.6919133426651122, 0.696974314867504, 0.6997295972846803], "val_loss": [3.000714659690857, 2.8391478061676025, 2.77805807441473, 2.7727659195661545, 2.7654844522476196, 2.762000188231468, 2.727576367557049, 2.7171927839517593, 2.6822734028100967, 2.678028717637062, 2.6715725362300873, 2.7166313529014587, 2.770384155213833, 2.8023274168372154, 2.6719123125076294, 2.692163560539484, 2.7018581554293633, 2.7417214140295982, 2.658151686191559, 2.680188797414303, 2.6913798823952675, 2.7525056451559067, 2.666674852371216, 2.6788476929068565, 2.652100306004286, 2.651904847472906, 2.7231456488370895, 2.657459791749716, 2.7486742064356804, 2.7784446999430656], "val_mae": [0.7448277473449707, 0.7964763715863228, 0.6787342503666878, 0.6844029724597931, 0.6846539229154587, 0.6769736334681511, 0.7318620160222054, 0.6710266619920731, 0.6824946478009224, 0.6708921864628792, 0.6621357724070549, 0.6693821847438812, 0.6478560641407967, 0.6656622886657715, 0.6968243345618248, 0.6514436975121498, 0.635359026491642, 0.6435001194477081, 0.6543767303228378, 0.6469828970730305, 0.7062594145536423, 0.6358048915863037, 0.6552237495779991, 0.7016701251268387, 0.6747376918792725, 0.6364544294774532, 0.6610746085643768, 0.6200624629855156, 0.6271744929254055, 0.6384548805654049]}