{"train_loss": [131.0783597022768, 1618.0162423830184, 6.952420246033442, 5.246586549849737, 4.978330846816775, 4.832352422532582, 4.680216800598871, 4.685151535367209, 4.345708964362977, 4.323564249371725, 4.13020598320734, 4.028363681974865, 3.843936776357984, 4.297892275310698, 3.5987032784356012, 3.2407950749472967, 3.1624429490831165, 3.102202224353003, 3.0637212064531116, 2.9801981184217663, 2.7703699346572632, 2.6754254500071206, 2.6345789016239225, 2.545378486315409, 2.499446049569145, 2.5646916230519614, 2.4840396604840715, 2.4335369344741578, 2.282496518558926, 2.274009500231062], "train_mae": [4.6991713595768765, 2.809874305649409, 2.0211236041689675, 1.7461689445707533, 1.6844692078847734, 1.6561777061886258, 1.626770017639039, 1.6209519306818645, 1.5545059461442252, 1.5594142637555561, 1.4907634485335577, 1.4936210825329734, 1.435037957297431, 1.5235164979147533, 1.3671468250335208, 1.2765289563981315, 1.261253281245156, 1.2258050697190421, 1.1953970288473463, 1.2057720744420612, 1.1553843352529738, 1.1287831096422105, 1.1040911173063612, 1.0649279516840737, 1.0655079370453244, 1.086228891024514, 1.0621916207056197, 1.0365440353514657, 0.9959215001454429, 0.9867638150850931], "val_loss": [11.995344132184982, 3.6585263311862946, 9.308616876602173, 7.555112361907959, 5.7704296708106995, 5.897054135799408, 6.1018741726875305, 3.7432617843151093, 5.838351547718048, 2.943193703889847, 4.638224482536316, 2.9478321969509125, 2.8108537793159485, 3.669286549091339, 3.219097524881363, 2.2812073677778244, 2.850598022341728, 2.2336176186800003, 2.7816111147403717, 2.664780780673027, 2.599696233868599, 2.3681146055459976, 3.249994784593582, 3.643799602985382, 3.6355581283569336, 5.231371268630028, 2.5846631973981857, 3.7249192148447037, 2.633610136806965, 2.5220298022031784], "val_mae": [1.3676332384347916, 1.4542164355516434, 2.738294243812561, 2.444197416305542, 2.106882721185684, 2.133534148335457, 2.182351589202881, 1.6389560252428055, 2.126581311225891, 1.3434512913227081, 1.8816363662481308, 1.3919459879398346, 1.3081867396831512, 1.597344547510147, 1.5016049295663834, 1.1521216332912445, 1.1215038746595383, 1.0730951130390167, 1.3716281354427338, 1.2964091897010803, 1.05626679956913, 0.9655351638793945, 1.0158248469233513, 1.0857971161603928, 1.2103160172700882, 1.1753835678100586, 1.0892552435398102, 0.9546026363968849, 0.9261578693985939, 0.9180180877447128]}