{"train_loss": [3.2957648966047497, 1.9092208714712233, 1.7111325093678065, 1.6527024578480494, 1.6738642709595817, 1.6467068384564112, 1.6507019178261833, 1.6602303612799871, 1.6227060177969554, 1.6510073570978074, 1.6426435283252172, 1.6096746249804421, 1.6378418878903465, 1.6324147127923512, 1.5966911684899103, 1.6196111752873374, 1.6483573620281522, 1.6868252252775526, 1.65182740347726, 1.6002296190413217, 1.5973243391703045, 1.5954818839118594, 1.58933515018887, 1.6212625706952715, 1.6139206763297793, 1.5671639532323867, 1.5951224868259732, 1.604081265037022, 1.611330044648004, 1.6232498307076713], "train_mae": [1.2966055274009705, 0.8548242317305671, 0.7559797602986532, 0.7259545316771855, 0.7405520204513792, 0.7263737784491645, 0.7296931062425885, 0.7384309560533554, 0.7167984531039283, 0.7337326785874745, 0.7269157199632554, 0.7087088558408949, 0.7295013041723342, 0.7181234473273868, 0.7122227861767724, 0.7227018409305148, 0.7315857590190948, 0.7322262478253198, 0.7381789040943932, 0.7092905158088321, 0.7082128572085548, 0.7052505092015342, 0.6968046511922564, 0.7240349139486041, 0.7172089985438755, 0.6985502621484181, 0.7055309414863586, 0.699398588566553, 0.7133033881111751, 0.7148109258167328], "val_loss": [2.1488946825265884, 1.4711015075445175, 1.4573845267295837, 1.4546683430671692, 1.4189494624733925, 1.4465093910694122, 1.4465764686465263, 1.4335886761546135, 1.7861774191260338, 1.5342524871230125, 1.4379379898309708, 1.420019917190075, 1.452687419950962, 1.4482024163007736, 1.424930326640606, 1.4342048466205597, 1.4181259125471115, 1.547891616821289, 1.5651855170726776, 1.4198342934250832, 1.4355917647480965, 1.3968765586614609, 1.4068634286522865, 1.4220138937234879, 1.3986151590943336, 1.499704547226429, 1.5070061087608337, 1.4828323647379875, 1.4649805277585983, 1.394059807062149], "val_mae": [0.9291544556617737, 0.7532628551125526, 0.7150733843445778, 0.6629079952836037, 0.6764730960130692, 0.7215456366539001, 0.6834046542644501, 0.6738232746720314, 0.7830018252134323, 0.6852667108178139, 0.6932249665260315, 0.6725166887044907, 0.7448703721165657, 0.6543146297335625, 0.6484490782022476, 0.7268209680914879, 0.6989477425813675, 0.6755501627922058, 0.697190523147583, 0.6561516746878624, 0.7351244762539864, 0.6597001701593399, 0.6726589500904083, 0.6703060269355774, 0.6418757624924183, 0.6503739580512047, 0.6618710905313492, 0.7863913774490356, 0.6429524198174477, 0.6714971661567688]}