{"train_loss": [3.2296382926759266, 1.9875998279405018, 1.9169182701716347, 1.7747756895564852, 1.7633036772410076, 1.7820486047911266, 1.8004962357263716, 1.7306796738079615, 1.7389705654174563, 1.6954185622079032, 1.6983079588602459, 1.7435289999795338, 1.680567807621426, 1.665909214625283, 1.6748420889415438, 1.668686866760254, 1.727154056231181, 1.6942184189009288, 1.7639387893298315, 1.6986944467302352, 1.664200773314824, 1.6695824738532778, 1.6216937029172505, 1.6254453337381756, 1.6699024656462291, 1.6308176962156145, 1.6419173431774927, 1.645046023149339, 1.6227237184842427, 1.6236199022285522], "train_mae": [1.290263829723237, 0.8776172579280914, 0.8381459088552565, 0.7815485748033675, 0.7770438317268614, 0.7875588224047706, 0.7957805414048452, 0.7566246011900524, 0.7686886522505019, 0.752056652591342, 0.7450817596344721, 0.7783938684160747, 0.7392434525111365, 0.7369309711077857, 0.7328960867155165, 0.7342165292255463, 0.7703183028433058, 0.7434811251504081, 0.7349213569883316, 0.750620772914281, 0.739649392309643, 0.7350411065041073, 0.7157030559721447, 0.7181945007944864, 0.7368300850429232, 0.717768617092617, 0.7250871431259882, 0.7287668008652944, 0.716222221889193, 0.714851092724573], "val_loss": [1.6724150329828262, 1.9168054908514023, 1.4184286668896675, 1.2718768268823624, 1.3423571288585663, 1.3268773779273033, 1.2914505004882812, 1.2773516215384007, 1.2372613064944744, 1.2353988289833069, 1.22172000259161, 1.2423499450087547, 1.2302718609571457, 1.2333757877349854, 1.2543424293398857, 1.2454408816993237, 1.2094301916658878, 1.2264332957565784, 1.391818217933178, 1.1938599050045013, 1.4303641356527805, 1.1868801824748516, 1.1724999286234379, 1.1526592820882797, 1.1987433917820454, 1.1805668100714684, 1.3161553889513016, 1.203660026192665, 1.1563267596065998, 1.138543512672186], "val_mae": [0.9202356934547424, 1.0712747424840927, 0.8060242906212807, 0.6612755805253983, 0.6702110804617405, 0.7584734931588173, 0.7240478023886681, 0.6821341067552567, 0.6706371605396271, 0.6571039110422134, 0.6427076160907745, 0.6536808907985687, 0.6311229690909386, 0.6771248355507851, 0.7041869014501572, 0.6969852074980736, 0.6755302026867867, 0.6291506811976433, 0.8460095822811127, 0.6527432128787041, 0.7266581058502197, 0.657573364675045, 0.6192757226526737, 0.6109329611063004, 0.6917495876550674, 0.6384932845830917, 0.7770645394921303, 0.6102007329463959, 0.6027159057557583, 0.6430558860301971]}