{"train_loss": [3.3452949069795155, 1.9707122710016038, 1.8044628955069042, 1.701088597850194, 1.730308989683787, 1.7020300087474642, 1.7012409416456071, 1.6654080389037964, 1.6660319585648795, 1.67972599513947, 1.6415753818693615, 1.6180317619490245, 1.627030148392632, 1.578391947443523, 1.5929394865792894, 1.6050195211455935, 1.6202316269988106, 1.6449099249309964, 1.614754227418748, 1.60760888409993, 1.579269530281188, 1.5582334730360243, 1.5750684993607658, 1.586304207642873, 1.57837952034814, 1.5406495635471646, 1.5390288560163408, 1.5595554179615445, 1.5856588331479875, 1.619184931119283], "train_mae": [1.305525121234712, 0.882422287312765, 0.8077794710795084, 0.7581307509588817, 0.7650295571675376, 0.7517551987890213, 0.7604799422006758, 0.7398698263698154, 0.7400880455970764, 0.753698898686303, 0.7313077695786007, 0.7184939564220489, 0.7279083407114423, 0.7059856530219789, 0.7131355121022179, 0.7205035582421317, 0.7270391053623624, 0.7189957783335731, 0.7250122494167752, 0.7176013182079981, 0.7037230058321877, 0.6933727254943242, 0.7020627108831254, 0.7086574170324538, 0.706224729144384, 0.6929934355947707, 0.6941509464430431, 0.6917412413491143, 0.7120664214331006, 0.722955032000466], "val_loss": [2.020500421524048, 1.5817785039544106, 1.457884356379509, 1.546410582959652, 1.4390809014439583, 1.3995823860168457, 1.4232885092496872, 1.4098418727517128, 1.9023018777370453, 1.5630719661712646, 1.3805018290877342, 1.3988976329565048, 1.4369972795248032, 1.411058746278286, 1.3976026698946953, 1.388721652328968, 1.5028057172894478, 1.458352454006672, 1.4161059111356735, 1.3872617036104202, 1.3783398494124413, 1.3765508383512497, 1.365355707705021, 1.4587015584111214, 1.384453795850277, 1.4276162013411522, 1.3926940709352493, 1.4105065688490868, 1.5251742154359818, 1.3947344422340393], "val_mae": [0.8835244700312614, 0.7332711741328239, 0.7036364525556564, 0.6804747954010963, 0.7320498749613762, 0.6714543327689171, 0.6565679907798767, 0.6609484180808067, 0.8373515829443932, 0.6993907615542412, 0.646979346871376, 0.664493665099144, 0.7064108848571777, 0.6887714043259621, 0.6317678093910217, 0.6852664723992348, 0.6662077754735947, 0.6506772860884666, 0.7243096381425858, 0.614216573536396, 0.6878949552774429, 0.6131218001246452, 0.6506205275654793, 0.7851651161909103, 0.6310835108160973, 0.6189025864005089, 0.6344319507479668, 0.7452862784266472, 0.6814224049448967, 0.7025465741753578]}