{"train_loss": [111.99256454573737, 3.4279529480707076, 5.440652533183022, 3.640070052373977, 3.184039997676062, 2.613931381513202, 2.1752317481570773, 1.9719718864985876, 1.8452920639325703, 1.8034799562560186, 1.8014834532662043, 1.7617499506662762, 1.7130589239181033, 1.7380259822285364, 1.7344321343633864, 1.6334579076085771, 1.6200016595068432, 1.6170744262044392, 1.6299913771568784, 1.5652387567928858, 1.5848102115449452, 1.570183040603759, 1.5759932966459365, 1.5747823346228826, 1.524312766771468, 1.5723437893958319, 1.5927311328668443, 1.502713674590701, 1.5522886013227797, 1.49046605446982], "train_mae": [4.337619737973289, 1.3736564904924422, 1.631148620257302, 1.3520347485466608, 1.2756468038710336, 1.1549713479148016, 1.0048774206449116, 0.9416048167243837, 0.8937320444318984, 0.8814724608073159, 0.8748451007737054, 0.8546980714041089, 0.8465033249249534, 0.8489817021385072, 0.8504206065147643, 0.8006023726766072, 0.7965671826922704, 0.800874806585766, 0.8012853472951859, 0.7735391675479828, 0.787124668794965, 0.7784368244428483, 0.7753249217593481, 0.7756357826883831, 0.7587487990894015, 0.782347924179501, 0.7916560419022091, 0.7536607611747015, 0.7796733076610263, 0.7480850096732851], "val_loss": [5.111806869506836, 4.458532214164734, 4.639072269201279, 4.460161596536636, 3.9260914772748947, 3.3946115225553513, 3.6976834684610367, 3.0595907270908356, 3.0270586535334587, 3.53860604763031, 3.0020474195480347, 2.992847293615341, 2.9022998735308647, 3.0433141216635704, 2.92941515147686, 3.0064829736948013, 3.0527500957250595, 3.145504765212536, 2.956962287425995, 2.8107248544692993, 2.8411777019500732, 2.8306419104337692, 2.8430684730410576, 2.9023361653089523, 2.986270472407341, 2.8235462084412575, 3.04203350096941, 2.759366862475872, 2.755191259086132, 2.7642998546361923], "val_mae": [1.560164451599121, 1.3305129259824753, 1.38974729180336, 1.211912915110588, 1.1440508365631104, 1.0373762845993042, 1.238778829574585, 0.8699505403637886, 0.8614860698580742, 1.1973251774907112, 0.9215242490172386, 0.9009784311056137, 0.7845694273710251, 0.954461932182312, 0.8680751174688339, 0.942332424223423, 0.9711663126945496, 1.0251404270529747, 0.9219372645020485, 0.7780519500374794, 0.8018426820635796, 0.8118867129087448, 0.8241398632526398, 0.8786486461758614, 0.935965783894062, 0.7874704450368881, 0.9662125334143639, 0.7276776880025864, 0.7512534558773041, 0.6824438720941544]}