{
    "lr_mean": 0.01,
    "lr_std": 0.0,
    "weight_decay_mean": 0.0005,
    "weight_decay_std": 0.0,
    "test_mae_mean": 0.0056041029021143916,
    "test_mae_std": 0.0005858625993391223
}