{
    "lr_mean": 0.001,
    "lr_std": 0.0,
    "weight_decay_mean": 0.0005,
    "weight_decay_std": 0.0,
    "test_accuracy_mean": 0.7142857142857143,
    "test_accuracy_std": 0.042351932948683654
}