{"train_loss": [1.7941877245903015, 1.7930964231491089, 1.7929693162441254, 1.7918873727321625, 1.7912645936012268, 1.790946513414383, 1.7905691266059875, 1.7896505296230316, 1.7894955277442932, 1.78880175948143, 1.7879345118999481, 1.7865532040596008, 1.7852563858032227, 1.7831405401229858, 1.7781566381454468, 1.7746559083461761, 1.7751167118549347, 1.7697545886039734, 1.7663894593715668, 1.7657175660133362, 1.7561481297016144, 1.7532755434513092, 1.7569037973880768, 1.7601705491542816, 1.7547155916690826, 1.7582006752490997, 1.755535066127777, 1.7450711131095886, 1.7410824298858643, 1.7593869864940643, 1.752434641122818, 1.7551620602607727, 1.7380713820457458, 1.753584384918213, 1.7452626824378967, 1.7475125193595886, 1.7512312829494476, 1.7396793365478516, 1.746358722448349, 1.7407353222370148, 1.7426484525203705, 1.7427416741847992, 1.73880735039711, 1.7385499775409698, 1.7376418113708496, 1.7443405091762543, 1.7342537343502045, 1.7450113594532013, 1.740582674741745, 1.7382538616657257, 1.7321348786354065, 1.7291639745235443, 1.7299731373786926, 1.7342318892478943, 1.7256038188934326, 1.7333196997642517, 1.7291933298110962, 1.7355118989944458, 1.7327804863452911, 1.7320750951766968, 1.7301065325737, 1.7286851406097412, 1.7244300544261932, 1.7302924692630768, 1.7434387803077698, 1.723304659128189, 1.728053867816925, 1.7320312857627869, 1.7244778275489807, 1.7370929419994354, 1.7271994054317474, 1.726728618144989, 1.731628805398941, 1.7211156487464905, 1.7319501638412476, 1.7111414968967438, 1.7310106456279755, 1.7244346141815186, 1.7215120196342468, 1.7148983776569366, 1.7274270951747894, 1.7238185107707977, 1.7166247069835663, 1.7149555683135986, 1.719592571258545, 1.7228633165359497, 1.7102939784526825, 1.7158584296703339, 1.717070609331131, 1.7167685627937317, 1.7092877328395844, 1.7129850685596466, 1.7136063277721405, 1.7094280421733856, 1.7183216512203217, 1.706202507019043, 1.7202889919281006, 1.7178613543510437, 1.7157769203186035, 1.7160384356975555], "train_acc": [0.16666666666666666, 0.16666666666666666, 0.16666666666666666, 0.16666666666666666, 0.16666666666666666, 0.16666666666666666, 0.17291666666666666, 0.16875, 0.18958333333333333, 0.21875, 0.22083333333333333, 0.19166666666666668, 0.19166666666666668, 0.21458333333333332, 0.19375, 0.20625, 0.21041666666666667, 0.23958333333333334, 0.23125, 0.25, 0.2375, 0.23541666666666666, 0.21041666666666667, 0.21666666666666667, 0.23958333333333334, 0.21041666666666667, 0.21666666666666667, 0.2375, 0.2375, 0.24791666666666667, 0.23541666666666666, 0.22916666666666666, 0.25416666666666665, 0.23125, 0.225, 0.25416666666666665, 0.22083333333333333, 0.24583333333333332, 0.24791666666666667, 0.2375, 0.22291666666666668, 0.22083333333333333, 0.23125, 0.24166666666666667, 0.24375, 0.22708333333333333, 0.21041666666666667, 0.21875, 0.26666666666666666, 0.21458333333333332, 0.20833333333333334, 0.23541666666666666, 0.23541666666666666, 0.21458333333333332, 0.22708333333333333, 0.2375, 0.24583333333333332, 0.21458333333333332, 0.22083333333333333, 0.24375, 0.23541666666666666, 0.21875, 0.22916666666666666, 0.25, 0.19791666666666666, 0.22916666666666666, 0.22916666666666666, 0.22291666666666668, 0.225, 0.2, 0.23333333333333334, 0.2520833333333333, 0.22083333333333333, 0.21041666666666667, 0.2708333333333333, 0.22916666666666666, 0.18958333333333333, 0.23333333333333334, 0.24375, 0.22708333333333333, 0.27708333333333335, 0.2604166666666667, 0.22708333333333333, 0.22916666666666666, 0.24583333333333332, 0.23333333333333334, 0.28125, 0.2520833333333333, 0.25, 0.2708333333333333, 0.2604166666666667, 0.25833333333333336, 0.24375, 0.25, 0.2791666666666667, 0.24583333333333332, 0.225, 0.26666666666666666, 0.275, 0.2625], "val_loss": [1.8018183708190918, 1.8000133037567139, 1.7982714176177979, 1.796994924545288, 1.7953253984451294, 1.794136881828308, 1.7928410768508911, 1.7909842729568481, 1.790318250656128, 1.7896047830581665, 1.7882335186004639, 1.7874112129211426, 1.7865291833877563, 1.7866661548614502, 1.7864956855773926, 1.7862448692321777, 1.7864651679992676, 1.784911870956421, 1.7945767641067505, 1.7873499393463135, 1.783409833908081, 1.7857810258865356, 1.780341386795044, 1.7749069929122925, 1.7736481428146362, 1.7745779752731323, 1.7710853815078735, 1.7684355974197388, 1.7697988748550415, 1.770499348640442, 1.7600311040878296, 1.7601665258407593, 1.756471872329712, 1.7477961778640747, 1.7496893405914307, 1.7499641180038452, 1.7509061098098755, 1.7498596906661987, 1.7461541891098022, 1.738071084022522, 1.7374756336212158, 1.7375226020812988, 1.7354614734649658, 1.7308439016342163, 1.7277047634124756, 1.7292263507843018, 1.7297254800796509, 1.730796217918396, 1.7202889919281006, 1.72112238407135, 1.7195674180984497, 1.72454833984375, 1.7284950017929077, 1.7298294305801392, 1.7223855257034302, 1.7232872247695923, 1.7213681936264038, 1.7201581001281738, 1.7168974876403809, 1.7156405448913574, 1.7180408239364624, 1.7136355638504028, 1.7116361856460571, 1.711699366569519, 1.7150688171386719, 1.7187625169754028, 1.7171727418899536, 1.7159062623977661, 1.7166322469711304, 1.712800145149231, 1.7089886665344238, 1.708757758140564, 1.708010196685791, 1.7072231769561768, 1.7047991752624512, 1.7088948488235474, 1.7029486894607544, 1.7003636360168457, 1.699765682220459, 1.6994349956512451, 1.6996879577636719, 1.6998292207717896, 1.700392246246338, 1.703473687171936, 1.7028743028640747, 1.7041878700256348, 1.7027024030685425, 1.7049890756607056, 1.7022840976715088, 1.7033408880233765, 1.7004204988479614, 1.6988720893859863, 1.698620319366455, 1.7003517150878906, 1.696651577949524, 1.6985183954238892, 1.6991162300109863, 1.6984885931015015, 1.7014086246490479, 1.7014906406402588], "val_acc": [0.11666666666666667, 0.11666666666666667, 0.11666666666666667, 0.11666666666666667, 0.11666666666666667, 0.11666666666666667, 0.08333333333333333, 0.13333333333333333, 0.23333333333333334, 0.23333333333333334, 0.16666666666666666, 0.16666666666666666, 0.18333333333333332, 0.2, 0.21666666666666667, 0.23333333333333334, 0.23333333333333334, 0.2833333333333333, 0.2833333333333333, 0.21666666666666667, 0.2, 0.23333333333333334, 0.2, 0.23333333333333334, 0.2833333333333333, 0.21666666666666667, 0.16666666666666666, 0.18333333333333332, 0.2, 0.2, 0.2, 0.2, 0.23333333333333334, 0.23333333333333334, 0.23333333333333334, 0.21666666666666667, 0.21666666666666667, 0.2, 0.23333333333333334, 0.2, 0.2, 0.21666666666666667, 0.23333333333333334, 0.18333333333333332, 0.18333333333333332, 0.2, 0.18333333333333332, 0.25, 0.23333333333333334, 0.2, 0.26666666666666666, 0.3, 0.2, 0.2, 0.21666666666666667, 0.26666666666666666, 0.21666666666666667, 0.25, 0.26666666666666666, 0.25, 0.25, 0.23333333333333334, 0.25, 0.26666666666666666, 0.2, 0.26666666666666666, 0.2833333333333333, 0.26666666666666666, 0.21666666666666667, 0.21666666666666667, 0.26666666666666666, 0.26666666666666666, 0.25, 0.2833333333333333, 0.25, 0.21666666666666667, 0.26666666666666666, 0.2833333333333333, 0.26666666666666666, 0.26666666666666666, 0.26666666666666666, 0.21666666666666667, 0.21666666666666667, 0.26666666666666666, 0.23333333333333334, 0.26666666666666666, 0.23333333333333334, 0.21666666666666667, 0.3, 0.2833333333333333, 0.2833333333333333, 0.2833333333333333, 0.2833333333333333, 0.31666666666666665, 0.3, 0.2833333333333333, 0.26666666666666666, 0.2833333333333333, 0.23333333333333334, 0.2833333333333333]}