{"train_loss": [1.7916147708892822, 1.7917722761631012, 1.789157509803772, 1.7891129851341248, 1.7885430455207825, 1.7901630103588104, 1.7874133586883545, 1.7855063676834106, 1.7848801910877228, 1.7838113009929657, 1.7803240716457367, 1.7817935943603516, 1.77639701962471, 1.7778179347515106, 1.7743574380874634, 1.7682161331176758, 1.7615196108818054, 1.7718847393989563, 1.7690855264663696, 1.7657674252986908, 1.7641069889068604, 1.7564374804496765, 1.7596693634986877, 1.7620198726654053, 1.7605703175067902, 1.7489880323410034, 1.7521172165870667, 1.7540996670722961, 1.7476994693279266, 1.7417080700397491, 1.7413642704486847, 1.7464562356472015, 1.7305042445659637, 1.7532296180725098, 1.7251622080802917, 1.7365687191486359, 1.7284800708293915, 1.7269894778728485, 1.737610012292862, 1.7235455811023712, 1.7292017340660095, 1.7148962616920471, 1.724468320608139, 1.7238056659698486, 1.7200344800949097, 1.7384726107120514, 1.7362608909606934, 1.7197808623313904, 1.7435296475887299, 1.7179171442985535, 1.7263408303260803, 1.7257514297962189, 1.7261029183864594, 1.7092768251895905, 1.7245284914970398, 1.7195158302783966, 1.7260141968727112, 1.7172897458076477, 1.7268865406513214, 1.7167508602142334, 1.7202784419059753, 1.727495789527893, 1.7252287864685059, 1.7143142521381378, 1.7261503636837006, 1.7289418876171112, 1.7270584404468536, 1.7155040204524994, 1.7242447435855865, 1.7113346755504608, 1.7270156145095825, 1.7077903151512146, 1.7122942805290222, 1.713797003030777, 1.7173759937286377, 1.722787231206894, 1.7085865139961243, 1.7219188213348389, 1.7060961723327637, 1.7208719849586487, 1.723214030265808, 1.7251203060150146, 1.7309737503528595, 1.709267497062683, 1.7131511270999908, 1.7136234045028687, 1.7135795056819916, 1.687111735343933, 1.7208386659622192, 1.7126553356647491, 1.7105267643928528, 1.71822190284729, 1.7083004713058472, 1.7129673659801483, 1.709950864315033, 1.6950007677078247, 1.7145386040210724, 1.6972545981407166, 1.702875405550003, 1.6896024644374847], "train_acc": [0.17291666666666666, 0.15833333333333333, 0.1875, 0.18333333333333332, 0.18125, 0.18333333333333332, 0.18333333333333332, 0.18541666666666667, 0.18333333333333332, 0.18958333333333333, 0.2, 0.20833333333333334, 0.225, 0.22291666666666668, 0.18333333333333332, 0.21041666666666667, 0.20833333333333334, 0.20208333333333334, 0.20208333333333334, 0.21666666666666667, 0.20625, 0.23541666666666666, 0.22708333333333333, 0.22291666666666668, 0.2125, 0.20208333333333334, 0.24166666666666667, 0.25416666666666665, 0.23333333333333334, 0.25, 0.21875, 0.23541666666666666, 0.23541666666666666, 0.24375, 0.25, 0.25, 0.24166666666666667, 0.26666666666666666, 0.23958333333333334, 0.24791666666666667, 0.23958333333333334, 0.2604166666666667, 0.2604166666666667, 0.2520833333333333, 0.26458333333333334, 0.2604166666666667, 0.24583333333333332, 0.26875, 0.24791666666666667, 0.26458333333333334, 0.275, 0.24791666666666667, 0.2520833333333333, 0.2604166666666667, 0.25625, 0.23541666666666666, 0.23333333333333334, 0.2625, 0.2520833333333333, 0.25833333333333336, 0.24583333333333332, 0.25416666666666665, 0.275, 0.2604166666666667, 0.25625, 0.2520833333333333, 0.24791666666666667, 0.2604166666666667, 0.26458333333333334, 0.23333333333333334, 0.2520833333333333, 0.25833333333333336, 0.25625, 0.2708333333333333, 0.26666666666666666, 0.26666666666666666, 0.2625, 0.2520833333333333, 0.2520833333333333, 0.24375, 0.2604166666666667, 0.2375, 0.24583333333333332, 0.2604166666666667, 0.24791666666666667, 0.23958333333333334, 0.25, 0.3, 0.25625, 0.23541666666666666, 0.25, 0.2604166666666667, 0.26875, 0.2875, 0.2875, 0.275, 0.26875, 0.3020833333333333, 0.25833333333333336, 0.2625], "val_loss": [1.8101556301116943, 1.8130546808242798, 1.811034083366394, 1.8104218244552612, 1.8117820024490356, 1.8122230768203735, 1.8096230030059814, 1.8064757585525513, 1.8036524057388306, 1.7989981174468994, 1.7932792901992798, 1.789511799812317, 1.7821071147918701, 1.7711424827575684, 1.7667213678359985, 1.756855845451355, 1.7483763694763184, 1.7532771825790405, 1.7464535236358643, 1.744336724281311, 1.7405372858047485, 1.7381377220153809, 1.7442134618759155, 1.7308354377746582, 1.7345352172851562, 1.727344036102295, 1.7277486324310303, 1.7243491411209106, 1.7183328866958618, 1.7257071733474731, 1.7174618244171143, 1.7128921747207642, 1.7198988199234009, 1.7139713764190674, 1.6966588497161865, 1.7375460863113403, 1.7198009490966797, 1.6906540393829346, 1.709987759590149, 1.726182460784912, 1.6902432441711426, 1.7155518531799316, 1.7085751295089722, 1.682402491569519, 1.700996994972229, 1.6882325410842896, 1.6908776760101318, 1.7052658796310425, 1.7138856649398804, 1.7087455987930298, 1.7224723100662231, 1.7235873937606812, 1.7089241743087769, 1.6977826356887817, 1.698777675628662, 1.6949626207351685, 1.6862108707427979, 1.7111455202102661, 1.7001935243606567, 1.675777554512024, 1.6971293687820435, 1.6913056373596191, 1.6996493339538574, 1.6890925168991089, 1.6862448453903198, 1.691805362701416, 1.7017934322357178, 1.6836165189743042, 1.6789970397949219, 1.687269926071167, 1.6886463165283203, 1.667836308479309, 1.6881389617919922, 1.6942346096038818, 1.6825286149978638, 1.6728630065917969, 1.7047330141067505, 1.6809430122375488, 1.658585786819458, 1.6894721984863281, 1.6831122636795044, 1.6602271795272827, 1.6706292629241943, 1.6976805925369263, 1.691450834274292, 1.6622501611709595, 1.6783523559570312, 1.691873550415039, 1.659980058670044, 1.6480872631072998, 1.665333867073059, 1.6898512840270996, 1.689440131187439, 1.6794815063476562, 1.6726109981536865, 1.6813294887542725, 1.690895438194275, 1.6661869287490845, 1.686061143875122, 1.6899211406707764], "val_acc": [0.16666666666666666, 0.08333333333333333, 0.08333333333333333, 0.08333333333333333, 0.08333333333333333, 0.08333333333333333, 0.08333333333333333, 0.08333333333333333, 0.11666666666666667, 0.11666666666666667, 0.11666666666666667, 0.11666666666666667, 0.15, 0.18333333333333332, 0.18333333333333332, 0.2, 0.2, 0.2, 0.21666666666666667, 0.23333333333333334, 0.2, 0.2, 0.2, 0.21666666666666667, 0.23333333333333334, 0.23333333333333334, 0.25, 0.2, 0.25, 0.21666666666666667, 0.26666666666666666, 0.2833333333333333, 0.2833333333333333, 0.2833333333333333, 0.3, 0.23333333333333334, 0.23333333333333334, 0.35, 0.3, 0.25, 0.35, 0.2833333333333333, 0.25, 0.36666666666666664, 0.2833333333333333, 0.31666666666666665, 0.31666666666666665, 0.26666666666666666, 0.2833333333333333, 0.31666666666666665, 0.3333333333333333, 0.26666666666666666, 0.2833333333333333, 0.2833333333333333, 0.3, 0.35, 0.3333333333333333, 0.2833333333333333, 0.3, 0.38333333333333336, 0.35, 0.35, 0.3333333333333333, 0.31666666666666665, 0.3333333333333333, 0.35, 0.3333333333333333, 0.3333333333333333, 0.31666666666666665, 0.3, 0.3333333333333333, 0.4166666666666667, 0.3333333333333333, 0.31666666666666665, 0.35, 0.35, 0.31666666666666665, 0.3333333333333333, 0.4166666666666667, 0.3333333333333333, 0.31666666666666665, 0.35, 0.36666666666666664, 0.3, 0.3333333333333333, 0.35, 0.3333333333333333, 0.3333333333333333, 0.2833333333333333, 0.31666666666666665, 0.2833333333333333, 0.2833333333333333, 0.3, 0.36666666666666664, 0.35, 0.31666666666666665, 0.31666666666666665, 0.3333333333333333, 0.31666666666666665, 0.31666666666666665]}