{"train_loss": [1.8064500093460083, 1.78219535946846, 1.7754398882389069, 1.7656582593917847, 1.7601546049118042, 1.7554273903369904, 1.753188043832779, 1.751409262418747, 1.7526032626628876, 1.7477614879608154, 1.751449704170227, 1.746181696653366, 1.7511797547340393, 1.7493877708911896, 1.7502400279045105, 1.7418757379055023, 1.7466866672039032, 1.7503913342952728, 1.7412227392196655, 1.7408484518527985, 1.753344565629959, 1.7405708730220795, 1.7407423555850983, 1.7411174476146698, 1.734897494316101, 1.7286358177661896, 1.718077391386032, 1.7286515831947327, 1.727791041135788, 1.723312497138977, 1.7407572865486145, 1.7304781377315521, 1.7312567234039307, 1.711210697889328, 1.7033774852752686, 1.702581912279129, 1.7096524834632874, 1.6970730423927307, 1.685940444469452, 1.6915647089481354, 1.6782818138599396, 1.6781579554080963, 1.6688800752162933, 1.6867302656173706, 1.6868267953395844, 1.680993139743805, 1.6775166988372803, 1.6605774760246277, 1.6573071479797363, 1.6547032594680786, 1.6441461443901062, 1.6529747545719147, 1.6607928276062012, 1.6620722711086273, 1.6471684575080872, 1.6432713270187378, 1.6508463621139526, 1.6664904654026031, 1.6423193514347076, 1.6520219445228577, 1.6367562413215637, 1.6504594683647156, 1.6412206590175629, 1.6187957227230072, 1.6419382095336914, 1.624621957540512, 1.657115250825882, 1.6257499754428864, 1.6453109383583069, 1.6437005400657654, 1.6359863579273224, 1.6183993220329285, 1.6157612204551697, 1.6017731428146362, 1.6402354836463928, 1.6258217692375183, 1.6340925097465515, 1.631708949804306, 1.6004588305950165, 1.6286579966545105, 1.6396229267120361, 1.6052541434764862, 1.6149815618991852, 1.5968067348003387, 1.6109284162521362, 1.613084614276886, 1.5934359431266785, 1.605146199464798, 1.6189757585525513, 1.6244450807571411, 1.5768234729766846, 1.6071198284626007, 1.5984587669372559, 1.6229497790336609, 1.6418687105178833, 1.6082551181316376, 1.6000958383083344, 1.5881717503070831, 1.6011398136615753, 1.6028100550174713], "train_acc": [0.19583333333333333, 0.22708333333333333, 0.21458333333333332, 0.1875, 0.26666666666666666, 0.23333333333333334, 0.22291666666666668, 0.21041666666666667, 0.20208333333333334, 0.20416666666666666, 0.23125, 0.25416666666666665, 0.22708333333333333, 0.24791666666666667, 0.23125, 0.24583333333333332, 0.27708333333333335, 0.22916666666666666, 0.27291666666666664, 0.2625, 0.22083333333333333, 0.29583333333333334, 0.25625, 0.25625, 0.2833333333333333, 0.24375, 0.2833333333333333, 0.27291666666666664, 0.23333333333333334, 0.30416666666666664, 0.24375, 0.2604166666666667, 0.25416666666666665, 0.26458333333333334, 0.30625, 0.28125, 0.2875, 0.25416666666666665, 0.26666666666666666, 0.28125, 0.275, 0.30416666666666664, 0.28541666666666665, 0.2625, 0.28958333333333336, 0.30625, 0.2708333333333333, 0.3229166666666667, 0.29583333333333334, 0.29375, 0.31666666666666665, 0.30833333333333335, 0.30833333333333335, 0.3104166666666667, 0.31666666666666665, 0.29583333333333334, 0.31666666666666665, 0.31875, 0.28125, 0.29791666666666666, 0.3104166666666667, 0.26458333333333334, 0.32916666666666666, 0.3125, 0.3104166666666667, 0.33541666666666664, 0.30833333333333335, 0.33125, 0.3145833333333333, 0.30416666666666664, 0.3333333333333333, 0.32708333333333334, 0.3145833333333333, 0.34791666666666665, 0.3375, 0.2916666666666667, 0.3333333333333333, 0.32708333333333334, 0.32916666666666666, 0.32708333333333334, 0.32083333333333336, 0.33125, 0.32708333333333334, 0.3229166666666667, 0.3229166666666667, 0.36041666666666666, 0.3125, 0.3, 0.35, 0.30625, 0.36875, 0.34791666666666665, 0.35833333333333334, 0.29791666666666666, 0.3229166666666667, 0.30416666666666664, 0.35208333333333336, 0.3104166666666667, 0.33541666666666664, 0.35625], "val_loss": [1.7810075283050537, 1.813966989517212, 1.7568867206573486, 1.775295376777649, 1.758871078491211, 1.765649437904358, 1.7677990198135376, 1.7392550706863403, 1.7572487592697144, 1.7514891624450684, 1.7655787467956543, 1.7482085227966309, 1.7691787481307983, 1.7545678615570068, 1.7442097663879395, 1.7704120874404907, 1.749207615852356, 1.7194942235946655, 1.8045284748077393, 1.7184932231903076, 1.7391703128814697, 1.759621024131775, 1.736723780632019, 1.7540955543518066, 1.709399938583374, 1.7268885374069214, 1.7348605394363403, 1.6706033945083618, 1.7283440828323364, 1.6941256523132324, 1.767523169517517, 1.6847612857818604, 1.6939798593521118, 1.7424964904785156, 1.6869457960128784, 1.6519542932510376, 1.6812939643859863, 1.6339783668518066, 1.6389520168304443, 1.6622815132141113, 1.6287277936935425, 1.6649705171585083, 1.6318256855010986, 1.6089354753494263, 1.6545631885528564, 1.6332165002822876, 1.6031181812286377, 1.6436030864715576, 1.6312212944030762, 1.604195475578308, 1.6040905714035034, 1.6109607219696045, 1.6543288230895996, 1.6085189580917358, 1.6016267538070679, 1.5900328159332275, 1.5628474950790405, 1.6761807203292847, 1.5576565265655518, 1.5955605506896973, 1.6303044557571411, 1.5764491558074951, 1.5631792545318604, 1.5627847909927368, 1.633922815322876, 1.5813477039337158, 1.5838714838027954, 1.5578734874725342, 1.6037355661392212, 1.6464321613311768, 1.56415855884552, 1.5460017919540405, 1.549407720565796, 1.568198561668396, 1.5702813863754272, 1.5444856882095337, 1.57432222366333, 1.551951289176941, 1.5755001306533813, 1.570491909980774, 1.5835202932357788, 1.5240428447723389, 1.5030906200408936, 1.5753750801086426, 1.556252360343933, 1.5362534523010254, 1.5368071794509888, 1.562090277671814, 1.4890480041503906, 1.571723222732544, 1.5247433185577393, 1.55553138256073, 1.5102922916412354, 1.530455470085144, 1.5237866640090942, 1.533136010169983, 1.5861990451812744, 1.5503627061843872, 1.5505942106246948, 1.4978572130203247], "val_acc": [0.21666666666666667, 0.23333333333333334, 0.2, 0.2, 0.13333333333333333, 0.11666666666666667, 0.26666666666666666, 0.2, 0.21666666666666667, 0.18333333333333332, 0.21666666666666667, 0.18333333333333332, 0.21666666666666667, 0.2, 0.2, 0.2, 0.23333333333333334, 0.25, 0.26666666666666666, 0.21666666666666667, 0.3, 0.21666666666666667, 0.18333333333333332, 0.26666666666666666, 0.18333333333333332, 0.2, 0.25, 0.23333333333333334, 0.23333333333333334, 0.2833333333333333, 0.2, 0.25, 0.23333333333333334, 0.26666666666666666, 0.21666666666666667, 0.21666666666666667, 0.2833333333333333, 0.25, 0.26666666666666666, 0.25, 0.36666666666666664, 0.3, 0.26666666666666666, 0.36666666666666664, 0.26666666666666666, 0.3, 0.35, 0.26666666666666666, 0.2833333333333333, 0.38333333333333336, 0.3333333333333333, 0.31666666666666665, 0.21666666666666667, 0.2833333333333333, 0.26666666666666666, 0.3333333333333333, 0.3, 0.26666666666666666, 0.2833333333333333, 0.3, 0.23333333333333334, 0.35, 0.3333333333333333, 0.31666666666666665, 0.31666666666666665, 0.26666666666666666, 0.3333333333333333, 0.38333333333333336, 0.2833333333333333, 0.21666666666666667, 0.35, 0.36666666666666664, 0.2833333333333333, 0.36666666666666664, 0.3333333333333333, 0.35, 0.36666666666666664, 0.31666666666666665, 0.36666666666666664, 0.26666666666666666, 0.25, 0.36666666666666664, 0.4166666666666667, 0.25, 0.25, 0.35, 0.26666666666666666, 0.36666666666666664, 0.38333333333333336, 0.35, 0.38333333333333336, 0.35, 0.4166666666666667, 0.31666666666666665, 0.31666666666666665, 0.4, 0.36666666666666664, 0.2833333333333333, 0.23333333333333334, 0.4]}