{"train_loss": [1.7938751876354218, 1.7930080890655518, 1.7913562655448914, 1.791243314743042, 1.7911443412303925, 1.7902632355690002, 1.788370430469513, 1.788047879934311, 1.7861221134662628, 1.7840711772441864, 1.78333380818367, 1.7823976874351501, 1.7786203920841217, 1.778345912694931, 1.7735352218151093, 1.7654518783092499, 1.7648883759975433, 1.7715478539466858, 1.754593938589096, 1.761693388223648, 1.7565581798553467, 1.755053460597992, 1.7608076333999634, 1.7583053708076477, 1.755876362323761, 1.7552302181720734, 1.756695032119751, 1.752250850200653, 1.7535331547260284, 1.7520971596240997, 1.7544608116149902, 1.7493185102939606, 1.7438410818576813, 1.7517918348312378, 1.7422779202461243, 1.753673106431961, 1.7505864799022675, 1.744844913482666, 1.7409495413303375, 1.7410470843315125, 1.7423970997333527, 1.7423369884490967, 1.7396285235881805, 1.738551378250122, 1.7315499484539032, 1.7461607158184052, 1.735723853111267, 1.737422615289688, 1.7413745820522308, 1.7325164377689362, 1.7410298883914948, 1.7392135858535767, 1.7265799343585968, 1.7266936898231506, 1.7301511764526367, 1.7310534417629242, 1.735350251197815, 1.728651612997055, 1.7301600873470306, 1.7310963571071625, 1.725430577993393, 1.7269885540008545, 1.7331160008907318, 1.7304208874702454, 1.7224678993225098, 1.7231821715831757, 1.7272097766399384, 1.7225795984268188, 1.7187370359897614, 1.719200223684311, 1.7158786952495575, 1.7204430997371674, 1.7174230217933655, 1.7245841920375824, 1.7420398592948914, 1.7319412231445312, 1.7198129892349243, 1.727514535188675, 1.7181147336959839, 1.7283311486244202, 1.7227803766727448, 1.7228125631809235, 1.723420649766922, 1.713933378458023, 1.7325656712055206, 1.721043199300766, 1.7119183242321014, 1.7179445922374725, 1.7195125818252563, 1.7123246788978577, 1.714776337146759, 1.7122912108898163, 1.70758917927742, 1.717333436012268, 1.7107759714126587, 1.7034354209899902, 1.7220049500465393, 1.701239436864853, 1.7017000913619995, 1.7031119167804718], "train_acc": [0.1625, 0.16041666666666668, 0.1625, 0.15625, 0.15833333333333333, 0.19791666666666666, 0.23125, 0.2125, 0.20416666666666666, 0.22083333333333333, 0.20625, 0.19375, 0.2125, 0.21875, 0.21875, 0.2, 0.19583333333333333, 0.17916666666666667, 0.21041666666666667, 0.20416666666666666, 0.20833333333333334, 0.22916666666666666, 0.20416666666666666, 0.21458333333333332, 0.20208333333333334, 0.19791666666666666, 0.18958333333333333, 0.20833333333333334, 0.2, 0.22916666666666666, 0.2125, 0.19791666666666666, 0.21666666666666667, 0.20625, 0.21041666666666667, 0.21666666666666667, 0.20208333333333334, 0.24375, 0.21666666666666667, 0.22916666666666666, 0.22916666666666666, 0.23541666666666666, 0.21875, 0.24583333333333332, 0.24375, 0.2375, 0.2125, 0.21875, 0.22083333333333333, 0.225, 0.22291666666666668, 0.25625, 0.21458333333333332, 0.22291666666666668, 0.20625, 0.21458333333333332, 0.225, 0.23958333333333334, 0.22708333333333333, 0.21041666666666667, 0.23541666666666666, 0.19375, 0.22708333333333333, 0.21041666666666667, 0.23541666666666666, 0.2125, 0.21875, 0.22916666666666666, 0.23125, 0.22291666666666668, 0.23541666666666666, 0.24375, 0.20625, 0.21666666666666667, 0.21875, 0.22083333333333333, 0.2604166666666667, 0.22083333333333333, 0.24583333333333332, 0.23958333333333334, 0.23958333333333334, 0.23958333333333334, 0.22083333333333333, 0.23333333333333334, 0.24166666666666667, 0.225, 0.22916666666666666, 0.22916666666666666, 0.23333333333333334, 0.21875, 0.22291666666666668, 0.21666666666666667, 0.2375, 0.2125, 0.2375, 0.24583333333333332, 0.23541666666666666, 0.2604166666666667, 0.25416666666666665, 0.2708333333333333], "val_loss": [1.7954894304275513, 1.7966560125350952, 1.7966417074203491, 1.7974636554718018, 1.7987267971038818, 1.8005435466766357, 1.8013546466827393, 1.8026729822158813, 1.8029764890670776, 1.8032221794128418, 1.8029602766036987, 1.8032084703445435, 1.80344557762146, 1.8009392023086548, 1.797973394393921, 1.7936458587646484, 1.793039083480835, 1.7942014932632446, 1.7894854545593262, 1.7912198305130005, 1.7973263263702393, 1.796953797340393, 1.7894169092178345, 1.7869559526443481, 1.7942816019058228, 1.8017507791519165, 1.7979190349578857, 1.7923533916473389, 1.791593074798584, 1.794105887413025, 1.7988390922546387, 1.794064998626709, 1.7914183139801025, 1.7978662252426147, 1.800513744354248, 1.8028582334518433, 1.7932389974594116, 1.7882723808288574, 1.7868238687515259, 1.7918742895126343, 1.7824069261550903, 1.7907028198242188, 1.7838244438171387, 1.7781689167022705, 1.7845903635025024, 1.7695189714431763, 1.7699856758117676, 1.7731850147247314, 1.7725549936294556, 1.7690308094024658, 1.783172607421875, 1.7823472023010254, 1.7837198972702026, 1.7787035703659058, 1.7826365232467651, 1.7798559665679932, 1.7751843929290771, 1.7872413396835327, 1.787132978439331, 1.7663466930389404, 1.7722296714782715, 1.7690986394882202, 1.780605435371399, 1.7799956798553467, 1.7788445949554443, 1.7852922677993774, 1.7887893915176392, 1.766882300376892, 1.76364266872406, 1.7891908884048462, 1.795528531074524, 1.7605570554733276, 1.7779759168624878, 1.7892030477523804, 1.7868086099624634, 1.7568382024765015, 1.7748050689697266, 1.7763326168060303, 1.7758104801177979, 1.7801635265350342, 1.7665724754333496, 1.7611756324768066, 1.7633836269378662, 1.7755645513534546, 1.7707303762435913, 1.7616771459579468, 1.7769827842712402, 1.7690986394882202, 1.7640380859375, 1.763810634613037, 1.762123942375183, 1.7741576433181763, 1.7820547819137573, 1.7871856689453125, 1.7802650928497314, 1.7724539041519165, 1.7629889249801636, 1.7576243877410889, 1.7709190845489502, 1.780790090560913], "val_acc": [0.13333333333333333, 0.13333333333333333, 0.13333333333333333, 0.13333333333333333, 0.13333333333333333, 0.15, 0.13333333333333333, 0.08333333333333333, 0.11666666666666667, 0.11666666666666667, 0.1, 0.11666666666666667, 0.11666666666666667, 0.1, 0.08333333333333333, 0.11666666666666667, 0.11666666666666667, 0.11666666666666667, 0.11666666666666667, 0.13333333333333333, 0.13333333333333333, 0.13333333333333333, 0.13333333333333333, 0.11666666666666667, 0.13333333333333333, 0.11666666666666667, 0.11666666666666667, 0.13333333333333333, 0.11666666666666667, 0.13333333333333333, 0.13333333333333333, 0.13333333333333333, 0.13333333333333333, 0.13333333333333333, 0.13333333333333333, 0.13333333333333333, 0.16666666666666666, 0.18333333333333332, 0.18333333333333332, 0.18333333333333332, 0.15, 0.16666666666666666, 0.18333333333333332, 0.21666666666666667, 0.18333333333333332, 0.23333333333333334, 0.21666666666666667, 0.2, 0.21666666666666667, 0.25, 0.25, 0.21666666666666667, 0.21666666666666667, 0.21666666666666667, 0.21666666666666667, 0.23333333333333334, 0.25, 0.23333333333333334, 0.23333333333333334, 0.25, 0.25, 0.23333333333333334, 0.2, 0.21666666666666667, 0.21666666666666667, 0.23333333333333334, 0.23333333333333334, 0.26666666666666666, 0.25, 0.21666666666666667, 0.21666666666666667, 0.25, 0.23333333333333334, 0.21666666666666667, 0.23333333333333334, 0.25, 0.23333333333333334, 0.21666666666666667, 0.21666666666666667, 0.23333333333333334, 0.23333333333333334, 0.26666666666666666, 0.23333333333333334, 0.2, 0.23333333333333334, 0.25, 0.21666666666666667, 0.21666666666666667, 0.25, 0.25, 0.23333333333333334, 0.23333333333333334, 0.21666666666666667, 0.2, 0.23333333333333334, 0.21666666666666667, 0.23333333333333334, 0.23333333333333334, 0.21666666666666667, 0.16666666666666666]}