{"train_loss": [1.799767017364502, 1.7956582605838776, 1.793084442615509, 1.7918808162212372, 1.7909871935844421, 1.7869841754436493, 1.7865115702152252, 1.7829051613807678, 1.7803458273410797, 1.775279313325882, 1.767499029636383, 1.7650188505649567, 1.7546740174293518, 1.749921590089798, 1.7581962943077087, 1.7476094365119934, 1.7516308426856995, 1.7636773586273193, 1.7505437731742859, 1.747455358505249, 1.7556469440460205, 1.7528345584869385, 1.749595582485199, 1.7472100257873535, 1.7594347894191742, 1.7516669631004333, 1.7480789721012115, 1.749225676059723, 1.7461501955986023, 1.744504690170288, 1.7383221983909607, 1.7516777515411377, 1.7354471981525421, 1.740910679101944, 1.7367813885211945, 1.7430356740951538, 1.7382781207561493, 1.7331385612487793, 1.738130658864975, 1.7345867156982422, 1.73661208152771, 1.7411853075027466, 1.7369764149188995, 1.731977939605713, 1.7293991148471832, 1.7307181060314178, 1.7271471321582794, 1.7237650454044342, 1.7278459072113037, 1.7337850630283356, 1.7371121942996979, 1.7309364974498749, 1.7152469456195831, 1.736849308013916, 1.7246273756027222, 1.7200782895088196, 1.7390857934951782, 1.72825288772583, 1.7332457900047302, 1.7229214310646057, 1.7249563038349152, 1.7203187346458435, 1.7242484092712402, 1.7324543297290802, 1.730879932641983, 1.7237248122692108, 1.7271048724651337, 1.7147290110588074, 1.7278547286987305, 1.7233335077762604, 1.7156071066856384, 1.7244589924812317, 1.7210765779018402, 1.7141482830047607, 1.727238118648529, 1.7195090651512146, 1.7103538811206818, 1.7238751351833344, 1.7302011549472809, 1.7213725447654724, 1.7264393270015717, 1.7105461061000824, 1.7214370369911194, 1.7205002009868622, 1.7163517475128174, 1.7154459059238434, 1.7156341075897217, 1.7262829840183258, 1.7195227444171906, 1.7154492437839508, 1.7132605612277985, 1.7225925028324127, 1.7207126319408417, 1.7087554931640625, 1.7220985889434814, 1.7239285111427307, 1.7146885693073273, 1.7232215404510498, 1.7200809121131897, 1.7247661650180817], "train_acc": [0.17083333333333334, 0.17083333333333334, 0.17083333333333334, 0.17291666666666666, 0.18125, 0.2, 0.18125, 0.175, 0.19166666666666668, 0.21458333333333332, 0.225, 0.2125, 0.22916666666666666, 0.22083333333333333, 0.22083333333333333, 0.19791666666666666, 0.21041666666666667, 0.21458333333333332, 0.23958333333333334, 0.24375, 0.25625, 0.22083333333333333, 0.22083333333333333, 0.23125, 0.24583333333333332, 0.25, 0.24583333333333332, 0.24791666666666667, 0.24166666666666667, 0.2604166666666667, 0.23541666666666666, 0.21041666666666667, 0.2520833333333333, 0.22916666666666666, 0.2375, 0.23958333333333334, 0.21458333333333332, 0.24166666666666667, 0.21666666666666667, 0.24791666666666667, 0.23125, 0.20625, 0.21875, 0.23958333333333334, 0.22708333333333333, 0.23333333333333334, 0.225, 0.23541666666666666, 0.25416666666666665, 0.21041666666666667, 0.22916666666666666, 0.23125, 0.2708333333333333, 0.24375, 0.23125, 0.225, 0.24791666666666667, 0.26666666666666666, 0.22291666666666668, 0.24583333333333332, 0.2520833333333333, 0.24166666666666667, 0.24166666666666667, 0.25, 0.25, 0.23958333333333334, 0.25416666666666665, 0.25416666666666665, 0.2520833333333333, 0.22083333333333333, 0.2625, 0.26458333333333334, 0.23125, 0.21666666666666667, 0.24375, 0.23958333333333334, 0.24166666666666667, 0.22916666666666666, 0.24166666666666667, 0.22916666666666666, 0.24166666666666667, 0.24791666666666667, 0.24583333333333332, 0.23958333333333334, 0.2375, 0.22291666666666668, 0.25625, 0.23333333333333334, 0.225, 0.23958333333333334, 0.2604166666666667, 0.275, 0.2604166666666667, 0.22291666666666668, 0.24583333333333332, 0.2708333333333333, 0.22291666666666668, 0.22083333333333333, 0.22916666666666666, 0.25416666666666665], "val_loss": [1.7772867679595947, 1.7783753871917725, 1.7798222303390503, 1.7823013067245483, 1.7844089269638062, 1.787230372428894, 1.7914278507232666, 1.788202166557312, 1.7884509563446045, 1.7787458896636963, 1.7712783813476562, 1.7610136270523071, 1.7595247030258179, 1.7511155605316162, 1.745009183883667, 1.7538186311721802, 1.7528489828109741, 1.7476752996444702, 1.7580740451812744, 1.760239839553833, 1.7495942115783691, 1.7492462396621704, 1.7519264221191406, 1.7536208629608154, 1.7475239038467407, 1.747873067855835, 1.7560007572174072, 1.7559946775436401, 1.7496494054794312, 1.7484068870544434, 1.7510864734649658, 1.7440053224563599, 1.7399698495864868, 1.737052321434021, 1.7365809679031372, 1.7377742528915405, 1.7317008972167969, 1.724697470664978, 1.7231816053390503, 1.7212355136871338, 1.7245033979415894, 1.7219538688659668, 1.720314621925354, 1.7214457988739014, 1.7208784818649292, 1.7253124713897705, 1.725217342376709, 1.7216094732284546, 1.7163022756576538, 1.715849757194519, 1.713544249534607, 1.712981939315796, 1.714545726776123, 1.7154029607772827, 1.716963291168213, 1.7189617156982422, 1.7168292999267578, 1.7168755531311035, 1.713987946510315, 1.7097744941711426, 1.7097523212432861, 1.7123992443084717, 1.712269902229309, 1.7132861614227295, 1.71393620967865, 1.7143324613571167, 1.7139793634414673, 1.7146309614181519, 1.7137503623962402, 1.70966374874115, 1.7095119953155518, 1.7070376873016357, 1.7086353302001953, 1.7066476345062256, 1.7068794965744019, 1.7068819999694824, 1.7058707475662231, 1.7052065134048462, 1.7051182985305786, 1.70465087890625, 1.7033731937408447, 1.7051265239715576, 1.7035044431686401, 1.702761173248291, 1.70087468624115, 1.6991382837295532, 1.7004996538162231, 1.703248143196106, 1.7014224529266357, 1.7021305561065674, 1.7033252716064453, 1.702382206916809, 1.7014676332473755, 1.6981371641159058, 1.7009472846984863, 1.7002544403076172, 1.703305721282959, 1.6984848976135254, 1.7026151418685913, 1.7016675472259521], "val_acc": [0.23333333333333334, 0.23333333333333334, 0.23333333333333334, 0.23333333333333334, 0.23333333333333334, 0.21666666666666667, 0.2, 0.2, 0.23333333333333334, 0.2, 0.23333333333333334, 0.2833333333333333, 0.2833333333333333, 0.25, 0.25, 0.26666666666666666, 0.23333333333333334, 0.13333333333333333, 0.2, 0.21666666666666667, 0.16666666666666666, 0.16666666666666666, 0.18333333333333332, 0.21666666666666667, 0.16666666666666666, 0.18333333333333332, 0.2, 0.18333333333333332, 0.16666666666666666, 0.15, 0.15, 0.15, 0.16666666666666666, 0.18333333333333332, 0.2, 0.16666666666666666, 0.16666666666666666, 0.2, 0.18333333333333332, 0.2, 0.18333333333333332, 0.18333333333333332, 0.16666666666666666, 0.13333333333333333, 0.15, 0.15, 0.16666666666666666, 0.18333333333333332, 0.18333333333333332, 0.13333333333333333, 0.16666666666666666, 0.18333333333333332, 0.18333333333333332, 0.18333333333333332, 0.2, 0.21666666666666667, 0.23333333333333334, 0.18333333333333332, 0.18333333333333332, 0.23333333333333334, 0.23333333333333334, 0.2, 0.21666666666666667, 0.2, 0.2, 0.2, 0.21666666666666667, 0.2, 0.21666666666666667, 0.21666666666666667, 0.23333333333333334, 0.23333333333333334, 0.2, 0.21666666666666667, 0.21666666666666667, 0.21666666666666667, 0.23333333333333334, 0.23333333333333334, 0.23333333333333334, 0.23333333333333334, 0.21666666666666667, 0.23333333333333334, 0.21666666666666667, 0.23333333333333334, 0.23333333333333334, 0.23333333333333334, 0.23333333333333334, 0.2, 0.23333333333333334, 0.23333333333333334, 0.21666666666666667, 0.25, 0.23333333333333334, 0.2, 0.26666666666666666, 0.25, 0.18333333333333332, 0.23333333333333334, 0.26666666666666666, 0.26666666666666666]}