{"train_loss": [1.7931388914585114, 1.7858733832836151, 1.7748951017856598, 1.764780730009079, 1.7729604542255402, 1.7677282094955444, 1.7625033259391785, 1.7600037753582, 1.75702303647995, 1.7621926367282867, 1.7570904791355133, 1.7614816725254059, 1.7594910860061646, 1.7587755620479584, 1.7559079825878143, 1.7587062418460846, 1.7535057365894318, 1.756585717201233, 1.7582634687423706, 1.75472491979599, 1.7564296126365662, 1.7577738761901855, 1.7550368010997772, 1.7582312524318695, 1.764839768409729, 1.7523328065872192, 1.7596281468868256, 1.7540695071220398, 1.7556976079940796, 1.7545292675495148, 1.7527765929698944, 1.7558476626873016, 1.7508828938007355, 1.745564192533493, 1.754412442445755, 1.7450068891048431, 1.7498672306537628, 1.7499250769615173, 1.7557587027549744, 1.7394769787788391, 1.7382859885692596, 1.7482163310050964, 1.7224969565868378, 1.7435059249401093, 1.7363587021827698, 1.7402584254741669, 1.737913578748703, 1.7445587813854218, 1.7562561631202698, 1.7519406974315643, 1.7534317076206207, 1.7448921203613281, 1.7483178973197937, 1.740917831659317, 1.7295859158039093, 1.7380905449390411, 1.7306027114391327, 1.7309795320034027, 1.7541179358959198, 1.7255231738090515, 1.724387764930725, 1.719472348690033, 1.7137230932712555, 1.7226894795894623, 1.7439334392547607, 1.738809496164322, 1.7307204604148865, 1.7372148633003235, 1.717980682849884, 1.7120229303836823, 1.7181216180324554, 1.707163542509079, 1.722379595041275, 1.7232359945774078, 1.7232132852077484, 1.7091011106967926, 1.717167854309082, 1.704653263092041, 1.7085319459438324, 1.7047244310379028, 1.7162759602069855, 1.7125333547592163, 1.6889693140983582, 1.7060691118240356, 1.6995075047016144, 1.6924708187580109, 1.692556232213974, 1.6947313845157623, 1.6828634440898895, 1.6762412786483765, 1.6838653087615967, 1.6975825428962708, 1.7302422225475311, 1.6925655901432037, 1.7056575119495392, 1.692921757698059, 1.6973870694637299, 1.6871354281902313, 1.6862700581550598, 1.6816911101341248], "train_acc": [0.17708333333333334, 0.18125, 0.20833333333333334, 0.25833333333333336, 0.21041666666666667, 0.20416666666666666, 0.25625, 0.24166666666666667, 0.19166666666666668, 0.19375, 0.20625, 0.20625, 0.23541666666666666, 0.23125, 0.21458333333333332, 0.23958333333333334, 0.21041666666666667, 0.20625, 0.17916666666666667, 0.22291666666666668, 0.25833333333333336, 0.19166666666666668, 0.2125, 0.23125, 0.20625, 0.19791666666666666, 0.24375, 0.23125, 0.2125, 0.21875, 0.2604166666666667, 0.16875, 0.19791666666666666, 0.20208333333333334, 0.20208333333333334, 0.23333333333333334, 0.1875, 0.17916666666666667, 0.2125, 0.20833333333333334, 0.22083333333333333, 0.24791666666666667, 0.24375, 0.21041666666666667, 0.2375, 0.20208333333333334, 0.20416666666666666, 0.2625, 0.18958333333333333, 0.18541666666666667, 0.2, 0.23958333333333334, 0.25, 0.23125, 0.19375, 0.19166666666666668, 0.21458333333333332, 0.21041666666666667, 0.25, 0.21458333333333332, 0.18958333333333333, 0.23333333333333334, 0.225, 0.22291666666666668, 0.19166666666666668, 0.19375, 0.25416666666666665, 0.27291666666666664, 0.22916666666666666, 0.23958333333333334, 0.25416666666666665, 0.21875, 0.22916666666666666, 0.24583333333333332, 0.25833333333333336, 0.24166666666666667, 0.26875, 0.26666666666666666, 0.2520833333333333, 0.25833333333333336, 0.23333333333333334, 0.22708333333333333, 0.26666666666666666, 0.28125, 0.2625, 0.28125, 0.24583333333333332, 0.28125, 0.27708333333333335, 0.2833333333333333, 0.2833333333333333, 0.2625, 0.28541666666666665, 0.26458333333333334, 0.275, 0.28541666666666665, 0.2791666666666667, 0.30625, 0.25625, 0.27291666666666664], "val_loss": [1.7871135473251343, 1.7951571941375732, 1.7907633781433105, 1.790554165840149, 1.76893150806427, 1.7901387214660645, 1.7860887050628662, 1.7883597612380981, 1.7874183654785156, 1.7839162349700928, 1.7805424928665161, 1.7916988134384155, 1.785714864730835, 1.7851110696792603, 1.7767698764801025, 1.7824379205703735, 1.7820532321929932, 1.7801119089126587, 1.7867958545684814, 1.779890537261963, 1.783740758895874, 1.7833210229873657, 1.7810580730438232, 1.7848622798919678, 1.7917989492416382, 1.7848316431045532, 1.7826536893844604, 1.7913914918899536, 1.7804361581802368, 1.7687079906463623, 1.7763197422027588, 1.7864692211151123, 1.7983566522598267, 1.7777066230773926, 1.766745924949646, 1.7904893159866333, 1.7854869365692139, 1.767269492149353, 1.8061331510543823, 1.7774393558502197, 1.751247525215149, 1.7658348083496094, 1.803760290145874, 1.7785314321517944, 1.765429973602295, 1.763548731803894, 1.7596244812011719, 1.7998415231704712, 1.8311412334442139, 1.8154596090316772, 1.7796244621276855, 1.767601728439331, 1.7462890148162842, 1.7713167667388916, 1.7852115631103516, 1.7768921852111816, 1.7665082216262817, 1.7423311471939087, 1.7749903202056885, 1.7721222639083862, 1.7882906198501587, 1.7594105005264282, 1.741487979888916, 1.7663546800613403, 1.801611304283142, 1.7846713066101074, 1.795036792755127, 1.758003830909729, 1.7711951732635498, 1.7636586427688599, 1.7761766910552979, 1.7579067945480347, 1.7571951150894165, 1.7525955438613892, 1.7461415529251099, 1.7625857591629028, 1.7609843015670776, 1.7471774816513062, 1.7466105222702026, 1.7163816690444946, 1.7731516361236572, 1.730833888053894, 1.7293139696121216, 1.744990587234497, 1.7308393716812134, 1.7263495922088623, 1.7320743799209595, 1.7097243070602417, 1.7593251466751099, 1.689418077468872, 1.7342897653579712, 1.768119215965271, 1.6834272146224976, 1.7644637823104858, 1.7666155099868774, 1.7046579122543335, 1.7452489137649536, 1.7058600187301636, 1.6710474491119385, 1.739501714706421], "val_acc": [0.16666666666666666, 0.13333333333333333, 0.2, 0.13333333333333333, 0.23333333333333334, 0.18333333333333332, 0.25, 0.23333333333333334, 0.08333333333333333, 0.21666666666666667, 0.18333333333333332, 0.18333333333333332, 0.18333333333333332, 0.2, 0.15, 0.15, 0.13333333333333333, 0.15, 0.15, 0.2, 0.16666666666666666, 0.13333333333333333, 0.16666666666666666, 0.15, 0.15, 0.15, 0.2, 0.18333333333333332, 0.16666666666666666, 0.23333333333333334, 0.18333333333333332, 0.13333333333333333, 0.2, 0.18333333333333332, 0.21666666666666667, 0.18333333333333332, 0.08333333333333333, 0.18333333333333332, 0.13333333333333333, 0.2, 0.26666666666666666, 0.26666666666666666, 0.15, 0.18333333333333332, 0.16666666666666666, 0.16666666666666666, 0.2, 0.2, 0.16666666666666666, 0.16666666666666666, 0.18333333333333332, 0.16666666666666666, 0.21666666666666667, 0.15, 0.18333333333333332, 0.16666666666666666, 0.16666666666666666, 0.23333333333333334, 0.23333333333333334, 0.16666666666666666, 0.21666666666666667, 0.2, 0.18333333333333332, 0.18333333333333332, 0.21666666666666667, 0.18333333333333332, 0.18333333333333332, 0.23333333333333334, 0.23333333333333334, 0.18333333333333332, 0.18333333333333332, 0.23333333333333334, 0.18333333333333332, 0.25, 0.25, 0.25, 0.23333333333333334, 0.23333333333333334, 0.21666666666666667, 0.25, 0.16666666666666666, 0.25, 0.21666666666666667, 0.26666666666666666, 0.3, 0.2, 0.26666666666666666, 0.26666666666666666, 0.2833333333333333, 0.25, 0.26666666666666666, 0.25, 0.31666666666666665, 0.23333333333333334, 0.2, 0.3, 0.3, 0.26666666666666666, 0.26666666666666666, 0.26666666666666666]}