{"train_loss": [1.7944382429122925, 1.7931635081768036, 1.7930333018302917, 1.7920520305633545, 1.7907159924507141, 1.790618896484375, 1.7909737825393677, 1.7895869016647339, 1.7880039811134338, 1.7868506014347076, 1.7851137518882751, 1.7817942202091217, 1.7796326577663422, 1.7736457884311676, 1.766620695590973, 1.75662961602211, 1.763291746377945, 1.7584313452243805, 1.7646378576755524, 1.7548545897006989, 1.7560514509677887, 1.7583085596561432, 1.7619710564613342, 1.75386643409729, 1.7541793882846832, 1.7448897957801819, 1.7453266382217407, 1.7425165474414825, 1.7488293945789337, 1.7421225011348724, 1.7431467771530151, 1.741119235754013, 1.7418924272060394, 1.7390546202659607, 1.7394811809062958, 1.7415103912353516, 1.7501161694526672, 1.7343902587890625, 1.731832355260849, 1.7371067106723785, 1.7245116829872131, 1.7454632222652435, 1.7343141436576843, 1.729356437921524, 1.7319836020469666, 1.735828846693039, 1.7298555672168732, 1.729005604982376, 1.732180655002594, 1.7279185950756073, 1.7271007597446442, 1.7260053753852844, 1.7250480651855469, 1.730518490076065, 1.7249042689800262, 1.7231442630290985, 1.7271433174610138, 1.7221855223178864, 1.7295166850090027, 1.7255901992321014, 1.7268218398094177, 1.724426656961441, 1.7207448780536652, 1.722062110900879, 1.7280947864055634, 1.7204754054546356, 1.7065327763557434, 1.71860870718956, 1.7173160910606384, 1.7228998839855194, 1.7160708904266357, 1.7236636877059937, 1.7214268147945404, 1.708155333995819, 1.7241776287555695, 1.713437557220459, 1.7164436876773834, 1.7117259204387665, 1.7062808871269226, 1.7102771699428558, 1.7145161926746368, 1.723499596118927, 1.7183178961277008, 1.7055904865264893, 1.7158966958522797, 1.716403752565384, 1.7110613882541656, 1.7183587551116943, 1.706714153289795, 1.7190338671207428, 1.7155188620090485, 1.7146163284778595, 1.7104175686836243, 1.7116225063800812, 1.7171159088611603, 1.7111474871635437, 1.7156946659088135, 1.7095142602920532, 1.7001466751098633, 1.7200211584568024], "train_acc": [0.16666666666666666, 0.16666666666666666, 0.16666666666666666, 0.16666666666666666, 0.16666666666666666, 0.16875, 0.16458333333333333, 0.16666666666666666, 0.1875, 0.19791666666666666, 0.2, 0.21875, 0.21041666666666667, 0.20833333333333334, 0.2125, 0.2520833333333333, 0.25625, 0.23958333333333334, 0.23958333333333334, 0.22291666666666668, 0.21458333333333332, 0.21458333333333332, 0.225, 0.225, 0.20625, 0.24375, 0.24583333333333332, 0.2604166666666667, 0.225, 0.25833333333333336, 0.26875, 0.27291666666666664, 0.24166666666666667, 0.24375, 0.26666666666666666, 0.2604166666666667, 0.2375, 0.25, 0.25625, 0.25625, 0.27291666666666664, 0.25, 0.27708333333333335, 0.2520833333333333, 0.27291666666666664, 0.2604166666666667, 0.27291666666666664, 0.2604166666666667, 0.2791666666666667, 0.23958333333333334, 0.2520833333333333, 0.28541666666666665, 0.2791666666666667, 0.24166666666666667, 0.2625, 0.28541666666666665, 0.2708333333333333, 0.2625, 0.2708333333333333, 0.2708333333333333, 0.29375, 0.25, 0.2625, 0.2625, 0.25625, 0.2791666666666667, 0.30833333333333335, 0.2875, 0.2875, 0.2833333333333333, 0.26666666666666666, 0.28958333333333336, 0.28541666666666665, 0.2875, 0.25625, 0.275, 0.27291666666666664, 0.2791666666666667, 0.30416666666666664, 0.27708333333333335, 0.27708333333333335, 0.29583333333333334, 0.27291666666666664, 0.2604166666666667, 0.26666666666666666, 0.27291666666666664, 0.2916666666666667, 0.26666666666666666, 0.28958333333333336, 0.26875, 0.27708333333333335, 0.28958333333333336, 0.2791666666666667, 0.29791666666666666, 0.325, 0.29791666666666666, 0.26875, 0.28541666666666665, 0.28125, 0.28125], "val_loss": [1.8015087842941284, 1.7997093200683594, 1.798180341720581, 1.7969368696212769, 1.7952618598937988, 1.793933391571045, 1.7927817106246948, 1.7915465831756592, 1.791253924369812, 1.7900749444961548, 1.7879352569580078, 1.7847628593444824, 1.7817366123199463, 1.7799996137619019, 1.7790985107421875, 1.7770112752914429, 1.7821235656738281, 1.778847336769104, 1.7867252826690674, 1.7755049467086792, 1.7738158702850342, 1.779281497001648, 1.7722492218017578, 1.7651145458221436, 1.762325406074524, 1.7653204202651978, 1.7671966552734375, 1.7623467445373535, 1.7616794109344482, 1.7656351327896118, 1.7613052129745483, 1.7549067735671997, 1.7515910863876343, 1.7477422952651978, 1.7472292184829712, 1.7475954294204712, 1.745737910270691, 1.7444223165512085, 1.7402653694152832, 1.7381439208984375, 1.7404522895812988, 1.7414398193359375, 1.7395339012145996, 1.7376484870910645, 1.7358497381210327, 1.738547682762146, 1.7373700141906738, 1.7347819805145264, 1.7264041900634766, 1.7298851013183594, 1.7259597778320312, 1.728646993637085, 1.7324482202529907, 1.7314060926437378, 1.7265323400497437, 1.724458932876587, 1.7231734991073608, 1.724275827407837, 1.725559115409851, 1.7270697355270386, 1.7268054485321045, 1.7213090658187866, 1.719868540763855, 1.7208284139633179, 1.721537709236145, 1.728081464767456, 1.7260679006576538, 1.7219196557998657, 1.7203096151351929, 1.7185091972351074, 1.7182892560958862, 1.721681833267212, 1.7194135189056396, 1.7188750505447388, 1.715976595878601, 1.7158665657043457, 1.7154031991958618, 1.7137831449508667, 1.7143499851226807, 1.71193265914917, 1.7170195579528809, 1.7128227949142456, 1.7122496366500854, 1.714118480682373, 1.71503484249115, 1.7215930223464966, 1.7153732776641846, 1.7115236520767212, 1.7130062580108643, 1.7166552543640137, 1.7162460088729858, 1.7123868465423584, 1.7155958414077759, 1.7108566761016846, 1.7100844383239746, 1.7098578214645386, 1.708184003829956, 1.7101229429244995, 1.7180062532424927, 1.7226849794387817], "val_acc": [0.11666666666666667, 0.11666666666666667, 0.11666666666666667, 0.11666666666666667, 0.11666666666666667, 0.1, 0.06666666666666667, 0.08333333333333333, 0.1, 0.1, 0.15, 0.21666666666666667, 0.21666666666666667, 0.23333333333333334, 0.21666666666666667, 0.25, 0.25, 0.26666666666666666, 0.25, 0.16666666666666666, 0.18333333333333332, 0.18333333333333332, 0.15, 0.15, 0.23333333333333334, 0.2, 0.21666666666666667, 0.2, 0.18333333333333332, 0.21666666666666667, 0.21666666666666667, 0.2, 0.18333333333333332, 0.2, 0.2, 0.2, 0.23333333333333334, 0.23333333333333334, 0.2, 0.21666666666666667, 0.2, 0.21666666666666667, 0.2, 0.21666666666666667, 0.2, 0.23333333333333334, 0.23333333333333334, 0.21666666666666667, 0.21666666666666667, 0.2833333333333333, 0.2, 0.21666666666666667, 0.23333333333333334, 0.21666666666666667, 0.2, 0.2, 0.21666666666666667, 0.2, 0.2, 0.21666666666666667, 0.2, 0.2, 0.23333333333333334, 0.23333333333333334, 0.25, 0.2, 0.2, 0.21666666666666667, 0.21666666666666667, 0.26666666666666666, 0.25, 0.2, 0.18333333333333332, 0.2, 0.23333333333333334, 0.25, 0.23333333333333334, 0.23333333333333334, 0.25, 0.23333333333333334, 0.23333333333333334, 0.25, 0.25, 0.25, 0.23333333333333334, 0.18333333333333332, 0.23333333333333334, 0.25, 0.25, 0.25, 0.25, 0.26666666666666666, 0.23333333333333334, 0.25, 0.23333333333333334, 0.2, 0.23333333333333334, 0.25, 0.23333333333333334, 0.2]}