{"train_loss": [1.804432064294815, 1.7863660752773285, 1.7850314676761627, 1.7794986367225647, 1.7737087309360504, 1.7736226320266724, 1.768503099679947, 1.7699036002159119, 1.7684146761894226, 1.7673559486865997, 1.7699745893478394, 1.7663935720920563, 1.7664491832256317, 1.7643983066082, 1.7651802599430084, 1.759768009185791, 1.7637800872325897, 1.7652966678142548, 1.765023797750473, 1.762237697839737, 1.7664458751678467, 1.7527831196784973, 1.7698656916618347, 1.762481689453125, 1.7683175206184387, 1.754574716091156, 1.7574880421161652, 1.7502348721027374, 1.7493554651737213, 1.7411681413650513, 1.7328445315361023, 1.7369461357593536, 1.7309121191501617, 1.7402750551700592, 1.7217753529548645, 1.7089199721813202, 1.7108564972877502, 1.7197976112365723, 1.7037360668182373, 1.6961256265640259, 1.7142308354377747, 1.6569710969924927, 1.67050901055336, 1.6653192043304443, 1.6508719325065613, 1.6442451775074005, 1.648832529783249, 1.633149802684784, 1.6565601825714111, 1.6493681073188782, 1.6566563248634338, 1.6422532200813293, 1.6085463762283325, 1.6272480487823486, 1.6147706806659698, 1.6296500861644745, 1.6169922649860382, 1.6074185967445374, 1.6228180229663849, 1.605812281370163, 1.6048563420772552, 1.6434992253780365, 1.586993157863617, 1.6178577244281769, 1.6071762144565582, 1.591247797012329, 1.5960666239261627, 1.5574287176132202, 1.5504834949970245, 1.5684497356414795, 1.5598287880420685, 1.5882563889026642, 1.570735603570938, 1.567657232284546, 1.5346837639808655, 1.561156451702118, 1.5748850405216217, 1.5737202167510986, 1.5592205822467804, 1.5545228719711304, 1.5316981673240662, 1.5341437458992004, 1.5486328899860382, 1.547981172800064, 1.5399845838546753, 1.5419553518295288, 1.5635277926921844, 1.5388687551021576, 1.5380516052246094, 1.5346613228321075, 1.5146317183971405, 1.5209253132343292, 1.5203808844089508, 1.5272729098796844, 1.5157254338264465, 1.5197595059871674, 1.5035330057144165, 1.4792881608009338, 1.4964044988155365, 1.4805200397968292], "train_acc": [0.14583333333333334, 0.1875, 0.19375, 0.20833333333333334, 0.17916666666666667, 0.19583333333333333, 0.24583333333333332, 0.19791666666666666, 0.175, 0.23125, 0.19583333333333333, 0.18958333333333333, 0.19791666666666666, 0.21666666666666667, 0.22291666666666668, 0.22083333333333333, 0.20208333333333334, 0.2125, 0.22708333333333333, 0.2375, 0.16666666666666666, 0.23541666666666666, 0.23125, 0.22291666666666668, 0.18541666666666667, 0.20625, 0.24375, 0.22916666666666666, 0.21666666666666667, 0.28958333333333336, 0.2625, 0.2375, 0.28958333333333336, 0.26458333333333334, 0.25, 0.2708333333333333, 0.26458333333333334, 0.2875, 0.27291666666666664, 0.3020833333333333, 0.26666666666666666, 0.31875, 0.3333333333333333, 0.30416666666666664, 0.3125, 0.32916666666666666, 0.3416666666666667, 0.3229166666666667, 0.31666666666666665, 0.32708333333333334, 0.33958333333333335, 0.3229166666666667, 0.34375, 0.3416666666666667, 0.3541666666666667, 0.3541666666666667, 0.325, 0.3458333333333333, 0.3416666666666667, 0.3645833333333333, 0.33541666666666664, 0.3229166666666667, 0.36041666666666666, 0.33125, 0.34791666666666665, 0.35208333333333336, 0.3416666666666667, 0.37083333333333335, 0.3854166666666667, 0.3770833333333333, 0.375, 0.3416666666666667, 0.35833333333333334, 0.3625, 0.37916666666666665, 0.34791666666666665, 0.34791666666666665, 0.36666666666666664, 0.35833333333333334, 0.3875, 0.36041666666666666, 0.36041666666666666, 0.35833333333333334, 0.3645833333333333, 0.36875, 0.375, 0.37083333333333335, 0.3645833333333333, 0.36041666666666666, 0.38125, 0.3645833333333333, 0.38125, 0.3645833333333333, 0.36875, 0.36666666666666664, 0.38333333333333336, 0.38333333333333336, 0.3854166666666667, 0.3770833333333333, 0.38958333333333334], "val_loss": [1.7649993896484375, 1.772952914237976, 1.7602170705795288, 1.7700068950653076, 1.755820870399475, 1.7516998052597046, 1.7332624197006226, 1.7451006174087524, 1.7500731945037842, 1.744789958000183, 1.745978593826294, 1.7503397464752197, 1.7495688199996948, 1.7476903200149536, 1.7395625114440918, 1.742464542388916, 1.7499442100524902, 1.755544662475586, 1.7502926588058472, 1.755772352218628, 1.7494357824325562, 1.746950387954712, 1.7454344034194946, 1.746867060661316, 1.7631866931915283, 1.763885498046875, 1.7583622932434082, 1.7786812782287598, 1.7814055681228638, 1.7472023963928223, 1.7977153062820435, 1.790526032447815, 1.7699389457702637, 1.7616424560546875, 1.8098646402359009, 1.812947392463684, 1.7173845767974854, 1.770623803138733, 1.7914597988128662, 1.793332576751709, 1.7361400127410889, 1.8012622594833374, 1.7337077856063843, 1.7805030345916748, 1.686497449874878, 1.8333607912063599, 1.7428969144821167, 1.7822364568710327, 1.6635706424713135, 1.7928414344787598, 1.8064982891082764, 1.697925329208374, 1.787521481513977, 1.7840434312820435, 1.730580449104309, 1.751041054725647, 1.7819920778274536, 1.8013004064559937, 1.6860793828964233, 1.760961890220642, 1.7656939029693604, 1.617597222328186, 1.815683364868164, 1.8268851041793823, 1.7817624807357788, 1.7709518671035767, 1.710938572883606, 1.7665497064590454, 1.756261944770813, 1.7722609043121338, 1.7348147630691528, 1.7064167261123657, 1.7476885318756104, 1.7722758054733276, 1.7658473253250122, 1.674484133720398, 1.7974430322647095, 1.7113527059555054, 1.70599365234375, 1.743025302886963, 1.7352187633514404, 1.7259007692337036, 1.7485311031341553, 1.7896109819412231, 1.7276803255081177, 1.7462615966796875, 1.7993359565734863, 1.8299416303634644, 1.6990013122558594, 1.6792720556259155, 1.740946888923645, 1.7701598405838013, 1.7318452596664429, 1.7279937267303467, 1.7987066507339478, 1.6854748725891113, 1.8143537044525146, 1.748902678489685, 1.7271807193756104, 1.7926195859909058], "val_acc": [0.18333333333333332, 0.18333333333333332, 0.08333333333333333, 0.13333333333333333, 0.13333333333333333, 0.15, 0.23333333333333334, 0.1, 0.18333333333333332, 0.2, 0.11666666666666667, 0.11666666666666667, 0.13333333333333333, 0.16666666666666666, 0.18333333333333332, 0.13333333333333333, 0.13333333333333333, 0.18333333333333332, 0.15, 0.18333333333333332, 0.15, 0.18333333333333332, 0.16666666666666666, 0.16666666666666666, 0.15, 0.11666666666666667, 0.15, 0.25, 0.15, 0.25, 0.2, 0.21666666666666667, 0.2, 0.2, 0.2, 0.2, 0.25, 0.25, 0.2, 0.2833333333333333, 0.26666666666666666, 0.23333333333333334, 0.23333333333333334, 0.26666666666666666, 0.3, 0.25, 0.25, 0.26666666666666666, 0.2833333333333333, 0.23333333333333334, 0.25, 0.31666666666666665, 0.25, 0.23333333333333334, 0.31666666666666665, 0.2833333333333333, 0.2833333333333333, 0.23333333333333334, 0.2833333333333333, 0.35, 0.26666666666666666, 0.35, 0.35, 0.25, 0.3, 0.3, 0.25, 0.31666666666666665, 0.31666666666666665, 0.2833333333333333, 0.3, 0.26666666666666666, 0.26666666666666666, 0.2833333333333333, 0.26666666666666666, 0.3333333333333333, 0.3, 0.3, 0.38333333333333336, 0.25, 0.2833333333333333, 0.31666666666666665, 0.36666666666666664, 0.25, 0.25, 0.36666666666666664, 0.23333333333333334, 0.2833333333333333, 0.2833333333333333, 0.26666666666666666, 0.35, 0.25, 0.26666666666666666, 0.3, 0.31666666666666665, 0.3333333333333333, 0.25, 0.26666666666666666, 0.3, 0.3]}