{"train_loss": [1.792323350906372, 1.7910559475421906, 1.7899456322193146, 1.7888681888580322, 1.790647178888321, 1.7893527746200562, 1.7888170778751373, 1.7890175580978394, 1.7891817092895508, 1.7873843014240265, 1.7858778834342957, 1.785682052373886, 1.782277911901474, 1.7824643552303314, 1.7794250845909119, 1.7719943225383759, 1.7705214619636536, 1.7686332166194916, 1.7719759941101074, 1.7721074223518372, 1.7711464166641235, 1.7650233805179596, 1.7689209878444672, 1.7697588205337524, 1.7652997076511383, 1.7607528567314148, 1.7640793323516846, 1.757047563791275, 1.7644016742706299, 1.7605940103530884, 1.7653673887252808, 1.758000522851944, 1.7543878853321075, 1.755674570798874, 1.7471432387828827, 1.7556831538677216, 1.7503585815429688, 1.755586415529251, 1.7476682364940643, 1.7520279586315155, 1.743467092514038, 1.732897937297821, 1.7543156445026398, 1.7500852644443512, 1.7432689666748047, 1.746340960264206, 1.7469514310359955, 1.737095296382904, 1.7420868873596191, 1.7571832835674286, 1.7479605972766876, 1.7397348284721375, 1.7497712671756744, 1.7448932230472565, 1.7460113167762756, 1.7390676140785217, 1.7344623804092407, 1.7432434260845184, 1.740343689918518, 1.7345169186592102, 1.7509731948375702, 1.7423367500305176, 1.7396966516971588, 1.7356728315353394, 1.7334165573120117, 1.7330968379974365, 1.7286916971206665, 1.7292593717575073, 1.7313929796218872, 1.7327603101730347, 1.7267594635486603, 1.725747525691986, 1.7232416868209839, 1.7327362895011902, 1.7157499492168427, 1.7280342280864716, 1.7220412492752075, 1.7273789048194885, 1.7165786921977997, 1.7253378033638, 1.7125506103038788, 1.7175884544849396, 1.702255666255951, 1.7078582346439362, 1.6956827640533447, 1.7017832100391388, 1.6975950002670288, 1.7057221829891205, 1.7031506597995758, 1.68356192111969, 1.6989869177341461, 1.7052469849586487, 1.70871040225029, 1.6903346180915833, 1.6944282054901123, 1.6893316209316254, 1.6947717070579529, 1.668763130903244, 1.6832960844039917, 1.6751777529716492], "train_acc": [0.17291666666666666, 0.17291666666666666, 0.18333333333333332, 0.17916666666666667, 0.18125, 0.18541666666666667, 0.18333333333333332, 0.18333333333333332, 0.18125, 0.18958333333333333, 0.1875, 0.18541666666666667, 0.20208333333333334, 0.21666666666666667, 0.19791666666666666, 0.21041666666666667, 0.20625, 0.18958333333333333, 0.20833333333333334, 0.20625, 0.21458333333333332, 0.1875, 0.22916666666666666, 0.24375, 0.20833333333333334, 0.20625, 0.21041666666666667, 0.22083333333333333, 0.20833333333333334, 0.23958333333333334, 0.21041666666666667, 0.21875, 0.22916666666666666, 0.21666666666666667, 0.23333333333333334, 0.24375, 0.22916666666666666, 0.22708333333333333, 0.23958333333333334, 0.21666666666666667, 0.25833333333333336, 0.21875, 0.22291666666666668, 0.225, 0.22708333333333333, 0.2125, 0.23541666666666666, 0.23333333333333334, 0.2375, 0.21041666666666667, 0.2, 0.23333333333333334, 0.23125, 0.24583333333333332, 0.23125, 0.25625, 0.25625, 0.24375, 0.24166666666666667, 0.23125, 0.21875, 0.23125, 0.24583333333333332, 0.20625, 0.23333333333333334, 0.27291666666666664, 0.25416666666666665, 0.24791666666666667, 0.23958333333333334, 0.23541666666666666, 0.2520833333333333, 0.25416666666666665, 0.24583333333333332, 0.27708333333333335, 0.2875, 0.2520833333333333, 0.25833333333333336, 0.275, 0.26666666666666666, 0.26458333333333334, 0.27708333333333335, 0.26458333333333334, 0.26875, 0.26875, 0.3229166666666667, 0.275, 0.26875, 0.275, 0.27708333333333335, 0.2791666666666667, 0.28541666666666665, 0.2604166666666667, 0.24166666666666667, 0.29583333333333334, 0.24583333333333332, 0.2791666666666667, 0.28541666666666665, 0.3104166666666667, 0.2916666666666667, 0.3], "val_loss": [1.8098187446594238, 1.812878966331482, 1.810693383216858, 1.8098323345184326, 1.810558557510376, 1.8105597496032715, 1.8086422681808472, 1.8071515560150146, 1.8052024841308594, 1.8027153015136719, 1.800869345664978, 1.8001854419708252, 1.798258662223816, 1.790082335472107, 1.780901551246643, 1.7706377506256104, 1.7605435848236084, 1.765102505683899, 1.7548377513885498, 1.7544994354248047, 1.7502995729446411, 1.7495921850204468, 1.7513220310211182, 1.747710108757019, 1.7530615329742432, 1.7551015615463257, 1.7567417621612549, 1.7517330646514893, 1.7561700344085693, 1.7453229427337646, 1.7432056665420532, 1.7470602989196777, 1.7517712116241455, 1.7586368322372437, 1.7531911134719849, 1.7437304258346558, 1.7528349161148071, 1.7593547105789185, 1.7413265705108643, 1.7430130243301392, 1.7345030307769775, 1.7410823106765747, 1.737850308418274, 1.7411110401153564, 1.7559632062911987, 1.7424665689468384, 1.7426618337631226, 1.7534997463226318, 1.7585655450820923, 1.7330659627914429, 1.7360479831695557, 1.7464830875396729, 1.7466191053390503, 1.728890299797058, 1.7299880981445312, 1.7442421913146973, 1.7465851306915283, 1.7471709251403809, 1.7445570230484009, 1.7319847345352173, 1.743709921836853, 1.7432626485824585, 1.7285112142562866, 1.7350314855575562, 1.7390955686569214, 1.7472771406173706, 1.7257500886917114, 1.716331124305725, 1.723260521888733, 1.7463901042938232, 1.7301884889602661, 1.697311520576477, 1.732017159461975, 1.7489073276519775, 1.7288917303085327, 1.7111878395080566, 1.7561670541763306, 1.7262238264083862, 1.707690954208374, 1.7335143089294434, 1.722312569618225, 1.7097829580307007, 1.7174222469329834, 1.7057157754898071, 1.718003511428833, 1.724987506866455, 1.7334235906600952, 1.7216341495513916, 1.7203118801116943, 1.6995655298233032, 1.7175482511520386, 1.7237101793289185, 1.7049884796142578, 1.7234095335006714, 1.701278805732727, 1.7095009088516235, 1.7117100954055786, 1.6985341310501099, 1.701815128326416, 1.6974353790283203], "val_acc": [0.16666666666666666, 0.08333333333333333, 0.08333333333333333, 0.08333333333333333, 0.08333333333333333, 0.08333333333333333, 0.08333333333333333, 0.08333333333333333, 0.08333333333333333, 0.11666666666666667, 0.11666666666666667, 0.11666666666666667, 0.11666666666666667, 0.11666666666666667, 0.13333333333333333, 0.16666666666666666, 0.18333333333333332, 0.18333333333333332, 0.15, 0.16666666666666666, 0.15, 0.13333333333333333, 0.2, 0.15, 0.13333333333333333, 0.13333333333333333, 0.15, 0.18333333333333332, 0.16666666666666666, 0.21666666666666667, 0.23333333333333334, 0.18333333333333332, 0.2, 0.23333333333333334, 0.18333333333333332, 0.2, 0.16666666666666666, 0.16666666666666666, 0.21666666666666667, 0.18333333333333332, 0.18333333333333332, 0.16666666666666666, 0.16666666666666666, 0.21666666666666667, 0.15, 0.21666666666666667, 0.21666666666666667, 0.2, 0.18333333333333332, 0.18333333333333332, 0.21666666666666667, 0.18333333333333332, 0.16666666666666666, 0.2, 0.2, 0.21666666666666667, 0.2, 0.2, 0.2, 0.23333333333333334, 0.21666666666666667, 0.2, 0.21666666666666667, 0.21666666666666667, 0.18333333333333332, 0.16666666666666666, 0.25, 0.25, 0.13333333333333333, 0.2, 0.2833333333333333, 0.16666666666666666, 0.16666666666666666, 0.18333333333333332, 0.23333333333333334, 0.21666666666666667, 0.16666666666666666, 0.13333333333333333, 0.25, 0.23333333333333334, 0.2, 0.25, 0.2833333333333333, 0.2, 0.23333333333333334, 0.21666666666666667, 0.15, 0.2833333333333333, 0.3333333333333333, 0.2, 0.3333333333333333, 0.35, 0.3, 0.3333333333333333, 0.2833333333333333, 0.36666666666666664, 0.3333333333333333, 0.31666666666666665, 0.31666666666666665, 0.3333333333333333]}