{"train_loss": [1.7993800342082977, 1.7958762347698212, 1.7942117750644684, 1.7934853732585907, 1.7916690111160278, 1.790659099817276, 1.7896136045455933, 1.78566774725914, 1.7863275408744812, 1.7815269529819489, 1.7778761982917786, 1.7695826888084412, 1.7721716463565826, 1.7568334937095642, 1.7602326273918152, 1.7595319151878357, 1.7608380317687988, 1.7652324438095093, 1.7592190206050873, 1.7636072635650635, 1.7577836215496063, 1.7548605799674988, 1.7635289132595062, 1.7528241872787476, 1.7534400522708893, 1.757401317358017, 1.7475325167179108, 1.7505618631839752, 1.7471475899219513, 1.7486936748027802, 1.749487817287445, 1.7435928583145142, 1.7447888851165771, 1.7421241998672485, 1.7484380304813385, 1.7504444122314453, 1.74843630194664, 1.7496262192726135, 1.7395864725112915, 1.7346214354038239, 1.7425716519355774, 1.7386742234230042, 1.736926257610321, 1.7390046119689941, 1.742972046136856, 1.7430362105369568, 1.7389983236789703, 1.7313477098941803, 1.7439553439617157, 1.7408173084259033, 1.7415677309036255, 1.7417371273040771, 1.7297436594963074, 1.73641699552536, 1.724734365940094, 1.7321687638759613, 1.7339894473552704, 1.7185945808887482, 1.7255895733833313, 1.7373483180999756, 1.7224368751049042, 1.7277447879314423, 1.7159810662269592, 1.720498114824295, 1.7351502776145935, 1.724307805299759, 1.7167271375656128, 1.719856321811676, 1.7227854132652283, 1.71268430352211, 1.7118749022483826, 1.7112644612789154, 1.7064171433448792, 1.7117995619773865, 1.7180794775485992, 1.7055160105228424, 1.7015916407108307, 1.7053647935390472, 1.7153191268444061, 1.7057594954967499, 1.713275671005249, 1.6940728425979614, 1.7065885365009308, 1.6986455023288727, 1.7039145529270172, 1.6894057989120483, 1.7028658092021942, 1.6989969611167908, 1.683601289987564, 1.6935526132583618, 1.6792039275169373, 1.67964369058609, 1.6731679439544678, 1.6850570440292358, 1.696713626384735, 1.7074779272079468, 1.6788257360458374, 1.6860957443714142, 1.6772208213806152, 1.6836057901382446], "train_acc": [0.17083333333333334, 0.17083333333333334, 0.17083333333333334, 0.17291666666666666, 0.17083333333333334, 0.17708333333333334, 0.18958333333333333, 0.17916666666666667, 0.16666666666666666, 0.1875, 0.23125, 0.18541666666666667, 0.2, 0.22708333333333333, 0.21875, 0.20833333333333334, 0.2125, 0.20833333333333334, 0.20625, 0.21458333333333332, 0.2375, 0.23333333333333334, 0.22083333333333333, 0.22291666666666668, 0.24166666666666667, 0.225, 0.2625, 0.225, 0.23541666666666666, 0.2125, 0.24375, 0.24583333333333332, 0.22291666666666668, 0.21041666666666667, 0.22708333333333333, 0.23958333333333334, 0.225, 0.25, 0.25416666666666665, 0.25, 0.225, 0.25, 0.24375, 0.23958333333333334, 0.22083333333333333, 0.25, 0.22083333333333333, 0.275, 0.2375, 0.2604166666666667, 0.25416666666666665, 0.25625, 0.25625, 0.23541666666666666, 0.24375, 0.25416666666666665, 0.23333333333333334, 0.27291666666666664, 0.25833333333333336, 0.25833333333333336, 0.2604166666666667, 0.24583333333333332, 0.2708333333333333, 0.26458333333333334, 0.2375, 0.26458333333333334, 0.275, 0.24375, 0.2604166666666667, 0.2520833333333333, 0.26458333333333334, 0.2791666666666667, 0.26666666666666666, 0.26458333333333334, 0.2833333333333333, 0.26875, 0.275, 0.2604166666666667, 0.23958333333333334, 0.29375, 0.2708333333333333, 0.25, 0.28125, 0.26666666666666666, 0.2916666666666667, 0.275, 0.2708333333333333, 0.2833333333333333, 0.28958333333333336, 0.2833333333333333, 0.3, 0.28958333333333336, 0.3, 0.31666666666666665, 0.28541666666666665, 0.26666666666666666, 0.29791666666666666, 0.29583333333333334, 0.28125, 0.29583333333333334], "val_loss": [1.7773510217666626, 1.7781842947006226, 1.7796133756637573, 1.7819043397903442, 1.7842689752578735, 1.7866417169570923, 1.7898534536361694, 1.7892440557479858, 1.7900402545928955, 1.7834722995758057, 1.7774169445037842, 1.776173710823059, 1.7747516632080078, 1.7689050436019897, 1.768372893333435, 1.7710095643997192, 1.7644609212875366, 1.7596462965011597, 1.771101474761963, 1.7686476707458496, 1.7604719400405884, 1.763064980506897, 1.7616056203842163, 1.7618132829666138, 1.7598625421524048, 1.76127290725708, 1.7664945125579834, 1.761512041091919, 1.7580519914627075, 1.7614785432815552, 1.757792353630066, 1.7538145780563354, 1.7523027658462524, 1.7506978511810303, 1.750658392906189, 1.749096155166626, 1.7424778938293457, 1.7389144897460938, 1.734165906906128, 1.7363938093185425, 1.7408299446105957, 1.7335402965545654, 1.7277705669403076, 1.7303004264831543, 1.7338578701019287, 1.7349963188171387, 1.729623556137085, 1.7226793766021729, 1.7181564569473267, 1.7156548500061035, 1.715574026107788, 1.717910647392273, 1.7196080684661865, 1.717908263206482, 1.7163348197937012, 1.727737307548523, 1.714545726776123, 1.7138904333114624, 1.714178442955017, 1.710070013999939, 1.7036190032958984, 1.7036845684051514, 1.7031751871109009, 1.7011808156967163, 1.6976666450500488, 1.7122389078140259, 1.6972098350524902, 1.6874538660049438, 1.6864560842514038, 1.6872313022613525, 1.691305160522461, 1.6881755590438843, 1.6759452819824219, 1.6719685792922974, 1.6611425876617432, 1.6701172590255737, 1.678178310394287, 1.6505125761032104, 1.6502773761749268, 1.6725150346755981, 1.6604000329971313, 1.6439627408981323, 1.6359264850616455, 1.6367135047912598, 1.6447209119796753, 1.627064824104309, 1.6559733152389526, 1.6370712518692017, 1.6437761783599854, 1.629838466644287, 1.6457655429840088, 1.6157339811325073, 1.6079813241958618, 1.6031839847564697, 1.619744896888733, 1.6288294792175293, 1.5911520719528198, 1.6233633756637573, 1.6192283630371094, 1.61275315284729], "val_acc": [0.23333333333333334, 0.23333333333333334, 0.23333333333333334, 0.23333333333333334, 0.23333333333333334, 0.23333333333333334, 0.2, 0.21666666666666667, 0.23333333333333334, 0.13333333333333333, 0.21666666666666667, 0.25, 0.2833333333333333, 0.26666666666666666, 0.25, 0.25, 0.21666666666666667, 0.21666666666666667, 0.25, 0.25, 0.2, 0.16666666666666666, 0.15, 0.16666666666666666, 0.21666666666666667, 0.21666666666666667, 0.21666666666666667, 0.2, 0.15, 0.18333333333333332, 0.18333333333333332, 0.18333333333333332, 0.15, 0.21666666666666667, 0.18333333333333332, 0.2, 0.2, 0.16666666666666666, 0.16666666666666666, 0.18333333333333332, 0.18333333333333332, 0.16666666666666666, 0.2, 0.16666666666666666, 0.16666666666666666, 0.16666666666666666, 0.18333333333333332, 0.18333333333333332, 0.18333333333333332, 0.21666666666666667, 0.21666666666666667, 0.18333333333333332, 0.15, 0.2, 0.2, 0.2, 0.18333333333333332, 0.21666666666666667, 0.2, 0.2, 0.2, 0.2, 0.2, 0.21666666666666667, 0.23333333333333334, 0.2, 0.2, 0.25, 0.25, 0.26666666666666666, 0.2833333333333333, 0.25, 0.3, 0.26666666666666666, 0.26666666666666666, 0.26666666666666666, 0.26666666666666666, 0.31666666666666665, 0.2833333333333333, 0.26666666666666666, 0.25, 0.2833333333333333, 0.3, 0.2833333333333333, 0.26666666666666666, 0.23333333333333334, 0.26666666666666666, 0.3, 0.23333333333333334, 0.3333333333333333, 0.25, 0.3, 0.3, 0.3333333333333333, 0.31666666666666665, 0.31666666666666665, 0.35, 0.21666666666666667, 0.2833333333333333, 0.2833333333333333]}