{"train_loss": [1.7924643456935883, 1.7913152575492859, 1.7905166149139404, 1.790318340063095, 1.7891963124275208, 1.7888087928295135, 1.7872443795204163, 1.7874820530414581, 1.7868555784225464, 1.7872835099697113, 1.785786658525467, 1.7840359508991241, 1.7814086079597473, 1.7807907462120056, 1.7805432081222534, 1.7790586650371552, 1.775874674320221, 1.7734938561916351, 1.7771320343017578, 1.7774227559566498, 1.7750974893569946, 1.7745653688907623, 1.770919919013977, 1.7719403207302094, 1.7712204158306122, 1.7690940499305725, 1.7669456899166107, 1.7617619633674622, 1.762782633304596, 1.7634469866752625, 1.7659270763397217, 1.760380119085312, 1.754317581653595, 1.7550121545791626, 1.757577121257782, 1.7505570650100708, 1.7464945316314697, 1.7492644786834717, 1.7442018687725067, 1.743129849433899, 1.7367554306983948, 1.7364754676818848, 1.73876291513443, 1.742729276418686, 1.7356089353561401, 1.733579844236374, 1.7445004284381866, 1.7463334500789642, 1.734366625547409, 1.740356206893921, 1.7397130727767944, 1.729703575372696, 1.7295190691947937, 1.727052241563797, 1.7311640083789825, 1.7235263288021088, 1.7196011543273926, 1.7275473773479462, 1.7259810268878937, 1.7192538380622864, 1.7206858098506927, 1.7202005982398987, 1.7148085534572601, 1.7216309905052185, 1.7225227355957031, 1.7150557339191437, 1.715301364660263, 1.715721756219864, 1.716615080833435, 1.7000831067562103, 1.710890769958496, 1.7224800884723663, 1.7120695114135742, 1.711067795753479, 1.7071635723114014, 1.7055712342262268, 1.716243326663971, 1.6979594230651855, 1.7068454921245575, 1.7106168568134308, 1.6910521686077118, 1.6940196752548218, 1.7038489282131195, 1.7110842764377594, 1.712857723236084, 1.690337359905243, 1.7083680629730225, 1.7061899304389954, 1.6953237354755402, 1.6910561323165894, 1.6926423609256744, 1.6810846328735352, 1.6816966831684113, 1.6916925013065338, 1.68277969956398, 1.689621090888977, 1.6777120232582092, 1.6902850568294525, 1.6842770874500275, 1.6769083738327026], "train_acc": [0.15625, 0.1625, 0.18541666666666667, 0.17916666666666667, 0.17708333333333334, 0.17916666666666667, 0.21041666666666667, 0.19375, 0.17083333333333334, 0.18333333333333332, 0.18125, 0.18125, 0.22916666666666666, 0.23541666666666666, 0.225, 0.21666666666666667, 0.25416666666666665, 0.2708333333333333, 0.2520833333333333, 0.23958333333333334, 0.23541666666666666, 0.24375, 0.24791666666666667, 0.2375, 0.25, 0.23541666666666666, 0.21666666666666667, 0.23125, 0.20625, 0.23125, 0.23333333333333334, 0.22291666666666668, 0.22083333333333333, 0.24583333333333332, 0.21875, 0.22291666666666668, 0.22708333333333333, 0.23125, 0.22708333333333333, 0.2604166666666667, 0.26666666666666666, 0.25, 0.2520833333333333, 0.24166666666666667, 0.2520833333333333, 0.2604166666666667, 0.25, 0.25625, 0.22916666666666666, 0.23541666666666666, 0.23958333333333334, 0.25625, 0.25833333333333336, 0.275, 0.25, 0.275, 0.2708333333333333, 0.26458333333333334, 0.26666666666666666, 0.275, 0.27291666666666664, 0.24583333333333332, 0.2625, 0.2791666666666667, 0.26666666666666666, 0.28541666666666665, 0.28125, 0.25416666666666665, 0.28541666666666665, 0.2916666666666667, 0.26875, 0.275, 0.27291666666666664, 0.2708333333333333, 0.26666666666666666, 0.28541666666666665, 0.26875, 0.3020833333333333, 0.3020833333333333, 0.2791666666666667, 0.3020833333333333, 0.28541666666666665, 0.28125, 0.2916666666666667, 0.3, 0.30416666666666664, 0.28541666666666665, 0.28541666666666665, 0.28958333333333336, 0.29791666666666666, 0.3, 0.28541666666666665, 0.2916666666666667, 0.29375, 0.29583333333333334, 0.29583333333333334, 0.3020833333333333, 0.28541666666666665, 0.28958333333333336, 0.29791666666666666], "val_loss": [1.7945083379745483, 1.7953109741210938, 1.7967586517333984, 1.7987719774246216, 1.7999416589736938, 1.8013027906417847, 1.8032087087631226, 1.8043575286865234, 1.805707335472107, 1.8057124614715576, 1.801456332206726, 1.7967145442962646, 1.7955974340438843, 1.7967931032180786, 1.7967101335525513, 1.7932382822036743, 1.7887060642242432, 1.7860527038574219, 1.785277009010315, 1.7820873260498047, 1.7830134630203247, 1.7842748165130615, 1.7808825969696045, 1.7796001434326172, 1.7772114276885986, 1.7781962156295776, 1.780685544013977, 1.7791954278945923, 1.7799891233444214, 1.7796547412872314, 1.781219244003296, 1.7806533575057983, 1.7807644605636597, 1.7810747623443604, 1.779539942741394, 1.782520055770874, 1.786096453666687, 1.7900265455245972, 1.7896698713302612, 1.7902641296386719, 1.781754732131958, 1.774543046951294, 1.7777478694915771, 1.7892881631851196, 1.7987884283065796, 1.7923829555511475, 1.782030701637268, 1.785555362701416, 1.7967946529388428, 1.793429970741272, 1.7909352779388428, 1.7907166481018066, 1.7844722270965576, 1.7967239618301392, 1.8094642162322998, 1.7915490865707397, 1.7979259490966797, 1.8127411603927612, 1.8159563541412354, 1.8080960512161255, 1.8087589740753174, 1.8144283294677734, 1.8175091743469238, 1.8245362043380737, 1.8070074319839478, 1.8066850900650024, 1.8334227800369263, 1.8044708967208862, 1.8149375915527344, 1.8204567432403564, 1.8329044580459595, 1.8225005865097046, 1.7961654663085938, 1.8147987127304077, 1.839733362197876, 1.8133046627044678, 1.800247073173523, 1.7938710451126099, 1.8075878620147705, 1.826263666152954, 1.815372109413147, 1.80531644821167, 1.8107701539993286, 1.806304693222046, 1.806531310081482, 1.81071138381958, 1.8047325611114502, 1.8030604124069214, 1.7932734489440918, 1.7947150468826294, 1.7966063022613525, 1.8202663660049438, 1.8028103113174438, 1.7786754369735718, 1.8020126819610596, 1.816404104232788, 1.7978174686431885, 1.7832280397415161, 1.7923414707183838, 1.7974721193313599], "val_acc": [0.18333333333333332, 0.15, 0.1, 0.1, 0.1, 0.11666666666666667, 0.13333333333333333, 0.11666666666666667, 0.11666666666666667, 0.11666666666666667, 0.11666666666666667, 0.13333333333333333, 0.13333333333333333, 0.11666666666666667, 0.1, 0.11666666666666667, 0.2, 0.15, 0.16666666666666666, 0.2833333333333333, 0.25, 0.15, 0.18333333333333332, 0.18333333333333332, 0.2, 0.21666666666666667, 0.2, 0.23333333333333334, 0.21666666666666667, 0.23333333333333334, 0.2, 0.15, 0.2, 0.21666666666666667, 0.21666666666666667, 0.21666666666666667, 0.2, 0.2, 0.2, 0.2, 0.26666666666666666, 0.26666666666666666, 0.21666666666666667, 0.23333333333333334, 0.18333333333333332, 0.21666666666666667, 0.25, 0.21666666666666667, 0.16666666666666666, 0.25, 0.16666666666666666, 0.2, 0.23333333333333334, 0.25, 0.18333333333333332, 0.2833333333333333, 0.2833333333333333, 0.23333333333333334, 0.21666666666666667, 0.26666666666666666, 0.26666666666666666, 0.25, 0.26666666666666666, 0.21666666666666667, 0.25, 0.21666666666666667, 0.2, 0.25, 0.2833333333333333, 0.26666666666666666, 0.23333333333333334, 0.26666666666666666, 0.25, 0.26666666666666666, 0.23333333333333334, 0.3, 0.31666666666666665, 0.3, 0.3, 0.26666666666666666, 0.2833333333333333, 0.26666666666666666, 0.3, 0.31666666666666665, 0.2833333333333333, 0.3, 0.3, 0.2833333333333333, 0.31666666666666665, 0.2833333333333333, 0.3, 0.26666666666666666, 0.31666666666666665, 0.3, 0.35, 0.3333333333333333, 0.31666666666666665, 0.31666666666666665, 0.3333333333333333, 0.36666666666666664]}