{"train_loss": [1.804878979921341, 1.7781745493412018, 1.7708251476287842, 1.7646053433418274, 1.7598800659179688, 1.7553853392601013, 1.7483864724636078, 1.7493749260902405, 1.7510617673397064, 1.7504298388957977, 1.7543711364269257, 1.7496838867664337, 1.7510316669940948, 1.7522242963314056, 1.746345043182373, 1.7443475425243378, 1.7512300908565521, 1.7510817646980286, 1.745466411113739, 1.751562625169754, 1.7535679042339325, 1.744877189397812, 1.7453078925609589, 1.7461476922035217, 1.7439022064208984, 1.7383058667182922, 1.7354107797145844, 1.7286614775657654, 1.734978586435318, 1.7331486344337463, 1.763915330171585, 1.7335506677627563, 1.7365803718566895, 1.7083632051944733, 1.6951878368854523, 1.6905830204486847, 1.7012496888637543, 1.6906635463237762, 1.688645601272583, 1.6690823435783386, 1.6942484974861145, 1.6988138556480408, 1.678691804409027, 1.6894550621509552, 1.7075870633125305, 1.673423171043396, 1.6805479526519775, 1.678195834159851, 1.6674394607543945, 1.675460308790207, 1.6536453068256378, 1.6484884917736053, 1.6729886829853058, 1.6580267548561096, 1.6445900797843933, 1.6558749973773956, 1.6421318352222443, 1.6435985267162323, 1.641484558582306, 1.6327480971813202, 1.6204087734222412, 1.6359404623508453, 1.6078177094459534, 1.612513154745102, 1.607610672712326, 1.6328510642051697, 1.6045893430709839, 1.634068876504898, 1.6257435977458954, 1.609656661748886, 1.59149968624115, 1.5994659960269928, 1.6220499277114868, 1.5913779437541962, 1.5977404415607452, 1.5909713506698608, 1.5769287645816803, 1.5836644768714905, 1.5671807527542114, 1.5726107954978943, 1.5935842990875244, 1.5690382719039917, 1.566474050283432, 1.5653775036334991, 1.553968369960785, 1.6024051904678345, 1.5983384847640991, 1.5933172702789307, 1.556824415922165, 1.5364962220191956, 1.5509065687656403, 1.5278566479682922, 1.5314642786979675, 1.5643861293792725, 1.5528299510478973, 1.5265063643455505, 1.5275258421897888, 1.5336331725120544, 1.5292119979858398, 1.5286754369735718], "train_acc": [0.19583333333333333, 0.23333333333333334, 0.2, 0.18125, 0.27291666666666664, 0.23125, 0.23541666666666666, 0.19791666666666666, 0.21041666666666667, 0.22291666666666668, 0.24583333333333332, 0.2375, 0.23541666666666666, 0.24583333333333332, 0.2604166666666667, 0.25833333333333336, 0.27708333333333335, 0.25625, 0.24166666666666667, 0.26875, 0.23333333333333334, 0.26458333333333334, 0.26666666666666666, 0.275, 0.28125, 0.2708333333333333, 0.26458333333333334, 0.2875, 0.2708333333333333, 0.3, 0.25833333333333336, 0.26875, 0.22708333333333333, 0.26875, 0.29583333333333334, 0.3, 0.28541666666666665, 0.26666666666666666, 0.3145833333333333, 0.2875, 0.2916666666666667, 0.2791666666666667, 0.28958333333333336, 0.2625, 0.32916666666666666, 0.2833333333333333, 0.27291666666666664, 0.32708333333333334, 0.30625, 0.2916666666666667, 0.325, 0.31875, 0.3, 0.31875, 0.3333333333333333, 0.3020833333333333, 0.29791666666666666, 0.3145833333333333, 0.33125, 0.32083333333333336, 0.3104166666666667, 0.325, 0.3458333333333333, 0.3416666666666667, 0.34791666666666665, 0.32916666666666666, 0.3020833333333333, 0.30625, 0.32708333333333334, 0.37916666666666665, 0.3229166666666667, 0.34375, 0.3020833333333333, 0.3458333333333333, 0.34375, 0.3375, 0.33958333333333335, 0.3375, 0.36041666666666666, 0.35208333333333336, 0.35833333333333334, 0.33958333333333335, 0.36875, 0.35208333333333336, 0.3416666666666667, 0.3416666666666667, 0.3145833333333333, 0.35, 0.3541666666666667, 0.36041666666666666, 0.3458333333333333, 0.36041666666666666, 0.3416666666666667, 0.35, 0.36041666666666666, 0.37916666666666665, 0.3645833333333333, 0.3625, 0.375, 0.3625], "val_loss": [1.7829594612121582, 1.8019076585769653, 1.7595107555389404, 1.785308599472046, 1.7564942836761475, 1.7553894519805908, 1.7721267938613892, 1.7495838403701782, 1.7522730827331543, 1.74461030960083, 1.7642652988433838, 1.7563025951385498, 1.7622296810150146, 1.7527540922164917, 1.7413839101791382, 1.763231635093689, 1.7526081800460815, 1.7214009761810303, 1.7692335844039917, 1.7639198303222656, 1.7245668172836304, 1.7428689002990723, 1.76686692237854, 1.7519811391830444, 1.7303128242492676, 1.735044002532959, 1.746797800064087, 1.693865180015564, 1.7222106456756592, 1.6904733180999756, 1.7854872941970825, 1.6883527040481567, 1.7084757089614868, 1.7367957830429077, 1.6903733015060425, 1.6614099740982056, 1.7182449102401733, 1.6460182666778564, 1.6639811992645264, 1.6544965505599976, 1.6812130212783813, 1.6598707437515259, 1.6486027240753174, 1.6311039924621582, 1.7013602256774902, 1.5923131704330444, 1.6292835474014282, 1.6181777715682983, 1.6299495697021484, 1.6049813032150269, 1.5915809869766235, 1.6198318004608154, 1.6343357563018799, 1.593625783920288, 1.5915744304656982, 1.574462652206421, 1.5468544960021973, 1.567464828491211, 1.6152148246765137, 1.5380573272705078, 1.5954785346984863, 1.51103937625885, 1.5210129022598267, 1.5337975025177002, 1.578067660331726, 1.5528253316879272, 1.4942532777786255, 1.4950772523880005, 1.577151894569397, 1.5066678524017334, 1.4884698390960693, 1.550548791885376, 1.4937957525253296, 1.519702672958374, 1.4824957847595215, 1.4704887866973877, 1.509983777999878, 1.510217547416687, 1.5100497007369995, 1.4947911500930786, 1.4632481336593628, 1.493423581123352, 1.4664928913116455, 1.4738675355911255, 1.5458009243011475, 1.5107218027114868, 1.4601764678955078, 1.4784942865371704, 1.4784870147705078, 1.4649568796157837, 1.4553139209747314, 1.4417821168899536, 1.4515271186828613, 1.4681373834609985, 1.466597318649292, 1.5024914741516113, 1.5179531574249268, 1.484383225440979, 1.4988495111465454, 1.502029299736023], "val_acc": [0.2, 0.25, 0.16666666666666666, 0.18333333333333332, 0.18333333333333332, 0.18333333333333332, 0.23333333333333334, 0.16666666666666666, 0.23333333333333334, 0.2, 0.2, 0.2, 0.16666666666666666, 0.16666666666666666, 0.18333333333333332, 0.23333333333333334, 0.18333333333333332, 0.18333333333333332, 0.2, 0.18333333333333332, 0.23333333333333334, 0.21666666666666667, 0.23333333333333334, 0.2, 0.25, 0.23333333333333334, 0.18333333333333332, 0.25, 0.25, 0.23333333333333334, 0.18333333333333332, 0.25, 0.23333333333333334, 0.18333333333333332, 0.25, 0.21666666666666667, 0.23333333333333334, 0.31666666666666665, 0.25, 0.2833333333333333, 0.3, 0.3, 0.26666666666666666, 0.3, 0.3, 0.3, 0.38333333333333336, 0.3333333333333333, 0.36666666666666664, 0.3, 0.4, 0.2833333333333333, 0.21666666666666667, 0.3, 0.31666666666666665, 0.2833333333333333, 0.3333333333333333, 0.2833333333333333, 0.2833333333333333, 0.35, 0.23333333333333334, 0.38333333333333336, 0.38333333333333336, 0.35, 0.31666666666666665, 0.31666666666666665, 0.4, 0.4, 0.3333333333333333, 0.43333333333333335, 0.45, 0.3333333333333333, 0.38333333333333336, 0.35, 0.43333333333333335, 0.4, 0.3, 0.4, 0.3333333333333333, 0.4, 0.3333333333333333, 0.36666666666666664, 0.36666666666666664, 0.4, 0.35, 0.31666666666666665, 0.4, 0.43333333333333335, 0.4, 0.31666666666666665, 0.4, 0.36666666666666664, 0.3333333333333333, 0.31666666666666665, 0.36666666666666664, 0.36666666666666664, 0.35, 0.35, 0.36666666666666664, 0.3]}