{"train_loss": [1.7938555479049683, 1.7931137084960938, 1.7919560670852661, 1.7910140454769135, 1.7905677258968353, 1.7901787757873535, 1.7886901497840881, 1.7881264984607697, 1.787060260772705, 1.7841145992279053, 1.7819986939430237, 1.7811246514320374, 1.7771081924438477, 1.774840533733368, 1.7745676934719086, 1.7669612169265747, 1.7636663317680359, 1.7610627710819244, 1.7641417682170868, 1.7690691351890564, 1.7634890675544739, 1.7629571855068207, 1.760223239660263, 1.7608203887939453, 1.758810669183731, 1.7578387260437012, 1.7570647597312927, 1.7553547024726868, 1.7545405328273773, 1.7514499723911285, 1.7586897313594818, 1.7489853203296661, 1.7466411590576172, 1.746485859155655, 1.7459449768066406, 1.7602045834064484, 1.7485784888267517, 1.7451251447200775, 1.7352495789527893, 1.747651994228363, 1.7430388629436493, 1.7375946044921875, 1.7455524504184723, 1.7388856709003448, 1.7320200502872467, 1.7286348938941956, 1.7275196611881256, 1.725771278142929, 1.7239035964012146, 1.7215706408023834, 1.7176797986030579, 1.7182826399803162, 1.724088430404663, 1.7351951599121094, 1.7151741981506348, 1.7281211018562317, 1.7150590121746063, 1.716731607913971, 1.723443329334259, 1.720227986574173, 1.7058092653751373, 1.7170082926750183, 1.7149313390254974, 1.708511233329773, 1.7006388306617737, 1.7127517759799957, 1.7139938473701477, 1.7090772092342377, 1.705463707447052, 1.7011588513851166, 1.7038919925689697, 1.7053170502185822, 1.6896454691886902, 1.7113075852394104, 1.7048317790031433, 1.6928677260875702, 1.7044247388839722, 1.7028025388717651, 1.6979908645153046, 1.706921249628067, 1.6932543516159058, 1.6976480185985565, 1.681195080280304, 1.6920251846313477, 1.690411537885666, 1.6890697479248047, 1.6818643808364868, 1.6968023777008057, 1.6598767638206482, 1.6810696125030518, 1.683790147304535, 1.6711010038852692, 1.6810613870620728, 1.6847832798957825, 1.6892543733119965, 1.6623290479183197, 1.681113213300705, 1.664451777935028, 1.6744997203350067, 1.6599602401256561], "train_acc": [0.16458333333333333, 0.1625, 0.1625, 0.16458333333333333, 0.17083333333333334, 0.19583333333333333, 0.21458333333333332, 0.19791666666666666, 0.2125, 0.22291666666666668, 0.21041666666666667, 0.20625, 0.20833333333333334, 0.2125, 0.2125, 0.21875, 0.21666666666666667, 0.21041666666666667, 0.21666666666666667, 0.21875, 0.2125, 0.22708333333333333, 0.22708333333333333, 0.22291666666666668, 0.22083333333333333, 0.225, 0.23125, 0.21666666666666667, 0.22916666666666666, 0.23125, 0.23541666666666666, 0.2375, 0.22708333333333333, 0.22708333333333333, 0.2520833333333333, 0.25, 0.24166666666666667, 0.2375, 0.25, 0.27291666666666664, 0.23541666666666666, 0.25625, 0.23958333333333334, 0.23541666666666666, 0.28958333333333336, 0.2708333333333333, 0.27291666666666664, 0.2791666666666667, 0.26875, 0.2875, 0.2916666666666667, 0.29375, 0.29375, 0.2708333333333333, 0.28541666666666665, 0.3, 0.28541666666666665, 0.28958333333333336, 0.27291666666666664, 0.2791666666666667, 0.28958333333333336, 0.275, 0.2833333333333333, 0.2625, 0.29583333333333334, 0.2875, 0.29583333333333334, 0.3, 0.28958333333333336, 0.29791666666666666, 0.29583333333333334, 0.275, 0.31666666666666665, 0.31875, 0.29583333333333334, 0.30833333333333335, 0.2916666666666667, 0.3125, 0.29583333333333334, 0.3, 0.29791666666666666, 0.3145833333333333, 0.33958333333333335, 0.32083333333333336, 0.3229166666666667, 0.32708333333333334, 0.3125, 0.3229166666666667, 0.3333333333333333, 0.3333333333333333, 0.33125, 0.32708333333333334, 0.29375, 0.33958333333333335, 0.3125, 0.30833333333333335, 0.34375, 0.35833333333333334, 0.3416666666666667, 0.33958333333333335], "val_loss": [1.7958285808563232, 1.796924352645874, 1.7972558736801147, 1.7979189157485962, 1.799017071723938, 1.8005123138427734, 1.8010298013687134, 1.801821231842041, 1.8018056154251099, 1.8010255098342896, 1.7995606660842896, 1.7982515096664429, 1.796756625175476, 1.793176293373108, 1.7887145280838013, 1.7815754413604736, 1.7772608995437622, 1.7744483947753906, 1.7723164558410645, 1.7684065103530884, 1.7655893564224243, 1.7615065574645996, 1.761298418045044, 1.7598928213119507, 1.7592689990997314, 1.7610230445861816, 1.7558947801589966, 1.755654215812683, 1.7521973848342896, 1.7524259090423584, 1.7479356527328491, 1.7477887868881226, 1.748764157295227, 1.750470519065857, 1.7484018802642822, 1.745995283126831, 1.7429407835006714, 1.7443673610687256, 1.744291067123413, 1.7463300228118896, 1.7400741577148438, 1.7406355142593384, 1.7408026456832886, 1.742846131324768, 1.7547411918640137, 1.7549179792404175, 1.7539769411087036, 1.7492601871490479, 1.7482305765151978, 1.7493212223052979, 1.7559020519256592, 1.7565951347351074, 1.7517486810684204, 1.741965413093567, 1.7426564693450928, 1.7428942918777466, 1.7404160499572754, 1.7477751970291138, 1.7573908567428589, 1.751395583152771, 1.743683099746704, 1.7338677644729614, 1.7328764200210571, 1.744109034538269, 1.7588101625442505, 1.7602181434631348, 1.7508772611618042, 1.7380588054656982, 1.7359747886657715, 1.7459895610809326, 1.753093957901001, 1.7308450937271118, 1.7348202466964722, 1.7340948581695557, 1.7408322095870972, 1.7375439405441284, 1.7353163957595825, 1.732089638710022, 1.7310346364974976, 1.7327139377593994, 1.7310290336608887, 1.7198325395584106, 1.712863564491272, 1.7206531763076782, 1.7174760103225708, 1.7050374746322632, 1.7228357791900635, 1.721570372581482, 1.7142753601074219, 1.7121938467025757, 1.704675555229187, 1.7244583368301392, 1.705141305923462, 1.702030062675476, 1.6951943635940552, 1.6987611055374146, 1.7032803297042847, 1.6893730163574219, 1.7098332643508911, 1.704153060913086], "val_acc": [0.13333333333333333, 0.13333333333333333, 0.13333333333333333, 0.13333333333333333, 0.13333333333333333, 0.16666666666666666, 0.11666666666666667, 0.11666666666666667, 0.08333333333333333, 0.11666666666666667, 0.13333333333333333, 0.11666666666666667, 0.13333333333333333, 0.13333333333333333, 0.11666666666666667, 0.13333333333333333, 0.21666666666666667, 0.16666666666666666, 0.16666666666666666, 0.16666666666666666, 0.15, 0.15, 0.18333333333333332, 0.18333333333333332, 0.16666666666666666, 0.15, 0.18333333333333332, 0.15, 0.23333333333333334, 0.21666666666666667, 0.21666666666666667, 0.21666666666666667, 0.23333333333333334, 0.21666666666666667, 0.2, 0.18333333333333332, 0.16666666666666666, 0.21666666666666667, 0.21666666666666667, 0.18333333333333332, 0.18333333333333332, 0.25, 0.2, 0.21666666666666667, 0.21666666666666667, 0.2, 0.21666666666666667, 0.21666666666666667, 0.23333333333333334, 0.25, 0.21666666666666667, 0.23333333333333334, 0.23333333333333334, 0.25, 0.25, 0.25, 0.25, 0.25, 0.2, 0.23333333333333334, 0.25, 0.26666666666666666, 0.23333333333333334, 0.25, 0.25, 0.25, 0.26666666666666666, 0.3, 0.2833333333333333, 0.26666666666666666, 0.21666666666666667, 0.26666666666666666, 0.3, 0.26666666666666666, 0.31666666666666665, 0.2833333333333333, 0.26666666666666666, 0.26666666666666666, 0.26666666666666666, 0.26666666666666666, 0.26666666666666666, 0.2833333333333333, 0.3, 0.26666666666666666, 0.25, 0.26666666666666666, 0.2833333333333333, 0.2833333333333333, 0.26666666666666666, 0.26666666666666666, 0.2833333333333333, 0.25, 0.2833333333333333, 0.26666666666666666, 0.3, 0.31666666666666665, 0.26666666666666666, 0.31666666666666665, 0.25, 0.2833333333333333]}