{"train_loss": [1.945522427558899, 1.9445617198944092], "train_acc": [0.1357142857142857, 0.25], "val_loss": [1.9450262784957886, 1.944333553314209], "val_acc": [0.194, 0.26]}