{"train_loss": [2473020.4802591465, 345574.1622713415, 341774.2068597561, 338575.38799542683, 337295.3155106707, 337232.2525914634, 337308.3050304878, 336619.4230945122, 336599.23086890246, 335937.4795731707, 335927.03711890243, 334606.95480182924, 334588.6314786585, 333700.6171493902, 332173.6176829268, 330908.38132621953, 330806.06871189026, 329022.97393292683, 329774.00282012194, 328192.5767911585, 329765.6953887195, 328627.9606707317, 327929.1822789634, 327462.05907012196, 328063.11314786586, 329514.0330411585, 326739.2823551829, 326143.5531059451, 325460.86966463417, 326957.06417682924], "train_mae": [387.20447711479375, 131.51548528903868, 128.56869986929544, 126.30720639112519, 125.30328577553354, 125.62072523163586, 124.83440704345703, 123.07351241693264, 124.02450367997332, 122.78593295957984, 123.64457207656488, 120.80560790271294, 120.46939868461794, 120.94364508652106, 118.83089465629763, 117.9054327243712, 118.88800949468845, 116.5469936463891, 117.56951893131908, 116.32979840534489, 117.69934033649724, 116.9360336303711, 116.41333216225229, 115.43664476348133, 116.81178283691406, 117.566892000524, 114.87954801233803, 115.36748392988996, 114.21689672702696, 116.30072706269056], "val_loss": [130393.26532451923, 124617.4140625, 121070.96424278847, 117672.21544471153, 116412.35907451923, 115995.51712740384, 115742.46724759616, 115323.83413461539, 116337.04417067308, 116478.71243990384, 118659.98497596153, 119804.45913461539, 117257.31850961539, 112117.92788461539, 110210.63251201923, 115160.35456730769, 110010.81069711539, 113376.62950721153, 111051.23257211539, 106541.42578125, 112886.67818509616, 119673.96694711539, 111799.49278846153, 105857.43449519231, 107458.65895432692, 111579.75270432692, 104992.04417067308, 106102.046875, 107459.24789663461, 104692.44801682692], "val_mae": [133.32835505558893, 130.30630669227014, 127.19015268179086, 127.04849771352914, 121.64435606736403, 123.0055040212778, 121.88841247558594, 119.79826178917519, 127.73024074847882, 125.44118939913236, 133.7276784456693, 113.41419660128079, 134.27138489943283, 118.57770303579477, 114.17208480834961, 135.0368309020996, 127.04126827533429, 130.98686306293195, 124.08456919743465, 113.05603291438176, 129.41341987022986, 113.24149762667142, 128.7906825725849, 109.65904646653395, 120.75671122624324, 135.17471049382135, 111.84014481764574, 115.59950901911809, 101.44368127676157, 106.97381269014798]}