{"train_loss": [6822116.621875, 403593.40464939026, 391908.23765243904, 380118.66680640244, 370247.01158536586, 362167.91089939023, 354730.77195121953, 349416.6748856707, 346127.60423018294, 344349.0654344512, 343183.56417682924, 342922.805945122, 343319.9165777439, 342162.240625, 343156.62355182925, 342821.06040396343, 342597.8882240854, 342138.01707317075, 342216.39150152437, 343072.1497332317, 342625.86429115856, 342312.9436737805, 343273.68959603657, 342855.4078887195, 343451.7657012195, 343044.03616615856, 342375.3596417683, 343059.97210365854, 343181.79839939025, 342648.7884527439], "train_mae": [791.7953354998333, 164.85874202076982, 158.81295463748094, 152.92991347894437, 146.8406198641149, 141.7896829372499, 136.5847658110828, 132.56842558325792, 129.40232045243425, 127.05945095899628, 127.31519310183641, 126.01123329720846, 126.6829084442883, 125.90330252298494, 125.92841167915158, 125.90293705637862, 125.70992818692835, 125.73623203184546, 125.52248907321837, 125.51220215588081, 125.41195116740901, 125.79291850764577, 126.65099669665825, 125.35909781107088, 126.37886784251144, 126.02964845982993, 126.2212378897318, 125.49364676126619, 126.82644839403106, 125.8767351103992], "val_loss": [178103.98587740384, 164887.09885817306, 152642.61057692306, 141597.97896634616, 132477.93329326922, 124319.01893028847, 117901.72566105769, 113298.05829326923, 110461.96183894231, 112613.70883413461, 108257.68239182692, 109771.06099759616, 107907.66766826923, 107895.51021634616, 108009.81941105769, 108556.31550480769, 108150.80198317308, 107878.70072115384, 109345.23317307692, 111025.90234375, 108244.01051682692, 111743.41135817308, 109698.0, 107913.54807692308, 110930.57572115384, 109503.60787259616, 107913.07782451923, 108459.42638221153, 108818.97716346153, 108832.27734375], "val_mae": [157.8790564903846, 152.02915426400992, 146.3384463970478, 138.81171505267804, 133.62913483839768, 125.92016396155724, 121.17116957444411, 119.26090563260593, 118.90428777841421, 132.96542475773737, 114.92266845703125, 124.8425166790302, 114.15319794874925, 115.23528231107272, 115.61130494337816, 122.49208861130934, 115.6744252718412, 115.56444872342624, 106.7495369544396, 128.76245792095477, 119.63130628145657, 135.3133407005897, 105.52457721416766, 114.36553720327524, 128.94644047663763, 124.56141956035907, 114.49943483792819, 122.89377623337965, 108.21709471482497, 108.06646170982948]}