{"train_loss": [4994010.90320122, 400457.5655487805, 379971.9823932927, 364206.2921875, 354843.3372332317, 350536.22964939027, 348338.5192073171, 347834.97823932924, 347484.5985137195, 347642.60384908534, 346426.8903582317, 346848.54058689025, 346703.6075457317, 345207.96619664633, 346590.7746189024, 345865.20049542683, 345351.8599085366, 344889.74596036586, 344393.0059451219, 345963.9830030488, 344707.76410060975, 344187.1408917683, 344992.7241234756, 344009.6275152439, 343624.0436737805, 343872.96592987806, 342987.2542682927, 344112.8006097561, 343393.3737804878, 343789.87477134145], "train_mae": [631.0156616955269, 163.06276699159204, 151.85193786621093, 143.16771683111423, 136.4651971584413, 133.00310520079077, 131.04895268882194, 130.61646121885718, 130.2825345667397, 129.69595087563118, 130.1324794490163, 129.15149197462128, 129.7932594485399, 129.00491422327553, 129.12829921071122, 128.63127352086508, 128.27466519983804, 128.2267579985828, 127.7260431429235, 127.95282827237757, 127.08532610637386, 127.63044686666349, 128.63241681354802, 126.33604918689262, 127.2085068121189, 126.74166527724847, 126.66543847060785, 126.72387460848181, 126.93732002072218, 126.82662026009909], "val_loss": [176876.09495192306, 153028.0048076923, 135214.2412860577, 122925.36598557692, 115800.30558894231, 114252.53245192308, 111643.95222355769, 110779.51622596153, 112019.11868990384, 117616.59945913461, 109787.75300480769, 111884.64272836539, 109185.01772836539, 109051.71544471153, 109506.27433894231, 110151.03545673077, 111277.00661057692, 108342.89813701923, 108799.2578125, 110863.99609375, 108300.50090144231, 110547.02794471153, 107359.92307692308, 107940.18239182692, 106873.62439903847, 106604.78575721153, 106585.83864182692, 108589.83473557692, 106462.22385817308, 107672.04657451923], "val_mae": [157.5425027700571, 144.57808333176834, 135.28271455031174, 124.54471206665039, 120.48400849562425, 127.26094495333157, 111.33640465369591, 118.94126716026894, 128.67352705735428, 144.4102794940655, 118.10824056772086, 129.30160229022687, 117.06372393094577, 117.63118068988507, 109.8625596853403, 124.438475388747, 107.53986270611102, 118.1189939058744, 107.33518541776218, 127.54167028573843, 121.70639155461238, 130.27007821890024, 108.37001683161809, 114.06736637995793, 115.80000363863431, 114.95246417705829, 110.19830234234149, 113.8597039442796, 116.62933144202599, 104.0292487511268]}