{"train_loss": [7106387.878125, 406901.8768292683, 394658.54161585367, 383545.8572027439, 372474.320464939, 363601.4524009146, 356209.70880335366, 350285.2483612805, 347023.7464176829, 345650.5364710366, 344550.89150152437, 344316.848589939, 344189.2679878049, 344875.39256859757, 344204.8985137195, 344057.9527820122, 344556.1927210366, 343981.87782012194, 344885.92454268294, 343932.96714939026, 344222.7796875, 344590.5640625, 343773.27842987806, 345045.50575457315, 344489.50438262196, 344735.2657393293, 344908.021875, 344810.60072408535, 343853.6640243902, 344084.0641387195], "train_mae": [819.1441699516482, 166.12200280166255, 160.23701611030393, 154.43131349144912, 148.32604280797446, 142.34571350841986, 137.10678885855324, 132.91976050400152, 129.9903454664277, 128.5325367253001, 127.76624979158727, 127.01141692370904, 127.44933412133193, 126.72699659394056, 127.35593715760766, 126.95389962545255, 126.95684237596465, 127.16933042944932, 127.86262854599372, 127.08922450367997, 127.31910136153058, 127.32427089039872, 127.13209876083747, 127.77905433468702, 127.28680699046065, 127.46881073742378, 127.2101374184213, 127.65032821283108, 126.88737785525439, 127.10847372659823], "val_loss": [168396.84495192306, 155378.0733173077, 143176.6319110577, 132200.90114182694, 121605.06430288461, 113100.81760817308, 105454.02403846153, 100188.49248798077, 97930.10006009616, 95880.56430288461, 95423.96123798077, 95374.32512019231, 95252.58713942308, 97803.78816105769, 95579.82151442308, 95662.21063701923, 95866.07391826923, 95576.99128605769, 95279.62019230769, 95046.57992788461, 95216.94951923077, 94943.98948317308, 95501.74699519231, 94919.74969951923, 95824.36087740384, 95072.78305288461, 96022.42728365384, 96418.81550480769, 94828.18088942308, 97621.94020432692], "val_mae": [156.141602736253, 149.53404587965744, 143.50554304856522, 140.37064948448767, 130.30740092350885, 126.62605109581581, 119.39509993333083, 113.8814101585975, 106.21957749586839, 108.76916122436523, 111.32845218365009, 114.11316592876727, 105.59043884277344, 126.88753626896785, 114.95345893272987, 117.52879744309645, 115.92349771352914, 116.50073506281926, 105.82005104651817, 106.36542481642503, 112.75834362323468, 108.23122846163236, 104.37284146822415, 109.31117483285757, 116.3930039039025, 112.42789048414964, 117.54187363844652, 118.81216988196739, 107.56229606041542, 122.96306962233324]}