{"train_loss": [6742847.01722561, 407462.4105945122, 394183.11253810977, 382753.1380335366, 372743.4310213415, 363919.5119664634, 357051.26817835367, 351388.2439786585, 346938.6021341463, 345673.4063643293, 345053.75316310977, 344251.03765243903, 343382.95724085363, 343450.65011432924, 343788.51532012195, 343670.12412347563, 344175.1222179878, 343610.16055640246, 344098.388910061, 344138.0418445122, 343472.40167682926, 343818.33323170734, 345083.62896341464, 343792.25388719514, 343714.9878429878, 344548.0599085366, 344952.62210365856, 344463.7528582317, 344476.88955792686, 344505.12237042683], "train_mae": [787.0592569490758, 166.63500775593084, 159.96510992282774, 154.26663014481707, 148.3998565673828, 143.01396462045065, 138.00990567091034, 132.84725628364376, 130.76821977568835, 128.39167260891054, 127.36826640803639, 127.28058501452935, 126.00466133675924, 126.38657483356755, 126.67865656410775, 126.61256088629001, 126.82396880359184, 126.5191025152439, 126.85466397913491, 126.70656038609947, 126.40557180265101, 126.79691586378144, 127.29603766464605, 126.77168151111138, 126.56782889017245, 126.96156463623046, 126.91445911686596, 126.67188017310166, 126.78341083061405, 127.36899763898151], "val_loss": [172931.33774038462, 158150.8662860577, 146312.11989182694, 136229.75751201922, 127092.74579326923, 119246.01262019231, 113424.88852163461, 110270.23377403847, 105614.84344951923, 104481.43840144231, 104870.92247596153, 103586.67037259616, 104076.04867788461, 103657.953125, 103926.9296875, 106122.60546875, 104441.79417067308, 103822.08653846153, 103777.265625, 103565.42578125, 103681.35096153847, 106563.54717548077, 103426.77223557692, 103608.90234375, 103453.90895432692, 106171.58623798077, 104278.44050480769, 109864.94741586539, 104550.69140625, 103769.98948317308], "val_mae": [167.18912858229416, 152.2335879986103, 146.14119133582483, 139.50957489013672, 134.50391123845026, 128.43226946317233, 127.21041899461012, 125.62066063514122, 115.83203975970929, 109.6865119934082, 115.64870540912335, 111.18733244675856, 107.14395288320688, 109.60043951181265, 118.6335208599384, 127.22451635507437, 115.53582528921274, 108.42642065194937, 111.90952154306265, 114.91165219820462, 117.65519479604868, 101.601867382343, 112.57693833571214, 115.74145537156325, 113.21022121722882, 103.44198080209586, 122.17168367826022, 98.80290662325345, 122.77769499558669, 116.92770943274864]}