{"train_loss": [7484364.862652439, 379506.49977134145, 368648.8203506098, 358229.7263719512, 347890.016882622, 340606.5058307927, 333465.26158536586, 327087.65403963416, 323272.3457317073, 319593.36375762196, 318427.35301067075, 317602.27130335366, 317306.4340320122, 316919.91905487806, 317016.3732469512, 316781.2918445122, 316560.1725228659, 317370.3647865854, 317363.9230182927, 581105.2594131097, 317565.0614710366, 316731.4664253049, 318224.9612042683, 317399.30983231706, 316782.6737423781, 317094.0442835366, 317116.87770579266, 317240.81943597563, 316606.61326219514, 316841.3083079268], "train_mae": [853.7268592648389, 165.61133936440072, 160.31038431307164, 155.1930239793731, 149.6041735393245, 145.01991793004478, 140.36264916396723, 136.12724289312595, 132.62056940590463, 130.00032590540445, 128.77863870015958, 127.4763089063691, 127.680427849002, 127.07037431670398, 127.118616839153, 126.9497085571289, 126.82070282726752, 127.0345908560404, 127.05083346483184, 126.45670445139815, 128.8419417218464, 126.08050287758432, 128.2041300331674, 127.25755291450315, 126.90418079655345, 127.2972463468226, 126.88483134944265, 127.08836480117425, 126.7041004832198, 126.98843019066787], "val_loss": [390834.0643028846, 379233.67457932694, 368018.0625, 357874.28846153844, 349032.6343149039, 341458.5694110577, 335061.6736778846, 330288.30048076925, 326650.1929086539, 324657.6853966346, 324009.41135817306, 323666.89092548075, 322865.90895432694, 323066.75390625, 322818.66075721156, 322841.7593149039, 322842.3611778846, 322735.02764423075, 322821.6162860577, 324892.9663461539, 322948.48167067306, 324178.20823317306, 322773.64453125, 322735.5889423077, 324169.09645432694, 324174.84044471156, 322682.21754807694, 322696.59314903844, 324267.55498798075, 322871.35606971156], "val_mae": [159.4409437913161, 154.5964830838717, 148.2512430044321, 141.95129482562726, 137.52150550255408, 132.3701086777907, 126.45017447838417, 120.61935072678786, 117.90477928748497, 120.41487238957332, 111.92233335054837, 126.26804762620192, 118.59739479651817, 121.14440360436073, 116.51222052940956, 113.61136392446664, 116.31351705697867, 117.90049303494968, 114.83619161752554, 132.48708959726187, 113.60830248319186, 119.32918753990761, 118.65293473463792, 115.21561431884766, 107.8895166837252, 125.99352645874023, 116.1166258591872, 116.74216314462515, 126.6522469153771, 119.78557674701398]}