{"train_loss": [2513615.9294969514, 340140.47740091465, 315382.678429878, 308574.342492378, 304724.18407012196, 302579.68163109757, 299969.254839939, 301061.8919969512, 300575.45823170734, 298718.7883765244, 297530.2278582317, 297383.58849085367, 297299.0262195122, 297319.0289253049, 298990.3976371951, 295429.2439405488, 297690.7644435976, 295281.10040015244, 295657.3634527439, 558728.2180259146, 297327.8523628049, 293369.5520960366, 294928.1277820122, 294515.0360518293, 294549.5375, 293136.4467797256, 294622.72076981707, 291964.3012195122, 292380.4056402439, 292388.79908536584], "train_mae": [404.3973754138481, 148.16704060624286, 131.96359163609947, 126.62333061404344, 123.42006594029868, 121.05838943109279, 118.97587905511624, 119.92759202166302, 119.0826062830483, 117.71608097727706, 117.01401423012338, 116.42197462872761, 116.77084875339415, 115.84394032548114, 117.76113054228992, 114.56077300281059, 116.42505050287014, 114.90282499732041, 115.04471130371094, 113.41376063649247, 117.57406441293112, 111.1991596501048, 114.94498741335985, 113.77453237394008, 113.49340779374286, 112.69273417403058, 113.47318260378954, 110.93003432111043, 111.98221986351943, 111.29314571473657], "val_loss": [380021.1508413461, 349044.28094951925, 335367.2196514423, 357581.6932091346, 321838.0408653846, 319507.46754807694, 321823.00751201925, 320641.1544471154, 317037.63551682694, 315219.81219951925, 314093.04957932694, 316139.0342548077, 313309.2046274039, 314659.97385817306, 317318.88551682694, 314559.0685096154, 312760.6033653846, 311853.8885216346, 311720.86057692306, 337532.9266826923, 316226.53545673075, 318903.2217548077, 322649.43299278844, 311969.9155649039, 317556.3221153846, 325187.31610576925, 310038.39032451925, 315835.5165264423, 322459.08653846156, 308748.0342548077], "val_mae": [152.40966033935547, 131.89394466693585, 119.17831010084886, 165.15789736234225, 124.66594725388747, 124.28031569260817, 103.86228854839618, 132.1996072622446, 123.9199688251202, 120.34424855158879, 113.94594133817233, 126.23047344501202, 108.03122857900766, 121.16263580322266, 98.97917791513296, 121.42421018160306, 115.80143767136794, 109.3265976539025, 111.04744456364558, 169.26826946551984, 100.30349438007062, 138.64300419734076, 139.24709437443659, 102.1632452744704, 130.23962930532602, 97.6402587890625, 117.8028083214393, 129.7809324998122, 140.63328669621393, 112.714783008282]}