{"train_loss": [5209647.417378048, 370633.10838414636, 353176.93963414634, 339714.83102134144, 328508.7591082317, 321256.2328125, 316044.0059070122, 313170.6644054878, 313054.0934070122, 312137.2129192073, 312798.18075457314, 311344.6916539634, 311051.7339557927, 311637.8909679878, 311283.6170731707, 310900.19923780486, 310396.7587652439, 311364.43978658534, 310362.12332317076, 574058.0546493903, 309958.8862804878, 308996.2875, 308011.8555640244, 308022.3274009146, 307723.2108993902, 307020.2335746951, 305978.570464939, 306117.19778963417, 305702.95583079266, 305551.04649390245], "train_mae": [650.7624563077601, 163.02709730194837, 154.02336485327743, 146.17029694347846, 138.94446228771676, 133.81070791104943, 129.5863642622785, 127.26025148717369, 126.66161673941264, 126.09775465058118, 126.11896660037156, 125.61754544886148, 125.51914148098085, 125.67848942454269, 125.50360866639673, 125.15990849936881, 124.88031645984185, 125.65546971763052, 125.12547722793207, 124.25723631323838, 126.69340634229707, 123.35592763016864, 124.45124846667778, 123.76419674012719, 123.2405765440406, 123.0306483943288, 122.52964872034585, 122.61271514892579, 122.53928297089368, 122.386961625262], "val_loss": [386026.34495192306, 368238.69951923075, 352652.59254807694, 340088.7827524039, 330760.14813701925, 324775.3614783654, 321682.65985576925, 322649.50270432694, 320075.31280048075, 319995.63161057694, 319685.390625, 319549.4077524039, 319534.3506610577, 319213.4047475961, 319139.99338942306, 318963.66346153844, 318337.8037860577, 317870.80739182694, 317516.27403846156, 323250.79176682694, 316842.56129807694, 318345.6787860577, 317474.58984375, 315394.9131610577, 316772.6622596154, 314516.4897836539, 314454.4819711539, 313802.53395432694, 316544.7016225961, 313782.6896033654], "val_mae": [156.65565549410306, 148.49868657038763, 139.71253057626578, 130.27276552640475, 126.78875321608324, 120.2854743370643, 117.23745463444637, 107.01282794658954, 116.42095243013821, 111.73370126577524, 116.99857975886418, 118.9734356219952, 118.93906607994667, 117.730592580942, 110.38050314096304, 109.40127005943886, 117.13412769024188, 113.73651475172777, 113.06087875366211, 139.985170511099, 110.91205362173227, 122.17835382314829, 105.58829850416917, 116.32795656644382, 123.80972202007587, 118.08102915837215, 104.83191534189078, 104.63385273860051, 129.6192374596229, 124.62240894024188]}