{"train_loss": [2531134.142987805, 372566.85560213414, 353172.0638719512, 340305.57252286584, 334514.9840320122, 330393.47503810975, 329220.4520960366, 327736.71322408534, 327732.0037347561, 326791.1604801829, 326544.8341463415, 326285.1011432927, 325260.8245807927, 326428.7926448171, 325960.69737042685, 325224.37168445124, 326236.26246189023, 325313.74070121953, 325674.17923018296, 324558.86863567075, 323167.2060594512, 324147.8774390244, 324844.375152439, 323545.8631669207, 323301.6989329268, 323491.45640243904, 321688.7487804878, 320626.64634146343, 321819.0097179878, 321301.3662347561], "train_mae": [405.25965412419015, 151.88822959341653, 139.88338306706126, 130.12833411984326, 125.69312260325363, 121.70637489877096, 121.53160608803354, 119.082976103992, 119.61398386141148, 118.86085283232899, 118.45666399699886, 117.7113047902177, 117.60468366669446, 117.69616542909203, 117.67272770579268, 116.99585653165492, 117.64592017197027, 116.91557486929544, 117.6317717017197, 115.98932517447123, 114.61533917682927, 115.92602847959937, 115.79052492467369, 115.01515160537348, 114.21680844934976, 114.42163629299257, 113.93339940513053, 112.17168642369712, 113.2086033890887, 113.47565352277059], "val_loss": [160164.90564903847, 132449.65294471153, 111910.34314903847, 106181.16736778847, 96895.18058894231, 98362.46664663461, 92689.58022836539, 91967.35066105769, 93184.8984375, 92379.92127403847, 90856.78515625, 92134.31490384616, 97365.8046875, 109119.36117788461, 91541.08052884616, 90334.87950721153, 94712.21694711539, 94815.59795673077, 90309.15444711539, 91083.03575721153, 89675.13161057692, 89544.38311298077, 91773.00901442308, 106429.16105769231, 92775.16346153847, 90642.94711538461, 88364.46484375, 87738.12860576923, 90577.3671875, 87988.48557692308], "val_mae": [151.6178459754357, 141.9090564434345, 123.61918111947867, 129.66910376915564, 107.8885257427509, 130.764460343581, 106.6952655498798, 106.95929571298453, 119.25854961688702, 99.26572829026442, 101.48525150005634, 117.69193590604343, 96.10833534827599, 144.57701815091647, 120.91503143310547, 102.2140385554387, 127.34084789569562, 127.01449849055363, 101.69167944101187, 97.57873094998874, 112.18700144841121, 112.48416548508864, 118.12591846172626, 97.61391038161058, 121.00760415884164, 117.00677255483774, 109.97790087186374, 111.5975679250864, 117.43176885751578, 95.46131926316481]}