{"train_loss": [5526255.092682927, 402036.70167682925, 387694.31875, 372551.80743140244, 361899.4995045732, 352995.22701981704, 348385.54778963415, 345522.7881097561, 344188.89432164637, 344325.16490091465, 343819.5083841463, 342852.53391768294, 342830.6802591463, 342697.5707317073, 342582.5909679878, 341933.81162347563, 342472.4986280488, 341453.7270960366, 340901.95335365855, 341168.04058689025, 340801.1741234756, 340719.30625, 340688.6152820122, 339547.34961890243, 339059.2655106707, 338700.3450838415, 338047.1515625, 337700.67096036585, 337635.4530106707, 337117.782964939], "train_mae": [678.2996124267578, 165.1286702225848, 157.5697797077458, 149.5322692871094, 142.39532932188453, 136.71172786805687, 132.56434262903724, 129.2976342550138, 130.00462527391386, 128.4546521814858, 128.0154320321432, 128.72341450016674, 127.92394621314072, 128.0539903222061, 127.95135524098465, 127.63946216862377, 127.79255490186738, 127.07590291093035, 126.96801192120807, 127.00069178139292, 126.87379760742188, 126.88905434957364, 126.93867868563024, 126.14337452213938, 126.01464810255098, 125.87203998100466, 125.64776979772056, 124.96447441287157, 125.25020658911728, 125.44690577809403], "val_loss": [166015.83353365384, 149326.07241586538, 134391.78756009616, 122365.08473557692, 113457.12049278847, 106495.55108173077, 103260.58623798077, 104290.63762019231, 101183.23918269231, 101076.9375, 103714.86808894231, 100984.58894230769, 100841.37950721153, 100057.69771634616, 100266.73888221153, 99852.44741586539, 100241.57572115384, 99400.09885817308, 99283.68569711539, 98690.59134615384, 98366.37620192308, 99012.0078125, 97401.56520432692, 96693.79356971153, 96285.99098557692, 95606.90805288461, 96594.95222355769, 99233.3359375, 94994.67487980769, 93261.26652644231], "val_mae": [160.14710939847507, 148.8305898813101, 140.22068434495193, 130.90580954918494, 127.54827998234676, 119.8211285517766, 114.02059789804312, 122.08144936194786, 109.56191811194786, 106.83095609224759, 127.94061748798077, 107.06671524047852, 106.05440198458157, 111.2664668743427, 116.23009960467999, 115.54396526630109, 110.25118637084961, 106.0762440608098, 107.50614929199219, 116.08685654860277, 116.23134143535907, 101.17755831204929, 115.01544893704929, 113.50210541945238, 114.0587880061223, 107.91033466045673, 103.8899310185359, 95.98745463444637, 118.74977551973782, 108.2096944955679]}