{"train_loss": [7761578.291310975, 380220.4362042683, 358630.9304115854, 342636.5018673781, 333054.9712652439, 328271.03319359757, 324884.262652439, 322729.31875, 322658.2315167683, 320310.9460746951, 320947.223589939, 319538.2186737805, 318699.41204268293, 319221.12930640246, 318907.1852515244, 318539.27538109757, 318002.3991615854, 318020.3599847561, 317343.9621189024, 581525.9820884146, 317475.05080030486, 317003.47999237804, 316620.55133384146, 316642.7950457317, 316816.3346036585, 316450.0889862805, 315772.7446265244, 316700.86314786586, 316285.35316310974, 316045.3597179878], "train_mae": [879.3028714808022, 166.93605934701316, 156.01766275545447, 146.4337545627501, 140.2147639204816, 136.4919910337867, 134.0482658572313, 132.70714892875858, 132.03543087098657, 130.5050203649009, 130.61340000803878, 129.70059967041016, 129.81802833371046, 129.42512984857328, 129.43427053311976, 129.13838158584224, 128.6355415530321, 128.9022578913991, 128.39691858059024, 127.94242032679117, 130.0313992756169, 127.58952525069074, 128.82740980939167, 128.10696236214986, 128.00836658012577, 128.04242140607136, 127.63120623332698, 127.99773421869045, 127.74850925352516, 127.77239290563071], "val_loss": [390783.99278846156, 371020.67247596156, 351116.16526442306, 336635.42217548075, 329231.01141826925, 325143.75270432694, 323444.8251201923, 322518.11388221156, 320954.3212139423, 320439.48707932694, 321610.76201923075, 321792.51983173075, 319607.05438701925, 319771.85126201925, 319642.8930288461, 319261.0078125, 319166.99969951925, 318789.41376201925, 318660.5138221154, 320832.9350961539, 318251.99489182694, 319478.98497596156, 317978.4627403846, 318003.2803485577, 318476.0375600961, 319491.61057692306, 317287.05739182694, 317160.7403846154, 318003.69140625, 317055.9423076923], "val_mae": [160.08082756629358, 151.0281254695012, 139.79472468449518, 128.58313252375677, 125.07717191256009, 119.84488384540265, 122.01854089590219, 111.00887826772836, 114.2279425400954, 115.8036880493164, 107.34558721689078, 129.45408512995795, 115.15204943143405, 118.2836661705604, 117.80691733727089, 114.15828088613657, 114.1208249605619, 114.65291419396034, 115.8213853102464, 130.88183740469125, 114.0606316786546, 117.13913404024564, 111.2348999610314, 109.51693080021785, 106.53737699068509, 126.37687595073993, 111.12121200561523, 115.66993243877704, 122.25275597205528, 118.60223212608925]}