{"train_loss": [3230777.7930640243, 413402.74527439027, 383435.90415396343, 376002.5083460366, 375268.1145960366, 375375.5208460366, 373373.99778963416, 371362.1604420732, 372795.48216463416, 371548.97347560973, 372123.0120045732, 370760.84092987806, 371790.8015625, 373130.451867378, 370190.0085365854, 369225.6058307927, 372297.1665015244, 371302.10731707315, 373018.05438262195, 370938.7277057927, 369425.7582317073, 370856.2793445122, 370017.85621189023, 369745.72217987804, 370319.0649009146, 368762.38132621953, 369055.07008384145, 367700.19092987804, 366809.3822027439, 365735.9397484756], "train_mae": [503.71656933296015, 179.07400177746285, 157.34240194181118, 150.42841528915778, 149.95234657845847, 149.6885763028773, 148.13511791694455, 147.10101147163206, 147.44346067847275, 146.96622388886243, 145.42719413943408, 145.263333874214, 147.16137431074932, 147.05918154832793, 146.38706419409775, 145.54075172238234, 147.07414219553877, 146.94295430997522, 149.54625683296018, 144.4473947292421, 144.56672824766576, 146.57913639719894, 144.94440553246474, 144.94076765106945, 145.74338412401153, 145.2866983925424, 145.0396975261409, 143.6547554202196, 143.88698395519722, 142.88938535364662], "val_loss": [151897.85606971153, 118488.22866586539, 97212.23046875, 96241.83443509616, 96340.21454326923, 96211.05979567308, 96616.44110576923, 95938.41586538461, 97226.57722355769, 95215.23557692308, 95303.53425480769, 96254.23798076923, 95370.59645432692, 94685.33804086539, 94535.50811298077, 94291.61057692308, 97452.46243990384, 95200.46003605769, 93998.66646634616, 94089.38221153847, 96091.85546875, 110432.12439903847, 94347.45552884616, 128753.62740384616, 97495.30348557692, 94214.72325721153, 94277.22566105769, 105464.93149038461, 94162.23257211539, 93819.82662259616], "val_mae": [149.57406616210938, 130.0023812514085, 110.1483647273137, 112.77774810791016, 109.02231861994817, 117.25586671095628, 103.70533928504356, 116.1176751943735, 138.6253462571364, 108.84271122859074, 105.64039817223183, 121.90830348088191, 115.96920306865985, 115.12404221754808, 115.26810690072867, 112.6003532409668, 106.88069974459134, 121.93652842595027, 106.83700766930214, 110.87487294123723, 121.49708322378305, 142.9453324538011, 104.29306822556715, 106.09045175405649, 124.59702858558067, 107.27836931668796, 114.09915307851938, 93.72923572246845, 104.41241279015175, 109.45470457810622]}