{"train_loss": [2206484.4532012194, 398666.5264862805, 383892.4171875, 382051.5732469512, 380948.3501905488, 376989.7379954268, 376452.0137195122, 376565.06577743904, 375500.4115472561, 372169.2217987805, 372059.2157012195, 376718.3306402439, 374806.97035060974, 374117.20602134144, 372627.39649390243, 372832.9897865854, 369681.5028582317, 372660.7542682927, 371000.8586509146, 373121.4207698171, 368472.16878810973, 368708.43601371953, 369602.0758765244, 371991.493445122, 371400.4448932927, 368169.64108231704, 365243.2, 370892.31699695124, 366790.77252286585, 365989.8824695122], "train_mae": [430.608795389315, 179.28002356552497, 159.90650679425497, 154.08932837509528, 153.09767977086508, 150.33778842832984, 150.12086364001763, 150.38756602217512, 150.53455669123952, 148.44139798792398, 148.0611563333651, 152.2995793784537, 151.733774473609, 150.95419270585222, 149.36710004108707, 150.7455027882646, 147.48426502506908, 149.5081825814596, 148.37131920791253, 150.09607692811548, 149.06435070503048, 144.48049800221514, 145.43882695640005, 148.9662257869069, 149.46789800132194, 147.1033158092964, 145.31369677287776, 148.3556806610852, 146.43816048226705, 144.7620078482279], "val_loss": [139219.36117788462, 114074.70342548077, 108086.93599759616, 108255.16496394231, 112720.49338942308, 106851.30769230769, 111043.06971153847, 131478.51111778847, 107748.84615384616, 107149.90174278847, 111229.27013221153, 111938.20402644231, 104328.10426682692, 103583.03094951923, 103662.59885817308, 103659.65144230769, 104454.52974759616, 107656.74308894231, 154785.65264423078, 103819.51382211539, 101858.29837740384, 101609.35366586539, 152029.95853365384, 102665.82932692308, 102358.32481971153, 103256.17548076923, 102799.36989182692, 101597.92007211539, 110333.87289663461, 139561.41436298078], "val_mae": [152.2014870276818, 117.24436334463266, 120.54927855271559, 120.59755119910606, 135.1873045701247, 112.84276668842023, 106.99286768986629, 134.18408027062048, 128.52685370812048, 127.71149826049805, 136.0443126971905, 137.71793130727914, 111.8632428095891, 114.45086405827449, 122.56620025634766, 108.22446705744817, 127.01088597224309, 133.64243903526892, 126.63351029616136, 105.06439032921425, 115.24974001370944, 113.82045511099008, 176.9989489041842, 128.30427932739258, 109.14836326012245, 107.12488996065579, 128.22181760347806, 109.00414364154523, 141.10833446796124, 169.643062884991]}