{"train_loss": [3258048.382012195, 414166.16859756096, 387102.9677972561, 376360.70533536584, 375829.17271341465, 373445.3418826219, 372614.1256478659, 371299.7139481707, 372384.43959603657, 371905.0005335366, 371614.81211890245, 372175.170617378, 371566.54778963415, 371302.74839939026, 371586.5590320122, 369898.4375381098, 371436.6532012195, 371702.43544207315, 370599.9620807927, 368422.2694359756, 369107.3399390244, 370492.57530487806, 371266.0642530488, 370363.2820121951, 367859.01775914634, 367085.6214557927, 369106.9181402439, 366649.00472560973, 365525.1174542683, 365020.03704268293], "train_mae": [502.8153055330602, 178.42709298482757, 159.14424862745332, 150.82202475943217, 149.2675019054878, 148.31621741318122, 148.2233263341392, 145.64647373106422, 147.28866837664347, 146.71962968779772, 147.56925834097513, 146.73850123707842, 147.14784676156393, 147.19845573611377, 146.16179374136576, 145.76837455935595, 146.39937896728514, 147.08551140761958, 148.33498430949885, 142.86740912460698, 143.33348678961033, 144.45866271228326, 145.81169783429402, 143.82966814738947, 144.43870849609374, 143.1591351764958, 144.72146301269532, 142.84784263052592, 142.8444130502096, 142.06826782226562], "val_loss": [162056.5204326923, 131372.12770432694, 114765.65324519231, 109797.07181490384, 109917.953125, 108923.99308894231, 108957.23858173077, 111658.68569711539, 108890.47626201923, 118752.37409855769, 112720.03936298077, 109778.49459134616, 110553.90204326923, 110759.24158653847, 117644.76171875, 111877.38731971153, 109583.14693509616, 111126.36358173077, 110878.85516826923, 110211.48798076923, 117803.56069711539, 113826.69320913461, 112496.56580528847, 111192.49399038461, 137715.2217548077, 117481.45522836539, 114305.38040865384, 111672.02914663461, 125650.54296875, 113449.83383413461], "val_mae": [150.17982072096603, 131.9549807035006, 129.61505713829627, 122.91998819204477, 122.61825033334586, 120.03840079674355, 121.86253239558293, 129.41052656907303, 121.82142609816331, 149.20138843242938, 136.23855033287634, 109.69089830838718, 106.32018338716946, 128.8395687983586, 101.59067065899188, 133.46633823101337, 118.67560606736403, 130.14344230064978, 127.55123050396259, 125.33424817598782, 147.3279794546274, 102.44597302950345, 131.32788262000452, 121.68127705500676, 162.46315530630258, 147.80170381986179, 103.12229655339168, 106.71331523014949, 99.94499294574445, 101.5114373427171]}