{"train_loss": [2105283.062957317, 371687.3355945122, 350401.36619664636, 346361.0073170732, 346218.2974466463, 344141.96722560975, 343231.19847560977, 338738.23685213417, 343284.69138719514, 336792.99683689023, 335865.31592987804, 335283.8924923781, 335827.9241234756, 332346.5862804878, 330756.1838795732, 331687.51421493903, 329832.90712652437, 328242.06417682924, 327444.1689405488, 588611.5451981707, 326116.5678734756, 325839.8525152439, 328403.66905487806, 324643.74485518294, 322429.4822027439, 320621.0476371951, 326246.44268292683, 321551.06272865855, 320788.3208460366, 321711.6567835366], "train_mae": [416.72927610816026, 175.7660159971656, 153.79402949635576, 148.64041703387005, 150.24812882586224, 148.99929720250572, 147.7909506821051, 146.08773770216035, 149.4586607770222, 144.81929753001143, 144.82065202666493, 144.51879815822696, 145.0123683650319, 142.72825812363044, 141.8831996266435, 142.67553543462986, 142.10049047702697, 141.11389227146054, 141.49399879269484, 141.89764352193694, 140.95914034959748, 137.02148251417208, 141.1334968008646, 138.68601450105993, 138.39221515190312, 137.30425671833316, 142.30845999368807, 137.29536140255811, 137.43654122701506, 137.6102027334818], "val_loss": [359761.54957932694, 328809.1826923077, 322328.71844951925, 322252.1385216346, 334305.5333533654, 321644.79026442306, 334025.07151442306, 320062.67998798075, 325246.4233774039, 319727.8798076923, 327903.0525841346, 319192.7202524039, 315817.3446514423, 314866.2569110577, 318451.65174278844, 343185.81670673075, 312699.32932692306, 312328.87830528844, 309642.50330528844, 334729.04627403844, 306329.46604567306, 320441.2842548077, 334060.7289663461, 305950.65174278844, 301525.3768028846, 304225.05018028844, 309824.8524639423, 301556.67608173075, 302194.2578125, 301021.9131610577], "val_mae": [143.3861823448768, 119.34522012563852, 113.35263501680814, 120.17453208336464, 106.1726314838116, 111.52293307964618, 148.48187021108774, 118.97827911376953, 106.7178456233098, 127.58469566932091, 142.34444016676682, 118.92075025118314, 120.25907487135667, 121.88767389150766, 133.64850293673, 161.66703502948468, 124.13945682232196, 128.1951801593487, 101.89722207876352, 163.80957500751202, 104.89016870351938, 111.31199117807242, 157.69952627328726, 123.86357791607196, 106.13524745060847, 96.63941926222581, 136.4770707350511, 110.86367973914513, 116.31163729154147, 110.20766096848708]}