{"train_loss": [3342095.8660060978, 395101.38132621953, 371107.7580792683, 357398.29893292685, 350966.2353277439, 349469.23052591464, 349715.44032012194, 349119.1759527439, 349636.7771722561, 349058.66695884144, 349001.3077362805, 345840.7194740854, 346685.8677210366, 344543.85064786585, 344574.53395579266, 345372.5602515244, 343870.8322789634, 346447.3268292683, 342969.7411585366, 606607.791577744, 343722.76116615854, 340382.55316310975, 340490.96341463417, 338326.51894054876, 336754.4519054878, 336264.8294207317, 334439.37115091464, 334017.19443597563, 332090.11265243904, 333216.5564786585], "train_mae": [515.6121424977372, 183.14760496558213, 166.23357715141483, 157.07783828363185, 152.05307557641007, 150.83514746689215, 150.69995861518674, 150.7015380859375, 150.69704783369855, 150.44779008074505, 150.4872619628906, 148.64258422851563, 148.8080136554997, 148.20709541134718, 148.1322637790587, 148.17020144578888, 147.78895814476942, 149.1048966942764, 146.74698717070788, 145.94437099549828, 148.75438861381716, 144.17855429300448, 145.60377502441406, 143.37048656184498, 142.553131661764, 141.89886950981327, 141.78306434445264, 139.682084209163, 138.84432544243046, 138.618222083115], "val_loss": [371077.2436899039, 346195.52794471156, 329608.00751201925, 321457.94951923075, 320262.4197716346, 320255.19801682694, 320786.89723557694, 321505.0751201923, 320830.4444110577, 329878.38551682694, 321808.91015625, 318331.88551682694, 317414.2373798077, 321105.1670673077, 329568.69801682694, 317886.86598557694, 316190.4609375, 317521.1084735577, 323054.68719951925, 345853.73798076925, 322428.3798076923, 343735.11388221156, 315041.2451923077, 330011.52283653844, 327481.42217548075, 343014.0609975961, 321738.9008413461, 319504.05108173075, 317434.3915264423, 319757.9864783654], "val_mae": [151.87436852088342, 133.5569874690129, 118.35724287766676, 120.30400144136868, 116.5801635155311, 119.25238506610577, 124.72145051222581, 130.8041534423828, 108.42317727895883, 143.76843965970554, 133.99271040696365, 108.50518857515775, 106.16714859008789, 97.31999822763296, 96.06192779541016, 101.87841004591722, 120.01255358182468, 126.98433069082407, 94.7721205491286, 177.58569512000452, 95.56849200908954, 172.70090073805588, 116.20243571354793, 147.31256690392127, 143.8543724646935, 101.62100513164813, 94.88383571918195, 99.09311764056866, 122.72615197988657, 98.55247409527118]}