{"train_loss": [3138524.1283536586, 420741.38589939027, 397585.3412347561, 383041.8623094512, 378392.0472942073, 376391.8808307927, 376663.075, 374586.5660442073, 374773.5077743902, 374775.24016768293, 373607.16680640244, 375589.32766768296, 373151.210785061, 371839.323285061, 372942.97964939027, 372528.17435213417, 372542.127972561, 372822.05430640245, 370575.7736280488, 369411.3491615854, 370187.39447408536, 370095.8502667683, 369661.0837652439, 370888.0300304878, 368549.1659679878, 367107.970464939, 365501.2846417683, 368046.07903963415, 366740.9613567073, 364358.1220655488], "train_mae": [494.8367990633337, 181.42463349133004, 164.87002585806496, 155.04724307176542, 152.09150033346037, 151.03363610244378, 150.46814716618235, 150.0399855450886, 149.0394047434737, 148.4162006657298, 149.00737237697695, 150.7257710526629, 149.30673895114805, 148.42527957078886, 149.02716793897676, 149.46403778820502, 148.63975227169874, 148.14481580780773, 148.21257934570312, 147.04092042504288, 147.85812839415016, 147.6680342511433, 147.40334279130144, 147.57125757729136, 146.70663132086034, 145.98612536918827, 145.29533043838128, 145.83186321723753, 145.2890322429378, 144.57083892822266], "val_loss": [157939.07001201922, 126959.54567307692, 109898.71965144231, 104640.86868990384, 102846.10486778847, 100905.16256009616, 101580.87860576923, 116709.16736778847, 101896.99969951923, 115558.09705528847, 101283.52854567308, 98413.34885817308, 103602.12860576923, 97466.45763221153, 96433.64092548077, 96491.55949519231, 100849.30829326923, 100321.81820913461, 97822.69381009616, 95615.13581730769, 95396.30588942308, 95530.10276442308, 95893.37229567308, 95638.16376201923, 94208.98527644231, 94830.23287259616, 99274.17698317308, 93294.78605769231, 93165.36298076923, 95647.328125], "val_mae": [164.76038888784555, 135.85124940138596, 119.4972182053786, 125.8677371098445, 126.45617352999173, 112.01632426335262, 120.34372388399564, 157.68811445969803, 102.50484085083008, 93.9384392958421, 120.24730506310097, 117.27740859985352, 95.16584953894981, 117.08538260826698, 107.47682630098782, 115.12467193603516, 98.04611000647911, 94.22074068509616, 101.09325526310847, 116.4417598430927, 101.71995045588567, 118.70800810593825, 121.6715557391827, 122.81839517446664, 104.25797594510593, 116.06853895920973, 96.98464026817909, 110.6294558598445, 109.14110594529372, 96.35791015625]}