{"train_loss": [3387870.020960366, 424276.0714939024, 394580.7299542683, 383640.2711128049, 382461.23105945124, 382333.4716082317, 379884.9775914634, 377783.3724847561, 378535.2951219512, 378464.0403582317, 378692.775, 378775.5276676829, 376166.48414634145, 379183.48647103657, 377789.8841082317, 376472.0006478659, 375840.5983612805, 377495.48658536584, 374665.53353658534, 372952.80015243904, 376020.0492759146, 373248.3880335366, 374044.27850609756, 371918.7634527439, 369748.29355945124, 369866.1046875, 368735.15792682924, 365616.74024390243, 361140.39527439023, 357963.61330030486], "train_mae": [516.817366958246, 183.55316921327173, 163.23488546231897, 154.91582217332794, 154.63873216582508, 154.34780340427307, 153.2544635307498, 150.07065489233995, 152.21475048530394, 151.29576884944265, 152.55526778058308, 150.9953703345322, 151.11737536918827, 152.92728063071647, 150.32763917504286, 150.66973006085652, 150.63471783893866, 152.12831190155774, 149.2331240025962, 148.24623152570027, 150.13317625464464, 148.6597831912157, 149.93811102146054, 147.53539674340226, 146.44376488662348, 146.28471180985613, 148.33741321098515, 143.83774789949743, 141.8466931226777, 140.4177835976205], "val_loss": [162504.7890625, 128430.50150240384, 109993.70973557692, 105903.96724759616, 105995.30679086539, 105176.76953125, 105103.87109375, 106343.74789663461, 106082.40174278847, 118861.21844951923, 108806.83353365384, 105062.84975961539, 105712.52433894231, 104085.20372596153, 116387.00570913461, 107324.47806490384, 103896.21274038461, 108898.18629807692, 103355.03365384616, 102101.65955528847, 107423.53125, 124644.65204326923, 106170.13221153847, 105729.83834134616, 153564.55588942306, 110165.52554086539, 103532.98076923077, 95932.45643028847, 92647.89663461539, 93205.90234375], "val_mae": [151.9005831204928, 130.3540922311636, 126.78245397714468, 118.93949009821965, 122.05292804424579, 118.44757520235501, 110.88314643272987, 126.02655704204852, 127.18256935706505, 151.9126193706806, 132.96446462777945, 105.38807179377629, 105.58429336547852, 118.63558666522687, 95.86873802771935, 131.6532692542443, 116.59743235661433, 133.74605442927435, 119.89406321598933, 110.64182076087364, 134.0165798480694, 98.95671756450946, 131.0961696918194, 116.62628056452824, 177.55230771578275, 143.3627694936899, 99.85838141808144, 109.75776907113882, 106.23944796048679, 91.9122458237868]}