{"train_loss": [3355799.0739329266, 424943.2019054878, 397360.3637957317, 383457.748742378, 381651.2336890244, 380474.13563262194, 378501.2865472561, 378927.62286585366, 377857.7410060976, 378899.7515625, 377962.19447408535, 377043.45118140243, 378382.8516006098, 378896.46680640243, 376853.95102896343, 376440.4741615854, 377282.84767530486, 377356.8802972561, 376065.84824695124, 375855.73235518293, 373534.75323932926, 373401.5642911585, 373222.94336890243, 373172.83921493904, 372322.7002667683, 370366.1395960366, 369664.94866615854, 365404.3014862805, 365102.28266006097, 360152.3334222561], "train_mae": [516.1802054800638, 184.25752697456173, 165.71245898735233, 156.24829600264385, 154.56538673959128, 153.04807233112615, 152.3033417492378, 151.8326972031012, 152.7928209258289, 150.6608218309356, 149.69513159030822, 150.43264175042873, 152.15790948635194, 151.09091313059736, 151.08463224085367, 152.4942233201934, 149.74880810249144, 150.22499754370713, 151.61188808534203, 149.1851107713653, 148.552410963105, 149.36451360190787, 149.68789501655394, 149.32365071366473, 149.10149491472941, 148.13939305747428, 147.8712025712176, 144.9938374961295, 145.49015134485757, 143.05128505055498], "val_loss": [153670.10546875, 121099.99819711539, 97674.36358173077, 92857.11568509616, 92669.38131009616, 93949.69681490384, 92400.44711538461, 93069.14302884616, 91760.90324519231, 94601.05949519231, 91449.85126201923, 92684.78245192308, 99049.92217548077, 91968.05198317308, 91089.18179086539, 90943.03305288461, 91729.13491586539, 92413.37259615384, 91552.83623798077, 89788.64783653847, 92221.87349759616, 103001.54777644231, 88253.71304086539, 120332.25510817308, 96442.51292067308, 86563.31775841347, 84586.38161057692, 93031.70612980769, 80459.44996995192, 76456.66180889423], "val_mae": [151.78686053936298, 130.71516506488507, 111.14432320227989, 108.79159809992863, 107.2765144935021, 121.49364177997296, 113.15939624492938, 117.06638600276067, 110.75418120164137, 121.01575205876277, 110.48065185546875, 119.16679000854492, 132.62661009568436, 117.83842614980844, 114.57992465679462, 112.0174091045673, 114.52883529663086, 123.35461631188026, 95.99937145526593, 110.64088645348183, 122.27494401198167, 139.63680560772235, 108.35196186945988, 103.08502432016226, 132.2000257051908, 101.183836716872, 101.21506852370042, 86.69743963388296, 105.8425196134127, 110.67297275249774]}