{"train_loss": [1214389.7349466463, 312179.11985518294, 306294.73109756096, 301636.1448551829, 298947.8054878049, 296538.6217987805, 295917.3548208841, 293557.87103658536, 292742.8023246951, 292848.4367378049, 293859.1476753049, 287637.2044969512, 289918.2686356707, 339900.2003429878, 299763.89312118903, 293327.47578125, 291327.8955030488, 284087.00929878047, 276980.3234565549, 520628.37901105185, 235840.68903391768, 211607.819802782, 207866.11912633386, 205878.83899580792, 209153.40956078505, 227566.96033250762, 207007.4962414253, 203558.3602872523, 224539.26160203887, 205821.74958079268], "train_mae": [309.7793272437119, 142.1235252566454, 134.00743705935594, 127.49451643780964, 123.52936900069074, 120.2780568936976, 118.7908166280607, 117.52379861226896, 116.96407210187215, 117.3393597114377, 117.79955909542922, 113.69383578416777, 117.48611595339891, 150.25234270793635, 118.44052150075028, 115.0329527692097, 114.14077353128573, 113.8194472894436, 116.5002572036371, 102.50239871885718, 83.736969552389, 57.6728203936321, 55.49501969872451, 50.50161369137648, 55.80661736465082, 81.47714949817193, 52.16939137156417, 46.34008052174638, 76.72993502733183, 50.51712365499357], "val_loss": [343129.49579326925, 323454.75751201925, 311454.61298076925, 344510.83233173075, 312558.02704326925, 336576.55588942306, 312987.6781850961, 329136.2442908654, 306403.1502403846, 306834.21754807694, 304622.3798076923, 304497.0450721154, 293581.9399038461, 315730.43689903844, 308997.68299278844, 314366.3614783654, 305820.5180288461, 284212.2091346154, 267509.1059194711, 436586.5673076923, 230409.50833834134, 233401.1581280048, 224252.93535907453, 225069.6660907452, 249701.96649639422, 218062.41541466347, 223906.41259765625, 221789.4837176983, 224270.58263221153, 246424.07061298078], "val_mae": [143.151980473445, 106.24553827139047, 116.56528326181265, 162.64127408541165, 126.74981748140775, 158.5675277709961, 130.0753919161283, 151.59532811091498, 96.23696664663461, 124.13583638117863, 120.19707518357497, 119.60907246516301, 87.16611333993765, 127.40151830819937, 106.16515350341797, 136.40020869328424, 126.32229174100436, 81.3129155085637, 103.0820409334623, 237.33883021428034, 60.211114589984604, 71.78113996065579, 49.094868880051834, 54.01671703045185, 95.44084079448993, 24.97006717095008, 50.15228051405687, 44.13344485943134, 49.65732090289776, 90.59978514451247]}