{"train_loss": [1.8002695143222809, 1.796855092048645, 1.7957844138145447, 1.7935295403003693, 1.791260838508606, 1.7899292409420013, 1.7874086797237396, 1.7864696085453033, 1.787372201681137, 1.784402757883072, 1.7839094996452332, 1.781765729188919, 1.7831366658210754, 1.781961977481842, 1.7809208929538727, 1.776404619216919, 1.7723069489002228, 1.7737231254577637, 1.771297663450241, 1.7686571180820465, 1.767162024974823, 1.761910617351532, 1.7636227011680603, 1.7617110013961792, 1.7600387632846832, 1.7570990920066833, 1.753166913986206, 1.7519736289978027, 1.7545617520809174, 1.7499133944511414, 1.746409922838211, 1.7445921003818512, 1.744136780500412, 1.750335931777954, 1.7388132810592651, 1.737857162952423, 1.7396616339683533, 1.739128291606903, 1.7354598641395569, 1.73725226521492, 1.7359156608581543, 1.7325360476970673, 1.7292473316192627, 1.7281901240348816, 1.7353727519512177, 1.7260692417621613, 1.7226605713367462, 1.7253308594226837, 1.7292389273643494, 1.7281232476234436, 1.7357988357543945, 1.7167037725448608, 1.718065857887268, 1.7204140722751617, 1.7272135317325592, 1.7183307111263275, 1.7112696170806885, 1.7186587154865265, 1.7334632873535156, 1.7089585661888123, 1.7119706869125366, 1.709110587835312, 1.717035949230194, 1.7217577695846558, 1.7090980410575867, 1.7132404744625092, 1.7222262918949127, 1.71364364027977, 1.7191379070281982, 1.7045243978500366, 1.7128005027770996, 1.7045879065990448, 1.713823527097702, 1.7098232507705688, 1.7124199867248535, 1.713324099779129, 1.7149802446365356, 1.7155513167381287, 1.7073414325714111, 1.7054327726364136, 1.7169756889343262, 1.6925987601280212, 1.7201855182647705, 1.7131893038749695, 1.6985282599925995, 1.7007491886615753, 1.7055518925189972, 1.7095820307731628, 1.7153091430664062, 1.7016117572784424, 1.7067595720291138, 1.717460811138153, 1.7102248072624207, 1.7122073769569397, 1.707395225763321, 1.6991159915924072, 1.7050897479057312, 1.6987787187099457, 1.701324701309204, 1.6890883147716522], "train_acc": [0.15416666666666667, 0.16458333333333333, 0.1875, 0.17291666666666666, 0.2, 0.19375, 0.18333333333333332, 0.18333333333333332, 0.18541666666666667, 0.18333333333333332, 0.18333333333333332, 0.19375, 0.18333333333333332, 0.20208333333333334, 0.19791666666666666, 0.2125, 0.2125, 0.22291666666666668, 0.22291666666666668, 0.21666666666666667, 0.22291666666666668, 0.22708333333333333, 0.23125, 0.24166666666666667, 0.24583333333333332, 0.24375, 0.24375, 0.24791666666666667, 0.26458333333333334, 0.25, 0.2625, 0.24166666666666667, 0.24375, 0.24375, 0.24583333333333332, 0.23958333333333334, 0.25, 0.25, 0.23958333333333334, 0.22916666666666666, 0.2375, 0.24375, 0.24791666666666667, 0.27708333333333335, 0.2604166666666667, 0.26666666666666666, 0.27291666666666664, 0.24791666666666667, 0.25416666666666665, 0.275, 0.2604166666666667, 0.27708333333333335, 0.28125, 0.2604166666666667, 0.25833333333333336, 0.275, 0.2625, 0.28958333333333336, 0.26875, 0.28958333333333336, 0.26875, 0.2833333333333333, 0.28125, 0.275, 0.2791666666666667, 0.2604166666666667, 0.26458333333333334, 0.2916666666666667, 0.24791666666666667, 0.2791666666666667, 0.28958333333333336, 0.275, 0.28541666666666665, 0.2708333333333333, 0.26458333333333334, 0.2625, 0.26458333333333334, 0.2833333333333333, 0.26666666666666666, 0.2791666666666667, 0.27708333333333335, 0.2791666666666667, 0.28125, 0.2791666666666667, 0.28125, 0.2875, 0.28541666666666665, 0.28125, 0.2875, 0.2708333333333333, 0.28958333333333336, 0.2708333333333333, 0.28541666666666665, 0.27291666666666664, 0.28125, 0.2833333333333333, 0.2708333333333333, 0.25625, 0.29583333333333334, 0.3], "val_loss": [1.774446725845337, 1.7773170471191406, 1.7799090147018433, 1.7836031913757324, 1.7896758317947388, 1.7975986003875732, 1.8039882183074951, 1.8088345527648926, 1.808976411819458, 1.8063175678253174, 1.8028981685638428, 1.8004471063613892, 1.799268364906311, 1.79514479637146, 1.7914150953292847, 1.7882072925567627, 1.7872893810272217, 1.7896908521652222, 1.7887122631072998, 1.7844336032867432, 1.7792868614196777, 1.7725276947021484, 1.770284652709961, 1.7644866704940796, 1.7662683725357056, 1.764099359512329, 1.757226824760437, 1.7506215572357178, 1.746587872505188, 1.743209719657898, 1.7453075647354126, 1.7488322257995605, 1.7478407621383667, 1.7454416751861572, 1.7391468286514282, 1.7358726263046265, 1.7372386455535889, 1.7306166887283325, 1.7258743047714233, 1.733413577079773, 1.7216359376907349, 1.7298214435577393, 1.7301617860794067, 1.732923984527588, 1.7340972423553467, 1.7120795249938965, 1.7125600576400757, 1.7222076654434204, 1.738150954246521, 1.7127975225448608, 1.7024873495101929, 1.7142333984375, 1.7298614978790283, 1.723620057106018, 1.709189772605896, 1.7088271379470825, 1.7091561555862427, 1.7286909818649292, 1.7254315614700317, 1.698413610458374, 1.709396481513977, 1.7108467817306519, 1.7209205627441406, 1.716794490814209, 1.708669900894165, 1.7088695764541626, 1.7216415405273438, 1.7091965675354004, 1.7025586366653442, 1.7156778573989868, 1.7194492816925049, 1.6964529752731323, 1.700155258178711, 1.7092267274856567, 1.721513032913208, 1.705419659614563, 1.7168734073638916, 1.7063533067703247, 1.7001993656158447, 1.7125093936920166, 1.7085211277008057, 1.6982674598693848, 1.6919573545455933, 1.707553505897522, 1.7160321474075317, 1.6990470886230469, 1.7019504308700562, 1.7067101001739502, 1.7015290260314941, 1.70052170753479, 1.6946158409118652, 1.7015953063964844, 1.7032558917999268, 1.7048479318618774, 1.6982568502426147, 1.696805477142334, 1.7090219259262085, 1.698296308517456, 1.7079368829727173, 1.7101901769638062], "val_acc": [0.26666666666666666, 0.2833333333333333, 0.23333333333333334, 0.2, 0.18333333333333332, 0.08333333333333333, 0.08333333333333333, 0.08333333333333333, 0.08333333333333333, 0.08333333333333333, 0.08333333333333333, 0.11666666666666667, 0.11666666666666667, 0.08333333333333333, 0.11666666666666667, 0.11666666666666667, 0.15, 0.16666666666666666, 0.15, 0.15, 0.16666666666666666, 0.18333333333333332, 0.18333333333333332, 0.18333333333333332, 0.18333333333333332, 0.21666666666666667, 0.23333333333333334, 0.2, 0.26666666666666666, 0.21666666666666667, 0.23333333333333334, 0.21666666666666667, 0.23333333333333334, 0.26666666666666666, 0.26666666666666666, 0.26666666666666666, 0.25, 0.25, 0.3, 0.26666666666666666, 0.2833333333333333, 0.26666666666666666, 0.25, 0.25, 0.25, 0.26666666666666666, 0.2833333333333333, 0.25, 0.23333333333333334, 0.2833333333333333, 0.3, 0.26666666666666666, 0.25, 0.2833333333333333, 0.3, 0.3, 0.3, 0.26666666666666666, 0.25, 0.31666666666666665, 0.26666666666666666, 0.2833333333333333, 0.26666666666666666, 0.26666666666666666, 0.3, 0.31666666666666665, 0.26666666666666666, 0.2833333333333333, 0.2833333333333333, 0.25, 0.25, 0.31666666666666665, 0.3, 0.2833333333333333, 0.26666666666666666, 0.3, 0.26666666666666666, 0.26666666666666666, 0.3, 0.23333333333333334, 0.23333333333333334, 0.2833333333333333, 0.2833333333333333, 0.26666666666666666, 0.23333333333333334, 0.26666666666666666, 0.25, 0.2833333333333333, 0.3, 0.2833333333333333, 0.2833333333333333, 0.26666666666666666, 0.26666666666666666, 0.25, 0.2833333333333333, 0.2833333333333333, 0.26666666666666666, 0.2833333333333333, 0.26666666666666666, 0.26666666666666666]}