{"train_loss": [1.7949456572532654, 1.783265084028244, 1.7784739136695862, 1.7704654335975647, 1.773848831653595, 1.7684147655963898, 1.7676483392715454, 1.7739199995994568, 1.7647974491119385, 1.7660488188266754, 1.7661878764629364, 1.7667319178581238, 1.7660890519618988, 1.7616058886051178, 1.7613856494426727, 1.7569763958454132, 1.7610620260238647, 1.7598440647125244, 1.762705385684967, 1.7618428766727448, 1.7582644820213318, 1.7593618631362915, 1.7596043050289154, 1.7634943723678589, 1.7594372928142548, 1.7650350034236908, 1.7546886503696442, 1.7579225599765778, 1.7476007044315338, 1.7457768321037292, 1.7447836101055145, 1.741185873746872, 1.7359300553798676, 1.733862191438675, 1.726249784231186, 1.7239530682563782, 1.7359150052070618, 1.7354435920715332, 1.7263535261154175, 1.7196670770645142, 1.73306542634964, 1.7226214408874512, 1.7176465094089508, 1.7129767835140228, 1.713991641998291, 1.7151109874248505, 1.72274249792099, 1.7132152616977692, 1.7058690190315247, 1.7065895795822144, 1.6996374726295471, 1.6999019086360931, 1.696693867444992, 1.6996564269065857, 1.701131135225296, 1.6836268305778503, 1.6857113242149353, 1.6937977075576782, 1.6951698064804077, 1.7046473026275635, 1.7102942168712616, 1.7152445018291473, 1.7111204862594604, 1.698611170053482, 1.688612937927246, 1.6883642971515656, 1.682490974664688, 1.6760293245315552, 1.6719994246959686, 1.6758305430412292, 1.6794902980327606, 1.6811155080795288, 1.6816191971302032, 1.6667323112487793, 1.6530970633029938, 1.6748014390468597, 1.657743126153946, 1.6778921484947205, 1.6780689358711243, 1.693600207567215, 1.6921495199203491, 1.6729502975940704, 1.655360996723175, 1.6731198132038116, 1.6632507741451263, 1.6561294794082642, 1.6662176549434662, 1.6521783471107483, 1.6548814475536346, 1.6447007656097412, 1.6491180658340454, 1.6470580101013184, 1.656991422176361, 1.6459730863571167, 1.624235451221466, 1.653486728668213, 1.6378250420093536, 1.640446037054062, 1.6155200004577637, 1.629637449979782], "train_acc": [0.19166666666666668, 0.175, 0.18958333333333333, 0.18958333333333333, 0.17916666666666667, 0.20416666666666666, 0.175, 0.20416666666666666, 0.22291666666666668, 0.21666666666666667, 0.2, 0.1875, 0.14166666666666666, 0.18333333333333332, 0.19791666666666666, 0.19375, 0.20208333333333334, 0.20208333333333334, 0.19583333333333333, 0.20625, 0.20625, 0.18541666666666667, 0.23333333333333334, 0.2125, 0.1875, 0.18541666666666667, 0.16875, 0.22916666666666666, 0.21666666666666667, 0.2125, 0.22708333333333333, 0.27291666666666664, 0.24791666666666667, 0.22291666666666668, 0.25833333333333336, 0.25833333333333336, 0.24375, 0.25416666666666665, 0.23958333333333334, 0.2625, 0.24583333333333332, 0.24791666666666667, 0.26875, 0.25833333333333336, 0.2520833333333333, 0.25416666666666665, 0.22708333333333333, 0.2520833333333333, 0.23541666666666666, 0.24583333333333332, 0.25416666666666665, 0.275, 0.2791666666666667, 0.24583333333333332, 0.25, 0.26666666666666666, 0.2791666666666667, 0.27291666666666664, 0.2708333333333333, 0.26458333333333334, 0.25833333333333336, 0.26458333333333334, 0.2708333333333333, 0.25, 0.2708333333333333, 0.24791666666666667, 0.2625, 0.2625, 0.28125, 0.2625, 0.25, 0.26666666666666666, 0.2916666666666667, 0.29375, 0.2833333333333333, 0.29375, 0.29375, 0.28125, 0.29583333333333334, 0.26666666666666666, 0.28958333333333336, 0.3, 0.3020833333333333, 0.29375, 0.28125, 0.2833333333333333, 0.3, 0.29791666666666666, 0.3020833333333333, 0.3104166666666667, 0.30625, 0.31666666666666665, 0.3333333333333333, 0.3229166666666667, 0.33125, 0.28541666666666665, 0.325, 0.32083333333333336, 0.30416666666666664, 0.35208333333333336], "val_loss": [1.787190556526184, 1.7963253259658813, 1.7847886085510254, 1.7914741039276123, 1.7627686262130737, 1.7773663997650146, 1.7773357629776, 1.7698224782943726, 1.7594985961914062, 1.7667548656463623, 1.7768198251724243, 1.7704185247421265, 1.7710202932357788, 1.7638931274414062, 1.762081265449524, 1.7737435102462769, 1.776611328125, 1.758124589920044, 1.7559688091278076, 1.7628343105316162, 1.7641358375549316, 1.757557988166809, 1.7591114044189453, 1.778302550315857, 1.7640118598937988, 1.7522121667861938, 1.7723227739334106, 1.7698878049850464, 1.7455240488052368, 1.7524548768997192, 1.7448312044143677, 1.7189559936523438, 1.7468087673187256, 1.7180712223052979, 1.7088406085968018, 1.7243140935897827, 1.7144020795822144, 1.7189335823059082, 1.7042460441589355, 1.7361422777175903, 1.7381031513214111, 1.709791660308838, 1.709643840789795, 1.7342875003814697, 1.7120997905731201, 1.7103792428970337, 1.7012126445770264, 1.7069885730743408, 1.7127976417541504, 1.705088496208191, 1.7189421653747559, 1.7051352262496948, 1.6960514783859253, 1.705639362335205, 1.7051876783370972, 1.698609709739685, 1.700257420539856, 1.6879010200500488, 1.6807079315185547, 1.7100917100906372, 1.6966907978057861, 1.6860300302505493, 1.7418490648269653, 1.7227593660354614, 1.7009913921356201, 1.693768858909607, 1.704727053642273, 1.689507007598877, 1.6770102977752686, 1.6699061393737793, 1.6667636632919312, 1.6732043027877808, 1.665958046913147, 1.672082781791687, 1.6733211278915405, 1.67367684841156, 1.6555085182189941, 1.6727726459503174, 1.6649898290634155, 1.6609699726104736, 1.6801804304122925, 1.6847572326660156, 1.6613571643829346, 1.6742931604385376, 1.6641442775726318, 1.6330598592758179, 1.6825425624847412, 1.6577831506729126, 1.6534430980682373, 1.6453015804290771, 1.6384373903274536, 1.6516993045806885, 1.6646747589111328, 1.6534603834152222, 1.6566221714019775, 1.6547802686691284, 1.629138708114624, 1.6416016817092896, 1.660064458847046, 1.619641900062561], "val_acc": [0.11666666666666667, 0.13333333333333333, 0.16666666666666666, 0.13333333333333333, 0.21666666666666667, 0.13333333333333333, 0.15, 0.11666666666666667, 0.2, 0.23333333333333334, 0.11666666666666667, 0.16666666666666666, 0.13333333333333333, 0.2, 0.23333333333333334, 0.16666666666666666, 0.11666666666666667, 0.23333333333333334, 0.23333333333333334, 0.16666666666666666, 0.15, 0.2, 0.23333333333333334, 0.16666666666666666, 0.13333333333333333, 0.21666666666666667, 0.18333333333333332, 0.18333333333333332, 0.21666666666666667, 0.15, 0.23333333333333334, 0.23333333333333334, 0.15, 0.21666666666666667, 0.18333333333333332, 0.2, 0.18333333333333332, 0.25, 0.25, 0.13333333333333333, 0.16666666666666666, 0.26666666666666666, 0.26666666666666666, 0.11666666666666667, 0.16666666666666666, 0.16666666666666666, 0.18333333333333332, 0.15, 0.26666666666666666, 0.16666666666666666, 0.16666666666666666, 0.21666666666666667, 0.21666666666666667, 0.16666666666666666, 0.15, 0.25, 0.15, 0.18333333333333332, 0.25, 0.15, 0.13333333333333333, 0.18333333333333332, 0.18333333333333332, 0.15, 0.2, 0.18333333333333332, 0.13333333333333333, 0.16666666666666666, 0.2833333333333333, 0.18333333333333332, 0.2, 0.2, 0.26666666666666666, 0.18333333333333332, 0.16666666666666666, 0.21666666666666667, 0.23333333333333334, 0.2, 0.18333333333333332, 0.23333333333333334, 0.2, 0.26666666666666666, 0.21666666666666667, 0.2, 0.23333333333333334, 0.26666666666666666, 0.21666666666666667, 0.2, 0.26666666666666666, 0.3, 0.26666666666666666, 0.25, 0.23333333333333334, 0.2833333333333333, 0.25, 0.23333333333333334, 0.25, 0.2833333333333333, 0.25, 0.31666666666666665]}