{"train_loss": [1.7958987653255463, 1.7925673425197601, 1.7905186414718628, 1.789370983839035, 1.7880342602729797, 1.786328911781311, 1.7843202352523804, 1.7805849015712738, 1.774617224931717, 1.7686153948307037, 1.7684378921985626, 1.7641156315803528, 1.7614869177341461, 1.7505545914173126, 1.755318284034729, 1.7465652823448181, 1.7499054670333862, 1.749980866909027, 1.7460274398326874, 1.7489546835422516, 1.7446508705615997, 1.736098200082779, 1.7350462675094604, 1.7465539574623108, 1.7456026375293732, 1.7336479723453522, 1.7301017343997955, 1.7303244769573212, 1.7261734902858734, 1.7209063470363617, 1.7320855557918549, 1.7290263175964355, 1.7236741483211517, 1.7174281179904938, 1.7145388722419739, 1.7208606600761414, 1.7194504737854004, 1.7118923962116241, 1.7065527439117432, 1.7022672295570374, 1.6961248219013214, 1.7096078395843506, 1.7052249908447266, 1.7187144756317139, 1.6990711987018585, 1.719772607088089, 1.7001027166843414, 1.6900276243686676, 1.7026348412036896, 1.7052946090698242, 1.6987370252609253, 1.7028379440307617, 1.6887300908565521, 1.7062075436115265, 1.6956506967544556, 1.6886462271213531, 1.6925355195999146, 1.7146630585193634, 1.7002902626991272, 1.688989907503128, 1.7018893659114838, 1.700441688299179, 1.6951148509979248, 1.6851634979248047, 1.6918928623199463, 1.678870141506195, 1.6950450837612152, 1.6879715323448181, 1.6823447942733765, 1.6979318261146545, 1.6918151378631592, 1.6953509151935577, 1.6885153353214264, 1.6898728907108307, 1.691934734582901, 1.6808428168296814, 1.6728318333625793, 1.6779657006263733, 1.6874374747276306, 1.684560775756836, 1.6876067817211151, 1.6941573023796082, 1.681274026632309, 1.6845488846302032, 1.6720604002475739, 1.6768534779548645, 1.6758106052875519, 1.6940118372440338, 1.6809139549732208, 1.6864314079284668, 1.6845084130764008, 1.6805537045001984, 1.6682757437229156, 1.669716715812683, 1.6847106218338013, 1.6863964200019836, 1.6782241463661194, 1.6779384016990662, 1.6740268468856812, 1.681317389011383], "train_acc": [0.17083333333333334, 0.17083333333333334, 0.16458333333333333, 0.21041666666666667, 0.18125, 0.2, 0.22708333333333333, 0.20416666666666666, 0.22916666666666666, 0.24166666666666667, 0.23333333333333334, 0.22291666666666668, 0.20625, 0.21875, 0.21875, 0.24583333333333332, 0.2375, 0.25416666666666665, 0.24375, 0.2604166666666667, 0.23541666666666666, 0.23333333333333334, 0.27291666666666664, 0.23125, 0.25416666666666665, 0.2604166666666667, 0.26666666666666666, 0.27291666666666664, 0.27708333333333335, 0.275, 0.2604166666666667, 0.25625, 0.2708333333333333, 0.2520833333333333, 0.29583333333333334, 0.2875, 0.2708333333333333, 0.2520833333333333, 0.275, 0.275, 0.28125, 0.28125, 0.29583333333333334, 0.275, 0.3, 0.2625, 0.26458333333333334, 0.25625, 0.2708333333333333, 0.2833333333333333, 0.2875, 0.2833333333333333, 0.30416666666666664, 0.2791666666666667, 0.29583333333333334, 0.28541666666666665, 0.28541666666666665, 0.2791666666666667, 0.2916666666666667, 0.29375, 0.30416666666666664, 0.24166666666666667, 0.28541666666666665, 0.3, 0.30416666666666664, 0.29375, 0.2916666666666667, 0.26875, 0.28958333333333336, 0.2833333333333333, 0.26875, 0.2833333333333333, 0.29375, 0.26875, 0.28958333333333336, 0.2833333333333333, 0.2916666666666667, 0.29583333333333334, 0.275, 0.275, 0.2833333333333333, 0.27291666666666664, 0.29375, 0.27291666666666664, 0.29583333333333334, 0.27708333333333335, 0.28541666666666665, 0.29583333333333334, 0.2916666666666667, 0.2833333333333333, 0.30416666666666664, 0.3125, 0.29583333333333334, 0.26875, 0.29583333333333334, 0.2833333333333333, 0.3145833333333333, 0.2875, 0.28958333333333336, 0.2708333333333333], "val_loss": [1.8015551567077637, 1.798399567604065, 1.7950103282928467, 1.792206048965454, 1.7881814241409302, 1.785077452659607, 1.7818657159805298, 1.7771294116973877, 1.7744886875152588, 1.7712173461914062, 1.7694817781448364, 1.7717387676239014, 1.7755515575408936, 1.7759385108947754, 1.7738035917282104, 1.7725701332092285, 1.7645663022994995, 1.7503029108047485, 1.7626149654388428, 1.7526406049728394, 1.7439817190170288, 1.7387481927871704, 1.73727548122406, 1.73086416721344, 1.726635456085205, 1.7239327430725098, 1.7265026569366455, 1.7181063890457153, 1.7052295207977295, 1.6972568035125732, 1.6944366693496704, 1.6976017951965332, 1.692577600479126, 1.6869603395462036, 1.6867140531539917, 1.6868422031402588, 1.6826460361480713, 1.6813294887542725, 1.6737319231033325, 1.6740424633026123, 1.6785738468170166, 1.6729100942611694, 1.6725274324417114, 1.6708115339279175, 1.6635030508041382, 1.6568095684051514, 1.6574177742004395, 1.6559700965881348, 1.6526600122451782, 1.644402265548706, 1.6467633247375488, 1.6571778059005737, 1.6626323461532593, 1.6482197046279907, 1.6459336280822754, 1.6558704376220703, 1.6551727056503296, 1.6520144939422607, 1.6478180885314941, 1.6464695930480957, 1.6366231441497803, 1.6389580965042114, 1.6467373371124268, 1.6395217180252075, 1.6330721378326416, 1.6436086893081665, 1.6502436399459839, 1.6376603841781616, 1.6329352855682373, 1.6439152956008911, 1.6511765718460083, 1.6306891441345215, 1.627091646194458, 1.6382663249969482, 1.6388859748840332, 1.6307423114776611, 1.6292787790298462, 1.641599416732788, 1.6348663568496704, 1.6275204420089722, 1.6219232082366943, 1.6319777965545654, 1.6304165124893188, 1.6169555187225342, 1.6147063970565796, 1.618585228919983, 1.6287307739257812, 1.6174567937850952, 1.6175310611724854, 1.6228028535842896, 1.6275060176849365, 1.6316146850585938, 1.6147018671035767, 1.6125743389129639, 1.6257245540618896, 1.6138602495193481, 1.6109172105789185, 1.6207387447357178, 1.6347516775131226, 1.6289581060409546], "val_acc": [0.11666666666666667, 0.1, 0.08333333333333333, 0.1, 0.21666666666666667, 0.21666666666666667, 0.21666666666666667, 0.26666666666666666, 0.26666666666666666, 0.26666666666666666, 0.25, 0.23333333333333334, 0.23333333333333334, 0.25, 0.21666666666666667, 0.26666666666666666, 0.25, 0.2833333333333333, 0.31666666666666665, 0.3333333333333333, 0.2833333333333333, 0.31666666666666665, 0.3333333333333333, 0.3, 0.3333333333333333, 0.31666666666666665, 0.26666666666666666, 0.31666666666666665, 0.31666666666666665, 0.3333333333333333, 0.3333333333333333, 0.3, 0.31666666666666665, 0.2833333333333333, 0.35, 0.31666666666666665, 0.26666666666666666, 0.26666666666666666, 0.35, 0.3333333333333333, 0.3, 0.3, 0.31666666666666665, 0.26666666666666666, 0.3333333333333333, 0.31666666666666665, 0.26666666666666666, 0.3, 0.31666666666666665, 0.36666666666666664, 0.31666666666666665, 0.3, 0.26666666666666666, 0.3333333333333333, 0.3333333333333333, 0.2833333333333333, 0.3, 0.31666666666666665, 0.3, 0.2833333333333333, 0.2833333333333333, 0.31666666666666665, 0.31666666666666665, 0.35, 0.35, 0.2833333333333333, 0.23333333333333334, 0.3333333333333333, 0.31666666666666665, 0.2833333333333333, 0.25, 0.3333333333333333, 0.3333333333333333, 0.31666666666666665, 0.31666666666666665, 0.3333333333333333, 0.31666666666666665, 0.26666666666666666, 0.2833333333333333, 0.31666666666666665, 0.31666666666666665, 0.3, 0.25, 0.31666666666666665, 0.31666666666666665, 0.31666666666666665, 0.3, 0.31666666666666665, 0.3, 0.31666666666666665, 0.3, 0.31666666666666665, 0.35, 0.36666666666666664, 0.31666666666666665, 0.3333333333333333, 0.31666666666666665, 0.2833333333333333, 0.26666666666666666, 0.31666666666666665]}