{"train_loss": [1.791373074054718, 1.775235265493393, 1.7667309641838074, 1.7630976140499115, 1.761747121810913, 1.7637536823749542, 1.7547685503959656, 1.7652236819267273, 1.7578364610671997, 1.7620442807674408, 1.7543503046035767, 1.7582023739814758, 1.753414273262024, 1.7582400441169739, 1.7569117844104767, 1.7553607821464539, 1.7537733316421509, 1.7554273903369904, 1.7575954794883728, 1.7553473114967346, 1.755957692861557, 1.7527964413166046, 1.755380392074585, 1.7606889009475708, 1.7585965991020203, 1.7510712444782257, 1.7551328241825104, 1.75523179769516, 1.7561316192150116, 1.7559228539466858, 1.7556816637516022, 1.7572872638702393, 1.7541614770889282, 1.7530840933322906, 1.757334589958191, 1.750550538301468, 1.755806028842926, 1.755833774805069, 1.753628671169281, 1.7535158693790436, 1.7522507011890411, 1.7526081800460815, 1.7502524852752686, 1.7552789151668549, 1.7576172351837158, 1.7542599439620972, 1.755277305841446, 1.7518303394317627, 1.7526302337646484, 1.7458581626415253, 1.7523362338542938, 1.7480963468551636, 1.7492986023426056, 1.747584044933319, 1.7487717866897583, 1.742114633321762, 1.7385526597499847, 1.7378838956356049, 1.7474242746829987, 1.7338427007198334, 1.724315196275711, 1.7333217859268188, 1.7369154393672943, 1.7363320887088776, 1.737249493598938, 1.732165902853012, 1.7313112020492554, 1.7304552793502808, 1.7223739326000214, 1.7165508270263672, 1.7243340015411377, 1.724699705839157, 1.7315837144851685, 1.725165694952011, 1.7295189201831818, 1.7182678282260895, 1.7253181338310242, 1.7109706401824951, 1.720982551574707, 1.7072353661060333, 1.7216557562351227, 1.727971762418747, 1.7013671100139618, 1.723949521780014, 1.718934565782547, 1.708890676498413, 1.7212653160095215, 1.7203373312950134, 1.711477369070053, 1.7157534658908844, 1.7103150486946106, 1.7153283953666687, 1.7174954414367676, 1.6991524398326874, 1.7087901532649994, 1.70367893576622, 1.7067379653453827, 1.707391768693924, 1.7061042785644531, 1.690441519021988], "train_acc": [0.15416666666666667, 0.22291666666666668, 0.225, 0.2125, 0.22083333333333333, 0.18333333333333332, 0.20625, 0.20833333333333334, 0.19583333333333333, 0.19166666666666668, 0.22083333333333333, 0.2125, 0.21458333333333332, 0.24166666666666667, 0.20208333333333334, 0.22083333333333333, 0.21875, 0.20625, 0.18333333333333332, 0.19583333333333333, 0.26458333333333334, 0.21041666666666667, 0.20416666666666666, 0.23125, 0.2, 0.2, 0.23333333333333334, 0.22708333333333333, 0.1625, 0.19583333333333333, 0.23541666666666666, 0.15, 0.16875, 0.23541666666666666, 0.25416666666666665, 0.22708333333333333, 0.20625, 0.21458333333333332, 0.23125, 0.23333333333333334, 0.22916666666666666, 0.2125, 0.20208333333333334, 0.20208333333333334, 0.20208333333333334, 0.2520833333333333, 0.20625, 0.19166666666666668, 0.20833333333333334, 0.18125, 0.1875, 0.21666666666666667, 0.20625, 0.18125, 0.21666666666666667, 0.19375, 0.17708333333333334, 0.18125, 0.22291666666666668, 0.2125, 0.2125, 0.21666666666666667, 0.19166666666666668, 0.18541666666666667, 0.20625, 0.20416666666666666, 0.23541666666666666, 0.2375, 0.20833333333333334, 0.2125, 0.22291666666666668, 0.23333333333333334, 0.20416666666666666, 0.25, 0.225, 0.23333333333333334, 0.29583333333333334, 0.23958333333333334, 0.225, 0.25, 0.24166666666666667, 0.20416666666666666, 0.2625, 0.23333333333333334, 0.23541666666666666, 0.22916666666666666, 0.2708333333333333, 0.21875, 0.24375, 0.27708333333333335, 0.25833333333333336, 0.20416666666666666, 0.25, 0.27708333333333335, 0.22916666666666666, 0.23958333333333334, 0.25, 0.22708333333333333, 0.2625, 0.22291666666666668], "val_loss": [1.799919843673706, 1.7708851099014282, 1.7856029272079468, 1.794382095336914, 1.77835214138031, 1.7798069715499878, 1.783519983291626, 1.7863848209381104, 1.7848953008651733, 1.7824758291244507, 1.775476336479187, 1.7853683233261108, 1.7846788167953491, 1.782112717628479, 1.7778677940368652, 1.7812682390213013, 1.7785885334014893, 1.7774401903152466, 1.7844955921173096, 1.7770625352859497, 1.779734492301941, 1.7814791202545166, 1.7767889499664307, 1.7793477773666382, 1.7878087759017944, 1.7842501401901245, 1.783267617225647, 1.7891628742218018, 1.7819880247116089, 1.7751446962356567, 1.774087905883789, 1.7801322937011719, 1.790151596069336, 1.7892460823059082, 1.7798500061035156, 1.778627634048462, 1.7812823057174683, 1.7821027040481567, 1.7808483839035034, 1.7876583337783813, 1.777327299118042, 1.7666609287261963, 1.7731958627700806, 1.7842638492584229, 1.7830137014389038, 1.7781550884246826, 1.7757421731948853, 1.7731772661209106, 1.764780879020691, 1.7669466733932495, 1.768767237663269, 1.775699496269226, 1.7615410089492798, 1.7707626819610596, 1.7751747369766235, 1.7564018964767456, 1.7519241571426392, 1.7592648267745972, 1.7668814659118652, 1.7525255680084229, 1.772044062614441, 1.7793083190917969, 1.7442916631698608, 1.7527409791946411, 1.7831491231918335, 1.758037805557251, 1.767164945602417, 1.7521882057189941, 1.770005702972412, 1.7557498216629028, 1.760546088218689, 1.7491309642791748, 1.7426598072052002, 1.772050142288208, 1.746008038520813, 1.7462122440338135, 1.7547487020492554, 1.723058819770813, 1.7305808067321777, 1.7199453115463257, 1.7380757331848145, 1.7192472219467163, 1.721756100654602, 1.729567050933838, 1.723474383354187, 1.716463327407837, 1.7150261402130127, 1.6988792419433594, 1.7079421281814575, 1.725867748260498, 1.7057760953903198, 1.7248655557632446, 1.7073725461959839, 1.7322174310684204, 1.7220815420150757, 1.6965287923812866, 1.714560627937317, 1.7124130725860596, 1.708616018295288, 1.7384135723114014], "val_acc": [0.23333333333333334, 0.2, 0.11666666666666667, 0.15, 0.15, 0.15, 0.23333333333333334, 0.16666666666666666, 0.08333333333333333, 0.21666666666666667, 0.18333333333333332, 0.16666666666666666, 0.21666666666666667, 0.2, 0.11666666666666667, 0.16666666666666666, 0.18333333333333332, 0.16666666666666666, 0.16666666666666666, 0.15, 0.15, 0.13333333333333333, 0.13333333333333333, 0.16666666666666666, 0.15, 0.16666666666666666, 0.21666666666666667, 0.13333333333333333, 0.18333333333333332, 0.23333333333333334, 0.23333333333333334, 0.1, 0.2, 0.16666666666666666, 0.16666666666666666, 0.16666666666666666, 0.13333333333333333, 0.15, 0.16666666666666666, 0.2, 0.18333333333333332, 0.16666666666666666, 0.16666666666666666, 0.13333333333333333, 0.21666666666666667, 0.16666666666666666, 0.15, 0.2, 0.18333333333333332, 0.13333333333333333, 0.25, 0.18333333333333332, 0.2, 0.18333333333333332, 0.16666666666666666, 0.15, 0.23333333333333334, 0.21666666666666667, 0.23333333333333334, 0.2, 0.25, 0.2, 0.2, 0.21666666666666667, 0.21666666666666667, 0.2, 0.16666666666666666, 0.21666666666666667, 0.25, 0.23333333333333334, 0.21666666666666667, 0.31666666666666665, 0.2, 0.2833333333333333, 0.21666666666666667, 0.2, 0.3, 0.3, 0.23333333333333334, 0.25, 0.26666666666666666, 0.3333333333333333, 0.2833333333333333, 0.26666666666666666, 0.25, 0.2833333333333333, 0.26666666666666666, 0.26666666666666666, 0.3333333333333333, 0.26666666666666666, 0.26666666666666666, 0.26666666666666666, 0.3, 0.23333333333333334, 0.21666666666666667, 0.26666666666666666, 0.3, 0.26666666666666666, 0.31666666666666665, 0.2833333333333333]}