{"train_loss": [1.7925082743167877, 1.7899434864521027, 1.788180947303772, 1.786921888589859, 1.7845671772956848, 1.7830299139022827, 1.7824465334415436, 1.776583582162857, 1.778846949338913, 1.7741060256958008, 1.773599088191986, 1.7683886885643005, 1.7703966200351715, 1.7615443468093872, 1.763885259628296, 1.7581145763397217, 1.7589356899261475, 1.7638860940933228, 1.7534490823745728, 1.7600588202476501, 1.7516203820705414, 1.7572791874408722, 1.7533308267593384, 1.7566162943840027, 1.751455694437027, 1.7484698593616486, 1.7488993704319, 1.7475924789905548, 1.744440883398056, 1.7428642511367798, 1.742665708065033, 1.7372511625289917, 1.7382685840129852, 1.738005131483078, 1.7315490543842316, 1.739319086074829, 1.7300100922584534, 1.7242636978626251, 1.7251875698566437, 1.7237448394298553, 1.7267947793006897, 1.74245885014534, 1.7219429910182953, 1.723708689212799, 1.7298958599567413, 1.7216346859931946, 1.7203291356563568, 1.7193365395069122, 1.7180135846138, 1.7235735654830933, 1.7202909290790558, 1.71906179189682, 1.7246831953525543, 1.7106505930423737, 1.7062606513500214, 1.7120099365711212, 1.7082727551460266, 1.7196655869483948, 1.7328472435474396, 1.7190097272396088, 1.705278366804123, 1.7234293818473816, 1.7162646353244781, 1.7154848873615265, 1.7132312059402466, 1.7234122455120087, 1.7254376709461212, 1.707271695137024, 1.7210533022880554, 1.713823288679123, 1.7118674516677856, 1.7203576266765594, 1.7086416482925415, 1.7047459483146667, 1.7099692225456238, 1.7101393342018127, 1.7192746996879578, 1.7084435522556305, 1.7138824462890625, 1.7098038792610168, 1.708657145500183, 1.702800214290619, 1.7246856987476349, 1.7061372101306915, 1.6994701623916626, 1.7137161195278168, 1.7033047676086426, 1.6958614587783813, 1.706525981426239, 1.7121781706809998, 1.7115195989608765, 1.7114881873130798, 1.7115357220172882, 1.7121292352676392, 1.7035907208919525, 1.6973906755447388, 1.7013835310935974, 1.6988134384155273, 1.6909768879413605, 1.6926352381706238], "train_acc": [0.17708333333333334, 0.19166666666666668, 0.17708333333333334, 0.2, 0.19583333333333333, 0.2125, 0.22291666666666668, 0.21041666666666667, 0.19791666666666666, 0.21666666666666667, 0.19791666666666666, 0.19375, 0.19791666666666666, 0.20833333333333334, 0.21458333333333332, 0.20833333333333334, 0.21041666666666667, 0.21041666666666667, 0.2, 0.23125, 0.21875, 0.23125, 0.22291666666666668, 0.225, 0.24166666666666667, 0.22083333333333333, 0.21666666666666667, 0.22083333333333333, 0.21041666666666667, 0.225, 0.21875, 0.21666666666666667, 0.21875, 0.24166666666666667, 0.22083333333333333, 0.22083333333333333, 0.20208333333333334, 0.23125, 0.175, 0.2125, 0.21666666666666667, 0.18958333333333333, 0.21666666666666667, 0.21666666666666667, 0.21458333333333332, 0.23333333333333334, 0.2375, 0.22083333333333333, 0.22916666666666666, 0.225, 0.2125, 0.2, 0.23541666666666666, 0.22916666666666666, 0.25416666666666665, 0.21666666666666667, 0.22916666666666666, 0.23125, 0.22291666666666668, 0.21041666666666667, 0.20208333333333334, 0.24583333333333332, 0.24583333333333332, 0.24583333333333332, 0.2375, 0.21875, 0.21875, 0.21041666666666667, 0.225, 0.21875, 0.24583333333333332, 0.23958333333333334, 0.24791666666666667, 0.22708333333333333, 0.20208333333333334, 0.25416666666666665, 0.23958333333333334, 0.25416666666666665, 0.25, 0.25416666666666665, 0.24166666666666667, 0.25416666666666665, 0.23333333333333334, 0.24583333333333332, 0.23541666666666666, 0.23125, 0.24583333333333332, 0.25625, 0.26458333333333334, 0.25416666666666665, 0.25833333333333336, 0.24375, 0.23125, 0.23125, 0.2520833333333333, 0.24791666666666667, 0.26666666666666666, 0.26458333333333334, 0.25, 0.24583333333333332], "val_loss": [1.802257776260376, 1.8113404512405396, 1.8030701875686646, 1.7955613136291504, 1.7925593852996826, 1.790570855140686, 1.7848166227340698, 1.781133770942688, 1.7737327814102173, 1.765109896659851, 1.7590348720550537, 1.7581559419631958, 1.761362075805664, 1.756433129310608, 1.7510802745819092, 1.7488287687301636, 1.7521493434906006, 1.7613558769226074, 1.7609328031539917, 1.7582027912139893, 1.7524582147598267, 1.7540009021759033, 1.7602978944778442, 1.76301908493042, 1.7760145664215088, 1.776980996131897, 1.7550623416900635, 1.7435641288757324, 1.7592087984085083, 1.7777763605117798, 1.7706012725830078, 1.7554469108581543, 1.7625740766525269, 1.7683879137039185, 1.7669072151184082, 1.75637948513031, 1.763303279876709, 1.767825722694397, 1.7563786506652832, 1.7673169374465942, 1.7527416944503784, 1.79315185546875, 1.7702974081039429, 1.7596304416656494, 1.7743504047393799, 1.760348916053772, 1.7661018371582031, 1.7565375566482544, 1.7845364809036255, 1.7645683288574219, 1.765282154083252, 1.7821804285049438, 1.7776659727096558, 1.76567804813385, 1.7772084474563599, 1.7825881242752075, 1.7563406229019165, 1.7791043519973755, 1.7763577699661255, 1.743823766708374, 1.7694675922393799, 1.7596811056137085, 1.774487018585205, 1.7861716747283936, 1.7754889726638794, 1.7643451690673828, 1.7761400938034058, 1.757534146308899, 1.750592589378357, 1.7707293033599854, 1.7742804288864136, 1.751060128211975, 1.7618378400802612, 1.7715365886688232, 1.7895764112472534, 1.755007028579712, 1.7772058248519897, 1.7692011594772339, 1.76017165184021, 1.782887578010559, 1.7721861600875854, 1.7589056491851807, 1.75678288936615, 1.7937616109848022, 1.7936261892318726, 1.767453670501709, 1.7861219644546509, 1.7937575578689575, 1.7688506841659546, 1.7533066272735596, 1.7557746171951294, 1.7818801403045654, 1.7834160327911377, 1.7873543500900269, 1.7798722982406616, 1.7733515501022339, 1.7782275676727295, 1.7688319683074951, 1.783230185508728, 1.7958470582962036], "val_acc": [0.08333333333333333, 0.08333333333333333, 0.11666666666666667, 0.11666666666666667, 0.11666666666666667, 0.11666666666666667, 0.08333333333333333, 0.1, 0.16666666666666666, 0.18333333333333332, 0.18333333333333332, 0.15, 0.13333333333333333, 0.13333333333333333, 0.16666666666666666, 0.15, 0.11666666666666667, 0.11666666666666667, 0.13333333333333333, 0.11666666666666667, 0.11666666666666667, 0.16666666666666666, 0.13333333333333333, 0.15, 0.11666666666666667, 0.13333333333333333, 0.18333333333333332, 0.23333333333333334, 0.21666666666666667, 0.13333333333333333, 0.13333333333333333, 0.2, 0.23333333333333334, 0.21666666666666667, 0.16666666666666666, 0.16666666666666666, 0.2, 0.2, 0.18333333333333332, 0.2, 0.2, 0.18333333333333332, 0.16666666666666666, 0.2, 0.18333333333333332, 0.21666666666666667, 0.23333333333333334, 0.25, 0.18333333333333332, 0.21666666666666667, 0.2, 0.18333333333333332, 0.21666666666666667, 0.23333333333333334, 0.21666666666666667, 0.21666666666666667, 0.23333333333333334, 0.2, 0.2, 0.23333333333333334, 0.18333333333333332, 0.21666666666666667, 0.21666666666666667, 0.16666666666666666, 0.15, 0.21666666666666667, 0.21666666666666667, 0.21666666666666667, 0.2, 0.2, 0.2, 0.2, 0.2, 0.16666666666666666, 0.18333333333333332, 0.2, 0.18333333333333332, 0.2, 0.21666666666666667, 0.18333333333333332, 0.21666666666666667, 0.21666666666666667, 0.2, 0.18333333333333332, 0.16666666666666666, 0.18333333333333332, 0.2, 0.21666666666666667, 0.21666666666666667, 0.25, 0.25, 0.21666666666666667, 0.16666666666666666, 0.16666666666666666, 0.2, 0.25, 0.21666666666666667, 0.23333333333333334, 0.2, 0.2]}