{"train_loss": [1.7923578917980194, 1.790520042181015, 1.7885060906410217, 1.7885781228542328, 1.7866883277893066, 1.7851851284503937, 1.7832268476486206, 1.7830004692077637, 1.7805477678775787, 1.7817416191101074, 1.778134435415268, 1.776701956987381, 1.7759009301662445, 1.7740691304206848, 1.7719354629516602, 1.773269385099411, 1.7674288153648376, 1.7658007144927979, 1.765903502702713, 1.7622054815292358, 1.7620294094085693, 1.7587023079395294, 1.7596463859081268, 1.756876289844513, 1.7590475380420685, 1.7547233700752258, 1.7525598108768463, 1.751775175333023, 1.7515026032924652, 1.750394195318222, 1.7532512247562408, 1.7437312006950378, 1.7415239214897156, 1.7439176142215729, 1.748664379119873, 1.7398639023303986, 1.7487980723381042, 1.7458938360214233, 1.7395744025707245, 1.7439574003219604, 1.7369396090507507, 1.7383593618869781, 1.734269231557846, 1.738123506307602, 1.7359561622142792, 1.7411255836486816, 1.7300741374492645, 1.7353172600269318, 1.7394935190677643, 1.7388902008533478, 1.737185388803482, 1.7332097291946411, 1.73845836520195, 1.7302596271038055, 1.73695769906044, 1.7329241037368774, 1.7276459038257599, 1.728399395942688, 1.7400602400302887, 1.7303931713104248, 1.7313171923160553, 1.727101743221283, 1.7267253398895264, 1.7349059283733368, 1.726327806711197, 1.7283419966697693, 1.7327492535114288, 1.737896740436554, 1.7302952408790588, 1.7206108570098877, 1.7348897755146027, 1.7220522463321686, 1.7261353731155396, 1.7265917360782623, 1.7251381278038025, 1.7192286550998688, 1.7334477305412292, 1.7287166118621826, 1.7227261066436768, 1.726355403661728, 1.7303283512592316, 1.727155864238739, 1.7257091999053955, 1.736204832792282, 1.7296213209629059, 1.7278153896331787, 1.7247702777385712, 1.7317196726799011, 1.731592744588852, 1.7342755794525146, 1.725330114364624, 1.7203642427921295, 1.722203254699707, 1.7178560197353363, 1.728171557188034, 1.7256012856960297, 1.7238857746124268, 1.7210769355297089, 1.7191565334796906, 1.7211385667324066], "train_acc": [0.16458333333333333, 0.15, 0.16041666666666668, 0.17708333333333334, 0.17083333333333334, 0.16875, 0.19166666666666668, 0.20416666666666666, 0.19166666666666668, 0.21875, 0.2125, 0.21666666666666667, 0.22708333333333333, 0.2375, 0.2375, 0.23541666666666666, 0.2604166666666667, 0.23541666666666666, 0.22708333333333333, 0.21666666666666667, 0.23125, 0.22291666666666668, 0.2125, 0.20833333333333334, 0.20416666666666666, 0.23541666666666666, 0.19791666666666666, 0.20208333333333334, 0.21666666666666667, 0.19375, 0.23333333333333334, 0.2, 0.22916666666666666, 0.21458333333333332, 0.18958333333333333, 0.2125, 0.21875, 0.23541666666666666, 0.21875, 0.22708333333333333, 0.22916666666666666, 0.22916666666666666, 0.23125, 0.22916666666666666, 0.21875, 0.23125, 0.225, 0.2375, 0.23333333333333334, 0.22708333333333333, 0.22291666666666668, 0.23333333333333334, 0.21875, 0.23333333333333334, 0.22083333333333333, 0.23125, 0.21875, 0.21041666666666667, 0.225, 0.2375, 0.23125, 0.2375, 0.21458333333333332, 0.22708333333333333, 0.22916666666666666, 0.225, 0.22708333333333333, 0.21875, 0.23541666666666666, 0.20625, 0.20416666666666666, 0.23125, 0.22083333333333333, 0.21666666666666667, 0.24166666666666667, 0.2125, 0.22916666666666666, 0.21875, 0.24166666666666667, 0.23333333333333334, 0.21875, 0.2125, 0.225, 0.21041666666666667, 0.225, 0.23541666666666666, 0.22083333333333333, 0.23333333333333334, 0.22083333333333333, 0.23333333333333334, 0.23958333333333334, 0.2125, 0.22291666666666668, 0.23333333333333334, 0.23125, 0.22708333333333333, 0.23125, 0.22916666666666666, 0.21875, 0.22291666666666668], "val_loss": [1.8067246675491333, 1.8051743507385254, 1.8039981126785278, 1.8035502433776855, 1.8021661043167114, 1.8008326292037964, 1.799896001815796, 1.7984473705291748, 1.797363042831421, 1.7966246604919434, 1.7940547466278076, 1.7913947105407715, 1.7892613410949707, 1.7866168022155762, 1.7842848300933838, 1.7820895910263062, 1.780652642250061, 1.7780076265335083, 1.776221752166748, 1.7739121913909912, 1.7731728553771973, 1.772385835647583, 1.7705241441726685, 1.7700227499008179, 1.7676013708114624, 1.7689647674560547, 1.769511342048645, 1.7683018445968628, 1.7678080797195435, 1.7646130323410034, 1.7645621299743652, 1.7638705968856812, 1.761877417564392, 1.7612100839614868, 1.7594858407974243, 1.7622236013412476, 1.7634718418121338, 1.7622854709625244, 1.7611660957336426, 1.7606933116912842, 1.7580749988555908, 1.7516371011734009, 1.7510448694229126, 1.754575252532959, 1.7618560791015625, 1.7649470567703247, 1.7600743770599365, 1.7540291547775269, 1.7563393115997314, 1.7538745403289795, 1.7596077919006348, 1.7605866193771362, 1.7564688920974731, 1.7588779926300049, 1.761614203453064, 1.753638505935669, 1.7534602880477905, 1.7565757036209106, 1.7588015794754028, 1.7605478763580322, 1.7631850242614746, 1.7581098079681396, 1.7537921667099, 1.7552545070648193, 1.761456847190857, 1.7656570672988892, 1.7612931728363037, 1.7563490867614746, 1.7571920156478882, 1.7564815282821655, 1.7613595724105835, 1.764373540878296, 1.7610336542129517, 1.757322907447815, 1.7585450410842896, 1.7614814043045044, 1.7714558839797974, 1.7635642290115356, 1.7606604099273682, 1.7599092721939087, 1.7636135816574097, 1.7643122673034668, 1.764438509941101, 1.762910008430481, 1.7622332572937012, 1.758601427078247, 1.7620656490325928, 1.7671328783035278, 1.7672994136810303, 1.760469675064087, 1.7600473165512085, 1.7666996717453003, 1.7638767957687378, 1.7638719081878662, 1.7652778625488281, 1.7625635862350464, 1.7646149396896362, 1.769065260887146, 1.7637050151824951, 1.7612637281417847], "val_acc": [0.1, 0.1, 0.1, 0.1, 0.13333333333333333, 0.11666666666666667, 0.13333333333333333, 0.16666666666666666, 0.16666666666666666, 0.18333333333333332, 0.16666666666666666, 0.18333333333333332, 0.16666666666666666, 0.2, 0.2, 0.2, 0.2, 0.2, 0.15, 0.15, 0.15, 0.15, 0.16666666666666666, 0.16666666666666666, 0.16666666666666666, 0.15, 0.18333333333333332, 0.16666666666666666, 0.13333333333333333, 0.15, 0.15, 0.15, 0.2, 0.15, 0.15, 0.15, 0.15, 0.15, 0.16666666666666666, 0.15, 0.15, 0.2, 0.16666666666666666, 0.2, 0.15, 0.15, 0.15, 0.13333333333333333, 0.13333333333333333, 0.16666666666666666, 0.21666666666666667, 0.2, 0.13333333333333333, 0.13333333333333333, 0.15, 0.13333333333333333, 0.18333333333333332, 0.18333333333333332, 0.15, 0.15, 0.13333333333333333, 0.2, 0.21666666666666667, 0.2, 0.13333333333333333, 0.13333333333333333, 0.15, 0.15, 0.13333333333333333, 0.13333333333333333, 0.13333333333333333, 0.13333333333333333, 0.13333333333333333, 0.15, 0.13333333333333333, 0.15, 0.13333333333333333, 0.21666666666666667, 0.18333333333333332, 0.2, 0.15, 0.18333333333333332, 0.2, 0.16666666666666666, 0.2, 0.21666666666666667, 0.15, 0.16666666666666666, 0.16666666666666666, 0.2, 0.2, 0.16666666666666666, 0.2, 0.2, 0.15, 0.15, 0.13333333333333333, 0.15, 0.13333333333333333, 0.15]}