{"train_loss": [1.7978390455245972, 1.7785553336143494, 1.7767153680324554, 1.7709253430366516, 1.770202249288559, 1.7674651443958282, 1.770329862833023, 1.7632721662521362, 1.7647835910320282, 1.7629251182079315, 1.7650551199913025, 1.7621886730194092, 1.7647424638271332, 1.7620536088943481, 1.7657613158226013, 1.7605385184288025, 1.7623261213302612, 1.7631186842918396, 1.7633964121341705, 1.7601774334907532, 1.7642212808132172, 1.7587526440620422, 1.767344743013382, 1.7602627277374268, 1.763298213481903, 1.7602611780166626, 1.7612840831279755, 1.7595162689685822, 1.760911226272583, 1.7600180506706238, 1.7647956609725952, 1.763562262058258, 1.764082282781601, 1.7696764171123505, 1.7615139484405518, 1.7586850225925446, 1.7559750080108643, 1.7549688816070557, 1.7481285631656647, 1.7494447827339172, 1.745449036359787, 1.742221862077713, 1.732109785079956, 1.7391957640647888, 1.7219209372997284, 1.7264783680438995, 1.7208370566368103, 1.7323041558265686, 1.7130988538265228, 1.7008711099624634, 1.7052713334560394, 1.7081157565116882, 1.707651972770691, 1.7062962055206299, 1.7124511003494263, 1.6960918009281158, 1.7041112184524536, 1.6883355379104614, 1.691894680261612, 1.693951666355133, 1.7056692242622375, 1.710060030221939, 1.6894831657409668, 1.692977249622345, 1.6906718909740448, 1.6954437792301178, 1.6757916510105133, 1.6953299045562744, 1.6807212233543396, 1.6785518825054169, 1.6758913695812225, 1.6842906177043915, 1.6605912744998932, 1.6690878570079803, 1.6705747842788696, 1.670983999967575, 1.6797249913215637, 1.673950046300888, 1.661758542060852, 1.6686744689941406, 1.6648609340190887, 1.6577217876911163, 1.6731919050216675, 1.6665478348731995, 1.647617757320404, 1.6624529957771301, 1.6582308113574982, 1.6561941802501678, 1.6691368520259857, 1.6580352485179901, 1.6707571744918823, 1.6523240804672241, 1.6661149561405182, 1.658312827348709, 1.657982587814331, 1.6507154405117035, 1.6593364477157593, 1.6346744000911713, 1.639060229063034, 1.6529424786567688], "train_acc": [0.1625, 0.18958333333333333, 0.18541666666666667, 0.23333333333333334, 0.22083333333333333, 0.19583333333333333, 0.21875, 0.22708333333333333, 0.20833333333333334, 0.22708333333333333, 0.21041666666666667, 0.2125, 0.21041666666666667, 0.23125, 0.20416666666666666, 0.20833333333333334, 0.20416666666666666, 0.20416666666666666, 0.21875, 0.23333333333333334, 0.20416666666666666, 0.20416666666666666, 0.18958333333333333, 0.225, 0.23333333333333334, 0.20625, 0.20416666666666666, 0.20208333333333334, 0.21875, 0.21875, 0.22291666666666668, 0.2125, 0.20625, 0.22083333333333333, 0.21666666666666667, 0.20208333333333334, 0.22291666666666668, 0.21041666666666667, 0.20208333333333334, 0.21458333333333332, 0.21041666666666667, 0.2125, 0.24583333333333332, 0.19791666666666666, 0.24583333333333332, 0.2375, 0.25833333333333336, 0.24791666666666667, 0.20208333333333334, 0.24375, 0.2833333333333333, 0.25, 0.24166666666666667, 0.27291666666666664, 0.25625, 0.24375, 0.2125, 0.25416666666666665, 0.25833333333333336, 0.24791666666666667, 0.2520833333333333, 0.23333333333333334, 0.2916666666666667, 0.275, 0.24583333333333332, 0.25, 0.25833333333333336, 0.24375, 0.28541666666666665, 0.28125, 0.2625, 0.26458333333333334, 0.28958333333333336, 0.26458333333333334, 0.26666666666666666, 0.25833333333333336, 0.275, 0.25625, 0.30833333333333335, 0.28958333333333336, 0.275, 0.2833333333333333, 0.28958333333333336, 0.25625, 0.2875, 0.2604166666666667, 0.28541666666666665, 0.2708333333333333, 0.2833333333333333, 0.26458333333333334, 0.27291666666666664, 0.2875, 0.30625, 0.275, 0.3125, 0.2833333333333333, 0.29375, 0.30625, 0.30625, 0.275], "val_loss": [1.7709218263626099, 1.7562147378921509, 1.7338943481445312, 1.7519447803497314, 1.762431263923645, 1.7615563869476318, 1.7507922649383545, 1.7334855794906616, 1.7328747510910034, 1.738674283027649, 1.7414591312408447, 1.7513459920883179, 1.7563538551330566, 1.7487881183624268, 1.7343494892120361, 1.7352219820022583, 1.7419006824493408, 1.753068208694458, 1.7500145435333252, 1.7466275691986084, 1.7437673807144165, 1.7380645275115967, 1.7378827333450317, 1.740564227104187, 1.7477068901062012, 1.752567172050476, 1.7465417385101318, 1.7470813989639282, 1.7447314262390137, 1.7425137758255005, 1.73683500289917, 1.7403150796890259, 1.748462438583374, 1.7484077215194702, 1.7483160495758057, 1.7450121641159058, 1.7491036653518677, 1.744702696800232, 1.7518982887268066, 1.7591623067855835, 1.747160792350769, 1.7583714723587036, 1.7773804664611816, 1.7766791582107544, 1.8261469602584839, 1.759420394897461, 1.8436808586120605, 1.7572524547576904, 1.7905502319335938, 1.7918213605880737, 1.8028080463409424, 1.7991509437561035, 1.7869728803634644, 1.7997455596923828, 1.7766605615615845, 1.7991365194320679, 1.7829253673553467, 1.8186023235321045, 1.7492434978485107, 1.8166550397872925, 1.805914044380188, 1.7704910039901733, 1.8549622297286987, 1.7609182596206665, 1.7989996671676636, 1.8421622514724731, 1.7512775659561157, 1.7879654169082642, 1.8277926445007324, 1.8148462772369385, 1.794966459274292, 1.8116414546966553, 1.8040440082550049, 1.8047775030136108, 1.8428095579147339, 1.8074841499328613, 1.8289884328842163, 1.786104440689087, 1.8342360258102417, 1.7881824970245361, 1.800422191619873, 1.8294957876205444, 1.7942862510681152, 1.86273992061615, 1.8244925737380981, 1.7853028774261475, 1.8598655462265015, 1.799400806427002, 1.8490854501724243, 1.7946243286132812, 1.800944209098816, 1.8520740270614624, 1.812728762626648, 1.8234699964523315, 1.8240889310836792, 1.7673397064208984, 1.847354531288147, 1.7984700202941895, 1.8291016817092896, 1.8290276527404785], "val_acc": [0.15, 0.18333333333333332, 0.13333333333333333, 0.11666666666666667, 0.11666666666666667, 0.15, 0.18333333333333332, 0.13333333333333333, 0.13333333333333333, 0.11666666666666667, 0.13333333333333333, 0.11666666666666667, 0.16666666666666666, 0.13333333333333333, 0.15, 0.13333333333333333, 0.13333333333333333, 0.16666666666666666, 0.13333333333333333, 0.13333333333333333, 0.15, 0.18333333333333332, 0.2, 0.13333333333333333, 0.16666666666666666, 0.11666666666666667, 0.13333333333333333, 0.16666666666666666, 0.16666666666666666, 0.15, 0.13333333333333333, 0.13333333333333333, 0.13333333333333333, 0.13333333333333333, 0.11666666666666667, 0.1, 0.13333333333333333, 0.08333333333333333, 0.16666666666666666, 0.18333333333333332, 0.18333333333333332, 0.16666666666666666, 0.18333333333333332, 0.25, 0.15, 0.2833333333333333, 0.2, 0.23333333333333334, 0.25, 0.25, 0.23333333333333334, 0.21666666666666667, 0.31666666666666665, 0.3, 0.23333333333333334, 0.21666666666666667, 0.23333333333333334, 0.21666666666666667, 0.3, 0.23333333333333334, 0.21666666666666667, 0.3333333333333333, 0.21666666666666667, 0.23333333333333334, 0.26666666666666666, 0.23333333333333334, 0.26666666666666666, 0.21666666666666667, 0.3, 0.2833333333333333, 0.23333333333333334, 0.2833333333333333, 0.31666666666666665, 0.25, 0.21666666666666667, 0.31666666666666665, 0.21666666666666667, 0.23333333333333334, 0.3, 0.26666666666666666, 0.21666666666666667, 0.2833333333333333, 0.35, 0.18333333333333332, 0.2833333333333333, 0.2833333333333333, 0.21666666666666667, 0.2, 0.23333333333333334, 0.3, 0.35, 0.18333333333333332, 0.2833333333333333, 0.23333333333333334, 0.23333333333333334, 0.26666666666666666, 0.25, 0.26666666666666666, 0.26666666666666666, 0.2]}