{"train_loss": [1.8011304438114166, 1.7678117454051971, 1.7595194578170776, 1.7578350007534027, 1.7560191750526428, 1.7484188377857208, 1.7457799911499023, 1.750426322221756, 1.7492068707942963, 1.745888888835907, 1.7515947818756104, 1.7461935877799988, 1.7461081147193909, 1.7451619505882263, 1.7444460093975067, 1.742823213338852, 1.7469429075717926, 1.74844890832901, 1.7458619177341461, 1.7487828433513641, 1.7455780804157257, 1.7421427071094513, 1.7427115142345428, 1.7453791499137878, 1.7441436648368835, 1.742464005947113, 1.741811066865921, 1.7418655753135681, 1.7380596697330475, 1.7432925999164581, 1.7483075261116028, 1.7376982867717743, 1.7433415651321411, 1.7356674373149872, 1.7330264449119568, 1.7336409389972687, 1.7405692040920258, 1.7344841659069061, 1.731953203678131, 1.730684906244278, 1.733116865158081, 1.7386743426322937, 1.7259861826896667, 1.7439445555210114, 1.7220948934555054, 1.7308720648288727, 1.7232636511325836, 1.7260482013225555, 1.7212670743465424, 1.7071707844734192, 1.7125830054283142, 1.716497778892517, 1.6995272636413574, 1.7062717974185944, 1.6967639923095703, 1.6892848312854767, 1.686266154050827, 1.688961774110794, 1.6836857497692108, 1.6874555051326752, 1.686202883720398, 1.6879944503307343, 1.6808865368366241, 1.6781480014324188, 1.685199499130249, 1.6887382566928864, 1.6848702728748322, 1.6771628856658936, 1.6820439398288727, 1.6666332483291626, 1.66898912191391, 1.6767307817935944, 1.6843807399272919, 1.671820342540741, 1.714057445526123, 1.6729555130004883, 1.6686457991600037, 1.6680822372436523, 1.6688826978206635, 1.6763419210910797, 1.6776659786701202, 1.6777577102184296, 1.6750643849372864, 1.6672495007514954, 1.669567197561264, 1.670310378074646, 1.675254464149475, 1.6904862523078918, 1.6674185395240784, 1.666149228811264, 1.684857189655304, 1.6695072650909424, 1.650869607925415, 1.6578477621078491, 1.6702644526958466, 1.6718509495258331, 1.664640635251999, 1.6534364223480225, 1.6508685052394867, 1.657325267791748], "train_acc": [0.17916666666666667, 0.23125, 0.21458333333333332, 0.27291666666666664, 0.2708333333333333, 0.27291666666666664, 0.25, 0.18541666666666667, 0.225, 0.22291666666666668, 0.22916666666666666, 0.22916666666666666, 0.23333333333333334, 0.2625, 0.25833333333333336, 0.27708333333333335, 0.26458333333333334, 0.25625, 0.25, 0.27291666666666664, 0.22916666666666666, 0.25625, 0.24375, 0.25416666666666665, 0.24166666666666667, 0.25833333333333336, 0.2791666666666667, 0.25416666666666665, 0.23541666666666666, 0.26875, 0.26458333333333334, 0.2520833333333333, 0.23333333333333334, 0.25416666666666665, 0.275, 0.2708333333333333, 0.2604166666666667, 0.26458333333333334, 0.25416666666666665, 0.275, 0.2520833333333333, 0.24791666666666667, 0.275, 0.23125, 0.2604166666666667, 0.2708333333333333, 0.23333333333333334, 0.27708333333333335, 0.29583333333333334, 0.2520833333333333, 0.26458333333333334, 0.2604166666666667, 0.27708333333333335, 0.27708333333333335, 0.29791666666666666, 0.29583333333333334, 0.28125, 0.2916666666666667, 0.2833333333333333, 0.2791666666666667, 0.2875, 0.26875, 0.28541666666666665, 0.29583333333333334, 0.28125, 0.26666666666666666, 0.2791666666666667, 0.27291666666666664, 0.27291666666666664, 0.28541666666666665, 0.28958333333333336, 0.29791666666666666, 0.2604166666666667, 0.28958333333333336, 0.30625, 0.2625, 0.28958333333333336, 0.29583333333333334, 0.29583333333333334, 0.26666666666666666, 0.2833333333333333, 0.2708333333333333, 0.26458333333333334, 0.30625, 0.2791666666666667, 0.26458333333333334, 0.28125, 0.2625, 0.28125, 0.28541666666666665, 0.29375, 0.28541666666666665, 0.28958333333333336, 0.2791666666666667, 0.26666666666666666, 0.275, 0.29583333333333334, 0.27708333333333335, 0.28541666666666665, 0.30416666666666664], "val_loss": [1.7805639505386353, 1.7807815074920654, 1.7773022651672363, 1.769485354423523, 1.7535847425460815, 1.7572484016418457, 1.7628729343414307, 1.7522777318954468, 1.763841152191162, 1.7469910383224487, 1.751882791519165, 1.752017617225647, 1.7611994743347168, 1.7603057622909546, 1.744881510734558, 1.7498332262039185, 1.7596685886383057, 1.7441978454589844, 1.7613588571548462, 1.758345127105713, 1.7476006746292114, 1.756898283958435, 1.749616265296936, 1.7468574047088623, 1.7431869506835938, 1.7547202110290527, 1.767164707183838, 1.7496814727783203, 1.740219235420227, 1.7498372793197632, 1.7594020366668701, 1.7409180402755737, 1.7505171298980713, 1.7593187093734741, 1.7454200983047485, 1.7289891242980957, 1.746631145477295, 1.739989995956421, 1.7278881072998047, 1.7593032121658325, 1.7172216176986694, 1.7612272500991821, 1.749334454536438, 1.712653636932373, 1.7581628561019897, 1.7147642374038696, 1.7027087211608887, 1.7210350036621094, 1.7437971830368042, 1.7242648601531982, 1.7118865251541138, 1.6995865106582642, 1.738341212272644, 1.7018870115280151, 1.6814461946487427, 1.6851567029953003, 1.6699223518371582, 1.6948596239089966, 1.6712876558303833, 1.679260492324829, 1.6827212572097778, 1.6801362037658691, 1.682477593421936, 1.654770016670227, 1.7057875394821167, 1.708680510520935, 1.6606485843658447, 1.655273199081421, 1.69835364818573, 1.6834882497787476, 1.662340521812439, 1.6854153871536255, 1.6517348289489746, 1.6886540651321411, 1.6782861948013306, 1.6527711153030396, 1.6812342405319214, 1.6709967851638794, 1.6625041961669922, 1.6831270456314087, 1.6637789011001587, 1.6680033206939697, 1.6584150791168213, 1.6749224662780762, 1.683803915977478, 1.680066466331482, 1.6559768915176392, 1.7053333520889282, 1.6645004749298096, 1.661400318145752, 1.6992887258529663, 1.6636995077133179, 1.6394782066345215, 1.660833716392517, 1.68616783618927, 1.6416898965835571, 1.6914042234420776, 1.665358304977417, 1.6703591346740723, 1.675103783607483], "val_acc": [0.15, 0.21666666666666667, 0.2, 0.2, 0.15, 0.13333333333333333, 0.16666666666666666, 0.15, 0.2, 0.21666666666666667, 0.21666666666666667, 0.18333333333333332, 0.16666666666666666, 0.18333333333333332, 0.16666666666666666, 0.18333333333333332, 0.23333333333333334, 0.21666666666666667, 0.2, 0.21666666666666667, 0.15, 0.25, 0.25, 0.18333333333333332, 0.18333333333333332, 0.18333333333333332, 0.18333333333333332, 0.16666666666666666, 0.18333333333333332, 0.21666666666666667, 0.2, 0.15, 0.2, 0.18333333333333332, 0.2, 0.18333333333333332, 0.18333333333333332, 0.16666666666666666, 0.23333333333333334, 0.2, 0.18333333333333332, 0.21666666666666667, 0.16666666666666666, 0.21666666666666667, 0.2, 0.18333333333333332, 0.16666666666666666, 0.21666666666666667, 0.2, 0.15, 0.2833333333333333, 0.23333333333333334, 0.15, 0.23333333333333334, 0.25, 0.21666666666666667, 0.2833333333333333, 0.2, 0.2, 0.25, 0.2, 0.18333333333333332, 0.25, 0.26666666666666666, 0.16666666666666666, 0.25, 0.23333333333333334, 0.26666666666666666, 0.2, 0.26666666666666666, 0.21666666666666667, 0.18333333333333332, 0.2833333333333333, 0.25, 0.2, 0.26666666666666666, 0.21666666666666667, 0.26666666666666666, 0.2, 0.18333333333333332, 0.25, 0.2, 0.23333333333333334, 0.23333333333333334, 0.16666666666666666, 0.21666666666666667, 0.18333333333333332, 0.18333333333333332, 0.25, 0.3, 0.18333333333333332, 0.25, 0.3, 0.2, 0.11666666666666667, 0.2833333333333333, 0.21666666666666667, 0.2, 0.21666666666666667, 0.2]}