{"train_loss": [1.7940313518047333, 1.7818004190921783, 1.7772467732429504, 1.7695935666561127, 1.772695153951645, 1.767043024301529, 1.765635758638382, 1.7734690010547638, 1.7637463510036469, 1.7649078369140625, 1.7652255594730377, 1.7654914557933807, 1.7641605138778687, 1.7604802548885345, 1.760051429271698, 1.7557989060878754, 1.7602127194404602, 1.7587589025497437, 1.761694848537445, 1.7614495158195496, 1.758073478937149, 1.759138137102127, 1.7603112161159515, 1.7638879418373108, 1.7608682513237, 1.7659087479114532, 1.758419543504715, 1.7621368169784546, 1.7549139559268951, 1.7567490935325623, 1.757761389017105, 1.7567377090454102, 1.7536945641040802, 1.753244310617447, 1.7395896911621094, 1.7423571348190308, 1.7446339130401611, 1.7475028038024902, 1.74594247341156, 1.7343145906925201, 1.7484473884105682, 1.7411293685436249, 1.7297946512699127, 1.725657045841217, 1.7296841442584991, 1.72450590133667, 1.722044825553894, 1.7177075743675232, 1.7120368480682373, 1.710226148366928, 1.7055011689662933, 1.704397290945053, 1.704451560974121, 1.7092816531658173, 1.6989288926124573, 1.6917308568954468, 1.694227784872055, 1.695354402065277, 1.7075808644294739, 1.7044087052345276, 1.7105515897274017, 1.7028836905956268, 1.710949182510376, 1.6865909397602081, 1.6903347671031952, 1.6872372925281525, 1.684522420167923, 1.690771609544754, 1.679410696029663, 1.6847741603851318, 1.6857455968856812, 1.6942802369594574, 1.6875502467155457, 1.675080955028534, 1.6694397628307343, 1.6885632276535034, 1.6739346981048584, 1.6809993088245392, 1.681865632534027, 1.6924802660942078, 1.6849386990070343, 1.680555284023285, 1.6623846590518951, 1.6835064888000488, 1.6736597120761871, 1.6714157462120056, 1.6863973438739777, 1.6665525436401367, 1.6816751658916473, 1.6659560203552246, 1.6744872033596039, 1.668142706155777, 1.6827001869678497, 1.6741808950901031, 1.6518048644065857, 1.6804355680942535, 1.6684164106845856, 1.6642840802669525, 1.6595792472362518, 1.6671628057956696], "train_acc": [0.19583333333333333, 0.175, 0.20208333333333334, 0.1875, 0.18125, 0.21041666666666667, 0.18125, 0.19791666666666666, 0.22708333333333333, 0.21666666666666667, 0.19583333333333333, 0.18125, 0.15625, 0.19375, 0.18958333333333333, 0.1875, 0.19166666666666668, 0.19375, 0.21041666666666667, 0.20208333333333334, 0.18958333333333333, 0.17083333333333334, 0.20833333333333334, 0.2, 0.17083333333333334, 0.15833333333333333, 0.15208333333333332, 0.21666666666666667, 0.2125, 0.16458333333333333, 0.19583333333333333, 0.23541666666666666, 0.21041666666666667, 0.225, 0.21666666666666667, 0.2125, 0.18333333333333332, 0.20833333333333334, 0.21041666666666667, 0.19791666666666666, 0.25833333333333336, 0.22083333333333333, 0.22708333333333333, 0.2375, 0.23333333333333334, 0.21666666666666667, 0.225, 0.26666666666666666, 0.25416666666666665, 0.25, 0.23125, 0.2625, 0.24791666666666667, 0.24166666666666667, 0.22708333333333333, 0.24791666666666667, 0.27291666666666664, 0.2604166666666667, 0.23958333333333334, 0.23333333333333334, 0.25833333333333336, 0.24791666666666667, 0.25, 0.26666666666666666, 0.25625, 0.24166666666666667, 0.2520833333333333, 0.2520833333333333, 0.27291666666666664, 0.2520833333333333, 0.24375, 0.25, 0.26458333333333334, 0.23958333333333334, 0.25625, 0.27291666666666664, 0.2604166666666667, 0.2604166666666667, 0.26666666666666666, 0.2520833333333333, 0.2604166666666667, 0.2833333333333333, 0.2625, 0.26875, 0.26875, 0.2625, 0.28958333333333336, 0.26875, 0.2625, 0.27708333333333335, 0.25416666666666665, 0.27708333333333335, 0.28958333333333336, 0.25625, 0.31666666666666665, 0.28958333333333336, 0.27291666666666664, 0.28541666666666665, 0.27708333333333335, 0.325], "val_loss": [1.7866270542144775, 1.797247052192688, 1.785223126411438, 1.791982650756836, 1.7632386684417725, 1.776938557624817, 1.7787036895751953, 1.7715636491775513, 1.7596206665039062, 1.7664244174957275, 1.776426911354065, 1.7712223529815674, 1.77173912525177, 1.764369249343872, 1.762356162071228, 1.774680733680725, 1.7777732610702515, 1.7590686082839966, 1.7564561367034912, 1.7633165121078491, 1.7662922143936157, 1.7592915296554565, 1.7594608068466187, 1.7801886796951294, 1.7689839601516724, 1.755590558052063, 1.7654482126235962, 1.779120683670044, 1.7689532041549683, 1.7603212594985962, 1.7558077573776245, 1.7489839792251587, 1.7582417726516724, 1.7581963539123535, 1.748405933380127, 1.7292556762695312, 1.7376916408538818, 1.723914623260498, 1.7240301370620728, 1.775142788887024, 1.7458806037902832, 1.7296541929244995, 1.730177640914917, 1.741682529449463, 1.729973316192627, 1.718679666519165, 1.724904179573059, 1.7260650396347046, 1.7216534614562988, 1.7107212543487549, 1.7212454080581665, 1.722989797592163, 1.7065297365188599, 1.7114285230636597, 1.7280958890914917, 1.7140110731124878, 1.7090545892715454, 1.7103919982910156, 1.705426812171936, 1.716094732284546, 1.7413897514343262, 1.697906255722046, 1.7343336343765259, 1.7336794137954712, 1.7108672857284546, 1.713712215423584, 1.7209371328353882, 1.7111049890518188, 1.7154902219772339, 1.696142554283142, 1.6909644603729248, 1.7023584842681885, 1.6946710348129272, 1.704023838043213, 1.7115347385406494, 1.6998976469039917, 1.6947726011276245, 1.7117911577224731, 1.6901968717575073, 1.6945674419403076, 1.7088881731033325, 1.6962424516677856, 1.694372296333313, 1.7092535495758057, 1.6919519901275635, 1.6672240495681763, 1.7167342901229858, 1.683691143989563, 1.6879980564117432, 1.690956950187683, 1.677211046218872, 1.6837962865829468, 1.6891063451766968, 1.6885647773742676, 1.7102571725845337, 1.6949933767318726, 1.679894208908081, 1.6758747100830078, 1.6998084783554077, 1.6751501560211182], "val_acc": [0.11666666666666667, 0.13333333333333333, 0.16666666666666666, 0.13333333333333333, 0.21666666666666667, 0.15, 0.15, 0.1, 0.2, 0.2, 0.1, 0.15, 0.11666666666666667, 0.2, 0.21666666666666667, 0.13333333333333333, 0.11666666666666667, 0.23333333333333334, 0.2, 0.11666666666666667, 0.13333333333333333, 0.2, 0.23333333333333334, 0.15, 0.08333333333333333, 0.13333333333333333, 0.18333333333333332, 0.15, 0.16666666666666666, 0.2, 0.21666666666666667, 0.25, 0.16666666666666666, 0.15, 0.18333333333333332, 0.21666666666666667, 0.11666666666666667, 0.2, 0.21666666666666667, 0.13333333333333333, 0.15, 0.2, 0.25, 0.15, 0.15, 0.2, 0.21666666666666667, 0.2, 0.2, 0.2, 0.16666666666666666, 0.11666666666666667, 0.23333333333333334, 0.16666666666666666, 0.1, 0.21666666666666667, 0.16666666666666666, 0.13333333333333333, 0.23333333333333334, 0.11666666666666667, 0.13333333333333333, 0.25, 0.11666666666666667, 0.11666666666666667, 0.18333333333333332, 0.13333333333333333, 0.11666666666666667, 0.11666666666666667, 0.23333333333333334, 0.15, 0.23333333333333334, 0.2, 0.21666666666666667, 0.13333333333333333, 0.15, 0.21666666666666667, 0.2, 0.15, 0.21666666666666667, 0.2, 0.13333333333333333, 0.23333333333333334, 0.18333333333333332, 0.15, 0.25, 0.31666666666666665, 0.23333333333333334, 0.15, 0.26666666666666666, 0.23333333333333334, 0.21666666666666667, 0.35, 0.23333333333333334, 0.15, 0.23333333333333334, 0.16666666666666666, 0.3, 0.23333333333333334, 0.26666666666666666, 0.2833333333333333]}