{"train_loss": [1.7965312004089355, 1.7921171188354492, 1.7900903224945068, 1.7899342477321625, 1.789706438779831, 1.786750167608261, 1.7863770723342896, 1.7826163172721863, 1.7824771106243134, 1.7767775356769562, 1.7793762385845184, 1.7725334465503693, 1.7690611481666565, 1.760250985622406, 1.767246425151825, 1.765215665102005, 1.7633995115756989, 1.7697912156581879, 1.7676490545272827, 1.7623271644115448, 1.7600862085819244, 1.7540890872478485, 1.7561156153678894, 1.754980444908142, 1.7549103200435638, 1.7507748901844025, 1.7494567036628723, 1.7558636963367462, 1.7492095828056335, 1.7475056648254395, 1.7556419372558594, 1.7488119304180145, 1.7446703612804413, 1.7401685118675232, 1.7457560896873474, 1.7454181015491486, 1.7400069832801819, 1.7380600571632385, 1.735313504934311, 1.7445078790187836, 1.7378557920455933, 1.7247866094112396, 1.7299771010875702, 1.743253082036972, 1.7524498403072357, 1.7290803790092468, 1.7306262254714966, 1.7355064153671265, 1.7424848675727844, 1.7388364374637604, 1.7232228219509125, 1.733528971672058, 1.7270212173461914, 1.7379087805747986, 1.7287935316562653, 1.7328727841377258, 1.7349577248096466, 1.7269334197044373, 1.7278963923454285, 1.7247669398784637, 1.7365908026695251, 1.7283041775226593, 1.7284818291664124, 1.7253690659999847, 1.7226495444774628, 1.7287947535514832, 1.725848376750946, 1.7262656092643738, 1.724718064069748, 1.7353548109531403, 1.7309482991695404, 1.7221463024616241, 1.7248591482639313, 1.727127581834793, 1.7318491637706757, 1.7163366973400116, 1.714479684829712, 1.7267785966396332, 1.7327513098716736, 1.7271825671195984, 1.722638577222824, 1.7272834479808807, 1.7188430428504944, 1.726434588432312, 1.7154783010482788, 1.7213867902755737, 1.717683881521225, 1.7196208238601685, 1.712439864873886, 1.7172986268997192, 1.7249346375465393, 1.7092230021953583, 1.7193476855754852, 1.7175560295581818, 1.7161383032798767, 1.725004404783249, 1.7166094481945038, 1.7182230651378632, 1.714750736951828, 1.7138751149177551], "train_acc": [0.16875, 0.17916666666666667, 0.1875, 0.1875, 0.17708333333333334, 0.17916666666666667, 0.175, 0.20208333333333334, 0.16458333333333333, 0.19583333333333333, 0.17708333333333334, 0.175, 0.17916666666666667, 0.21458333333333332, 0.18958333333333333, 0.21666666666666667, 0.24166666666666667, 0.23125, 0.23125, 0.21875, 0.20833333333333334, 0.22083333333333333, 0.22083333333333333, 0.23541666666666666, 0.23125, 0.24583333333333332, 0.22083333333333333, 0.2125, 0.23125, 0.21666666666666667, 0.22291666666666668, 0.23125, 0.21458333333333332, 0.19791666666666666, 0.19375, 0.19791666666666666, 0.21458333333333332, 0.21041666666666667, 0.2375, 0.22291666666666668, 0.20208333333333334, 0.23958333333333334, 0.21875, 0.22083333333333333, 0.23125, 0.21458333333333332, 0.20416666666666666, 0.2125, 0.20625, 0.24166666666666667, 0.24166666666666667, 0.22916666666666666, 0.24166666666666667, 0.22291666666666668, 0.24375, 0.22291666666666668, 0.23333333333333334, 0.21875, 0.23541666666666666, 0.2, 0.21875, 0.20625, 0.25, 0.23541666666666666, 0.23125, 0.22083333333333333, 0.2125, 0.25, 0.225, 0.23333333333333334, 0.2375, 0.25625, 0.24166666666666667, 0.22083333333333333, 0.25833333333333336, 0.22291666666666668, 0.21041666666666667, 0.21041666666666667, 0.21875, 0.22083333333333333, 0.22291666666666668, 0.23333333333333334, 0.25, 0.21041666666666667, 0.25625, 0.22916666666666666, 0.2520833333333333, 0.24375, 0.25416666666666665, 0.24166666666666667, 0.22708333333333333, 0.22291666666666668, 0.2520833333333333, 0.24791666666666667, 0.25833333333333336, 0.24791666666666667, 0.22916666666666666, 0.22916666666666666, 0.24375, 0.23333333333333334], "val_loss": [1.79398512840271, 1.7934434413909912, 1.7924411296844482, 1.7926506996154785, 1.7919881343841553, 1.7917304039001465, 1.7906686067581177, 1.79155433177948, 1.7894262075424194, 1.7852017879486084, 1.7815606594085693, 1.7810815572738647, 1.7890535593032837, 1.7882858514785767, 1.7799980640411377, 1.7843420505523682, 1.790718913078308, 1.7813738584518433, 1.7741268873214722, 1.7693737745285034, 1.7702484130859375, 1.7715517282485962, 1.769548773765564, 1.7690750360488892, 1.7674458026885986, 1.761628270149231, 1.7620089054107666, 1.7551523447036743, 1.7521871328353882, 1.7570024728775024, 1.7537678480148315, 1.7430142164230347, 1.7438870668411255, 1.7482596635818481, 1.7471739053726196, 1.7358170747756958, 1.74131178855896, 1.7388217449188232, 1.732283353805542, 1.7316412925720215, 1.7364331483840942, 1.7437489032745361, 1.7355618476867676, 1.7263144254684448, 1.7298643589019775, 1.7366411685943604, 1.7314136028289795, 1.7250549793243408, 1.7270843982696533, 1.7269814014434814, 1.7350341081619263, 1.7363659143447876, 1.7304712533950806, 1.7297110557556152, 1.7304507493972778, 1.7315304279327393, 1.7333303689956665, 1.7257156372070312, 1.7244163751602173, 1.723345398902893, 1.7269212007522583, 1.7222760915756226, 1.7249317169189453, 1.7284905910491943, 1.7276626825332642, 1.724980115890503, 1.726264476776123, 1.7262933254241943, 1.7246354818344116, 1.7268422842025757, 1.724904179573059, 1.7234642505645752, 1.7206562757492065, 1.7190276384353638, 1.7176650762557983, 1.718157172203064, 1.7176874876022339, 1.7171059846878052, 1.7156071662902832, 1.717528223991394, 1.7154030799865723, 1.7137465476989746, 1.7134230136871338, 1.7144747972488403, 1.715286374092102, 1.7105631828308105, 1.7109324932098389, 1.7080234289169312, 1.7074052095413208, 1.7085586786270142, 1.709418535232544, 1.7089723348617554, 1.7083293199539185, 1.7067809104919434, 1.706442952156067, 1.704861044883728, 1.707522988319397, 1.7084978818893433, 1.7080771923065186, 1.7094060182571411], "val_acc": [0.18333333333333332, 0.18333333333333332, 0.18333333333333332, 0.11666666666666667, 0.18333333333333332, 0.16666666666666666, 0.16666666666666666, 0.11666666666666667, 0.11666666666666667, 0.2, 0.2, 0.23333333333333334, 0.16666666666666666, 0.15, 0.16666666666666666, 0.18333333333333332, 0.23333333333333334, 0.18333333333333332, 0.18333333333333332, 0.15, 0.15, 0.16666666666666666, 0.18333333333333332, 0.18333333333333332, 0.18333333333333332, 0.16666666666666666, 0.2, 0.16666666666666666, 0.18333333333333332, 0.16666666666666666, 0.15, 0.15, 0.13333333333333333, 0.15, 0.13333333333333333, 0.16666666666666666, 0.16666666666666666, 0.16666666666666666, 0.15, 0.16666666666666666, 0.16666666666666666, 0.15, 0.15, 0.16666666666666666, 0.16666666666666666, 0.16666666666666666, 0.13333333333333333, 0.16666666666666666, 0.21666666666666667, 0.15, 0.13333333333333333, 0.11666666666666667, 0.16666666666666666, 0.21666666666666667, 0.18333333333333332, 0.16666666666666666, 0.16666666666666666, 0.18333333333333332, 0.16666666666666666, 0.15, 0.13333333333333333, 0.13333333333333333, 0.16666666666666666, 0.2, 0.15, 0.15, 0.16666666666666666, 0.15, 0.18333333333333332, 0.16666666666666666, 0.18333333333333332, 0.18333333333333332, 0.18333333333333332, 0.2, 0.18333333333333332, 0.16666666666666666, 0.1, 0.1, 0.18333333333333332, 0.2, 0.2, 0.21666666666666667, 0.2, 0.18333333333333332, 0.18333333333333332, 0.23333333333333334, 0.25, 0.23333333333333334, 0.25, 0.21666666666666667, 0.2, 0.23333333333333334, 0.26666666666666666, 0.23333333333333334, 0.18333333333333332, 0.23333333333333334, 0.25, 0.25, 0.25, 0.21666666666666667]}