{"train_loss": [1.800403356552124, 1.7976470589637756, 1.7961065471172333, 1.7941427826881409, 1.7928204536437988, 1.7903245091438293, 1.7892702221870422, 1.7878557741641998, 1.7884713113307953, 1.7855557799339294, 1.7857903242111206, 1.7834384441375732, 1.7836086452007294, 1.782971352338791, 1.7814535796642303, 1.7803588509559631, 1.7761442959308624, 1.7772560119628906, 1.7744653820991516, 1.7710061073303223, 1.7696666717529297, 1.768111139535904, 1.765062838792801, 1.7638272047042847, 1.7654933333396912, 1.7645063698291779, 1.7644990384578705, 1.760631024837494, 1.759512335062027, 1.752255380153656, 1.7546347081661224, 1.7569248378276825, 1.7544724643230438, 1.7578040957450867, 1.751774162054062, 1.7501913607120514, 1.7495782673358917, 1.7516566812992096, 1.7425790429115295, 1.751663088798523, 1.7408739924430847, 1.7417489290237427, 1.7451920211315155, 1.738509327173233, 1.7435603737831116, 1.74489027261734, 1.7401256561279297, 1.7364991903305054, 1.7349088490009308, 1.738486409187317, 1.7388010919094086, 1.737066000699997, 1.7331822216510773, 1.7377064526081085, 1.737879991531372, 1.7392992973327637, 1.7308970391750336, 1.724574327468872, 1.7322377860546112, 1.7302691340446472, 1.7231414318084717, 1.7343230843544006, 1.721779078245163, 1.7258140444755554, 1.7175809741020203, 1.7261755466461182, 1.722229242324829, 1.7248612940311432, 1.7182632088661194, 1.7138243913650513, 1.7200478613376617, 1.7162899672985077, 1.7224910855293274, 1.715744823217392, 1.7100204527378082, 1.7105727195739746, 1.7158966362476349, 1.7266070544719696, 1.7085842788219452, 1.7207613289356232, 1.7218306064605713, 1.7056532800197601, 1.7087612450122833, 1.7069845497608185, 1.7028122246265411, 1.7013179957866669, 1.7066763043403625, 1.69321209192276, 1.7041319608688354, 1.6994293332099915, 1.712045967578888, 1.6832546293735504, 1.693288266658783, 1.6989994645118713, 1.6972278654575348, 1.6872726678848267, 1.6971645057201385, 1.6915679574012756, 1.685472309589386, 1.6727588772773743], "train_acc": [0.15416666666666667, 0.15833333333333333, 0.17916666666666667, 0.1875, 0.18333333333333332, 0.18125, 0.19166666666666668, 0.18333333333333332, 0.18333333333333332, 0.1875, 0.18541666666666667, 0.2, 0.21041666666666667, 0.22083333333333333, 0.21666666666666667, 0.22291666666666668, 0.21458333333333332, 0.2125, 0.22291666666666668, 0.22708333333333333, 0.22083333333333333, 0.2125, 0.23958333333333334, 0.225, 0.23541666666666666, 0.21041666666666667, 0.22291666666666668, 0.22083333333333333, 0.21875, 0.225, 0.20625, 0.23958333333333334, 0.21875, 0.21875, 0.20416666666666666, 0.22916666666666666, 0.20833333333333334, 0.22291666666666668, 0.21041666666666667, 0.22291666666666668, 0.20208333333333334, 0.22083333333333333, 0.21041666666666667, 0.22083333333333333, 0.22083333333333333, 0.21458333333333332, 0.225, 0.22708333333333333, 0.20833333333333334, 0.22083333333333333, 0.225, 0.21458333333333332, 0.24583333333333332, 0.20833333333333334, 0.19375, 0.22916666666666666, 0.2375, 0.22916666666666666, 0.22083333333333333, 0.21666666666666667, 0.21875, 0.20625, 0.23125, 0.23125, 0.20833333333333334, 0.22083333333333333, 0.24583333333333332, 0.24375, 0.22708333333333333, 0.2375, 0.25, 0.24791666666666667, 0.24166666666666667, 0.2520833333333333, 0.23541666666666666, 0.24791666666666667, 0.23333333333333334, 0.22916666666666666, 0.26666666666666666, 0.26875, 0.2604166666666667, 0.26875, 0.2604166666666667, 0.25625, 0.25, 0.2604166666666667, 0.2604166666666667, 0.275, 0.275, 0.27291666666666664, 0.26875, 0.26666666666666666, 0.23125, 0.28125, 0.2520833333333333, 0.27291666666666664, 0.26666666666666666, 0.25625, 0.28958333333333336, 0.26875], "val_loss": [1.7749897241592407, 1.7777117490768433, 1.779427409172058, 1.7822043895721436, 1.7874417304992676, 1.7945914268493652, 1.8010139465332031, 1.8069730997085571, 1.808754324913025, 1.806973934173584, 1.803836703300476, 1.8015238046646118, 1.800950527191162, 1.7970752716064453, 1.7927550077438354, 1.7879799604415894, 1.7860767841339111, 1.7873831987380981, 1.785142421722412, 1.782389521598816, 1.7770276069641113, 1.7694438695907593, 1.7662256956100464, 1.7609344720840454, 1.7623183727264404, 1.7594720125198364, 1.7536662817001343, 1.7500375509262085, 1.748683214187622, 1.7457691431045532, 1.74697744846344, 1.74752938747406, 1.7473376989364624, 1.7477327585220337, 1.739271640777588, 1.7359713315963745, 1.7363728284835815, 1.7379391193389893, 1.7372853755950928, 1.7394853830337524, 1.730989933013916, 1.7323013544082642, 1.7335997819900513, 1.7347956895828247, 1.7382327318191528, 1.7281265258789062, 1.7271898984909058, 1.7336903810501099, 1.73723304271698, 1.727189302444458, 1.724695086479187, 1.7283992767333984, 1.7334907054901123, 1.7291107177734375, 1.7235203981399536, 1.7224949598312378, 1.7180629968643188, 1.733791470527649, 1.7413649559020996, 1.7149749994277954, 1.7166069746017456, 1.708348035812378, 1.7336534261703491, 1.736402988433838, 1.723268985748291, 1.7139796018600464, 1.729880452156067, 1.7177975177764893, 1.7096383571624756, 1.7296205759048462, 1.7250319719314575, 1.6954854726791382, 1.7141426801681519, 1.7263811826705933, 1.7296836376190186, 1.7045915126800537, 1.7287616729736328, 1.7154468297958374, 1.7053306102752686, 1.730505108833313, 1.7184771299362183, 1.7083605527877808, 1.7063395977020264, 1.7291253805160522, 1.721902847290039, 1.7137296199798584, 1.7324631214141846, 1.719897747039795, 1.7078354358673096, 1.7136900424957275, 1.698682188987732, 1.729629635810852, 1.7357070446014404, 1.721276044845581, 1.7000497579574585, 1.7115072011947632, 1.7366853952407837, 1.6930826902389526, 1.7199422121047974, 1.7379745244979858], "val_acc": [0.23333333333333334, 0.23333333333333334, 0.25, 0.21666666666666667, 0.18333333333333332, 0.08333333333333333, 0.08333333333333333, 0.08333333333333333, 0.08333333333333333, 0.08333333333333333, 0.11666666666666667, 0.11666666666666667, 0.11666666666666667, 0.11666666666666667, 0.08333333333333333, 0.13333333333333333, 0.18333333333333332, 0.2, 0.18333333333333332, 0.16666666666666666, 0.16666666666666666, 0.16666666666666666, 0.16666666666666666, 0.18333333333333332, 0.18333333333333332, 0.15, 0.18333333333333332, 0.18333333333333332, 0.2, 0.21666666666666667, 0.18333333333333332, 0.18333333333333332, 0.2, 0.2, 0.18333333333333332, 0.18333333333333332, 0.18333333333333332, 0.2, 0.21666666666666667, 0.2, 0.2, 0.21666666666666667, 0.2, 0.18333333333333332, 0.2, 0.21666666666666667, 0.23333333333333334, 0.21666666666666667, 0.2, 0.21666666666666667, 0.21666666666666667, 0.2, 0.23333333333333334, 0.2833333333333333, 0.26666666666666666, 0.26666666666666666, 0.25, 0.23333333333333334, 0.23333333333333334, 0.26666666666666666, 0.2833333333333333, 0.2833333333333333, 0.25, 0.26666666666666666, 0.26666666666666666, 0.2833333333333333, 0.26666666666666666, 0.2833333333333333, 0.2833333333333333, 0.2833333333333333, 0.2833333333333333, 0.31666666666666665, 0.3, 0.3, 0.3, 0.3333333333333333, 0.2833333333333333, 0.2833333333333333, 0.3333333333333333, 0.3, 0.31666666666666665, 0.3333333333333333, 0.35, 0.3333333333333333, 0.31666666666666665, 0.3, 0.2833333333333333, 0.31666666666666665, 0.31666666666666665, 0.31666666666666665, 0.3, 0.2833333333333333, 0.31666666666666665, 0.2833333333333333, 0.26666666666666666, 0.31666666666666665, 0.2833333333333333, 0.31666666666666665, 0.3, 0.3]}