{"train_loss": [1.796786367893219, 1.7803623378276825, 1.7781604826450348, 1.774075448513031, 1.7712525725364685, 1.772592455148697, 1.770247995853424, 1.7639287114143372, 1.7657269835472107, 1.7651931941509247, 1.7702604830265045, 1.7633529603481293, 1.7678072154521942, 1.7651800215244293, 1.7654165923595428, 1.7630758583545685, 1.7625654935836792, 1.7642851769924164, 1.7643125653266907, 1.7650353610515594, 1.7672883868217468, 1.7582616806030273, 1.7678837180137634, 1.7638152539730072, 1.7633087635040283, 1.7615681886672974, 1.7651658952236176, 1.7637090384960175, 1.7621095776557922, 1.763813316822052, 1.765968143939972, 1.7661135792732239, 1.7682685852050781, 1.7692314386367798, 1.7632533609867096, 1.7628126442432404, 1.7610935866832733, 1.761668622493744, 1.7593022882938385, 1.7581419050693512, 1.7627314627170563, 1.7577493786811829, 1.7560547292232513, 1.7606190741062164, 1.7583526968955994, 1.7583425641059875, 1.7583610117435455, 1.761467695236206, 1.7565795481204987, 1.7576647102832794, 1.7556781768798828, 1.7585270404815674, 1.7519895136356354, 1.7465574741363525, 1.7360067963600159, 1.7368776500225067, 1.7343327403068542, 1.7142742574214935, 1.7137960195541382, 1.6942190825939178, 1.7192740738391876, 1.7543459832668304, 1.7135734856128693, 1.7148750722408295, 1.7000412344932556, 1.7032854855060577, 1.681611567735672, 1.6863590478897095, 1.666786104440689, 1.6805095076560974, 1.6598722636699677, 1.668983906507492, 1.6461600363254547, 1.6667969822883606, 1.644508957862854, 1.6497870981693268, 1.65482896566391, 1.6616084277629852, 1.6339862048625946, 1.6345516443252563, 1.6257755160331726, 1.6318312585353851, 1.625195473432541, 1.6319120228290558, 1.6124088168144226, 1.625661849975586, 1.6304811239242554, 1.6584361791610718, 1.6296998262405396, 1.6239572763442993, 1.645727425813675, 1.609289973974228, 1.626741886138916, 1.6079827547073364, 1.606049120426178, 1.6050264239311218, 1.597627967596054, 1.571621984243393, 1.5703342258930206, 1.5983579456806183], "train_acc": [0.16041666666666668, 0.18125, 0.19166666666666668, 0.21041666666666667, 0.21666666666666667, 0.19166666666666668, 0.22083333333333333, 0.225, 0.21041666666666667, 0.21666666666666667, 0.19166666666666668, 0.2, 0.21875, 0.22916666666666666, 0.2125, 0.1875, 0.19791666666666666, 0.20416666666666666, 0.225, 0.23125, 0.19791666666666666, 0.21458333333333332, 0.1875, 0.21875, 0.22708333333333333, 0.20625, 0.2, 0.21041666666666667, 0.22916666666666666, 0.21458333333333332, 0.2125, 0.20625, 0.18541666666666667, 0.21875, 0.20625, 0.22291666666666668, 0.225, 0.2, 0.18958333333333333, 0.21666666666666667, 0.20833333333333334, 0.22291666666666668, 0.22291666666666668, 0.2375, 0.2, 0.19583333333333333, 0.2125, 0.1875, 0.21041666666666667, 0.21041666666666667, 0.22916666666666666, 0.22291666666666668, 0.21041666666666667, 0.20625, 0.24791666666666667, 0.2375, 0.25, 0.28958333333333336, 0.275, 0.29375, 0.2625, 0.3, 0.2875, 0.27291666666666664, 0.27291666666666664, 0.28541666666666665, 0.29583333333333334, 0.2791666666666667, 0.30833333333333335, 0.30833333333333335, 0.29791666666666666, 0.2916666666666667, 0.2833333333333333, 0.2916666666666667, 0.30416666666666664, 0.28958333333333336, 0.30625, 0.3104166666666667, 0.2875, 0.29583333333333334, 0.33541666666666664, 0.33125, 0.32916666666666666, 0.31666666666666665, 0.35, 0.3375, 0.32083333333333336, 0.3104166666666667, 0.36041666666666666, 0.29791666666666666, 0.3375, 0.3333333333333333, 0.32083333333333336, 0.35, 0.34375, 0.35, 0.32708333333333334, 0.36666666666666664, 0.375, 0.32916666666666666], "val_loss": [1.7785320281982422, 1.757633924484253, 1.7372910976409912, 1.7570598125457764, 1.7680805921554565, 1.7692660093307495, 1.7576557397842407, 1.7388880252838135, 1.7358546257019043, 1.7371056079864502, 1.7407196760177612, 1.7510842084884644, 1.7561205625534058, 1.753089189529419, 1.739183783531189, 1.735160231590271, 1.7421109676361084, 1.7536098957061768, 1.7541258335113525, 1.7500967979431152, 1.7480372190475464, 1.7437525987625122, 1.7404332160949707, 1.7404063940048218, 1.7469871044158936, 1.7528915405273438, 1.750527024269104, 1.7512915134429932, 1.748509168624878, 1.7449597120285034, 1.7415878772735596, 1.7435041666030884, 1.7481968402862549, 1.7492419481277466, 1.7486623525619507, 1.7440810203552246, 1.7439149618148804, 1.7403653860092163, 1.742063283920288, 1.744234323501587, 1.7454689741134644, 1.746156930923462, 1.751083254814148, 1.7469100952148438, 1.7486602067947388, 1.7474465370178223, 1.7410786151885986, 1.7410507202148438, 1.7519545555114746, 1.752007007598877, 1.7462209463119507, 1.7493005990982056, 1.747174859046936, 1.756364107131958, 1.7670726776123047, 1.793555736541748, 1.7916501760482788, 1.7206511497497559, 1.7566269636154175, 1.768466591835022, 1.7315841913223267, 1.687065839767456, 1.7986905574798584, 1.8958793878555298, 1.7977702617645264, 1.739197850227356, 1.7690393924713135, 1.7990134954452515, 1.7923762798309326, 1.7657982110977173, 1.7550009489059448, 1.7785933017730713, 1.798058271408081, 1.7527862787246704, 1.8262323141098022, 1.7181090116500854, 1.8283374309539795, 1.7694710493087769, 1.7548645734786987, 1.7939658164978027, 1.737729787826538, 1.7942728996276855, 1.7766257524490356, 1.8195666074752808, 1.7415004968643188, 1.8326475620269775, 1.7638896703720093, 1.756606936454773, 1.8668017387390137, 1.7473028898239136, 1.7319287061691284, 1.8303310871124268, 1.7964400053024292, 1.770660161972046, 1.8086180686950684, 1.721975326538086, 1.8051891326904297, 1.8166569471359253, 1.777777075767517, 1.7871915102005005], "val_acc": [0.15, 0.18333333333333332, 0.15, 0.11666666666666667, 0.15, 0.15, 0.18333333333333332, 0.13333333333333333, 0.15, 0.15, 0.11666666666666667, 0.15, 0.18333333333333332, 0.13333333333333333, 0.11666666666666667, 0.13333333333333333, 0.13333333333333333, 0.16666666666666666, 0.13333333333333333, 0.15, 0.13333333333333333, 0.16666666666666666, 0.18333333333333332, 0.15, 0.15, 0.1, 0.13333333333333333, 0.15, 0.15, 0.15, 0.15, 0.13333333333333333, 0.13333333333333333, 0.18333333333333332, 0.18333333333333332, 0.16666666666666666, 0.16666666666666666, 0.16666666666666666, 0.16666666666666666, 0.2, 0.13333333333333333, 0.13333333333333333, 0.16666666666666666, 0.16666666666666666, 0.16666666666666666, 0.16666666666666666, 0.15, 0.15, 0.15, 0.15, 0.13333333333333333, 0.13333333333333333, 0.16666666666666666, 0.18333333333333332, 0.16666666666666666, 0.16666666666666666, 0.18333333333333332, 0.23333333333333334, 0.26666666666666666, 0.25, 0.36666666666666664, 0.25, 0.23333333333333334, 0.16666666666666666, 0.16666666666666666, 0.31666666666666665, 0.25, 0.21666666666666667, 0.3, 0.26666666666666666, 0.26666666666666666, 0.2833333333333333, 0.31666666666666665, 0.23333333333333334, 0.31666666666666665, 0.36666666666666664, 0.26666666666666666, 0.3, 0.26666666666666666, 0.23333333333333334, 0.31666666666666665, 0.3333333333333333, 0.2833333333333333, 0.26666666666666666, 0.4166666666666667, 0.2833333333333333, 0.36666666666666664, 0.26666666666666666, 0.23333333333333334, 0.31666666666666665, 0.38333333333333336, 0.26666666666666666, 0.3333333333333333, 0.26666666666666666, 0.31666666666666665, 0.31666666666666665, 0.2833333333333333, 0.3333333333333333, 0.3, 0.3]}