{"train_loss": [1.7958465218544006, 1.7923980057239532, 1.7910346984863281, 1.7907680869102478, 1.7893834114074707, 1.7864370048046112, 1.7831105887889862, 1.7828320562839508, 1.781253159046173, 1.7752761840820312, 1.7739524841308594, 1.7603644132614136, 1.7662848234176636, 1.7590923011302948, 1.7499709725379944, 1.7647040486335754, 1.7537468671798706, 1.7564081251621246, 1.7536208927631378, 1.7666292488574982, 1.747720867395401, 1.7515129446983337, 1.742392659187317, 1.7575719356536865, 1.7454626858234406, 1.7420926988124847, 1.7432931661605835, 1.7458010911941528, 1.7437261044979095, 1.733387678861618, 1.7420191168785095, 1.7405657470226288, 1.7346363961696625, 1.7446484565734863, 1.741189867258072, 1.73848295211792, 1.7484298646450043, 1.7329480946063995, 1.7290867567062378, 1.7240962386131287, 1.7349804937839508, 1.7375247180461884, 1.7317295968532562, 1.7358365654945374, 1.7263281047344208, 1.7252211570739746, 1.7366167902946472, 1.7227263748645782, 1.7247503697872162, 1.7243703603744507, 1.722516030073166, 1.7160545885562897, 1.7165940999984741, 1.7249015867710114, 1.7244027853012085, 1.7255796790122986, 1.7201526761054993, 1.708946019411087, 1.7293991446495056, 1.7139884531497955, 1.7132056951522827, 1.7243338227272034, 1.719829946756363, 1.7181961834430695, 1.7132630348205566, 1.709309071302414, 1.7055935859680176, 1.7008816003799438, 1.7071183919906616, 1.6977178454399109, 1.7166922092437744, 1.71210178732872, 1.7146736681461334, 1.704347014427185, 1.7170141339302063, 1.6998715996742249, 1.6967324912548065, 1.7045435905456543, 1.705152153968811, 1.6993941366672516, 1.690431296825409, 1.710352212190628, 1.6950674653053284, 1.7030833661556244, 1.6918226480484009, 1.6969586908817291, 1.7015137076377869, 1.699859082698822, 1.6948643028736115, 1.688726931810379, 1.6931817531585693, 1.6922972798347473, 1.6854898035526276, 1.6929743587970734, 1.6846850216388702, 1.6872816979885101, 1.6960028409957886, 1.6879448294639587, 1.6894576251506805, 1.6942268013954163], "train_acc": [0.16875, 0.17083333333333334, 0.17291666666666666, 0.1625, 0.18125, 0.20416666666666666, 0.19791666666666666, 0.19791666666666666, 0.19166666666666668, 0.22083333333333333, 0.225, 0.225, 0.20833333333333334, 0.23125, 0.225, 0.17708333333333334, 0.23541666666666666, 0.20625, 0.21041666666666667, 0.23958333333333334, 0.24166666666666667, 0.21666666666666667, 0.22083333333333333, 0.2125, 0.23333333333333334, 0.2375, 0.25416666666666665, 0.2375, 0.20833333333333334, 0.225, 0.23333333333333334, 0.2375, 0.25, 0.21666666666666667, 0.22916666666666666, 0.26875, 0.2375, 0.2375, 0.25, 0.26458333333333334, 0.23333333333333334, 0.21875, 0.24791666666666667, 0.22916666666666666, 0.2708333333333333, 0.23958333333333334, 0.22916666666666666, 0.25833333333333336, 0.28958333333333336, 0.24791666666666667, 0.25416666666666665, 0.25416666666666665, 0.27291666666666664, 0.26875, 0.26458333333333334, 0.23958333333333334, 0.27708333333333335, 0.30625, 0.275, 0.26875, 0.27291666666666664, 0.25, 0.26458333333333334, 0.26458333333333334, 0.28125, 0.2791666666666667, 0.2604166666666667, 0.24791666666666667, 0.275, 0.25833333333333336, 0.25, 0.28125, 0.27291666666666664, 0.2604166666666667, 0.2520833333333333, 0.2520833333333333, 0.28125, 0.25625, 0.26875, 0.2791666666666667, 0.2833333333333333, 0.2708333333333333, 0.2604166666666667, 0.25625, 0.2604166666666667, 0.28958333333333336, 0.275, 0.28125, 0.26875, 0.2833333333333333, 0.28125, 0.2791666666666667, 0.26875, 0.275, 0.2916666666666667, 0.2791666666666667, 0.2916666666666667, 0.29375, 0.28541666666666665, 0.275], "val_loss": [1.8011741638183594, 1.7981702089309692, 1.7946878671646118, 1.7922208309173584, 1.7894275188446045, 1.787072777748108, 1.7846366167068481, 1.7801525592803955, 1.7775570154190063, 1.7738839387893677, 1.7724226713180542, 1.774627685546875, 1.7753779888153076, 1.7752526998519897, 1.779588222503662, 1.781991720199585, 1.7745000123977661, 1.7644712924957275, 1.7762196063995361, 1.7695844173431396, 1.7636135816574097, 1.7623835802078247, 1.7632898092269897, 1.7590768337249756, 1.752207636833191, 1.7489476203918457, 1.753359317779541, 1.7506986856460571, 1.746982216835022, 1.746692419052124, 1.7423527240753174, 1.7348519563674927, 1.73000168800354, 1.7262992858886719, 1.7311980724334717, 1.7304704189300537, 1.7271379232406616, 1.7245984077453613, 1.7256947755813599, 1.723253607749939, 1.7213377952575684, 1.7169133424758911, 1.71804940700531, 1.7171837091445923, 1.7143586874008179, 1.7144442796707153, 1.7122039794921875, 1.7094095945358276, 1.7055310010910034, 1.6951522827148438, 1.6967014074325562, 1.7019612789154053, 1.7065283060073853, 1.697275161743164, 1.6946263313293457, 1.7009024620056152, 1.69936203956604, 1.6947723627090454, 1.6879711151123047, 1.6884281635284424, 1.6816895008087158, 1.67811918258667, 1.681314468383789, 1.6704944372177124, 1.6635817289352417, 1.6733038425445557, 1.6790586709976196, 1.6762272119522095, 1.671439290046692, 1.6767138242721558, 1.6805920600891113, 1.6691879034042358, 1.6605286598205566, 1.6606024503707886, 1.6568639278411865, 1.6564732789993286, 1.6590710878372192, 1.6610363721847534, 1.6504327058792114, 1.6503183841705322, 1.6470701694488525, 1.6507474184036255, 1.6462249755859375, 1.649523138999939, 1.6591304540634155, 1.6493574380874634, 1.6439437866210938, 1.640290379524231, 1.6492780447006226, 1.6524677276611328, 1.6531243324279785, 1.653027892112732, 1.6441816091537476, 1.6353507041931152, 1.6501189470291138, 1.6351375579833984, 1.6236926317214966, 1.637526035308838, 1.6651365756988525, 1.6356042623519897], "val_acc": [0.11666666666666667, 0.11666666666666667, 0.11666666666666667, 0.1, 0.06666666666666667, 0.11666666666666667, 0.23333333333333334, 0.23333333333333334, 0.2833333333333333, 0.26666666666666666, 0.25, 0.23333333333333334, 0.26666666666666666, 0.16666666666666666, 0.15, 0.18333333333333332, 0.2, 0.23333333333333334, 0.23333333333333334, 0.2, 0.2, 0.21666666666666667, 0.23333333333333334, 0.25, 0.2, 0.21666666666666667, 0.23333333333333334, 0.23333333333333334, 0.21666666666666667, 0.23333333333333334, 0.2, 0.23333333333333334, 0.23333333333333334, 0.25, 0.2833333333333333, 0.21666666666666667, 0.18333333333333332, 0.25, 0.23333333333333334, 0.23333333333333334, 0.23333333333333334, 0.25, 0.2833333333333333, 0.2, 0.26666666666666666, 0.23333333333333334, 0.23333333333333334, 0.3, 0.25, 0.25, 0.3, 0.31666666666666665, 0.26666666666666666, 0.3, 0.26666666666666666, 0.25, 0.23333333333333334, 0.26666666666666666, 0.25, 0.25, 0.3, 0.3, 0.25, 0.35, 0.31666666666666665, 0.3333333333333333, 0.26666666666666666, 0.3, 0.3, 0.2833333333333333, 0.2833333333333333, 0.36666666666666664, 0.3333333333333333, 0.3333333333333333, 0.3333333333333333, 0.3333333333333333, 0.3333333333333333, 0.31666666666666665, 0.36666666666666664, 0.36666666666666664, 0.3333333333333333, 0.2833333333333333, 0.31666666666666665, 0.38333333333333336, 0.2833333333333333, 0.35, 0.3, 0.31666666666666665, 0.2833333333333333, 0.3, 0.31666666666666665, 0.31666666666666665, 0.3333333333333333, 0.36666666666666664, 0.26666666666666666, 0.35, 0.36666666666666664, 0.31666666666666665, 0.25, 0.38333333333333336]}