{"train_loss": [1.79203599691391, 1.7899509966373444, 1.7889896035194397, 1.7882016599178314, 1.7861225008964539, 1.7850711345672607, 1.7836137115955353, 1.784764975309372, 1.7809499204158783, 1.7818336486816406, 1.7798531353473663, 1.777338981628418, 1.7752906680107117, 1.7759489715099335, 1.773090124130249, 1.7715951204299927, 1.7690077126026154, 1.7666254043579102, 1.765452355146408, 1.761926531791687, 1.7622761130332947, 1.758438378572464, 1.7566389441490173, 1.759986162185669, 1.756161242723465, 1.7560261487960815, 1.7560261189937592, 1.7500211298465729, 1.7518677413463593, 1.7442329227924347, 1.755351722240448, 1.7463110387325287, 1.75076025724411, 1.7460300922393799, 1.7459385693073273, 1.7425737380981445, 1.745785415172577, 1.7427318692207336, 1.742579996585846, 1.7494006156921387, 1.738797128200531, 1.7430613934993744, 1.7386549711227417, 1.7490825057029724, 1.7387496531009674, 1.7499611377716064, 1.7427939474582672, 1.7398729622364044, 1.7435617446899414, 1.7294437885284424, 1.7378540337085724, 1.7385024428367615, 1.7347569167613983, 1.7340723276138306, 1.7375709414482117, 1.7343423962593079, 1.728113979101181, 1.7333444952964783, 1.7335700392723083, 1.736678659915924, 1.7298519313335419, 1.737267553806305, 1.7318346202373505, 1.7292596697807312, 1.7306941449642181, 1.7228738367557526, 1.7338878810405731, 1.7301047444343567, 1.730127215385437, 1.7272629737854004, 1.7264129519462585, 1.7197156250476837, 1.726382166147232, 1.733375072479248, 1.7288877367973328, 1.7230797410011292, 1.7303872108459473, 1.7209122478961945, 1.7216971516609192, 1.7274234294891357, 1.7216176092624664, 1.7212849855422974, 1.722561538219452, 1.7208019196987152, 1.7170882821083069, 1.7115233540534973, 1.7259694635868073, 1.7165504395961761, 1.7230749130249023, 1.719132900238037, 1.715350329875946, 1.7166747748851776, 1.7171007692813873, 1.7123388051986694, 1.715939313173294, 1.7149505615234375, 1.707177072763443, 1.7082863450050354, 1.7024566233158112, 1.704810231924057], "train_acc": [0.16458333333333333, 0.18958333333333333, 0.175, 0.17291666666666666, 0.18541666666666667, 0.19791666666666666, 0.18541666666666667, 0.18958333333333333, 0.19791666666666666, 0.2, 0.2125, 0.23125, 0.22916666666666666, 0.22708333333333333, 0.24375, 0.23333333333333334, 0.2604166666666667, 0.24791666666666667, 0.25833333333333336, 0.23541666666666666, 0.23333333333333334, 0.24166666666666667, 0.22291666666666668, 0.22083333333333333, 0.20833333333333334, 0.19166666666666668, 0.19166666666666668, 0.22083333333333333, 0.20625, 0.22291666666666668, 0.22291666666666668, 0.21875, 0.21666666666666667, 0.23125, 0.23125, 0.21666666666666667, 0.19791666666666666, 0.20208333333333334, 0.22708333333333333, 0.225, 0.22708333333333333, 0.19791666666666666, 0.22083333333333333, 0.25833333333333336, 0.25833333333333336, 0.23125, 0.20625, 0.21458333333333332, 0.23333333333333334, 0.2375, 0.21458333333333332, 0.2, 0.22916666666666666, 0.24166666666666667, 0.23125, 0.2375, 0.23541666666666666, 0.2, 0.24375, 0.21458333333333332, 0.23541666666666666, 0.22916666666666666, 0.21041666666666667, 0.21875, 0.22291666666666668, 0.225, 0.23541666666666666, 0.22708333333333333, 0.23541666666666666, 0.23958333333333334, 0.23125, 0.24375, 0.225, 0.22708333333333333, 0.23541666666666666, 0.225, 0.22708333333333333, 0.23125, 0.24375, 0.23541666666666666, 0.23958333333333334, 0.2375, 0.22083333333333333, 0.2375, 0.22916666666666666, 0.24375, 0.23958333333333334, 0.25625, 0.22916666666666666, 0.25625, 0.24583333333333332, 0.24166666666666667, 0.2375, 0.25416666666666665, 0.26458333333333334, 0.24166666666666667, 0.25833333333333336, 0.24791666666666667, 0.2625, 0.24583333333333332], "val_loss": [1.8068276643753052, 1.8053953647613525, 1.8040810823440552, 1.8033976554870605, 1.8019003868103027, 1.800506830215454, 1.799608588218689, 1.7983214855194092, 1.7971521615982056, 1.796097993850708, 1.7928125858306885, 1.7897025346755981, 1.7880330085754395, 1.7860069274902344, 1.7846945524215698, 1.7829779386520386, 1.7812780141830444, 1.7782108783721924, 1.776583194732666, 1.7748090028762817, 1.7757010459899902, 1.7764668464660645, 1.775346279144287, 1.7761281728744507, 1.7739644050598145, 1.7759556770324707, 1.7788035869598389, 1.7795852422714233, 1.7801547050476074, 1.777172327041626, 1.777575969696045, 1.7780941724777222, 1.778747320175171, 1.7810992002487183, 1.7818199396133423, 1.7830700874328613, 1.7824572324752808, 1.7818095684051514, 1.7812715768814087, 1.7835584878921509, 1.7833514213562012, 1.7759073972702026, 1.772696852684021, 1.7755249738693237, 1.7826074361801147, 1.7868138551712036, 1.785265326499939, 1.7801837921142578, 1.7806580066680908, 1.7753289937973022, 1.7787501811981201, 1.7829190492630005, 1.7799338102340698, 1.7826844453811646, 1.7843669652938843, 1.7774696350097656, 1.7797797918319702, 1.7841606140136719, 1.7850639820098877, 1.7828099727630615, 1.7875244617462158, 1.7889238595962524, 1.7869148254394531, 1.7858368158340454, 1.7882834672927856, 1.7904932498931885, 1.7951260805130005, 1.7905255556106567, 1.7891093492507935, 1.7881642580032349, 1.794857382774353, 1.798211932182312, 1.7876988649368286, 1.7830008268356323, 1.7923526763916016, 1.7996330261230469, 1.8061779737472534, 1.7897969484329224, 1.7864623069763184, 1.78974449634552, 1.7951686382293701, 1.797669529914856, 1.7982133626937866, 1.7905503511428833, 1.792788028717041, 1.7893903255462646, 1.799838900566101, 1.8085932731628418, 1.8022370338439941, 1.7889206409454346, 1.7894998788833618, 1.803568959236145, 1.8051844835281372, 1.8027974367141724, 1.8015249967575073, 1.7944773435592651, 1.7985095977783203, 1.8026354312896729, 1.7956002950668335, 1.7981758117675781], "val_acc": [0.15, 0.1, 0.1, 0.1, 0.11666666666666667, 0.13333333333333333, 0.16666666666666666, 0.16666666666666666, 0.18333333333333332, 0.16666666666666666, 0.15, 0.21666666666666667, 0.21666666666666667, 0.2, 0.2, 0.2, 0.23333333333333334, 0.21666666666666667, 0.2, 0.2, 0.2, 0.21666666666666667, 0.18333333333333332, 0.16666666666666666, 0.16666666666666666, 0.13333333333333333, 0.2, 0.2, 0.21666666666666667, 0.2, 0.2, 0.23333333333333334, 0.21666666666666667, 0.21666666666666667, 0.2, 0.2, 0.2, 0.2, 0.23333333333333334, 0.2, 0.23333333333333334, 0.21666666666666667, 0.21666666666666667, 0.21666666666666667, 0.21666666666666667, 0.21666666666666667, 0.23333333333333334, 0.23333333333333334, 0.21666666666666667, 0.25, 0.21666666666666667, 0.23333333333333334, 0.2, 0.18333333333333332, 0.2, 0.25, 0.21666666666666667, 0.23333333333333334, 0.2, 0.21666666666666667, 0.2, 0.25, 0.25, 0.23333333333333334, 0.23333333333333334, 0.18333333333333332, 0.18333333333333332, 0.2, 0.2, 0.23333333333333334, 0.21666666666666667, 0.21666666666666667, 0.21666666666666667, 0.23333333333333334, 0.25, 0.23333333333333334, 0.23333333333333334, 0.26666666666666666, 0.25, 0.25, 0.23333333333333334, 0.21666666666666667, 0.21666666666666667, 0.25, 0.23333333333333334, 0.25, 0.25, 0.23333333333333334, 0.23333333333333334, 0.25, 0.26666666666666666, 0.23333333333333334, 0.23333333333333334, 0.25, 0.25, 0.26666666666666666, 0.25, 0.25, 0.25, 0.26666666666666666]}