{"train_loss": [1.7989543080329895, 1.768048107624054, 1.761909395456314, 1.7574517726898193, 1.7559573948383331, 1.7509590089321136, 1.747978538274765, 1.747467577457428, 1.7503990232944489, 1.749107837677002, 1.752450942993164, 1.7463105618953705, 1.7485535740852356, 1.7453345358371735, 1.7455414831638336, 1.7447340786457062, 1.7480961382389069, 1.7513057887554169, 1.7462914884090424, 1.7496430277824402, 1.7493230104446411, 1.7436328828334808, 1.7442275881767273, 1.7473857402801514, 1.7436969876289368, 1.7436457872390747, 1.743046909570694, 1.7450279891490936, 1.7396308481693268, 1.7459156513214111, 1.7541265189647675, 1.7430551648139954, 1.7465437650680542, 1.7429592311382294, 1.7400513589382172, 1.738095074892044, 1.7455632090568542, 1.7415671944618225, 1.7381093502044678, 1.7366253733634949, 1.733180820941925, 1.7310225069522858, 1.7123679518699646, 1.7191326022148132, 1.7265734672546387, 1.682826280593872, 1.6884784698486328, 1.6918943524360657, 1.6840585768222809, 1.6844103634357452, 1.6705392003059387, 1.6814573109149933, 1.6903398931026459, 1.6731069684028625, 1.6636550426483154, 1.6606025695800781, 1.6650505065917969, 1.6587323546409607, 1.6592861711978912, 1.664716750383377, 1.6514084041118622, 1.6503298580646515, 1.6536268889904022, 1.6523992419242859, 1.6566788256168365, 1.655501812696457, 1.653068482875824, 1.6408404111862183, 1.6573890149593353, 1.641611397266388, 1.6330185234546661, 1.6306413412094116, 1.6429738700389862, 1.6308903694152832, 1.649629384279251, 1.6559597551822662, 1.624176800251007, 1.6144868433475494, 1.6148944199085236, 1.6106188595294952, 1.600695252418518, 1.5970084369182587, 1.6033616065979004, 1.5823476314544678, 1.6134717464447021, 1.63323512673378, 1.6140901744365692, 1.6039893627166748, 1.6043506264686584, 1.5932002663612366, 1.5988748669624329, 1.5861634612083435, 1.5852491855621338, 1.594350278377533, 1.6179270446300507, 1.5883404314517975, 1.5611894130706787, 1.5730761587619781, 1.552469402551651, 1.553096741437912], "train_acc": [0.18125, 0.23541666666666666, 0.22291666666666668, 0.23541666666666666, 0.275, 0.2625, 0.25833333333333336, 0.20625, 0.21875, 0.22916666666666666, 0.21041666666666667, 0.23125, 0.25625, 0.24791666666666667, 0.2604166666666667, 0.2708333333333333, 0.25625, 0.23541666666666666, 0.23125, 0.2375, 0.21666666666666667, 0.2520833333333333, 0.24375, 0.25625, 0.2604166666666667, 0.25416666666666665, 0.2708333333333333, 0.2604166666666667, 0.24166666666666667, 0.2625, 0.24583333333333332, 0.26666666666666666, 0.23958333333333334, 0.23541666666666666, 0.26875, 0.2604166666666667, 0.24166666666666667, 0.2791666666666667, 0.27708333333333335, 0.2625, 0.28125, 0.25, 0.275, 0.2520833333333333, 0.30625, 0.2833333333333333, 0.2520833333333333, 0.2875, 0.3104166666666667, 0.27708333333333335, 0.2833333333333333, 0.3, 0.29583333333333334, 0.28541666666666665, 0.29791666666666666, 0.30416666666666664, 0.29375, 0.325, 0.30416666666666664, 0.2916666666666667, 0.28958333333333336, 0.3, 0.3125, 0.2791666666666667, 0.28541666666666665, 0.29791666666666666, 0.29791666666666666, 0.32083333333333336, 0.30833333333333335, 0.30833333333333335, 0.2875, 0.325, 0.2604166666666667, 0.30625, 0.3375, 0.25625, 0.3541666666666667, 0.3375, 0.30625, 0.31875, 0.30833333333333335, 0.34791666666666665, 0.325, 0.35, 0.325, 0.32083333333333336, 0.3104166666666667, 0.36666666666666664, 0.36041666666666666, 0.3125, 0.33125, 0.37083333333333335, 0.34791666666666665, 0.375, 0.3375, 0.35625, 0.36041666666666666, 0.35625, 0.3770833333333333, 0.3770833333333333], "val_loss": [1.7847257852554321, 1.7816742658615112, 1.7761270999908447, 1.7680814266204834, 1.7559361457824707, 1.7567074298858643, 1.7617547512054443, 1.756234049797058, 1.765869140625, 1.7438528537750244, 1.7473468780517578, 1.7510524988174438, 1.7606902122497559, 1.7593902349472046, 1.7470624446868896, 1.7501059770584106, 1.7547489404678345, 1.7399698495864868, 1.7585529088974, 1.7601631879806519, 1.752753496170044, 1.7576237916946411, 1.7442657947540283, 1.7400872707366943, 1.7394202947616577, 1.7532283067703247, 1.7679061889648438, 1.7507439851760864, 1.7384880781173706, 1.7427366971969604, 1.7584590911865234, 1.7451457977294922, 1.7497029304504395, 1.7531927824020386, 1.7552659511566162, 1.7348179817199707, 1.7348055839538574, 1.7541576623916626, 1.7274489402770996, 1.732113003730774, 1.7123843431472778, 1.7200008630752563, 1.7110638618469238, 1.6810272932052612, 1.6821403503417969, 1.636637806892395, 1.6557042598724365, 1.6705743074417114, 1.641867995262146, 1.6384426355361938, 1.6302319765090942, 1.630423665046692, 1.669999361038208, 1.637561321258545, 1.622050404548645, 1.6372898817062378, 1.6267744302749634, 1.6077711582183838, 1.624335765838623, 1.6153457164764404, 1.6212979555130005, 1.61150062084198, 1.606430172920227, 1.5803197622299194, 1.6198365688323975, 1.62259042263031, 1.5659483671188354, 1.6125673055648804, 1.5946253538131714, 1.5765677690505981, 1.5839210748672485, 1.599334955215454, 1.5506211519241333, 1.5866602659225464, 1.5466104745864868, 1.5709468126296997, 1.559520959854126, 1.53569757938385, 1.584187388420105, 1.5481553077697754, 1.5370044708251953, 1.5470455884933472, 1.5254528522491455, 1.5353032350540161, 1.542255163192749, 1.5450550317764282, 1.5346769094467163, 1.558058500289917, 1.5258795022964478, 1.539399266242981, 1.5015747547149658, 1.5178859233856201, 1.4996739625930786, 1.5128856897354126, 1.5210005044937134, 1.4949393272399902, 1.5651882886886597, 1.5025126934051514, 1.5118671655654907, 1.5191104412078857], "val_acc": [0.18333333333333332, 0.21666666666666667, 0.25, 0.16666666666666666, 0.18333333333333332, 0.15, 0.16666666666666666, 0.18333333333333332, 0.18333333333333332, 0.16666666666666666, 0.23333333333333334, 0.18333333333333332, 0.18333333333333332, 0.2, 0.18333333333333332, 0.18333333333333332, 0.2, 0.21666666666666667, 0.18333333333333332, 0.2, 0.15, 0.25, 0.21666666666666667, 0.23333333333333334, 0.23333333333333334, 0.18333333333333332, 0.15, 0.18333333333333332, 0.23333333333333334, 0.23333333333333334, 0.21666666666666667, 0.2, 0.18333333333333332, 0.21666666666666667, 0.23333333333333334, 0.21666666666666667, 0.23333333333333334, 0.21666666666666667, 0.18333333333333332, 0.21666666666666667, 0.26666666666666666, 0.2, 0.21666666666666667, 0.25, 0.3, 0.25, 0.26666666666666666, 0.35, 0.26666666666666666, 0.21666666666666667, 0.3, 0.31666666666666665, 0.26666666666666666, 0.26666666666666666, 0.3, 0.25, 0.31666666666666665, 0.3333333333333333, 0.25, 0.25, 0.26666666666666666, 0.26666666666666666, 0.23333333333333334, 0.35, 0.2833333333333333, 0.25, 0.26666666666666666, 0.3, 0.23333333333333334, 0.3333333333333333, 0.2833333333333333, 0.26666666666666666, 0.2833333333333333, 0.35, 0.3333333333333333, 0.26666666666666666, 0.4, 0.36666666666666664, 0.2833333333333333, 0.35, 0.36666666666666664, 0.3333333333333333, 0.35, 0.35, 0.31666666666666665, 0.38333333333333336, 0.31666666666666665, 0.36666666666666664, 0.4, 0.31666666666666665, 0.4, 0.43333333333333335, 0.3333333333333333, 0.3, 0.4, 0.3333333333333333, 0.3, 0.4, 0.38333333333333336, 0.2833333333333333]}