{"train_loss": [1.795739471912384, 1.793048083782196, 1.7892029285430908, 1.7908747494220734, 1.78591588139534, 1.7850216627120972, 1.7853921055793762, 1.7790547013282776, 1.7769823968410492, 1.7780616283416748, 1.7732223868370056, 1.7675935924053192, 1.7647284865379333, 1.768678456544876, 1.7652778923511505, 1.7675829827785492, 1.7611784040927887, 1.760010451078415, 1.7602932751178741, 1.7581522464752197, 1.7591857016086578, 1.7544814348220825, 1.7527239322662354, 1.749330848455429, 1.7527683973312378, 1.7498448193073273, 1.7569077610969543, 1.7538333237171173, 1.7438097298145294, 1.7479470372200012, 1.7516340613365173, 1.7445587515830994, 1.7439269423484802, 1.7420819997787476, 1.7458876967430115, 1.73493093252182, 1.7437999248504639, 1.7450603544712067, 1.739105224609375, 1.7403711676597595, 1.7403660714626312, 1.7353338301181793, 1.7380590438842773, 1.7378301322460175, 1.7522814869880676, 1.7401517927646637, 1.7410066425800323, 1.7429659366607666, 1.7360778152942657, 1.7246629893779755, 1.7312482595443726, 1.7272959649562836, 1.7305708825588226, 1.7275007665157318, 1.7256152033805847, 1.7239526808261871, 1.7254078686237335, 1.7297194004058838, 1.7239505648612976, 1.7269806563854218, 1.7136995196342468, 1.7300164997577667, 1.7307919561862946, 1.737286776304245, 1.730025976896286, 1.7296927571296692, 1.724165141582489, 1.7174456715583801, 1.7185210287570953, 1.7286122739315033, 1.7100585401058197, 1.7151642739772797, 1.7126826345920563, 1.720962643623352, 1.7304125428199768, 1.705350935459137, 1.714554786682129, 1.7100384533405304, 1.715390920639038, 1.7171189785003662, 1.7127661406993866, 1.7106314301490784, 1.7121913433074951, 1.7061255872249603, 1.7079299092292786, 1.7049444615840912, 1.711201161146164, 1.7080840468406677, 1.7013534605503082, 1.7075876891613007, 1.7010288834571838, 1.7014062404632568, 1.7068005502223969, 1.699696034193039, 1.690902590751648, 1.7105706632137299, 1.7020851075649261, 1.688464492559433, 1.6885799765586853, 1.679737538099289], "train_acc": [0.17291666666666666, 0.15416666666666667, 0.17916666666666667, 0.17291666666666666, 0.19166666666666668, 0.18958333333333333, 0.19791666666666666, 0.22291666666666668, 0.2375, 0.275, 0.21041666666666667, 0.22916666666666666, 0.22291666666666668, 0.22291666666666668, 0.23541666666666666, 0.2125, 0.20416666666666666, 0.2125, 0.22291666666666668, 0.21666666666666667, 0.20208333333333334, 0.22708333333333333, 0.225, 0.23541666666666666, 0.21458333333333332, 0.225, 0.21458333333333332, 0.22916666666666666, 0.20833333333333334, 0.22916666666666666, 0.24166666666666667, 0.23541666666666666, 0.22083333333333333, 0.21875, 0.23958333333333334, 0.23541666666666666, 0.21458333333333332, 0.2125, 0.23333333333333334, 0.24166666666666667, 0.23333333333333334, 0.1875, 0.22708333333333333, 0.23333333333333334, 0.24375, 0.24166666666666667, 0.2125, 0.22291666666666668, 0.24791666666666667, 0.23125, 0.24375, 0.23333333333333334, 0.2520833333333333, 0.25, 0.25, 0.22083333333333333, 0.22916666666666666, 0.22083333333333333, 0.23958333333333334, 0.24791666666666667, 0.25416666666666665, 0.24166666666666667, 0.24791666666666667, 0.23958333333333334, 0.24583333333333332, 0.22291666666666668, 0.23125, 0.25, 0.2375, 0.26458333333333334, 0.225, 0.2520833333333333, 0.2520833333333333, 0.26666666666666666, 0.22708333333333333, 0.2520833333333333, 0.25833333333333336, 0.24791666666666667, 0.2520833333333333, 0.25416666666666665, 0.26666666666666666, 0.2625, 0.2520833333333333, 0.275, 0.27291666666666664, 0.24583333333333332, 0.2708333333333333, 0.2604166666666667, 0.2708333333333333, 0.2708333333333333, 0.29583333333333334, 0.28125, 0.2520833333333333, 0.25416666666666665, 0.29375, 0.275, 0.275, 0.29375, 0.3020833333333333, 0.275], "val_loss": [1.7972580194473267, 1.794872760772705, 1.7948471307754517, 1.795971155166626, 1.7955513000488281, 1.7950515747070312, 1.794600248336792, 1.7924343347549438, 1.7914903163909912, 1.7896902561187744, 1.7838677167892456, 1.7806884050369263, 1.7808234691619873, 1.7798733711242676, 1.7786511182785034, 1.7795008420944214, 1.7806833982467651, 1.7780452966690063, 1.776944637298584, 1.7747844457626343, 1.7779182195663452, 1.7759255170822144, 1.770201325416565, 1.768579363822937, 1.766930341720581, 1.774295449256897, 1.7778394222259521, 1.7705109119415283, 1.768114447593689, 1.7626889944076538, 1.7665261030197144, 1.7653244733810425, 1.7621409893035889, 1.7609119415283203, 1.7596709728240967, 1.759448528289795, 1.75953209400177, 1.7522597312927246, 1.7512061595916748, 1.7519956827163696, 1.7528917789459229, 1.7342325448989868, 1.7348519563674927, 1.7525553703308105, 1.7649205923080444, 1.73970365524292, 1.7297382354736328, 1.7308341264724731, 1.7429707050323486, 1.7343891859054565, 1.7387422323226929, 1.7356308698654175, 1.725087285041809, 1.7343595027923584, 1.7304717302322388, 1.72134268283844, 1.7259095907211304, 1.7245532274246216, 1.7181113958358765, 1.727677583694458, 1.7461774349212646, 1.7337080240249634, 1.7242910861968994, 1.730251669883728, 1.7380363941192627, 1.7284501791000366, 1.7229104042053223, 1.7238399982452393, 1.7350754737854004, 1.7360986471176147, 1.738189697265625, 1.729920506477356, 1.7198472023010254, 1.7217909097671509, 1.7302017211914062, 1.7281156778335571, 1.7356635332107544, 1.7182183265686035, 1.730771541595459, 1.7319271564483643, 1.7273991107940674, 1.7198736667633057, 1.7326600551605225, 1.741575837135315, 1.7462247610092163, 1.728965163230896, 1.7339884042739868, 1.749926209449768, 1.7494275569915771, 1.7297981977462769, 1.7287952899932861, 1.7415735721588135, 1.737702488899231, 1.7434855699539185, 1.7520527839660645, 1.7348368167877197, 1.7326979637145996, 1.7343145608901978, 1.7240625619888306, 1.737765908241272], "val_acc": [0.11666666666666667, 0.11666666666666667, 0.1, 0.11666666666666667, 0.11666666666666667, 0.11666666666666667, 0.11666666666666667, 0.13333333333333333, 0.21666666666666667, 0.3, 0.25, 0.26666666666666666, 0.23333333333333334, 0.21666666666666667, 0.21666666666666667, 0.16666666666666666, 0.26666666666666666, 0.16666666666666666, 0.2, 0.16666666666666666, 0.16666666666666666, 0.18333333333333332, 0.16666666666666666, 0.18333333333333332, 0.15, 0.16666666666666666, 0.15, 0.16666666666666666, 0.15, 0.2, 0.18333333333333332, 0.16666666666666666, 0.18333333333333332, 0.23333333333333334, 0.2, 0.15, 0.18333333333333332, 0.2, 0.23333333333333334, 0.23333333333333334, 0.3, 0.3, 0.21666666666666667, 0.21666666666666667, 0.21666666666666667, 0.3, 0.3, 0.25, 0.23333333333333334, 0.3, 0.2833333333333333, 0.3, 0.31666666666666665, 0.2833333333333333, 0.26666666666666666, 0.3333333333333333, 0.31666666666666665, 0.31666666666666665, 0.3, 0.23333333333333334, 0.25, 0.3, 0.31666666666666665, 0.26666666666666666, 0.21666666666666667, 0.25, 0.25, 0.25, 0.25, 0.23333333333333334, 0.26666666666666666, 0.2833333333333333, 0.3, 0.3, 0.26666666666666666, 0.25, 0.23333333333333334, 0.26666666666666666, 0.21666666666666667, 0.25, 0.25, 0.2833333333333333, 0.26666666666666666, 0.23333333333333334, 0.2, 0.21666666666666667, 0.21666666666666667, 0.23333333333333334, 0.23333333333333334, 0.26666666666666666, 0.25, 0.26666666666666666, 0.26666666666666666, 0.26666666666666666, 0.21666666666666667, 0.3, 0.26666666666666666, 0.25, 0.2833333333333333, 0.26666666666666666]}