{"train_loss": [0.6838054358959198, 0.6423679888248444, 0.6449359953403473, 0.6393780410289764, 0.6022627055644989, 0.5695851147174835, 0.6528701782226562, 0.6194109618663788, 0.6387605667114258, 0.6169828772544861, 0.6865211725234985, 0.5919097363948822, 0.6558278799057007, 0.6572956442832947, 0.6407066285610199, 0.6498421132564545, 0.6173307299613953, 0.6112931966781616, 0.6518025100231171, 0.5976473689079285, 0.6210992634296417, 0.6238003075122833, 0.6303383708000183, 0.6067692339420319, 0.5907998383045197, 0.5764647126197815, 0.6107173264026642, 0.6213449835777283, 0.6380047500133514, 0.5853274166584015, 0.6423822939395905, 0.6254467666149139, 0.6165108680725098, 0.6206066608428955, 0.6093840599060059, 0.634167343378067, 0.6473390161991119, 0.6452172994613647, 0.6247870326042175, 0.6433914005756378, 0.6382734477519989, 0.6970431506633759, 0.5602911412715912, 0.6069054007530212, 0.6081477999687195, 0.5875884890556335, 0.6520989537239075, 0.541090190410614, 0.6332803666591644, 0.5539628714323044, 0.5886101424694061, 0.6400197744369507, 0.6221804022789001, 0.5769094824790955, 0.5771209597587585, 0.5689682364463806, 0.5954818725585938, 0.625921756029129, 0.6368573606014252, 0.6261525750160217, 0.5970772504806519, 0.635460764169693, 0.5840714573860168, 0.5769939124584198, 0.5577110052108765, 0.5554904937744141, 0.6178899705410004, 0.6178624927997589, 0.5758102834224701, 0.5901614725589752, 0.5718963742256165, 0.5454042702913284, 0.5743236839771271, 0.5352548658847809, 0.6102504432201385, 0.6091269850730896, 0.6105069220066071, 0.5971249341964722, 0.6092093884944916, 0.6102248728275299, 0.5723191797733307, 0.5803691148757935, 0.5402142107486725, 0.6217360496520996, 0.5515825748443604, 0.5337476134300232, 0.6040147244930267, 0.5703263580799103, 0.5656244456768036, 0.5338517725467682, 0.5347647368907928, 0.45022153854370117, 0.5268562138080597, 0.6015426814556122, 0.5461958348751068, 0.5788095891475677, 0.5938940644264221, 0.5701380372047424, 0.5165446996688843, 0.5496825575828552], "train_acc": [0.6666666666666666, 0.6666666666666666, 0.6666666666666666, 0.6666666666666666, 0.6666666666666666, 0.6666666666666666, 0.6666666666666666, 0.6666666666666666, 0.6666666666666666, 0.6666666666666666, 0.6666666666666666, 0.6666666666666666, 0.6666666666666666, 0.6666666666666666, 0.6666666666666666, 0.6666666666666666, 0.6666666666666666, 0.6666666666666666, 0.6666666666666666, 0.6666666666666666, 0.6666666666666666, 0.6666666666666666, 0.6666666666666666, 0.6666666666666666, 0.6666666666666666, 0.6666666666666666, 0.6666666666666666, 0.6666666666666666, 0.6666666666666666, 0.6666666666666666, 0.6666666666666666, 0.6666666666666666, 0.6666666666666666, 0.6666666666666666, 0.6666666666666666, 0.6666666666666666, 0.6666666666666666, 0.6666666666666666, 0.6666666666666666, 0.6666666666666666, 0.6666666666666666, 0.6666666666666666, 0.6666666666666666, 0.6666666666666666, 0.6666666666666666, 0.6666666666666666, 0.6666666666666666, 0.6666666666666666, 0.6666666666666666, 0.6666666666666666, 0.6666666666666666, 0.6666666666666666, 0.6666666666666666, 0.6666666666666666, 0.6666666666666666, 0.6666666666666666, 0.6666666666666666, 0.6666666666666666, 0.6666666666666666, 0.6666666666666666, 0.6666666666666666, 0.6666666666666666, 0.6733333333333333, 0.6733333333333333, 0.68, 0.6666666666666666, 0.6666666666666666, 0.6666666666666666, 0.6733333333333333, 0.72, 0.7266666666666667, 0.6666666666666666, 0.66, 0.7, 0.6866666666666666, 0.6933333333333334, 0.7066666666666667, 0.7066666666666667, 0.7, 0.7266666666666667, 0.6933333333333334, 0.6933333333333334, 0.68, 0.7, 0.7066666666666667, 0.74, 0.6666666666666666, 0.6466666666666666, 0.74, 0.7333333333333333, 0.6933333333333334, 0.72, 0.72, 0.7133333333333334, 0.6933333333333334, 0.72, 0.7266666666666667, 0.7266666666666667, 0.72, 0.7333333333333333], "val_loss": [0.6374472975730896, 0.6256501078605652, 0.6135941743850708, 0.603004515171051, 0.5943427085876465, 0.5884311199188232, 0.5858451724052429, 0.5854735970497131, 0.5859334468841553, 0.5872653722763062, 0.5898057222366333, 0.5932437181472778, 0.5961421728134155, 0.5994342565536499, 0.6025441884994507, 0.6049391627311707, 0.6059063673019409, 0.6046362519264221, 0.6022229194641113, 0.5992147326469421, 0.5951991677284241, 0.5911799073219299, 0.587928831577301, 0.5851690769195557, 0.5826936364173889, 0.5804373025894165, 0.5788944959640503, 0.5780950784683228, 0.5780711770057678, 0.5782723426818848, 0.5788207650184631, 0.580768346786499, 0.5825058221817017, 0.5833703279495239, 0.5830550789833069, 0.5816931128501892, 0.5805671811103821, 0.5800533294677734, 0.5791985392570496, 0.5783674716949463, 0.5779446363449097, 0.5791860222816467, 0.579617440700531, 0.5733622908592224, 0.56606525182724, 0.5597999095916748, 0.5564079880714417, 0.5539594888687134, 0.5516149401664734, 0.5489619374275208, 0.5454432964324951, 0.5414199829101562, 0.5395396947860718, 0.5404918193817139, 0.5381152629852295, 0.5306245684623718, 0.5220668315887451, 0.5165743231773376, 0.5120649933815002, 0.5138264298439026, 0.5213982462882996, 0.5260536670684814, 0.5145385265350342, 0.4885474443435669, 0.47690004110336304, 0.4861644506454468, 0.4804350435733795, 0.4637638330459595, 0.4679652452468872, 0.48094379901885986, 0.4768558740615845, 0.45609772205352783, 0.44289126992225647, 0.44293323159217834, 0.4426829218864441, 0.4348337948322296, 0.44329604506492615, 0.47216594219207764, 0.48853799700737, 0.47652795910835266, 0.4418858289718628, 0.42670804262161255, 0.4247836768627167, 0.4214075207710266, 0.42380160093307495, 0.436594694852829, 0.4388691186904907, 0.42108044028282166, 0.4087044298648834, 0.4061679244041443, 0.404030442237854, 0.4023953974246979, 0.4010457694530487, 0.3952714204788208, 0.3977166712284088, 0.4001518785953522, 0.39706486463546753, 0.39691102504730225, 0.3976561427116394, 0.39963844418525696], "val_acc": [0.7222222222222222, 0.7222222222222222, 0.7222222222222222, 0.7222222222222222, 0.7222222222222222, 0.7222222222222222, 0.7222222222222222, 0.7222222222222222, 0.7222222222222222, 0.7222222222222222, 0.7222222222222222, 0.7222222222222222, 0.7222222222222222, 0.7222222222222222, 0.7222222222222222, 0.7222222222222222, 0.7222222222222222, 0.7222222222222222, 0.7222222222222222, 0.7222222222222222, 0.7222222222222222, 0.7222222222222222, 0.7222222222222222, 0.7222222222222222, 0.7222222222222222, 0.7222222222222222, 0.7222222222222222, 0.7222222222222222, 0.7222222222222222, 0.7222222222222222, 0.7222222222222222, 0.7222222222222222, 0.7222222222222222, 0.7222222222222222, 0.7222222222222222, 0.7222222222222222, 0.7222222222222222, 0.7222222222222222, 0.7222222222222222, 0.7222222222222222, 0.7222222222222222, 0.7222222222222222, 0.7222222222222222, 0.7222222222222222, 0.7222222222222222, 0.7222222222222222, 0.7222222222222222, 0.7222222222222222, 0.7222222222222222, 0.7222222222222222, 0.7222222222222222, 0.7222222222222222, 0.7222222222222222, 0.7222222222222222, 0.7222222222222222, 0.7222222222222222, 0.7222222222222222, 0.7222222222222222, 0.7222222222222222, 0.7222222222222222, 0.7222222222222222, 0.7222222222222222, 0.7222222222222222, 0.7222222222222222, 0.7222222222222222, 0.7222222222222222, 0.7222222222222222, 0.7222222222222222, 0.8333333333333334, 0.8333333333333334, 0.8333333333333334, 0.8333333333333334, 0.8333333333333334, 0.8333333333333334, 0.8333333333333334, 0.8333333333333334, 0.8333333333333334, 0.8888888888888888, 0.8333333333333334, 0.8888888888888888, 0.8333333333333334, 0.8333333333333334, 0.8333333333333334, 0.8333333333333334, 0.8333333333333334, 0.8888888888888888, 0.8333333333333334, 0.8888888888888888, 0.8333333333333334, 0.8333333333333334, 0.8333333333333334, 0.8333333333333334, 0.8333333333333334, 0.8333333333333334, 0.8888888888888888, 0.8888888888888888, 0.8888888888888888, 0.8888888888888888, 0.8888888888888888, 0.8888888888888888]}