{"train_loss": [0.7018548548221588, 0.6877634823322296, 0.6464230716228485, 0.6430533528327942, 0.6338717043399811, 0.6272186040878296, 0.6090430915355682, 0.5797718465328217, 0.5838060081005096, 0.5987111926078796, 0.6581562757492065, 0.6855553984642029, 0.593240886926651, 0.6212614476680756, 0.5699999630451202, 0.657448798418045, 0.5755921602249146, 0.5833837687969208, 0.6558298468589783, 0.5915707051753998, 0.6187844276428223, 0.5823573768138885, 0.6096961200237274, 0.6819017827510834, 0.638653576374054, 0.663998156785965, 0.5894486308097839, 0.5995609760284424, 0.6627695560455322, 0.6045674681663513, 0.611422061920166, 0.5943422019481659, 0.6145249605178833, 0.60515496134758, 0.7148873209953308, 0.6171557903289795, 0.597786158323288, 0.5485650449991226, 0.5344125777482986, 0.6208903789520264, 0.62611123919487, 0.5578729212284088, 0.5796363651752472, 0.6564979553222656, 0.6601389646530151, 0.6599976420402527, 0.5636190176010132, 0.6261819303035736, 0.5906668603420258, 0.5732467174530029, 0.5921051204204559, 0.5717951357364655, 0.5511971265077591, 0.5695684850215912, 0.5663497447967529, 0.5826605558395386, 0.5222026705741882, 0.5706424117088318, 0.583161473274231, 0.548398345708847, 0.5517509877681732, 0.5492081344127655, 0.6188576221466064, 0.5153722316026688, 0.5777901113033295, 0.5464885830879211, 0.525772899389267, 0.5604339838027954, 0.5851419568061829, 0.529674768447876, 0.5753305852413177, 0.556649774312973, 0.5869747996330261, 0.505997821688652, 0.4994165897369385, 0.5212286412715912, 0.7212338149547577, 0.4923374503850937, 0.5154063701629639, 0.5993307828903198, 0.5864482820034027, 0.5555835664272308, 0.49355800449848175, 0.5587289333343506, 0.47953765094280243, 0.5837948620319366, 0.5351974666118622, 0.5507588684558868, 0.5246723294258118, 0.5055164694786072, 0.5369934439659119, 0.5066983103752136, 0.6028903722763062, 0.45368318259716034, 0.4759060740470886, 0.5311341881752014, 0.5841810703277588, 0.4945036470890045, 0.4753671735525131, 0.5351867079734802], "train_acc": [0.32666666666666666, 0.6666666666666666, 0.6933333333333334, 0.6933333333333334, 0.6933333333333334, 0.6933333333333334, 0.6933333333333334, 0.6933333333333334, 0.6933333333333334, 0.6933333333333334, 0.6933333333333334, 0.6933333333333334, 0.6933333333333334, 0.6933333333333334, 0.6933333333333334, 0.6933333333333334, 0.6933333333333334, 0.6933333333333334, 0.6933333333333334, 0.6933333333333334, 0.6933333333333334, 0.6933333333333334, 0.6933333333333334, 0.6933333333333334, 0.6933333333333334, 0.6933333333333334, 0.6933333333333334, 0.6933333333333334, 0.6933333333333334, 0.6933333333333334, 0.6933333333333334, 0.6933333333333334, 0.6933333333333334, 0.6933333333333334, 0.6933333333333334, 0.6933333333333334, 0.6933333333333334, 0.6933333333333334, 0.6933333333333334, 0.6933333333333334, 0.6933333333333334, 0.6933333333333334, 0.6933333333333334, 0.6933333333333334, 0.6933333333333334, 0.6933333333333334, 0.6933333333333334, 0.6933333333333334, 0.6933333333333334, 0.6933333333333334, 0.6933333333333334, 0.6933333333333334, 0.6933333333333334, 0.6933333333333334, 0.6933333333333334, 0.6933333333333334, 0.6933333333333334, 0.6933333333333334, 0.6933333333333334, 0.6933333333333334, 0.6933333333333334, 0.6933333333333334, 0.6933333333333334, 0.6933333333333334, 0.6933333333333334, 0.6933333333333334, 0.6933333333333334, 0.6933333333333334, 0.7066666666666667, 0.7066666666666667, 0.7266666666666667, 0.7066666666666667, 0.7466666666666667, 0.74, 0.7333333333333333, 0.7333333333333333, 0.7333333333333333, 0.76, 0.7466666666666667, 0.74, 0.7333333333333333, 0.7733333333333333, 0.7533333333333333, 0.72, 0.7466666666666667, 0.7666666666666667, 0.7466666666666667, 0.76, 0.7866666666666666, 0.74, 0.7266666666666667, 0.7466666666666667, 0.7533333333333333, 0.7533333333333333, 0.7533333333333333, 0.7666666666666667, 0.7333333333333333, 0.72, 0.7533333333333333, 0.7533333333333333], "val_loss": [0.6926053762435913, 0.6934695839881897, 0.696347713470459, 0.7026209235191345, 0.7158631682395935, 0.7396403551101685, 0.7724688053131104, 0.8056002855300903, 0.8253726959228516, 0.8182455897331238, 0.7924944758415222, 0.7608206272125244, 0.7382423877716064, 0.7257989048957825, 0.7207590937614441, 0.7192980647087097, 0.7195340394973755, 0.7243032455444336, 0.7302558422088623, 0.7361989617347717, 0.7433164715766907, 0.7504680156707764, 0.7581536173820496, 0.758539080619812, 0.7500389814376831, 0.7388571500778198, 0.729408323764801, 0.7249383926391602, 0.7215675711631775, 0.7186463475227356, 0.7186701893806458, 0.7210000157356262, 0.725653886795044, 0.7322235107421875, 0.7343099117279053, 0.7303882241249084, 0.7280444502830505, 0.7302443981170654, 0.7400191426277161, 0.753742516040802, 0.7601178884506226, 0.7623417973518372, 0.764374315738678, 0.7579729557037354, 0.7391774654388428, 0.7188945412635803, 0.706449568271637, 0.7010940909385681, 0.698874831199646, 0.7016883492469788, 0.7099133133888245, 0.7224107384681702, 0.7413772344589233, 0.7651501297950745, 0.7812333703041077, 0.7788845300674438, 0.7692424654960632, 0.7585524320602417, 0.7380170822143555, 0.7184441685676575, 0.7093949317932129, 0.7077392339706421, 0.7038242816925049, 0.6953637599945068, 0.6931547522544861, 0.6870760917663574, 0.688502311706543, 0.6944157481193542, 0.6852208971977234, 0.6717268228530884, 0.6589705944061279, 0.6349996328353882, 0.6147753000259399, 0.6199724674224854, 0.6739056706428528, 0.7248339056968689, 0.6649664640426636, 0.5843278169631958, 0.5663038492202759, 0.5799176692962646, 0.6154168248176575, 0.651638388633728, 0.6726296544075012, 0.6648228168487549, 0.6391995549201965, 0.6106514930725098, 0.5857453346252441, 0.5818220973014832, 0.5933992862701416, 0.6279798746109009, 0.6687526106834412, 0.6645379066467285, 0.6164615154266357, 0.5804449915885925, 0.5864651799201965, 0.6091153025627136, 0.6083274483680725, 0.5851022601127625, 0.5733201503753662, 0.5734418034553528], "val_acc": [0.5, 0.5, 0.5, 0.5, 0.5, 0.5, 0.5, 0.5, 0.5, 0.5, 0.5, 0.5, 0.5, 0.5, 0.5, 0.5, 0.5, 0.5, 0.5, 0.5, 0.5, 0.5, 0.5, 0.5, 0.5, 0.5, 0.5, 0.5, 0.5, 0.5, 0.5, 0.5, 0.5, 0.5, 0.5, 0.5, 0.5, 0.5, 0.5, 0.5, 0.5, 0.5, 0.5, 0.5, 0.5, 0.5, 0.5, 0.5, 0.5, 0.5, 0.5, 0.5, 0.5, 0.5, 0.5, 0.5, 0.5, 0.5, 0.5, 0.5, 0.5, 0.5, 0.5, 0.5, 0.5, 0.5, 0.5, 0.5, 0.5, 0.5, 0.5, 0.5555555555555556, 0.5555555555555556, 0.5555555555555556, 0.5, 0.5, 0.5555555555555556, 0.6111111111111112, 0.6666666666666666, 0.6111111111111112, 0.5, 0.5555555555555556, 0.5555555555555556, 0.5555555555555556, 0.5555555555555556, 0.5555555555555556, 0.6111111111111112, 0.6111111111111112, 0.6111111111111112, 0.5, 0.5555555555555556, 0.5555555555555556, 0.5, 0.6111111111111112, 0.6111111111111112, 0.6111111111111112, 0.6111111111111112, 0.6111111111111112, 0.6111111111111112, 0.6111111111111112]}