{"train_loss": [0.6712174415588379, 0.6696647703647614, 0.6049797832965851, 0.6281549334526062, 0.6186971068382263, 0.6156819462776184, 0.5926657915115356, 0.5849409103393555, 0.5722975134849548, 0.5787345468997955, 0.6470604836940765, 0.6867876350879669, 0.5901543200016022, 0.6144265532493591, 0.5415884852409363, 0.6567715704441071, 0.5540308058261871, 0.5770189464092255, 0.636801540851593, 0.5815585553646088, 0.6115972995758057, 0.5731318295001984, 0.6027925908565521, 0.6664073765277863, 0.6300386786460876, 0.6602788269519806, 0.5866081416606903, 0.5901955664157867, 0.6454553604125977, 0.5834207832813263, 0.6032359004020691, 0.5820008814334869, 0.5876756012439728, 0.6057130694389343, 0.6946280896663666, 0.6063476502895355, 0.5831055343151093, 0.5344280153512955, 0.5156746059656143, 0.5949905812740326, 0.610050618648529, 0.561556875705719, 0.5728621780872345, 0.6325733065605164, 0.631239503622055, 0.6353101432323456, 0.541291669011116, 0.5978536307811737, 0.5566184222698212, 0.5570617020130157, 0.5698670446872711, 0.5430427491664886, 0.51788130402565, 0.5517168045043945, 0.5309891700744629, 0.5647663772106171, 0.5070262551307678, 0.5563402771949768, 0.5791463553905487, 0.5211520045995712, 0.5587970316410065, 0.5451609492301941, 0.6058036386966705, 0.5082823783159256, 0.5549741089344025, 0.5283018350601196, 0.5192037522792816, 0.5353762805461884, 0.5780424773693085, 0.5109591037034988, 0.5713311731815338, 0.5383477509021759, 0.574495941400528, 0.5099058300256729, 0.4949151575565338, 0.5019615888595581, 0.6433259546756744, 0.5064756572246552, 0.4959062933921814, 0.5512441694736481, 0.576984167098999, 0.544173538684845, 0.4740244150161743, 0.4895472973585129, 0.4559444785118103, 0.605307400226593, 0.5230571627616882, 0.5109718143939972, 0.5131614059209824, 0.5187650620937347, 0.520893320441246, 0.48799145221710205, 0.567849799990654, 0.46763451397418976, 0.4511987715959549, 0.5722376257181168, 0.5178599804639816, 0.4980231076478958, 0.4652256518602371, 0.5402969866991043], "train_acc": [0.6933333333333334, 0.6933333333333334, 0.6933333333333334, 0.6933333333333334, 0.6933333333333334, 0.6933333333333334, 0.6933333333333334, 0.6933333333333334, 0.6933333333333334, 0.6933333333333334, 0.6933333333333334, 0.6933333333333334, 0.6933333333333334, 0.6933333333333334, 0.6933333333333334, 0.6933333333333334, 0.6933333333333334, 0.6933333333333334, 0.6933333333333334, 0.6933333333333334, 0.6933333333333334, 0.6933333333333334, 0.6933333333333334, 0.6933333333333334, 0.6933333333333334, 0.6933333333333334, 0.6933333333333334, 0.6933333333333334, 0.6933333333333334, 0.6933333333333334, 0.6933333333333334, 0.6933333333333334, 0.6933333333333334, 0.6933333333333334, 0.6933333333333334, 0.6933333333333334, 0.6933333333333334, 0.6933333333333334, 0.6933333333333334, 0.6933333333333334, 0.6933333333333334, 0.6933333333333334, 0.6933333333333334, 0.6933333333333334, 0.6933333333333334, 0.6933333333333334, 0.6933333333333334, 0.6933333333333334, 0.6933333333333334, 0.6933333333333334, 0.6933333333333334, 0.6933333333333334, 0.6933333333333334, 0.6933333333333334, 0.6933333333333334, 0.6933333333333334, 0.6933333333333334, 0.6933333333333334, 0.6933333333333334, 0.6933333333333334, 0.6933333333333334, 0.6933333333333334, 0.6933333333333334, 0.6933333333333334, 0.6933333333333334, 0.6933333333333334, 0.6933333333333334, 0.7, 0.6933333333333334, 0.6933333333333334, 0.6933333333333334, 0.7, 0.7266666666666667, 0.7733333333333333, 0.7533333333333333, 0.74, 0.72, 0.7533333333333333, 0.7466666666666667, 0.72, 0.7666666666666667, 0.7666666666666667, 0.76, 0.74, 0.74, 0.74, 0.7533333333333333, 0.7533333333333333, 0.76, 0.7466666666666667, 0.7533333333333333, 0.76, 0.7666666666666667, 0.7533333333333333, 0.7733333333333333, 0.7533333333333333, 0.7666666666666667, 0.7466666666666667, 0.74, 0.7466666666666667], "val_loss": [0.694370687007904, 0.6974128484725952, 0.7023096084594727, 0.7101691365242004, 0.7222068309783936, 0.7385598421096802, 0.7589592933654785, 0.7821269035339355, 0.8062063455581665, 0.8258297443389893, 0.8295831084251404, 0.8134289979934692, 0.7919183373451233, 0.7736113667488098, 0.7613476514816284, 0.7532810568809509, 0.746780514717102, 0.7451445460319519, 0.7448465824127197, 0.7450199127197266, 0.7466961145401001, 0.7494031190872192, 0.7535028457641602, 0.754692554473877, 0.7514042258262634, 0.7454140782356262, 0.7392136454582214, 0.7361645102500916, 0.733905553817749, 0.7317141890525818, 0.731869101524353, 0.7336743474006653, 0.7377538681030273, 0.742264986038208, 0.7427974939346313, 0.7379599809646606, 0.734441339969635, 0.7353467345237732, 0.7428379654884338, 0.7541998028755188, 0.761940598487854, 0.7662767767906189, 0.7695786952972412, 0.7671241760253906, 0.7552395462989807, 0.7384465336799622, 0.7249366641044617, 0.7168874144554138, 0.7117024660110474, 0.7109796404838562, 0.7138350009918213, 0.7207146883010864, 0.7334153652191162, 0.7509637475013733, 0.7635600566864014, 0.7656059861183167, 0.7624261975288391, 0.7598410844802856, 0.7418470978736877, 0.7198874950408936, 0.705023467540741, 0.6912516355514526, 0.6786346435546875, 0.6676808595657349, 0.670117974281311, 0.6809573769569397, 0.7023451924324036, 0.7232267260551453, 0.7245420813560486, 0.7076011300086975, 0.6804197430610657, 0.6496724486351013, 0.6246080994606018, 0.6154518723487854, 0.6335452198982239, 0.6746723651885986, 0.6935093998908997, 0.6657711863517761, 0.6368891596794128, 0.6134034395217896, 0.5971395969390869, 0.5940195918083191, 0.6110590100288391, 0.6470664143562317, 0.6821727156639099, 0.6794374585151672, 0.6320450901985168, 0.5951833128929138, 0.5793968439102173, 0.60233473777771, 0.6431697010993958, 0.6619181632995605, 0.6510214805603027, 0.6228525042533875, 0.6296632289886475, 0.6284518837928772, 0.59799724817276, 0.5713289976119995, 0.5747835040092468, 0.5939853191375732], "val_acc": [0.5, 0.5, 0.5, 0.5, 0.5, 0.5, 0.5, 0.5, 0.5, 0.5, 0.5, 0.5, 0.5, 0.5, 0.5, 0.5, 0.5, 0.5, 0.5, 0.5, 0.5, 0.5, 0.5, 0.5, 0.5, 0.5, 0.5, 0.5, 0.5, 0.5, 0.5, 0.5, 0.5, 0.5, 0.5, 0.5, 0.5, 0.5, 0.5, 0.5, 0.5, 0.5, 0.5, 0.5, 0.5, 0.5, 0.5, 0.5, 0.5, 0.5, 0.5, 0.5, 0.5, 0.5, 0.5, 0.5, 0.5, 0.5, 0.5, 0.5, 0.5, 0.5, 0.5, 0.5, 0.5, 0.5, 0.5, 0.5, 0.5, 0.5, 0.5555555555555556, 0.5555555555555556, 0.5555555555555556, 0.5555555555555556, 0.5555555555555556, 0.5555555555555556, 0.5555555555555556, 0.5555555555555556, 0.5555555555555556, 0.5555555555555556, 0.5555555555555556, 0.6111111111111112, 0.5555555555555556, 0.5555555555555556, 0.5555555555555556, 0.5555555555555556, 0.5555555555555556, 0.6111111111111112, 0.6111111111111112, 0.6111111111111112, 0.5, 0.5555555555555556, 0.5, 0.5555555555555556, 0.5555555555555556, 0.5555555555555556, 0.6111111111111112, 0.6666666666666666, 0.6111111111111112, 0.6111111111111112]}