{"train_loss": [0.6784893870353699, 0.6719516217708588, 0.6215885877609253, 0.5923764705657959, 0.6229702234268188, 0.6180694699287415, 0.5767501890659332, 0.6015056669712067, 0.5778751969337463, 0.5529404282569885, 0.6337421238422394, 0.6554531157016754, 0.5634609758853912, 0.5734975039958954, 0.57237908244133, 0.6418421864509583, 0.5243948549032211, 0.5513705313205719, 0.6409156918525696, 0.5160863846540451, 0.6081041991710663, 0.560198962688446, 0.5615716278553009, 0.6167197823524475, 0.5578213632106781, 0.613124430179596, 0.5774697065353394, 0.5942400395870209, 0.6125070452690125, 0.5427283048629761, 0.5637764930725098, 0.5070169419050217, 0.5289571285247803, 0.5448702573776245, 0.5924248099327087, 0.4944172203540802, 0.5941043198108673, 0.5011097639799118, 0.42044690251350403, 0.5977714359760284, 0.5879121422767639, 0.5233434438705444, 0.5170962810516357, 0.5588261485099792, 0.5534438788890839, 0.5690987408161163, 0.4407019764184952, 0.5268370062112808, 0.46084392070770264, 0.4791736900806427, 0.48578375577926636, 0.45613904297351837, 0.41121792793273926, 0.5272546708583832, 0.4373461604118347, 0.5272703617811203, 0.5159495323896408, 0.5255487114191055, 0.5296273976564407, 0.4708452373743057, 0.5185541212558746, 0.5112202614545822, 0.5425832718610764, 0.4907105565071106, 0.4817406088113785, 0.45787495374679565, 0.44436903297901154, 0.5690945982933044, 0.5486987382173538, 0.4557855576276779, 0.5224442183971405, 0.5625657290220261, 0.5622725337743759, 0.49955129623413086, 0.5042986869812012, 0.48348934948444366, 0.6337634027004242, 0.46483437716960907, 0.46587666869163513, 0.549068957567215, 0.5425912737846375, 0.48183004558086395, 0.4633638262748718, 0.4719255119562149, 0.43592213094234467, 0.5485076159238815, 0.48836737871170044, 0.5151881575584412, 0.47452686727046967, 0.4675949662923813, 0.507163405418396, 0.4493921250104904, 0.5217476487159729, 0.46577437222003937, 0.4088592082262039, 0.5771543234586716, 0.5321948528289795, 0.48940955102443695, 0.47096019983291626, 0.4854542762041092], "train_acc": [0.3466666666666667, 0.6933333333333334, 0.6866666666666666, 0.6933333333333334, 0.6933333333333334, 0.6933333333333334, 0.6933333333333334, 0.6933333333333334, 0.7, 0.6933333333333334, 0.6933333333333334, 0.6933333333333334, 0.7, 0.6866666666666666, 0.68, 0.6666666666666666, 0.6933333333333334, 0.6933333333333334, 0.7, 0.68, 0.6733333333333333, 0.72, 0.6866666666666666, 0.6933333333333334, 0.6733333333333333, 0.7066666666666667, 0.7333333333333333, 0.7266666666666667, 0.7333333333333333, 0.7333333333333333, 0.7533333333333333, 0.76, 0.7733333333333333, 0.7666666666666667, 0.7733333333333333, 0.74, 0.72, 0.7266666666666667, 0.8, 0.7266666666666667, 0.7333333333333333, 0.78, 0.7333333333333333, 0.72, 0.7333333333333333, 0.7666666666666667, 0.78, 0.7933333333333333, 0.8066666666666666, 0.74, 0.72, 0.76, 0.7866666666666666, 0.7933333333333333, 0.8, 0.7866666666666666, 0.7666666666666667, 0.7933333333333333, 0.7866666666666666, 0.78, 0.7933333333333333, 0.78, 0.7933333333333333, 0.78, 0.7733333333333333, 0.78, 0.8, 0.7866666666666666, 0.8, 0.7933333333333333, 0.7866666666666666, 0.7733333333333333, 0.7933333333333333, 0.7933333333333333, 0.7866666666666666, 0.7866666666666666, 0.78, 0.8, 0.7666666666666667, 0.74, 0.7733333333333333, 0.78, 0.8, 0.8, 0.7933333333333333, 0.8, 0.7533333333333333, 0.76, 0.78, 0.8, 0.7933333333333333, 0.8, 0.8, 0.76, 0.7733333333333333, 0.7933333333333333, 0.7933333333333333, 0.7933333333333333, 0.7933333333333333, 0.78], "val_loss": [0.8108691573143005, 0.7033441662788391, 0.7025792598724365, 0.8450459241867065, 0.8746840357780457, 0.7567164897918701, 0.6971409320831299, 0.6928625702857971, 0.7258819341659546, 0.794425368309021, 0.8064641356468201, 0.7247980833053589, 0.6744587421417236, 0.663590133190155, 0.6815857291221619, 0.7247359752655029, 0.7532466053962708, 0.773240327835083, 0.7380193471908569, 0.6895585656166077, 0.6715769171714783, 0.6840704083442688, 0.7174109816551208, 0.7068815231323242, 0.6581906676292419, 0.6237328052520752, 0.6215916872024536, 0.6787065863609314, 0.7412083745002747, 0.7377435564994812, 0.7159279584884644, 0.6880725026130676, 0.6908566355705261, 0.7121517062187195, 0.6775328516960144, 0.6244968175888062, 0.6500504612922668, 0.8200366497039795, 1.0977543592453003, 1.0354260206222534, 0.7485809922218323, 0.6448620557785034, 0.6364181041717529, 0.6538835763931274, 0.6943085193634033, 0.7385634183883667, 0.7882157564163208, 0.8048727512359619, 0.7277451753616333, 0.6925865411758423, 0.7436433434486389, 0.8189426064491272, 0.8821308612823486, 0.8897571563720703, 0.8228161334991455, 0.7464717626571655, 0.7392688393592834, 0.8069058060646057, 0.8388749361038208, 0.8265941143035889, 0.8019645810127258, 0.7663518786430359, 0.7207076549530029, 0.6943079233169556, 0.7394158840179443, 0.8354721069335938, 0.9282331466674805, 0.894092857837677, 0.7790676951408386, 0.7163081169128418, 0.70982825756073, 0.7193844318389893, 0.7342191934585571, 0.7609747648239136, 0.8151645660400391, 0.8458478450775146, 0.7737850546836853, 0.6846902370452881, 0.6659020781517029, 0.6973481774330139, 0.7567101716995239, 0.8132684230804443, 0.8223211169242859, 0.7978506088256836, 0.7810013294219971, 0.7363649010658264, 0.7064940333366394, 0.7358176112174988, 0.7715910077095032, 0.8326481580734253, 0.8711261749267578, 0.8320484757423401, 0.7574365735054016, 0.7283125519752502, 0.8199498057365417, 0.8866881132125854, 0.8061458468437195, 0.7231860756874084, 0.7051276564598083, 0.7319750189781189], "val_acc": [0.5, 0.5, 0.5, 0.5, 0.5, 0.5, 0.5, 0.5, 0.5, 0.5, 0.5, 0.5, 0.4444444444444444, 0.4444444444444444, 0.4444444444444444, 0.4444444444444444, 0.5, 0.5, 0.5, 0.4444444444444444, 0.5, 0.5, 0.5, 0.4444444444444444, 0.5, 0.5, 0.5, 0.5, 0.5, 0.5, 0.5, 0.5555555555555556, 0.5, 0.5555555555555556, 0.5, 0.5, 0.5, 0.5555555555555556, 0.5, 0.5, 0.5555555555555556, 0.5, 0.5, 0.5, 0.5555555555555556, 0.5555555555555556, 0.5555555555555556, 0.5555555555555556, 0.5555555555555556, 0.5, 0.5555555555555556, 0.5555555555555556, 0.5555555555555556, 0.5555555555555556, 0.5555555555555556, 0.5555555555555556, 0.5555555555555556, 0.5555555555555556, 0.5, 0.5, 0.5555555555555556, 0.5555555555555556, 0.5555555555555556, 0.5555555555555556, 0.5555555555555556, 0.5555555555555556, 0.5555555555555556, 0.5555555555555556, 0.5555555555555556, 0.5555555555555556, 0.5555555555555556, 0.5555555555555556, 0.5555555555555556, 0.5555555555555556, 0.5555555555555556, 0.5, 0.5555555555555556, 0.5555555555555556, 0.5555555555555556, 0.5555555555555556, 0.5555555555555556, 0.5555555555555556, 0.5555555555555556, 0.5555555555555556, 0.5555555555555556, 0.5555555555555556, 0.5555555555555556, 0.5555555555555556, 0.5555555555555556, 0.5555555555555556, 0.5555555555555556, 0.5555555555555556, 0.5555555555555556, 0.5555555555555556, 0.5555555555555556, 0.5555555555555556, 0.5555555555555556, 0.5555555555555556, 0.5555555555555556, 0.5555555555555556]}