{"train_loss": [0.7104443311691284, 0.6886175870895386, 0.6614314913749695, 0.6629115641117096, 0.632872462272644, 0.5960469841957092, 0.6006478071212769, 0.5794214904308319, 0.6402974724769592, 0.5964742004871368, 0.6722636520862579, 0.6272731721401215, 0.5970863699913025, 0.5863573551177979, 0.6314356923103333, 0.5834604203701019, 0.5763606429100037, 0.5937797725200653, 0.5914602279663086, 0.5980169475078583, 0.6018997430801392, 0.5614396631717682, 0.5907765328884125, 0.6586374640464783, 0.5476041585206985, 0.633351057767868, 0.5833128690719604, 0.5337217152118683, 0.5927987098693848, 0.629407525062561, 0.5702275931835175, 0.5902848243713379, 0.5690380036830902, 0.6011393070220947, 0.6187940537929535, 0.5936082899570465, 0.5293470472097397, 0.5398576259613037, 0.539620116353035, 0.5281413197517395, 0.5575707256793976, 0.5771076083183289, 0.5053985714912415, 0.5784253180027008, 0.5126336216926575, 0.6115839183330536, 0.5326324701309204, 0.5710692703723907, 0.5413800776004791, 0.5575564205646515, 0.5183614641427994, 0.5980459302663803, 0.5022013187408447, 0.5488849878311157, 0.5202539265155792, 0.5814749002456665, 0.47092024981975555, 0.4867067486047745, 0.5392182767391205, 0.5688885450363159, 0.4930664449930191, 0.5129900276660919, 0.5120712071657181, 0.45893724262714386, 0.5481402575969696, 0.5012720227241516, 0.45890258252620697, 0.4700296074151993, 0.46731892228126526, 0.5224098265171051, 0.5065195560455322, 0.5059057921171188, 0.4689483791589737, 0.46233493089675903, 0.4747217297554016, 0.5310800820589066, 0.5065158009529114, 0.5797532647848129, 0.513592466711998, 0.4734817147254944, 0.5081872493028641, 0.5413965433835983, 0.502196654677391, 0.5453538000583649, 0.49111539125442505, 0.5343895852565765, 0.493914857506752, 0.5847063660621643, 0.5265701115131378, 0.45885296165943146, 0.5661517381668091, 0.4461947828531265, 0.4761217385530472, 0.42761124670505524, 0.49043889343738556, 0.45276616513729095, 0.49118876457214355, 0.47994863986968994, 0.46194271743297577, 0.5111246109008789], "train_acc": [0.30666666666666664, 0.4866666666666667, 0.6933333333333334, 0.6933333333333334, 0.6933333333333334, 0.6933333333333334, 0.6933333333333334, 0.6933333333333334, 0.6933333333333334, 0.6933333333333334, 0.6933333333333334, 0.6933333333333334, 0.6933333333333334, 0.6933333333333334, 0.6933333333333334, 0.6933333333333334, 0.6933333333333334, 0.6933333333333334, 0.6933333333333334, 0.6933333333333334, 0.6933333333333334, 0.6933333333333334, 0.6933333333333334, 0.6933333333333334, 0.6933333333333334, 0.6933333333333334, 0.6933333333333334, 0.6933333333333334, 0.6933333333333334, 0.6933333333333334, 0.6933333333333334, 0.6933333333333334, 0.6933333333333334, 0.6933333333333334, 0.6933333333333334, 0.6933333333333334, 0.6933333333333334, 0.6933333333333334, 0.6933333333333334, 0.6933333333333334, 0.6933333333333334, 0.6933333333333334, 0.6933333333333334, 0.6933333333333334, 0.6933333333333334, 0.7, 0.7, 0.7066666666666667, 0.7, 0.7066666666666667, 0.7066666666666667, 0.7333333333333333, 0.7066666666666667, 0.7066666666666667, 0.7533333333333333, 0.7533333333333333, 0.7466666666666667, 0.7133333333333334, 0.7133333333333334, 0.74, 0.6933333333333334, 0.76, 0.7533333333333333, 0.7, 0.7733333333333333, 0.7466666666666667, 0.7466666666666667, 0.76, 0.76, 0.7266666666666667, 0.7866666666666666, 0.7266666666666667, 0.76, 0.7333333333333333, 0.7533333333333333, 0.7733333333333333, 0.78, 0.76, 0.7666666666666667, 0.7533333333333333, 0.8, 0.7666666666666667, 0.74, 0.72, 0.7533333333333333, 0.7533333333333333, 0.78, 0.7333333333333333, 0.7466666666666667, 0.7533333333333333, 0.7666666666666667, 0.7533333333333333, 0.7533333333333333, 0.7733333333333333, 0.7733333333333333, 0.74, 0.7466666666666667, 0.74, 0.7666666666666667, 0.7533333333333333], "val_loss": [0.6933796405792236, 0.6883286833763123, 0.6865551471710205, 0.6885489821434021, 0.6974964737892151, 0.7176588177680969, 0.7475258111953735, 0.7694537043571472, 0.7672804594039917, 0.7490752339363098, 0.7293182611465454, 0.7114151120185852, 0.7019960880279541, 0.6985114812850952, 0.6976430416107178, 0.6984899640083313, 0.7027738094329834, 0.7104817628860474, 0.7207033634185791, 0.7312371134757996, 0.737962007522583, 0.7406752109527588, 0.7411503195762634, 0.7321498394012451, 0.7216394543647766, 0.7152540683746338, 0.7093613743782043, 0.7090477347373962, 0.7135074734687805, 0.7163088321685791, 0.7175461649894714, 0.7195876240730286, 0.7228615283966064, 0.725013792514801, 0.7199607491493225, 0.7115557789802551, 0.7081611752510071, 0.713623046875, 0.7266760468482971, 0.7452214956283569, 0.7608126997947693, 0.7567113637924194, 0.742512047290802, 0.7245463728904724, 0.7077686786651611, 0.6938344836235046, 0.6822569966316223, 0.68001389503479, 0.6796189546585083, 0.6842094659805298, 0.6964962482452393, 0.6998701691627502, 0.6800394654273987, 0.6690998077392578, 0.6700661182403564, 0.6722007989883423, 0.6781005263328552, 0.7044795155525208, 0.717220664024353, 0.6797229051589966, 0.6663007140159607, 0.669417142868042, 0.6941648125648499, 0.7158541679382324, 0.6980960965156555, 0.6852023601531982, 0.6963335871696472, 0.7183294892311096, 0.7279093861579895, 0.7143499255180359, 0.6945536136627197, 0.6837588548660278, 0.6760551929473877, 0.6787393093109131, 0.6789042949676514, 0.6706370115280151, 0.6718246936798096, 0.6641650199890137, 0.6525846123695374, 0.652144193649292, 0.6675412654876709, 0.6861812472343445, 0.6808585524559021, 0.6593416333198547, 0.6447805166244507, 0.6432813405990601, 0.6437157392501831, 0.6447271108627319, 0.6535471677780151, 0.6638016104698181, 0.6706394553184509, 0.6691157817840576, 0.6656391024589539, 0.6634247303009033, 0.6647695899009705, 0.6612563133239746, 0.6596270203590393, 0.6666807532310486, 0.6834288835525513, 0.6836928129196167], "val_acc": [0.4444444444444444, 0.5555555555555556, 0.5555555555555556, 0.5555555555555556, 0.5555555555555556, 0.5555555555555556, 0.5555555555555556, 0.5555555555555556, 0.5555555555555556, 0.5555555555555556, 0.5555555555555556, 0.5555555555555556, 0.5555555555555556, 0.5555555555555556, 0.5555555555555556, 0.5555555555555556, 0.5555555555555556, 0.5555555555555556, 0.5555555555555556, 0.5555555555555556, 0.5555555555555556, 0.5555555555555556, 0.5555555555555556, 0.5555555555555556, 0.5555555555555556, 0.5555555555555556, 0.5555555555555556, 0.5555555555555556, 0.5555555555555556, 0.5555555555555556, 0.5555555555555556, 0.5555555555555556, 0.5555555555555556, 0.5555555555555556, 0.5555555555555556, 0.5555555555555556, 0.5555555555555556, 0.5555555555555556, 0.5555555555555556, 0.5555555555555556, 0.5555555555555556, 0.5555555555555556, 0.5555555555555556, 0.5555555555555556, 0.5555555555555556, 0.5555555555555556, 0.5555555555555556, 0.5555555555555556, 0.5555555555555556, 0.5555555555555556, 0.5555555555555556, 0.5555555555555556, 0.5, 0.6111111111111112, 0.5555555555555556, 0.6666666666666666, 0.6666666666666666, 0.6111111111111112, 0.6111111111111112, 0.6666666666666666, 0.5555555555555556, 0.5555555555555556, 0.6111111111111112, 0.6111111111111112, 0.6111111111111112, 0.5555555555555556, 0.5555555555555556, 0.6666666666666666, 0.6666666666666666, 0.6666666666666666, 0.5555555555555556, 0.5555555555555556, 0.5555555555555556, 0.5555555555555556, 0.6111111111111112, 0.5555555555555556, 0.6111111111111112, 0.5555555555555556, 0.5555555555555556, 0.5555555555555556, 0.6666666666666666, 0.7222222222222222, 0.7222222222222222, 0.7222222222222222, 0.5555555555555556, 0.5555555555555556, 0.5555555555555556, 0.5555555555555556, 0.7222222222222222, 0.7222222222222222, 0.7222222222222222, 0.7222222222222222, 0.7222222222222222, 0.7222222222222222, 0.7222222222222222, 0.7222222222222222, 0.7222222222222222, 0.7222222222222222, 0.7222222222222222, 0.7222222222222222]}