{"train_loss": [0.6789222061634064, 0.6702936589717865, 0.6213114559650421, 0.5934669077396393, 0.6237607896327972, 0.6158347725868225, 0.5751097500324249, 0.6006570756435394, 0.5754751861095428, 0.5527206361293793, 0.6280876994132996, 0.6542013883590698, 0.5657963156700134, 0.5695860385894775, 0.5700526535511017, 0.6432575881481171, 0.5181729048490524, 0.548636257648468, 0.628337174654007, 0.511309951543808, 0.6047408282756805, 0.5484066307544708, 0.5454120934009552, 0.6005479097366333, 0.5341686308383942, 0.5992794632911682, 0.558366984128952, 0.5975366830825806, 0.5940002799034119, 0.5343801379203796, 0.5504148453474045, 0.5072690397500992, 0.5167869925498962, 0.55137899518013, 0.5739627182483673, 0.4670449197292328, 0.5836493223905563, 0.5048655122518539, 0.440543457865715, 0.5168249160051346, 0.5659989714622498, 0.5124700665473938, 0.5264804065227509, 0.5497814118862152, 0.5576515793800354, 0.5667620599269867, 0.4712872952222824, 0.4687959998846054, 0.40392275154590607, 0.4743287116289139, 0.49144499003887177, 0.47250522673130035, 0.413870632648468, 0.514230027794838, 0.4251919835805893, 0.47209200263023376, 0.4750058799982071, 0.5037590563297272, 0.44985660910606384, 0.4506692588329315, 0.5238697230815887, 0.5071168392896652, 0.5022432953119278, 0.43093016743659973, 0.4457027167081833, 0.46166494488716125, 0.3929501324892044, 0.48054277896881104, 0.4841144382953644, 0.4642046093940735, 0.5072073042392731, 0.5128334164619446, 0.5196957290172577, 0.4261980205774307, 0.4122871309518814, 0.4560258388519287, 0.6120163053274155, 0.4128553569316864, 0.44704270362854004, 0.5677689164876938, 0.538867861032486, 0.451870322227478, 0.46811462938785553, 0.4538707137107849, 0.43310701847076416, 0.4898771047592163, 0.4697803109884262, 0.4551587551832199, 0.46212558448314667, 0.4811762124300003, 0.4567171037197113, 0.4704149216413498, 0.5007672905921936, 0.48309050500392914, 0.40207038819789886, 0.5174905508756638, 0.4916301369667053, 0.4644802361726761, 0.4322933554649353, 0.43611544370651245], "train_acc": [0.3466666666666667, 0.6933333333333334, 0.6866666666666666, 0.6933333333333334, 0.6933333333333334, 0.6933333333333334, 0.6933333333333334, 0.6933333333333334, 0.7, 0.6933333333333334, 0.6933333333333334, 0.6933333333333334, 0.6933333333333334, 0.6866666666666666, 0.7, 0.6666666666666666, 0.6933333333333334, 0.7, 0.6866666666666666, 0.6866666666666666, 0.72, 0.72, 0.7333333333333333, 0.7266666666666667, 0.7333333333333333, 0.7133333333333334, 0.7266666666666667, 0.74, 0.7466666666666667, 0.7466666666666667, 0.78, 0.7733333333333333, 0.78, 0.7733333333333333, 0.78, 0.7666666666666667, 0.7533333333333333, 0.76, 0.7666666666666667, 0.7733333333333333, 0.7666666666666667, 0.76, 0.7333333333333333, 0.7933333333333333, 0.7933333333333333, 0.7666666666666667, 0.78, 0.76, 0.7666666666666667, 0.7933333333333333, 0.78, 0.7866666666666666, 0.7933333333333333, 0.8, 0.78, 0.7866666666666666, 0.7933333333333333, 0.7933333333333333, 0.8133333333333334, 0.7866666666666666, 0.7933333333333333, 0.8066666666666666, 0.7933333333333333, 0.8133333333333334, 0.7866666666666666, 0.8, 0.8066666666666666, 0.7933333333333333, 0.7933333333333333, 0.7933333333333333, 0.7866666666666666, 0.7866666666666666, 0.8133333333333334, 0.8, 0.7933333333333333, 0.7733333333333333, 0.8, 0.8066666666666666, 0.7933333333333333, 0.8, 0.7933333333333333, 0.8066666666666666, 0.8066666666666666, 0.7933333333333333, 0.7866666666666666, 0.8, 0.7933333333333333, 0.8066666666666666, 0.8066666666666666, 0.7933333333333333, 0.7933333333333333, 0.7733333333333333, 0.7866666666666666, 0.78, 0.78, 0.8066666666666666, 0.78, 0.7866666666666666, 0.8066666666666666, 0.8066666666666666], "val_loss": [0.8050577640533447, 0.7005375623703003, 0.6998602151870728, 0.8419471383094788, 0.86557936668396, 0.7484351396560669, 0.6922890543937683, 0.689067006111145, 0.7231886386871338, 0.7907822132110596, 0.7940032482147217, 0.7058145999908447, 0.6568798422813416, 0.6465373635292053, 0.6656551957130432, 0.7129589915275574, 0.7351908087730408, 0.742525577545166, 0.6990991234779358, 0.6514304876327515, 0.6360704302787781, 0.6540840864181519, 0.6907544732093811, 0.6692278385162354, 0.610395610332489, 0.5748865008354187, 0.5701767206192017, 0.6232358813285828, 0.6846582889556885, 0.6790228486061096, 0.6639134883880615, 0.650683581829071, 0.6579639911651611, 0.6757387518882751, 0.6362616419792175, 0.5765029191970825, 0.5617476105690002, 0.6263498067855835, 0.8289065361022949, 0.8714014291763306, 0.6992167830467224, 0.6521244049072266, 0.6422980427742004, 0.6537352800369263, 0.6199079751968384, 0.5516483783721924, 0.5340697169303894, 0.5559224486351013, 0.600683867931366, 0.6521157026290894, 0.6488009691238403, 0.5997958183288574, 0.5869662761688232, 0.6007515788078308, 0.6133413910865784, 0.6203124523162842, 0.6128969788551331, 0.5881511569023132, 0.5503008365631104, 0.5231906175613403, 0.5166895389556885, 0.515328049659729, 0.5133530497550964, 0.5068328380584717, 0.5290737748146057, 0.562751829624176, 0.5770590305328369, 0.5466702580451965, 0.540843665599823, 0.5415796637535095, 0.4998699724674225, 0.4846433103084564, 0.46620166301727295, 0.48968806862831116, 0.6185375452041626, 0.6355894804000854, 0.43968796730041504, 0.4315114915370941, 0.5757404565811157, 0.7138453722000122, 0.575090765953064, 0.48687851428985596, 0.4959423840045929, 0.5688404440879822, 0.6770824790000916, 0.6588874459266663, 0.5338183045387268, 0.47334030270576477, 0.4768308997154236, 0.562594473361969, 0.6772722005844116, 0.6449432373046875, 0.5010773539543152, 0.4724530577659607, 0.6205474138259888, 0.7343323230743408, 0.6322700381278992, 0.5408901572227478, 0.5164438486099243, 0.5425708293914795], "val_acc": [0.5, 0.5, 0.5, 0.5, 0.5, 0.5, 0.5, 0.5, 0.5, 0.5, 0.5, 0.5, 0.5, 0.5, 0.5, 0.5, 0.5, 0.5, 0.5, 0.5, 0.5, 0.5, 0.5555555555555556, 0.5555555555555556, 0.5, 0.6666666666666666, 0.6666666666666666, 0.5, 0.5555555555555556, 0.5555555555555556, 0.5, 0.5, 0.5, 0.5, 0.5555555555555556, 0.5555555555555556, 0.6666666666666666, 0.5555555555555556, 0.5, 0.5555555555555556, 0.5555555555555556, 0.5, 0.5555555555555556, 0.5, 0.5555555555555556, 0.7222222222222222, 0.6666666666666666, 0.6666666666666666, 0.6111111111111112, 0.5555555555555556, 0.5555555555555556, 0.5, 0.5, 0.5555555555555556, 0.5555555555555556, 0.5, 0.5, 0.5, 0.6666666666666666, 0.7222222222222222, 0.7222222222222222, 0.7222222222222222, 0.6666666666666666, 0.6666666666666666, 0.6666666666666666, 0.6666666666666666, 0.6666666666666666, 0.7222222222222222, 0.6666666666666666, 0.7222222222222222, 0.7222222222222222, 0.7222222222222222, 0.7222222222222222, 0.7222222222222222, 0.6111111111111112, 0.6111111111111112, 0.8333333333333334, 0.8333333333333334, 0.6111111111111112, 0.5555555555555556, 0.6111111111111112, 0.7777777777777778, 0.7777777777777778, 0.6111111111111112, 0.5555555555555556, 0.5555555555555556, 0.6666666666666666, 0.7222222222222222, 0.7222222222222222, 0.6111111111111112, 0.5555555555555556, 0.5555555555555556, 0.7222222222222222, 0.7222222222222222, 0.6111111111111112, 0.5555555555555556, 0.5555555555555556, 0.6666666666666666, 0.7222222222222222, 0.6111111111111112]}