{"train_loss": [0.6566986739635468, 0.6160950362682343, 0.6154352724552155, 0.6308256983757019, 0.5961761772632599, 0.5967979431152344, 0.6092780828475952, 0.6102960407733917, 0.5485520958900452, 0.5726104080677032, 0.5759366750717163, 0.5645302832126617, 0.5928708612918854, 0.5492120683193207, 0.6915696561336517, 0.5544720590114594, 0.5034636408090591, 0.5715571343898773, 0.5457504093647003, 0.498674213886261, 0.5358391106128693, 0.46292467415332794, 0.4849301874637604, 0.48852455615997314, 0.4534790366888046, 0.450716495513916, 0.5689425766468048, 0.4303766340017319, 0.5133308172225952, 0.44604411721229553, 0.43543244898319244, 0.528425008058548, 0.5199439376592636, 0.5014175325632095, 0.5153638422489166, 0.4774681627750397, 0.46796610951423645, 0.43495434522628784, 0.4330858737230301, 0.45813368260860443, 0.527565136551857, 0.4776998609304428, 0.4688755124807358, 0.35637473315000534, 0.5012697279453278, 0.5372248142957687, 0.4664735198020935, 0.47458258271217346, 0.42650310695171356, 0.4926796406507492, 0.6602670252323151, 0.5030512511730194, 0.5249133408069611, 0.48455172777175903, 0.44380171597003937, 0.5338393896818161, 0.41931332647800446, 0.5146871358156204, 0.43074843287467957, 0.5866782069206238, 0.3866782784461975, 0.3977164924144745, 0.4453217685222626, 0.5620948672294617, 0.44985881447792053, 0.4793197363615036, 0.45338690280914307, 0.40304021537303925, 0.4326513260602951, 0.40695787966251373, 0.49511411786079407, 0.4660314470529556, 0.366941437125206, 0.3937932848930359, 0.48995496332645416, 0.42288659512996674, 0.4320302754640579, 0.4476674199104309, 0.3169526755809784, 0.5982110500335693, 0.5421354919672012, 0.4595314711332321, 0.5516858100891113, 0.5266999304294586, 0.5111117660999298, 0.4863380491733551, 0.4962025582790375, 0.3475100174546242, 0.48745201528072357, 0.5178687274456024, 0.4525178521871567, 0.4407230615615845, 0.43230950832366943, 0.3981076329946518, 0.45188234746456146, 0.43365955352783203, 0.5295867919921875, 0.3804028034210205, 0.4128350764513016, 0.43561582267284393], "train_acc": [0.5266666666666666, 0.64, 0.64, 0.6533333333333333, 0.6733333333333333, 0.6733333333333333, 0.64, 0.6333333333333333, 0.7133333333333334, 0.68, 0.6733333333333333, 0.7266666666666667, 0.72, 0.7133333333333334, 0.7266666666666667, 0.7333333333333333, 0.7266666666666667, 0.74, 0.74, 0.72, 0.7466666666666667, 0.74, 0.7733333333333333, 0.78, 0.7933333333333333, 0.7666666666666667, 0.7866666666666666, 0.7933333333333333, 0.7866666666666666, 0.82, 0.7733333333333333, 0.7866666666666666, 0.7666666666666667, 0.7933333333333333, 0.8133333333333334, 0.7866666666666666, 0.84, 0.8, 0.7733333333333333, 0.7933333333333333, 0.8133333333333334, 0.7733333333333333, 0.7866666666666666, 0.8266666666666667, 0.78, 0.8, 0.8066666666666666, 0.8, 0.8133333333333334, 0.8066666666666666, 0.8, 0.76, 0.7866666666666666, 0.8, 0.7666666666666667, 0.7866666666666666, 0.8066666666666666, 0.8133333333333334, 0.7933333333333333, 0.8066666666666666, 0.8, 0.7466666666666667, 0.7933333333333333, 0.8, 0.8066666666666666, 0.8, 0.82, 0.82, 0.8266666666666667, 0.8133333333333334, 0.82, 0.7933333333333333, 0.8133333333333334, 0.82, 0.8133333333333334, 0.8133333333333334, 0.7933333333333333, 0.8066666666666666, 0.8266666666666667, 0.7866666666666666, 0.8066666666666666, 0.8066666666666666, 0.74, 0.82, 0.7733333333333333, 0.8333333333333334, 0.82, 0.76, 0.78, 0.7866666666666666, 0.7933333333333333, 0.8133333333333334, 0.8266666666666667, 0.8333333333333334, 0.8266666666666667, 0.8266666666666667, 0.8133333333333334, 0.8133333333333334, 0.8133333333333334, 0.8133333333333334], "val_loss": [0.5314633846282959, 0.5587807297706604, 0.5804877281188965, 0.6160985231399536, 0.5633673071861267, 0.5837559700012207, 0.5834787487983704, 0.6220974922180176, 0.5950245261192322, 0.5859343409538269, 0.6087623834609985, 0.6592990756034851, 0.653745174407959, 0.6256916522979736, 0.6215183734893799, 0.6385986804962158, 0.6319460272789001, 0.5944181680679321, 0.5927794575691223, 0.594504177570343, 0.6006894111633301, 0.6098219156265259, 0.6290611624717712, 0.6494282484054565, 0.6646600961685181, 0.6680843830108643, 0.6371673941612244, 0.5890594720840454, 0.5913816690444946, 0.6347594857215881, 0.6914140582084656, 0.7104538679122925, 0.6691462397575378, 0.6031076312065125, 0.561089813709259, 0.5745936036109924, 0.6294891238212585, 0.6956143379211426, 0.7566497325897217, 0.809883177280426, 0.6900435090065002, 0.643441915512085, 0.6169798374176025, 0.6523667573928833, 0.6626477241516113, 0.5706918239593506, 0.5972509384155273, 0.6098800301551819, 0.6799494624137878, 0.7104232311248779, 0.680987536907196, 0.6530464291572571, 0.6169949173927307, 0.6549785137176514, 0.6231828331947327, 0.5947890877723694, 0.6029661893844604, 0.6283085942268372, 0.6568506360054016, 0.652260959148407, 0.6469722986221313, 0.6450717449188232, 0.649253785610199, 0.643397331237793, 0.6143711805343628, 0.5997430682182312, 0.5969558358192444, 0.6176664233207703, 0.6341407299041748, 0.6203646659851074, 0.6378953456878662, 0.6368914246559143, 0.7625839710235596, 0.8321001529693604, 0.683019757270813, 0.6189185976982117, 0.6373317241668701, 0.6616661548614502, 0.8234955668449402, 0.7789586186408997, 0.619971752166748, 0.6918397545814514, 0.5811247825622559, 0.6255052089691162, 0.692380428314209, 0.6977875232696533, 0.6975040435791016, 0.7176904082298279, 0.70998215675354, 0.6951663494110107, 0.6857972145080566, 0.6670429110527039, 0.6428936123847961, 0.6293105483055115, 0.6285998821258545, 0.640343189239502, 0.6568515300750732, 0.6649177074432373, 0.6727585196495056, 0.6621930599212646], "val_acc": [0.7777777777777778, 0.7777777777777778, 0.7777777777777778, 0.6666666666666666, 0.6666666666666666, 0.7777777777777778, 0.6666666666666666, 0.6111111111111112, 0.6666666666666666, 0.6666666666666666, 0.6666666666666666, 0.5555555555555556, 0.6111111111111112, 0.6666666666666666, 0.6666666666666666, 0.6111111111111112, 0.6666666666666666, 0.6666666666666666, 0.7222222222222222, 0.7222222222222222, 0.6666666666666666, 0.6666666666666666, 0.6666666666666666, 0.6666666666666666, 0.6666666666666666, 0.6666666666666666, 0.7222222222222222, 0.7222222222222222, 0.7222222222222222, 0.6666666666666666, 0.6666666666666666, 0.6666666666666666, 0.6666666666666666, 0.7222222222222222, 0.7777777777777778, 0.7222222222222222, 0.6666666666666666, 0.6666666666666666, 0.6666666666666666, 0.7222222222222222, 0.6666666666666666, 0.6666666666666666, 0.7222222222222222, 0.7777777777777778, 0.7777777777777778, 0.7222222222222222, 0.6666666666666666, 0.6666666666666666, 0.7222222222222222, 0.7222222222222222, 0.6666666666666666, 0.6666666666666666, 0.7222222222222222, 0.7777777777777778, 0.7777777777777778, 0.7222222222222222, 0.6666666666666666, 0.6666666666666666, 0.7222222222222222, 0.6666666666666666, 0.6666666666666666, 0.6666666666666666, 0.6666666666666666, 0.6666666666666666, 0.6666666666666666, 0.6666666666666666, 0.7222222222222222, 0.7222222222222222, 0.7222222222222222, 0.6666666666666666, 0.6666666666666666, 0.6666666666666666, 0.7222222222222222, 0.7777777777777778, 0.7222222222222222, 0.6666666666666666, 0.6111111111111112, 0.7222222222222222, 0.7777777777777778, 0.7222222222222222, 0.6666666666666666, 0.6111111111111112, 0.6666666666666666, 0.7777777777777778, 0.7222222222222222, 0.7222222222222222, 0.6666666666666666, 0.6666666666666666, 0.6666666666666666, 0.6666666666666666, 0.7222222222222222, 0.7222222222222222, 0.7222222222222222, 0.7222222222222222, 0.7222222222222222, 0.6666666666666666, 0.6666666666666666, 0.6666666666666666, 0.7222222222222222, 0.6666666666666666]}