{"train_loss": [0.696722537279129, 0.6880164444446564, 0.6802498996257782, 0.6744696497917175, 0.6567073166370392, 0.6346053779125214, 0.6465489864349365, 0.6326243877410889, 0.6279519200325012, 0.5924334526062012, 0.6694433093070984, 0.5900745689868927, 0.6537845432758331, 0.6517983973026276, 0.6518771052360535, 0.6447330117225647, 0.6010437905788422, 0.5946816504001617, 0.6444064378738403, 0.5808797776699066, 0.6121388375759125, 0.6174919605255127, 0.6239847540855408, 0.6025647819042206, 0.5764493644237518, 0.5617007315158844, 0.591816246509552, 0.5905337631702423, 0.6254534423351288, 0.572807639837265, 0.6195040345191956, 0.6199235618114471, 0.5947880744934082, 0.6066950261592865, 0.5946335792541504, 0.6150345802307129, 0.6310746967792511, 0.631294459104538, 0.6144965589046478, 0.6275221705436707, 0.6346685290336609, 0.6961440443992615, 0.5505743026733398, 0.5889653861522675, 0.5961691737174988, 0.5692483484745026, 0.6109510362148285, 0.527074322104454, 0.6238645017147064, 0.538471058011055, 0.5605473518371582, 0.64337557554245, 0.6227225363254547, 0.5441896468400955, 0.5539295971393585, 0.5473406463861465, 0.5849502682685852, 0.6033515632152557, 0.6135358810424805, 0.6133366227149963, 0.6033658683300018, 0.6233869791030884, 0.5722355842590332, 0.5407413989305496, 0.5613008439540863, 0.5312697440385818, 0.5700805187225342, 0.5727220177650452, 0.5642929375171661, 0.562562108039856, 0.5685609579086304, 0.5020802617073059, 0.5531635880470276, 0.5025295615196228, 0.5690191388130188, 0.5711520314216614, 0.5652719438076019, 0.5533230900764465, 0.6004316210746765, 0.5625078976154327, 0.5405891537666321, 0.5663516521453857, 0.5260498225688934, 0.5352643430233002, 0.5351650714874268, 0.5201367288827896, 0.5610934197902679, 0.514288529753685, 0.5835153460502625, 0.5175303816795349, 0.5295498967170715, 0.44096918404102325, 0.5434767603874207, 0.6171488761901855, 0.5462760627269745, 0.5334145128726959, 0.6118380427360535, 0.5477001070976257, 0.51073057949543, 0.5595891773700714], "train_acc": [0.35333333333333333, 0.64, 0.6666666666666666, 0.6666666666666666, 0.6666666666666666, 0.6666666666666666, 0.6666666666666666, 0.6666666666666666, 0.6666666666666666, 0.6666666666666666, 0.6666666666666666, 0.6666666666666666, 0.6666666666666666, 0.6666666666666666, 0.6666666666666666, 0.6666666666666666, 0.6666666666666666, 0.6666666666666666, 0.6666666666666666, 0.6666666666666666, 0.6666666666666666, 0.6666666666666666, 0.6666666666666666, 0.6666666666666666, 0.6666666666666666, 0.6666666666666666, 0.6666666666666666, 0.6666666666666666, 0.6666666666666666, 0.6666666666666666, 0.6666666666666666, 0.6666666666666666, 0.6666666666666666, 0.6666666666666666, 0.6666666666666666, 0.6666666666666666, 0.6666666666666666, 0.6666666666666666, 0.6666666666666666, 0.6666666666666666, 0.6666666666666666, 0.6666666666666666, 0.6666666666666666, 0.6666666666666666, 0.6666666666666666, 0.6666666666666666, 0.6666666666666666, 0.6666666666666666, 0.6666666666666666, 0.6666666666666666, 0.6666666666666666, 0.6666666666666666, 0.6666666666666666, 0.6666666666666666, 0.6666666666666666, 0.6666666666666666, 0.6666666666666666, 0.6666666666666666, 0.6666666666666666, 0.6666666666666666, 0.6666666666666666, 0.6666666666666666, 0.6666666666666666, 0.6666666666666666, 0.6733333333333333, 0.6666666666666666, 0.6666666666666666, 0.6666666666666666, 0.6666666666666666, 0.6733333333333333, 0.6933333333333334, 0.6866666666666666, 0.7133333333333334, 0.7266666666666667, 0.7333333333333333, 0.7133333333333334, 0.72, 0.7266666666666667, 0.74, 0.7666666666666667, 0.7333333333333333, 0.7666666666666667, 0.7533333333333333, 0.7533333333333333, 0.7466666666666667, 0.7266666666666667, 0.7666666666666667, 0.7666666666666667, 0.7466666666666667, 0.7533333333333333, 0.7466666666666667, 0.78, 0.76, 0.7466666666666667, 0.7333333333333333, 0.7866666666666666, 0.7266666666666667, 0.7666666666666667, 0.78, 0.7266666666666667], "val_loss": [0.6915509700775146, 0.6838517189025879, 0.6734324097633362, 0.6611650586128235, 0.6467971801757812, 0.6316821575164795, 0.6164026260375977, 0.6022680997848511, 0.5900142788887024, 0.5805274248123169, 0.5755724906921387, 0.5736928582191467, 0.5727131366729736, 0.5727263689041138, 0.5738702416419983, 0.5762808322906494, 0.5792242884635925, 0.5811318755149841, 0.5822751522064209, 0.5827592015266418, 0.5815651416778564, 0.5797948837280273, 0.5778912305831909, 0.5758386254310608, 0.5731661319732666, 0.5698520541191101, 0.5670174956321716, 0.5651462078094482, 0.5639901161193848, 0.5629830360412598, 0.5619966983795166, 0.5615003108978271, 0.5615204572677612, 0.5617480874061584, 0.5619857311248779, 0.5621097087860107, 0.562799870967865, 0.5638308525085449, 0.564827561378479, 0.5656743049621582, 0.5665761232376099, 0.569011926651001, 0.5704415440559387, 0.5652353167533875, 0.557422935962677, 0.5488154292106628, 0.5415448546409607, 0.5364184379577637, 0.5331531167030334, 0.5308282971382141, 0.5283372402191162, 0.5250328183174133, 0.5223534107208252, 0.5219640135765076, 0.5209676027297974, 0.518180251121521, 0.5138524174690247, 0.5100020170211792, 0.5070956945419312, 0.5057993531227112, 0.505554735660553, 0.5059923529624939, 0.5066380500793457, 0.5011937618255615, 0.48979923129081726, 0.4793531596660614, 0.4734019637107849, 0.4696521759033203, 0.46570661664009094, 0.46183204650878906, 0.46034425497055054, 0.46059322357177734, 0.4582941234111786, 0.4533066749572754, 0.44582974910736084, 0.44143640995025635, 0.4395815134048462, 0.4401949644088745, 0.4465293288230896, 0.45261287689208984, 0.4441084563732147, 0.42999422550201416, 0.4189104437828064, 0.4129197597503662, 0.40954795479774475, 0.4064013361930847, 0.4062539339065552, 0.4138510227203369, 0.4222736656665802, 0.4256340265274048, 0.41362130641937256, 0.3957626223564148, 0.3928543031215668, 0.39220869541168213, 0.39156824350357056, 0.3987463712692261, 0.41026026010513306, 0.42368486523628235, 0.42696312069892883, 0.42051178216934204], "val_acc": [0.7222222222222222, 0.7222222222222222, 0.7222222222222222, 0.7222222222222222, 0.7222222222222222, 0.7222222222222222, 0.7222222222222222, 0.7222222222222222, 0.7222222222222222, 0.7222222222222222, 0.7222222222222222, 0.7222222222222222, 0.7222222222222222, 0.7222222222222222, 0.7222222222222222, 0.7222222222222222, 0.7222222222222222, 0.7222222222222222, 0.7222222222222222, 0.7222222222222222, 0.7222222222222222, 0.7222222222222222, 0.7222222222222222, 0.7222222222222222, 0.7222222222222222, 0.7222222222222222, 0.7222222222222222, 0.7222222222222222, 0.7222222222222222, 0.7222222222222222, 0.7222222222222222, 0.7222222222222222, 0.7222222222222222, 0.7222222222222222, 0.7222222222222222, 0.7222222222222222, 0.7222222222222222, 0.7222222222222222, 0.7222222222222222, 0.7222222222222222, 0.7222222222222222, 0.7222222222222222, 0.7222222222222222, 0.7222222222222222, 0.7222222222222222, 0.7222222222222222, 0.7222222222222222, 0.7222222222222222, 0.7222222222222222, 0.7222222222222222, 0.7222222222222222, 0.7222222222222222, 0.7222222222222222, 0.7222222222222222, 0.7222222222222222, 0.7222222222222222, 0.7222222222222222, 0.7222222222222222, 0.7222222222222222, 0.7222222222222222, 0.7222222222222222, 0.7222222222222222, 0.7222222222222222, 0.7222222222222222, 0.7222222222222222, 0.7222222222222222, 0.7222222222222222, 0.7222222222222222, 0.7222222222222222, 0.7777777777777778, 0.7777777777777778, 0.7777777777777778, 0.7777777777777778, 0.7777777777777778, 0.7777777777777778, 0.7777777777777778, 0.8333333333333334, 0.8333333333333334, 0.8333333333333334, 0.8888888888888888, 0.8888888888888888, 0.8888888888888888, 0.8333333333333334, 0.8333333333333334, 0.8333333333333334, 0.8333333333333334, 0.8888888888888888, 0.8888888888888888, 0.9444444444444444, 0.9444444444444444, 0.9444444444444444, 0.8888888888888888, 0.8888888888888888, 0.8888888888888888, 0.8888888888888888, 0.9444444444444444, 0.9444444444444444, 0.9444444444444444, 0.9444444444444444, 0.9444444444444444]}