{"train_loss": [0.7188188433647156, 0.6180934309959412, 0.613099217414856, 0.5947437584400177, 0.5677778720855713, 0.5530939847230911, 0.6118552982807159, 0.6050168573856354, 0.579612135887146, 0.5448872596025467, 0.6590534448623657, 0.6165478229522705, 0.5981222093105316, 0.6111850142478943, 0.6242040395736694, 0.5861035883426666, 0.5609943568706512, 0.5542769730091095, 0.5939549505710602, 0.5384685546159744, 0.5633383095264435, 0.5686455965042114, 0.5951279401779175, 0.5826394259929657, 0.479111984372139, 0.5296982824802399, 0.5701298117637634, 0.5451372861862183, 0.5368713140487671, 0.5335643440485001, 0.5216165333986282, 0.5664405822753906, 0.5456900298595428, 0.5753144919872284, 0.5074032545089722, 0.5448400974273682, 0.5461080074310303, 0.5761913955211639, 0.517156645655632, 0.562685489654541, 0.5849342048168182, 0.6309425383806229, 0.6695166230201721, 0.5020143687725067, 0.5601415932178497, 0.5336982607841492, 0.6030972898006439, 0.5094802379608154, 0.5966817140579224, 0.5130610913038254, 0.514652818441391, 0.6051287353038788, 0.5863458216190338, 0.4919220060110092, 0.5665870904922485, 0.48921748995780945, 0.5287053287029266, 0.6038795709609985, 0.5209495425224304, 0.5620729029178619, 0.5530210137367249, 0.6040866672992706, 0.5157710909843445, 0.4776889383792877, 0.4863368570804596, 0.46858496963977814, 0.615698903799057, 0.5337634086608887, 0.5933531820774078, 0.5192838609218597, 0.5494263172149658, 0.4747910797595978, 0.5678164064884186, 0.5023230761289597, 0.560609757900238, 0.5173617303371429, 0.5676264762878418, 0.5826053321361542, 0.5740585029125214, 0.5539919435977936, 0.510341539978981, 0.5018353462219238, 0.48786717653274536, 0.5050455778837204, 0.5376354455947876, 0.5412669777870178, 0.5829540193080902, 0.5251378417015076, 0.5732453167438507, 0.5204926133155823, 0.5430424511432648, 0.4685668498277664, 0.5317776203155518, 0.5478609800338745, 0.534448117017746, 0.548999011516571, 0.5905045568943024, 0.5208529233932495, 0.5317004024982452, 0.5172699689865112], "train_acc": [0.6666666666666666, 0.6666666666666666, 0.6666666666666666, 0.6666666666666666, 0.6666666666666666, 0.6666666666666666, 0.6733333333333333, 0.6866666666666666, 0.66, 0.6533333333333333, 0.6533333333333333, 0.6666666666666666, 0.6666666666666666, 0.6533333333333333, 0.68, 0.68, 0.6733333333333333, 0.6666666666666666, 0.6866666666666666, 0.6933333333333334, 0.7066666666666667, 0.7133333333333334, 0.6733333333333333, 0.68, 0.68, 0.72, 0.7066666666666667, 0.7266666666666667, 0.6933333333333334, 0.68, 0.7466666666666667, 0.7133333333333334, 0.72, 0.6866666666666666, 0.6866666666666666, 0.74, 0.7666666666666667, 0.72, 0.7, 0.7266666666666667, 0.7266666666666667, 0.7666666666666667, 0.68, 0.7333333333333333, 0.7133333333333334, 0.6933333333333334, 0.6933333333333334, 0.7, 0.74, 0.7666666666666667, 0.7666666666666667, 0.7666666666666667, 0.76, 0.7133333333333334, 0.68, 0.6933333333333334, 0.7133333333333334, 0.7533333333333333, 0.7466666666666667, 0.7, 0.7066666666666667, 0.7, 0.72, 0.72, 0.7466666666666667, 0.7666666666666667, 0.76, 0.7333333333333333, 0.7133333333333334, 0.7133333333333334, 0.7333333333333333, 0.7666666666666667, 0.76, 0.7733333333333333, 0.7533333333333333, 0.7533333333333333, 0.7266666666666667, 0.7333333333333333, 0.7266666666666667, 0.7333333333333333, 0.72, 0.7133333333333334, 0.72, 0.7266666666666667, 0.72, 0.7066666666666667, 0.7066666666666667, 0.7, 0.72, 0.76, 0.7666666666666667, 0.7533333333333333, 0.7533333333333333, 0.7533333333333333, 0.7466666666666667, 0.7333333333333333, 0.74, 0.74, 0.76, 0.74], "val_loss": [0.593795657157898, 0.590505063533783, 0.5654003620147705, 0.5606381893157959, 0.552253782749176, 0.5448999404907227, 0.538623571395874, 0.5387733578681946, 0.5346822738647461, 0.5225054025650024, 0.5137287974357605, 0.5332255959510803, 0.5157697200775146, 0.5103093385696411, 0.5114852786064148, 0.5178353190422058, 0.5211570262908936, 0.5081067681312561, 0.49991947412490845, 0.4944864511489868, 0.49176353216171265, 0.48270687460899353, 0.4848700761795044, 0.48507675528526306, 0.4795190989971161, 0.4989325702190399, 0.47604233026504517, 0.47155576944351196, 0.47569724917411804, 0.4615204632282257, 0.47457394003868103, 0.45161518454551697, 0.45225822925567627, 0.44913116097450256, 0.44359588623046875, 0.4419955015182495, 0.43670403957366943, 0.4534308612346649, 0.4368149936199188, 0.42318642139434814, 0.42260801792144775, 0.4829859733581543, 0.4802417755126953, 0.4543493986129761, 0.49210527539253235, 0.48338767886161804, 0.48290762305259705, 0.49964845180511475, 0.4978443682193756, 0.4791901409626007, 0.45159366726875305, 0.440011203289032, 0.43179455399513245, 0.43231335282325745, 0.42670148611068726, 0.42320501804351807, 0.4263831377029419, 0.42302191257476807, 0.43442636728286743, 0.4540041387081146, 0.4574064016342163, 0.44435426592826843, 0.42628014087677, 0.4100247919559479, 0.41856110095977783, 0.41747772693634033, 0.3982893228530884, 0.442272812128067, 0.44803932309150696, 0.4183841943740845, 0.41745179891586304, 0.42427119612693787, 0.4250079095363617, 0.4278520345687866, 0.43396812677383423, 0.43638384342193604, 0.43448707461357117, 0.43225711584091187, 0.43370211124420166, 0.43433499336242676, 0.41887494921684265, 0.40464428067207336, 0.3984740674495697, 0.3944609463214874, 0.3974289298057556, 0.41566136479377747, 0.42702850699424744, 0.4136320650577545, 0.4166581332683563, 0.4282679557800293, 0.4348144233226776, 0.4390299916267395, 0.43763577938079834, 0.43607214093208313, 0.4342695474624634, 0.42632558941841125, 0.42176008224487305, 0.42217573523521423, 0.4231577515602112, 0.4277667999267578], "val_acc": [0.7222222222222222, 0.7222222222222222, 0.7222222222222222, 0.7222222222222222, 0.7222222222222222, 0.7222222222222222, 0.7222222222222222, 0.7222222222222222, 0.6666666666666666, 0.7222222222222222, 0.7777777777777778, 0.7222222222222222, 0.6666666666666666, 0.7222222222222222, 0.7222222222222222, 0.7777777777777778, 0.7777777777777778, 0.7777777777777778, 0.7222222222222222, 0.7222222222222222, 0.7222222222222222, 0.8333333333333334, 0.8333333333333334, 0.8333333333333334, 0.7777777777777778, 0.7222222222222222, 0.7777777777777778, 0.8333333333333334, 0.8333333333333334, 0.8333333333333334, 0.7777777777777778, 0.8333333333333334, 0.8333333333333334, 0.8333333333333334, 0.8333333333333334, 0.8333333333333334, 0.8333333333333334, 0.8333333333333334, 0.8333333333333334, 0.8333333333333334, 0.8333333333333334, 0.8333333333333334, 0.8888888888888888, 0.7777777777777778, 0.7777777777777778, 0.7777777777777778, 0.7777777777777778, 0.7777777777777778, 0.8333333333333334, 0.8333333333333334, 0.8333333333333334, 0.8333333333333334, 0.8333333333333334, 0.8333333333333334, 0.8333333333333334, 0.8333333333333334, 0.8333333333333334, 0.8333333333333334, 0.8333333333333334, 0.8333333333333334, 0.8888888888888888, 0.8333333333333334, 0.8333333333333334, 0.8333333333333334, 0.8333333333333334, 0.8333333333333334, 0.8333333333333334, 0.9444444444444444, 0.9444444444444444, 0.8333333333333334, 0.8333333333333334, 0.8333333333333334, 0.8333333333333334, 0.8333333333333334, 0.8333333333333334, 0.8333333333333334, 0.8333333333333334, 0.8333333333333334, 0.8333333333333334, 0.8333333333333334, 0.8333333333333334, 0.8333333333333334, 0.8333333333333334, 0.8333333333333334, 0.8333333333333334, 0.8888888888888888, 0.9444444444444444, 0.8333333333333334, 0.8333333333333334, 0.8333333333333334, 0.8333333333333334, 0.8333333333333334, 0.8333333333333334, 0.8333333333333334, 0.8333333333333334, 0.8333333333333334, 0.8333333333333334, 0.8333333333333334, 0.8333333333333334, 0.8333333333333334]}