{"train_loss": [0.6734165847301483, 0.6725828647613525, 0.6175644993782043, 0.6297290325164795, 0.6285320520401001, 0.6196970343589783, 0.6018302738666534, 0.5858573019504547, 0.5695633292198181, 0.5811705589294434, 0.6348897814750671, 0.6854256093502045, 0.5935811698436737, 0.608789324760437, 0.5359735041856766, 0.6594464182853699, 0.5488070696592331, 0.5766674280166626, 0.648957759141922, 0.5782601535320282, 0.6103021204471588, 0.5657444298267365, 0.6093776226043701, 0.6576754152774811, 0.6239174902439117, 0.6714377999305725, 0.5863611400127411, 0.5925693511962891, 0.6389009952545166, 0.5824953317642212, 0.5961818993091583, 0.5769419968128204, 0.5879923105239868, 0.5947420597076416, 0.6948792934417725, 0.5932128131389618, 0.588205099105835, 0.5363717079162598, 0.5179438441991806, 0.5914523303508759, 0.6036204099655151, 0.5757594406604767, 0.5605200827121735, 0.6298569440841675, 0.6293912529945374, 0.6208348572254181, 0.5293450653553009, 0.5908624231815338, 0.5505422055721283, 0.5327496528625488, 0.5612678527832031, 0.5265717059373856, 0.4899971932172775, 0.5541566610336304, 0.5094481855630875, 0.562402218580246, 0.5035602897405624, 0.5340883433818817, 0.5380686521530151, 0.507085382938385, 0.5557039380073547, 0.5390674471855164, 0.5991846323013306, 0.5030151307582855, 0.5254904627799988, 0.5086468607187271, 0.4867750257253647, 0.5404972732067108, 0.5639838427305222, 0.5190917253494263, 0.5673941969871521, 0.5482637137174606, 0.5845848619937897, 0.5015794783830643, 0.48415355384349823, 0.5235953330993652, 0.6836706250905991, 0.5178114175796509, 0.47555220127105713, 0.5616247653961182, 0.5649473071098328, 0.532014787197113, 0.5007737576961517, 0.5283736884593964, 0.45627065002918243, 0.5721608102321625, 0.5442419350147247, 0.5090331733226776, 0.5358854532241821, 0.5239690244197845, 0.5258786529302597, 0.5087789446115494, 0.5611443221569061, 0.4714061915874481, 0.45431797206401825, 0.5214021950960159, 0.5323382169008255, 0.4941098988056183, 0.45745396614074707, 0.5443121641874313], "train_acc": [0.6933333333333334, 0.6933333333333334, 0.6933333333333334, 0.6933333333333334, 0.6933333333333334, 0.6933333333333334, 0.6933333333333334, 0.6933333333333334, 0.6933333333333334, 0.6933333333333334, 0.6933333333333334, 0.6933333333333334, 0.6933333333333334, 0.6933333333333334, 0.6933333333333334, 0.6933333333333334, 0.6933333333333334, 0.6933333333333334, 0.6933333333333334, 0.6933333333333334, 0.6933333333333334, 0.6933333333333334, 0.6933333333333334, 0.6933333333333334, 0.6933333333333334, 0.6933333333333334, 0.6933333333333334, 0.6933333333333334, 0.6933333333333334, 0.6933333333333334, 0.6933333333333334, 0.6933333333333334, 0.6933333333333334, 0.6933333333333334, 0.6933333333333334, 0.6933333333333334, 0.6933333333333334, 0.6933333333333334, 0.6933333333333334, 0.6933333333333334, 0.6933333333333334, 0.6933333333333334, 0.6933333333333334, 0.6933333333333334, 0.6933333333333334, 0.6933333333333334, 0.6933333333333334, 0.6933333333333334, 0.6933333333333334, 0.6933333333333334, 0.6933333333333334, 0.6933333333333334, 0.6933333333333334, 0.6933333333333334, 0.6933333333333334, 0.6933333333333334, 0.6933333333333334, 0.6933333333333334, 0.6933333333333334, 0.7, 0.7066666666666667, 0.72, 0.7066666666666667, 0.72, 0.74, 0.7533333333333333, 0.76, 0.74, 0.7533333333333333, 0.7266666666666667, 0.7533333333333333, 0.7866666666666666, 0.7466666666666667, 0.76, 0.78, 0.7333333333333333, 0.7733333333333333, 0.7533333333333333, 0.7466666666666667, 0.7666666666666667, 0.74, 0.74, 0.74, 0.76, 0.7466666666666667, 0.7333333333333333, 0.7666666666666667, 0.76, 0.78, 0.74, 0.76, 0.7466666666666667, 0.7666666666666667, 0.7333333333333333, 0.7533333333333333, 0.7533333333333333, 0.7866666666666666, 0.7733333333333333, 0.7666666666666667, 0.74], "val_loss": [0.6934176087379456, 0.6953734159469604, 0.6988198757171631, 0.7046747803688049, 0.7136742472648621, 0.726211428642273, 0.7428209781646729, 0.7636743187904358, 0.7886830568313599, 0.8130955100059509, 0.8259244561195374, 0.8188178539276123, 0.802039623260498, 0.7859065532684326, 0.7744390964508057, 0.7660942673683167, 0.7586996555328369, 0.7561535239219666, 0.753834068775177, 0.7514839172363281, 0.7505910396575928, 0.7513878345489502, 0.7534871697425842, 0.7529938220977783, 0.749245822429657, 0.7427869439125061, 0.7359058260917664, 0.7321915030479431, 0.7296323180198669, 0.7275182008743286, 0.7282035946846008, 0.7310022711753845, 0.7358353137969971, 0.7412505149841309, 0.7419858574867249, 0.7363438010215759, 0.730966329574585, 0.7303014397621155, 0.7379225492477417, 0.7500225305557251, 0.7573381662368774, 0.75925612449646, 0.759070098400116, 0.7508012056350708, 0.7306466102600098, 0.7072116136550903, 0.6920437216758728, 0.685820460319519, 0.6825673580169678, 0.6864117383956909, 0.6979938745498657, 0.7133204936981201, 0.7352743744850159, 0.7579243183135986, 0.7596676349639893, 0.7348780632019043, 0.7068648934364319, 0.6895461082458496, 0.6685370206832886, 0.6540720462799072, 0.6549866795539856, 0.662673830986023, 0.6567619442939758, 0.6368308663368225, 0.6315460205078125, 0.6377500891685486, 0.6625345945358276, 0.6870641708374023, 0.6829290986061096, 0.65213942527771, 0.6123616695404053, 0.5833777189254761, 0.5689399838447571, 0.5689321160316467, 0.5985365509986877, 0.6619652509689331, 0.6954190731048584, 0.6673452854156494, 0.6305748224258423, 0.6011596322059631, 0.5813536643981934, 0.5751854181289673, 0.5867217183113098, 0.616205096244812, 0.6510723829269409, 0.6705193519592285, 0.6594029068946838, 0.6451073884963989, 0.6238687038421631, 0.6163082122802734, 0.6181991696357727, 0.6134002804756165, 0.6026605367660522, 0.5965054035186768, 0.6226809620857239, 0.6551071405410767, 0.6518775224685669, 0.6269561052322388, 0.6132436990737915, 0.6040804386138916], "val_acc": [0.5, 0.5, 0.5, 0.5, 0.5, 0.5, 0.5, 0.5, 0.5, 0.5, 0.5, 0.5, 0.5, 0.5, 0.5, 0.5, 0.5, 0.5, 0.5, 0.5, 0.5, 0.5, 0.5, 0.5, 0.5, 0.5, 0.5, 0.5, 0.5, 0.5, 0.5, 0.5, 0.5, 0.5, 0.5, 0.5, 0.5, 0.5, 0.5, 0.5, 0.5, 0.5, 0.5, 0.5, 0.5, 0.5, 0.5, 0.5, 0.5, 0.5, 0.5, 0.5, 0.5, 0.5, 0.5, 0.5, 0.5, 0.5, 0.5, 0.5, 0.5555555555555556, 0.5555555555555556, 0.5555555555555556, 0.5555555555555556, 0.5555555555555556, 0.5555555555555556, 0.5555555555555556, 0.5555555555555556, 0.5555555555555556, 0.5, 0.5555555555555556, 0.5, 0.5555555555555556, 0.5555555555555556, 0.5555555555555556, 0.5, 0.5555555555555556, 0.5, 0.5555555555555556, 0.5555555555555556, 0.5, 0.5, 0.5, 0.5555555555555556, 0.5555555555555556, 0.5, 0.5555555555555556, 0.5555555555555556, 0.5555555555555556, 0.5, 0.5, 0.5, 0.5, 0.5, 0.5, 0.5555555555555556, 0.5555555555555556, 0.5, 0.5, 0.5]}