{"train_loss": [0.6964661478996277, 0.6913819909095764, 0.6845698952674866, 0.6771797835826874, 0.663095235824585, 0.6451804637908936, 0.6574781239032745, 0.6385773122310638, 0.6355085074901581, 0.6035892963409424, 0.6737349033355713, 0.5960140526294708, 0.6525002717971802, 0.6480942964553833, 0.6434495151042938, 0.6511096060276031, 0.6041370928287506, 0.5972422063350677, 0.648853063583374, 0.5753654837608337, 0.6052011847496033, 0.620125949382782, 0.6230950057506561, 0.6010864973068237, 0.5897866189479828, 0.5758792757987976, 0.5987638831138611, 0.59607994556427, 0.6125134825706482, 0.5868847370147705, 0.6217091083526611, 0.6240296959877014, 0.5893750190734863, 0.6131324768066406, 0.5999511182308197, 0.6291950643062592, 0.6272434592247009, 0.6390105783939362, 0.6204949617385864, 0.6250119805335999, 0.6249317526817322, 0.7005392909049988, 0.5527942776679993, 0.5956721305847168, 0.5956909656524658, 0.5817413926124573, 0.6197322309017181, 0.5340048968791962, 0.6200196444988251, 0.5385667830705643, 0.555380329489708, 0.6440323293209076, 0.6322774291038513, 0.5465866029262543, 0.5724580883979797, 0.5527265518903732, 0.5792958438396454, 0.5975977182388306, 0.6216726899147034, 0.6174685955047607, 0.5922505855560303, 0.6374751031398773, 0.5774015486240387, 0.5494134724140167, 0.5628654062747955, 0.5369269996881485, 0.5916807949542999, 0.5852818489074707, 0.5591611564159393, 0.6010903418064117, 0.5810788869857788, 0.5135286301374435, 0.567309558391571, 0.5122140645980835, 0.5768817961215973, 0.5797913372516632, 0.5941946804523468, 0.584716796875, 0.5920237898826599, 0.5813637673854828, 0.5563459098339081, 0.5412861108779907, 0.5345767140388489, 0.5749832689762115, 0.5471806228160858, 0.5531429648399353, 0.5725509524345398, 0.5323638767004013, 0.5890432894229889, 0.5433923304080963, 0.5477987229824066, 0.45066598057746887, 0.5479831993579865, 0.6113375723361969, 0.5332797020673752, 0.5502701997756958, 0.5879182517528534, 0.5475048422813416, 0.5057923048734665, 0.5571534037590027], "train_acc": [0.34, 0.48, 0.68, 0.6666666666666666, 0.6666666666666666, 0.6666666666666666, 0.6666666666666666, 0.6666666666666666, 0.6666666666666666, 0.6666666666666666, 0.6666666666666666, 0.6666666666666666, 0.6666666666666666, 0.6666666666666666, 0.6666666666666666, 0.6666666666666666, 0.6666666666666666, 0.6666666666666666, 0.6666666666666666, 0.6666666666666666, 0.6666666666666666, 0.6666666666666666, 0.6666666666666666, 0.6666666666666666, 0.6666666666666666, 0.6666666666666666, 0.6666666666666666, 0.6666666666666666, 0.6666666666666666, 0.6666666666666666, 0.6666666666666666, 0.6666666666666666, 0.6666666666666666, 0.6666666666666666, 0.6666666666666666, 0.6666666666666666, 0.6666666666666666, 0.6666666666666666, 0.6666666666666666, 0.6666666666666666, 0.6666666666666666, 0.6666666666666666, 0.6666666666666666, 0.6666666666666666, 0.6666666666666666, 0.6666666666666666, 0.6666666666666666, 0.6666666666666666, 0.6666666666666666, 0.6666666666666666, 0.6666666666666666, 0.6666666666666666, 0.6666666666666666, 0.6666666666666666, 0.6666666666666666, 0.6666666666666666, 0.6666666666666666, 0.6666666666666666, 0.6666666666666666, 0.6666666666666666, 0.6666666666666666, 0.6666666666666666, 0.6733333333333333, 0.6866666666666666, 0.68, 0.6733333333333333, 0.6733333333333333, 0.6733333333333333, 0.6666666666666666, 0.68, 0.68, 0.7066666666666667, 0.7266666666666667, 0.7133333333333334, 0.72, 0.7266666666666667, 0.72, 0.7133333333333334, 0.72, 0.7333333333333333, 0.7266666666666667, 0.72, 0.7133333333333334, 0.7066666666666667, 0.7066666666666667, 0.7066666666666667, 0.7133333333333334, 0.6933333333333334, 0.7133333333333334, 0.7066666666666667, 0.7, 0.7, 0.7533333333333333, 0.7333333333333333, 0.72, 0.7133333333333334, 0.7, 0.7266666666666667, 0.7133333333333334, 0.7066666666666667], "val_loss": [0.6932289600372314, 0.6861963272094727, 0.6766996383666992, 0.6653480529785156, 0.6520600914955139, 0.6380870342254639, 0.6240478157997131, 0.6102630496025085, 0.5975622534751892, 0.5867166519165039, 0.579920768737793, 0.5766922235488892, 0.5747690796852112, 0.5741580724716187, 0.5744482278823853, 0.5756879448890686, 0.577521562576294, 0.5786617398262024, 0.5795651078224182, 0.5798432230949402, 0.578742265701294, 0.5772536396980286, 0.5757225751876831, 0.5741959810256958, 0.5723897218704224, 0.5702646374702454, 0.5682655572891235, 0.5668456554412842, 0.5657556653022766, 0.5647499561309814, 0.5638112425804138, 0.5632563829421997, 0.5630634427070618, 0.5629608035087585, 0.5630433559417725, 0.5635533332824707, 0.5644136071205139, 0.5658671855926514, 0.5674145221710205, 0.5682592391967773, 0.5680902004241943, 0.5693718791007996, 0.5699436664581299, 0.5650542974472046, 0.5588738322257996, 0.5524274110794067, 0.5474489331245422, 0.5439700484275818, 0.5416300296783447, 0.5399182438850403, 0.5380957722663879, 0.5358529090881348, 0.5338934659957886, 0.5332889556884766, 0.5325623154640198, 0.530784547328949, 0.5278271436691284, 0.5248240232467651, 0.5230084657669067, 0.5226143598556519, 0.5233591198921204, 0.5255606174468994, 0.5280463695526123, 0.5210210084915161, 0.507347822189331, 0.49734872579574585, 0.49467357993125916, 0.49248912930488586, 0.48828527331352234, 0.4844414293766022, 0.48479264974594116, 0.4872432351112366, 0.4844908118247986, 0.4776671826839447, 0.47067880630493164, 0.46735572814941406, 0.46642929315567017, 0.47083044052124023, 0.48327699303627014, 0.49379125237464905, 0.482566773891449, 0.46216216683387756, 0.4522315561771393, 0.450251042842865, 0.4474193751811981, 0.448596328496933, 0.4617728590965271, 0.47254860401153564, 0.4643641710281372, 0.4486094117164612, 0.4370775818824768, 0.43806856870651245, 0.4456927478313446, 0.4394858181476593, 0.4326713979244232, 0.4386986494064331, 0.44618818163871765, 0.44875970482826233, 0.4453688859939575, 0.44015204906463623], "val_acc": [0.5, 0.7222222222222222, 0.7222222222222222, 0.7222222222222222, 0.7222222222222222, 0.7222222222222222, 0.7222222222222222, 0.7222222222222222, 0.7222222222222222, 0.7222222222222222, 0.7222222222222222, 0.7222222222222222, 0.7222222222222222, 0.7222222222222222, 0.7222222222222222, 0.7222222222222222, 0.7222222222222222, 0.7222222222222222, 0.7222222222222222, 0.7222222222222222, 0.7222222222222222, 0.7222222222222222, 0.7222222222222222, 0.7222222222222222, 0.7222222222222222, 0.7222222222222222, 0.7222222222222222, 0.7222222222222222, 0.7222222222222222, 0.7222222222222222, 0.7222222222222222, 0.7222222222222222, 0.7222222222222222, 0.7222222222222222, 0.7222222222222222, 0.7222222222222222, 0.7222222222222222, 0.7222222222222222, 0.7222222222222222, 0.7222222222222222, 0.7222222222222222, 0.7222222222222222, 0.7222222222222222, 0.7222222222222222, 0.7222222222222222, 0.7222222222222222, 0.7222222222222222, 0.7222222222222222, 0.7222222222222222, 0.7222222222222222, 0.7222222222222222, 0.7222222222222222, 0.7222222222222222, 0.7222222222222222, 0.7222222222222222, 0.7222222222222222, 0.7222222222222222, 0.7222222222222222, 0.7222222222222222, 0.7222222222222222, 0.7222222222222222, 0.7222222222222222, 0.7222222222222222, 0.7222222222222222, 0.7222222222222222, 0.7222222222222222, 0.7222222222222222, 0.7222222222222222, 0.7222222222222222, 0.7222222222222222, 0.7222222222222222, 0.8333333333333334, 0.8333333333333334, 0.8333333333333334, 0.8333333333333334, 0.8333333333333334, 0.8333333333333334, 0.8333333333333334, 0.8333333333333334, 0.8888888888888888, 0.8333333333333334, 0.8333333333333334, 0.8333333333333334, 0.8333333333333334, 0.8333333333333334, 0.8333333333333334, 0.8333333333333334, 0.8333333333333334, 0.8333333333333334, 0.8333333333333334, 0.8333333333333334, 0.8333333333333334, 0.8333333333333334, 0.8333333333333334, 0.8333333333333334, 0.8333333333333334, 0.7777777777777778, 0.7777777777777778, 0.7777777777777778, 0.8333333333333334]}