{"train_loss": [2273353.989253049, 431922.85785060975, 404843.54832317075, 397654.19618902437, 395178.4338795732, 395314.9240472561, 393308.8192073171, 398897.2079268293, 396800.65914634144, 391125.4769054878, 389766.49024390243, 386721.6275152439, 385634.8611661585, 379097.3790777439, 374695.55716463417, 373177.32549542683, 370727.43426067074, 372029.37877286586, 371494.0060213415, 372119.55301067076, 368865.8637195122, 369746.3100609756, 369976.5678734756, 367571.80099085363, 369194.7503429878, 367743.9759527439, 368166.96974085364, 364180.2291539634, 361337.59112042683, 362356.90872713417], "train_mae": [471.32305000119095, 203.44973985625475, 179.1725453446551, 169.19375260515912, 164.49056664443597, 162.41326435368237, 160.13923585473037, 161.90815109625095, 160.70771134539348, 156.81876444002478, 157.8673391202601, 154.27694054580317, 153.8683317230969, 149.96843228223847, 147.733283661633, 147.94502943085462, 146.0851376045041, 146.5504717943145, 146.5109873329721, 147.4644235750524, 146.40259674816596, 144.45118776647055, 145.98186184022484, 142.3642255829602, 146.49689100312023, 144.22527510480182, 144.759253562369, 141.77705658703314, 140.6767556539396, 141.38756885063358], "val_loss": [151025.65444711538, 120791.12710336539, 119777.24338942308, 109188.27644230769, 113592.92998798077, 108711.49368990384, 111301.44140625, 120162.80799278847, 109987.02493990384, 109782.60697115384, 110436.81580528847, 120638.3359375, 153413.93870192306, 131893.98617788462, 127357.52644230769, 123288.09134615384, 110558.15534855769, 109128.3203125, 120089.92127403847, 108888.90174278847, 116489.75871394231, 126569.14483173077, 109828.27554086539, 117830.65294471153, 115736.71454326923, 128822.42337740384, 117302.56730769231, 108986.83984375, 111997.08563701923, 128390.05679086539], "val_mae": [148.86439279409555, 118.62917415912335, 142.15885044978216, 110.14063673753004, 137.06094829852765, 118.69448588444637, 128.10462394127478, 144.21170513446515, 125.14251973078801, 109.64386895986704, 128.17429586557242, 147.80735485370343, 117.79797011155348, 102.97657951941856, 100.85963674692007, 150.35454559326172, 121.56851166945238, 115.49863521869366, 106.50801878709059, 117.76975602370042, 132.1482758155236, 154.50609471247748, 116.1156360919659, 146.20955657958984, 137.46523754413312, 162.82191525972806, 101.87840006901668, 114.05337465726413, 100.32528099646935, 101.40946461604192]}