{"train_loss": [1494692.3422256098, 403341.70480182924, 394360.60907012195, 413732.70838414633, 418649.4099847561, 380500.6767530488, 397464.9451219512, 4851294.482469512, 654392.7129573171, 589202.8240853659, 570931.7166158537, 563195.5257621951, 552847.8019817073, 543295.6402439025, 534715.9192835366, 518752.98109756096, 503736.8943597561, 480000.5037347561, 468696.65533536585, 724884.0179115854, 456965.7231707317, 452581.44977134146, 449819.1106707317, 445491.61158536584, 439832.77134146343, 437197.9363567073, 433228.8000762195, 429263.55266768293, 426875.7275914634, 421322.1700457317], "train_mae": [407.64968030976087, 209.10604940274865, 191.17566483660443, 192.2606201916206, 192.2129728735947, 170.08576853682357, 175.22292160406346, 777.8866556307165, 278.7474061547256, 254.12284009979993, 246.85909327065073, 242.67341576552974, 238.56944014386434, 234.53689024390243, 230.5810183641387, 224.98258324599848, 218.06416045398248, 208.50160701100418, 202.6346277004335, 198.3781845464939, 198.27695729325458, 193.6708273538729, 193.16912812023628, 189.85339042849657, 187.58625465951314, 185.7364973114758, 183.66378382240853, 181.8618644156107, 180.07794182009815, 178.09861546958365], "val_loss": [339420.74188701925, 328957.45372596156, 329512.26532451925, 332853.07091346156, 335441.58563701925, 333975.9326923077, 1069422.4615384615, 406565.9939903846, 974129.1682692308, 1137540.9495192308, 879316.3605769231, 1009174.0985576923, 999881.4783653846, 1043941.8629807692, 1418279.6682692308, 1675601.5336538462, 1849557.4807692308, 2220401.4471153845, 2215388.360576923, 2448647.4134615385, 2205909.1923076925, 2553162.278846154, 1890911.3413461538, 2211563.658653846, 2447232.5096153845, 2340319.9278846155, 2033567.9567307692, 2320627.6298076925, 2495636.1346153845, 2157624.5625], "val_mae": [121.37221351036659, 113.1365112891564, 129.77412766676682, 136.65121166522687, 108.4292502770057, 139.6739947979267, 423.356682410607, 216.85203610933743, 398.77981919508716, 437.24420870267426, 369.8277893066406, 409.9143629807692, 404.0672278771034, 415.33681429349457, 502.8442171536959, 558.5880197378306, 591.0899000901443, 656.0583425668569, 653.1185044508713, 697.1544917179988, 652.5889399601863, 712.3036710298978, 596.3959514911359, 652.7456524188702, 691.1373126690204, 672.9051584097056, 621.1080439640925, 670.1077552208534, 699.3690420297476, 643.4260934682993]}