{"train_loss": [2280815.2701981706, 430698.97911585367, 406181.0300304878, 400103.6129573171, 398264.30800304876, 403824.22496189026, 406701.36288109754, 397372.2769817073, 398064.90731707314, 392537.53528963414, 398938.4529344512, 396414.85655487806, 390885.40483993903, 384557.6100228659, 377584.2836128049, 377840.3814405488, 372275.9339176829, 371906.55445884145, 371352.52694359754, 369315.784222561, 367212.9056402439, 368083.4959984756, 364596.94214939023, 367302.6550685976, 365570.75491615856, 364834.9499237805, 364953.952972561, 364291.21192835364, 361187.6293445122, 360880.5991996951], "train_mae": [463.83937586342415, 198.07318963771914, 176.02223116246665, 167.56923262433307, 165.518698641149, 167.97601191823077, 167.54914908060212, 161.26314005037634, 162.5728245432784, 158.43976217130336, 162.3757992628144, 162.23806159787063, 156.86807035120523, 153.2784603956269, 149.79011081602516, 149.79252501697076, 146.06793789747286, 146.36923344309736, 146.88485189298305, 144.75728759765624, 143.41465658792634, 144.24969102812977, 142.27046359922826, 143.97780307676734, 142.79744191983852, 142.60359031863328, 142.68182138582554, 142.21517668933404, 140.2264320559618, 140.24132984440502], "val_loss": [143675.30859375, 113255.24669471153, 107095.56941105769, 104382.86117788461, 132267.5634014423, 116523.05108173077, 105358.66225961539, 123578.63341346153, 108545.96844951923, 159788.19561298078, 108640.4453125, 102803.92277644231, 103731.60486778847, 104001.18599759616, 105243.42608173077, 112362.07512019231, 106609.89573317308, 103631.32241586539, 128743.33623798077, 106001.32662259616, 104778.26682692308, 102531.03335336539, 102740.35486778847, 115401.44260817308, 104472.79777644231, 106132.03455528847, 103573.05618990384, 102561.69050480769, 104351.01292067308, 117731.83473557692], "val_mae": [150.82179318941556, 130.83753996628982, 128.6832991379958, 109.24359218890851, 162.21143341064453, 100.78410280667819, 106.01837480985202, 155.74129662146936, 133.7237003032978, 130.22751764150766, 129.72390130849985, 108.5926273052509, 121.82590836745042, 104.26457977294922, 100.17538070678711, 142.70375178410455, 105.96538279606746, 106.32820510864258, 102.24446810208835, 100.61289625901442, 103.12252602210411, 121.90116764948918, 121.41761310283954, 100.34106005155124, 122.21742101816031, 100.42480145967923, 126.90368036123422, 121.89420142540565, 126.67787023691031, 146.86668043870193]}