{"train_loss": [2222793.481554878, 417563.1213414634, 407894.4495426829, 398739.82477134146, 395729.83494664636, 396106.772179878, 400165.1834222561, 393574.78269817075, 391186.87644817075, 394200.61756859755, 390149.37393292686, 386615.1813262195, 385319.45644054876, 382299.29535060975, 375275.8799542683, 373247.8043445122, 372894.6405487805, 371218.2020198171, 369051.5236280488, 370405.3732088415, 367957.93235518294, 368513.0211128049, 370197.1773628049, 366429.0961890244, 367818.1219512195, 368159.1384527439, 364240.61875, 364518.89874237805, 369054.1166920732, 363184.6351371951], "train_mae": [465.2055316459842, 193.06790161132812, 179.01558376405296, 169.17797605933214, 165.14802186547257, 162.64783593154536, 164.72961991472943, 160.4353584103468, 159.2432668546351, 160.3011569139434, 157.94381096072314, 155.255019769436, 154.92832611828317, 151.7582009664396, 148.39073263028772, 147.55226254346894, 147.20051537490474, 148.25461485327745, 144.63187270746, 145.0050216302639, 143.02694262993046, 143.35753423179068, 144.36223408768817, 143.49361014017245, 144.87250273169542, 145.21333815411825, 142.74520252506906, 142.74462116520579, 145.50852549483136, 142.00975795838892], "val_loss": [124489.41586538461, 102553.42578125, 103005.43028846153, 97103.15925480769, 96598.55288461539, 115524.32481971153, 96210.92367788461, 96457.33653846153, 102109.84044471153, 95635.76772836539, 108111.07001201923, 107923.87079326923, 95113.68419471153, 108491.57662259616, 105065.59044471153, 94787.83263221153, 102410.63611778847, 105145.66256009616, 135829.50721153847, 94594.72145432692, 102585.71574519231, 101440.26502403847, 101793.74459134616, 142183.94320913462, 106017.7578125, 95861.04236778847, 94505.93028846153, 95504.56760817308, 113995.28816105769, 94373.46424278847], "val_mae": [134.31626569307767, 128.03445639977087, 97.76387376051683, 118.43925388042743, 117.71759678767278, 155.47049008882962, 106.25845923790565, 103.09812985933743, 132.13405403724084, 104.89518473698543, 145.46268873948318, 106.81654856755183, 104.90049714308519, 141.5677261352539, 137.1423598069411, 106.73381952139047, 136.59678063025842, 135.8086820749136, 112.9238389822153, 118.02866099430965, 131.94299404437726, 129.23257358257587, 95.52666561420148, 119.40369532658504, 135.46357081486627, 112.37689854548528, 111.39438717181866, 117.23735603919395, 143.8417241023137, 114.94079032311073]}