{"train_loss": [1854211.6320121952, 428493.21981707314, 414431.17766768293, 416920.9319359756, 502279.2681402439, 420866.98963414633, 412755.8948932927, 405569.40045731707, 478777.40533536585, 407964.5091463415, 408980.09329268296, 438563.3504192073, 398027.8563643293, 426709.7353277439, 394504.3841844512, 416339.1870045732, 403271.7891768293, 391059.2146722561, 379244.3792682927, 379333.8510289634, 378061.3833841463, 379300.8988567073, 373798.78883384145, 373180.57435213414, 374391.6189786585, 374134.81722560973, 370237.33144054876, 373038.75994664634, 364996.80556402437, 366144.2756859756], "train_mae": [485.33990649711797, 217.36046693383193, 195.4908546261671, 187.14695732302783, 210.3407671672542, 181.21689453125, 173.08458244509814, 166.66028874094894, 196.39452358338892, 168.74610536156632, 167.4490752429497, 185.21061594893294, 161.27524347072693, 179.6075495277963, 163.60418559748953, 170.12922080435405, 164.52227664110137, 158.1913943407012, 150.79117178568026, 151.07934045559023, 150.2356659679878, 150.8328651986471, 149.03125878310786, 148.82540000357278, 151.8528601297518, 148.36950795243425, 145.661676583639, 148.2433465725038, 142.54837266875475, 144.79797687065312], "val_loss": [133264.22806490384, 108443.74639423077, 114374.96243990384, 132735.32301682694, 114201.57001201923, 153265.37289663462, 122861.24609375, 217581.77944711538, 138465.45132211538, 134665.68088942306, 208698.21454326922, 135756.47415865384, 118301.06009615384, 111772.90835336539, 116717.53545673077, 122014.70462740384, 106317.62409855769, 113111.75691105769, 109553.15234375, 106950.62079326923, 121669.76412259616, 101575.49549278847, 132510.60667067306, 99528.64092548077, 103231.34344951923, 100144.56580528847, 118645.11358173077, 105056.97956730769, 102129.77433894231, 103258.78485576923], "val_mae": [157.91990720308743, 111.75870044414813, 107.0478888291579, 157.47205528846155, 117.3478516798753, 125.16535773644081, 118.2667705829327, 233.69220264141376, 162.51246467003455, 113.28666188166692, 175.6957015991211, 113.61934456458458, 102.49889696561374, 136.06556232158954, 143.1242452768179, 113.36999951876126, 131.39033831082858, 139.98617671086237, 105.10046738844652, 133.84664564866287, 102.84643114530124, 120.11897952740009, 173.17686462402344, 108.92372219379132, 97.97369003295898, 118.06304755577675, 150.34063662015475, 130.33214862530048, 126.86563462477464, 131.87572596623346]}