{"train_loss": [3553305.524390244, 377522.4330792683, 553138.0105945122, 1883297.413414634, 684238.450457317, 753017.0272865854, 601457.9092987805, 827021.6525914634, 669791.7169207317, 599009.380945122, 657487.6445121951, 772918.2179878049, 601060.025304878, 1446421.1323170732, 966443.1144817073, 14707774.085670732, 21476226.019512195, 19123906.653658535, 17283152.873170733, 15921572.434146341, 14233254.668292683, 12941646.331707317, 11757499.609756097, 10661484.848780489, 9645173.302439025, 8699209.719512194, 7820682.4878048785, 7003453.1024390245, 6242729.451219512, 5540773.682926829], "train_mae": [613.5378154475515, 214.15022769090606, 268.87443564810405, 570.1168547095322, 313.0880948694741, 309.37424301519627, 279.3050211092321, 385.7094190644055, 292.73988550697885, 272.455591118045, 297.05694967130336, 344.6807159423828, 265.6118401504144, 437.7289991425305, 393.96046150021436, 1559.873782423066, 2144.968511814024, 2008.5457727943979, 1901.5698468464177, 1804.7641095417302, 1717.6705596179497, 1635.614423351753, 1557.009979992378, 1480.3856576314786, 1405.5358315072408, 1332.0540860804115, 1259.9855462795351, 1188.931515577363, 1118.6730242473323, 1049.7836136980754], "val_loss": [359204.9005408654, 648368.1129807692, 2213551.764423077, 823467.9447115385, 982637.5, 1264479.7283653845, 1201359.233173077, 519280.70432692306, 718625.4254807692, 962988.2692307692, 757900.6899038461, 543688.3569711539, 650616.2235576923, 407885.85997596156, 1032332.9278846154, 22948932.846153848, 20180316.0, 18132808.846153848, 16422016.384615384, 14921081.73076923, 13570609.23076923, 12336978.961538462, 11200357.76923077, 10147140.923076924, 9168492.807692308, 8257963.653846154, 7411097.307692308, 6624372.673076923, 5895293.230769231, 5221673.884615385], "val_mae": [186.54363602858322, 311.05395155686597, 745.9334317720853, 359.8222844050481, 380.46255845289966, 469.8195401705228, 462.6830784724309, 246.93131784292368, 318.73468252328723, 400.7474130483774, 357.5344754732572, 259.673960172213, 293.29579397348255, 169.22572033221905, 412.21431438739484, 2228.5040095402646, 2068.789344200721, 1949.4321664663462, 1849.0691716120793, 1758.459932767428, 1674.8418813852163, 1594.4924175555889, 1517.0413442758413, 1441.3274066631611, 1367.2016272911658, 1294.4164147010217, 1222.782470703125, 1152.218745304988, 1082.8862961989182, 1014.4940537672776]}