{"train_loss": [3947983.2397865853, 405177.11974085367, 386847.19637957314, 839541.1356707317, 719454.6689024391, 1020578.4893292683, 2028814.5452743901, 1121750.4182926829, 913747.5899390244, 1201640.1086890243, 8557567.591463415, 25251123.941463415, 19834773.912195124, 17723416.956097562, 16004583.980487805, 14657715.575609757, 13139593.297560975, 12458053.951219512, 10775275.75609756, 9735750.995121952, 8763034.070731707, 7864198.168292683, 7032906.609756097, 6264021.514634146, 5571696.775609756, 4905841.968292683, 4315783.693902439, 3767256.269512195, 3275268.330487805, 2833856.1109756096], "train_mae": [624.846233237662, 209.00089967308975, 181.5435101764958, 314.6254707150343, 335.5492172613377, 476.97791561964084, 636.8150332567168, 387.6630313035918, 331.66061609779916, 426.98871668373664, 974.7407933677115, 2207.5858064977133, 2048.3420457793445, 1927.9682652915396, 1825.0763427734375, 1733.3502768911967, 1646.9291575362042, 1566.6611709222561, 1486.604648199314, 1410.1079429068216, 1334.8351193311737, 1261.3502286585365, 1189.4560427782012, 1118.139316763529, 1048.8695455411585, 980.367505180545, 913.5229283774771, 847.392862161776, 783.4794710484947, 720.8893986399581], "val_loss": [166415.89302884616, 455192.7680288461, 1011342.3461538461, 439236.3701923077, 656903.4807692308, 1996969.7548076923, 276769.11838942306, 376558.93028846156, 272448.7914663461, 308953.26201923075, 23976688.615384616, 20665279.615384616, 18422323.692307692, 16577701.538461538, 14974927.384615384, 13551001.346153846, 12264453.653846154, 11085971.5, 10001219.346153846, 8997885.26923077, 8067058.480769231, 7204175.25, 6405203.826923077, 5667224.769230769, 4988964.480769231, 4367562.346153846, 3800347.653846154, 3284665.105769231, 2819451.6826923075, 2402844.8076923075], "val_mae": [196.90325692983774, 322.08731431227466, 468.10901700533356, 403.60142869215747, 412.1369945819561, 852.5271465594952, 202.53572258582483, 301.00888296274036, 208.84757173978366, 267.021860562838, 2302.9642333984375, 2113.5532977764424, 1981.7543241060698, 1872.018319936899, 1775.055880033053, 1686.59375, 1603.435326209435, 1523.287865271935, 1445.7178063025842, 1369.9086162860576, 1295.8872915414663, 1223.373995267428, 1151.6016798753005, 1081.3915217472957, 1012.3253056452825, 944.4389343261719, 878.1456298828125, 813.4407653808594, 749.7889545147235, 688.1026235727163]}