{"train_loss": [1884394.5607469513, 418507.0708841463, 393406.52553353657, 387814.8798018293, 389710.6153963415, 376921.6450457317, 454590.2588414634, 371787.88071646343, 366669.7108612805, 377635.34066310973, 369751.30003810977, 356127.17458079266, 360258.86326219514, 374889.9350609756, 350929.45472560974, 387160.0340320122, 348143.5168445122, 347449.0636432927, 348286.17080792686, 613705.6894435976, 357549.69386432925, 335667.1359375, 342962.21714939026, 331598.6728277439, 339073.73639481707, 332133.4370045732, 331987.5550304878, 326940.17930640245, 325416.61219512194, 330199.4219512195], "train_mae": [478.0570941459842, 218.22817963390816, 192.4135061124476, 181.7846644703935, 178.0237125303687, 169.56963128810975, 204.41971055937975, 163.41988570050495, 160.58553384920447, 165.77664325993234, 165.72291609601277, 154.33717725800304, 158.28109957066977, 165.45491988019245, 153.69850828589463, 172.15280791491998, 152.74765546845228, 152.9478674911871, 157.05498486030393, 151.5696624383694, 160.7571400712176, 142.46599452321124, 149.73568115234374, 141.0095850130407, 152.15863416718273, 141.34957219565786, 142.065837432117, 138.48194353057116, 138.07600335842227, 141.62574258199552], "val_loss": [355983.50360576925, 328190.1865985577, 336975.01592548075, 410304.54326923075, 325002.1156850961, 321371.99879807694, 330054.1658653846, 334267.2451923077, 318434.19861778844, 315551.7719350961, 338912.4041466346, 314033.39573317306, 318216.9609375, 339248.42938701925, 316244.7977764423, 315833.92848557694, 305403.8982872596, 304740.28846153844, 304830.67518028844, 352795.9555288461, 312036.00270432694, 317036.2061298077, 341675.63251201925, 303081.7899639423, 302030.9396033654, 306920.72716346156, 303071.65549879806, 331606.8037860577, 321091.18780048075, 303055.70447716344], "val_mae": [140.81477443988507, 110.58747687706581, 103.437254685622, 200.05189807598407, 131.90908960195688, 111.74122472909781, 140.36814000056341, 147.35578096829929, 105.52560131366437, 108.21721883920523, 156.15006021352914, 125.4274679330679, 94.5307232783391, 158.23460329495944, 93.77739568857046, 136.57410108126126, 98.37110020564153, 97.94471623347356, 116.95573483980618, 133.74339206402118, 134.22678052462064, 121.27901869553786, 111.0458990243765, 113.48781556349535, 110.6434692969689, 88.10032565777118, 98.90668106079102, 101.09399619469276, 143.7800034743089, 95.28365854116586]}