{"train_loss": [1682222.1102134145, 428787.62096036586, 420844.81760670734, 464251.32660060975, 404860.2548018293, 413943.4350609756, 425580.7155487805, 392151.15647865855, 428622.5409679878, 385405.8181402439, 377559.96592987806, 372805.2386051829, 371831.76028963417, 382703.8351371951, 370246.0164253049, 363175.97808689025, 369016.27675304876, 361561.5019817073, 358836.48475609755, 361914.64813262195, 360904.12271341466, 359543.02096036583, 356250.4326981707, 354555.66505335364, 360070.1913109756, 351686.5046112805, 355523.5397865854, 351333.41013719514, 352955.5547256098, 353491.85487804876], "train_mae": [420.42389719893293, 206.05595502155583, 189.3064436005383, 199.31896607933976, 171.4456306271437, 175.6267847572885, 180.9193800763386, 161.97570964534108, 180.7951882711271, 155.34229654451696, 153.6580398931736, 149.19808844589605, 152.32656823135005, 156.8676175745522, 148.6805019099538, 143.99046738787396, 148.8431119965344, 144.30304513326504, 143.3642888883265, 143.88450682105088, 143.4276735631431, 143.87319108916492, 143.40944853991996, 140.73615726377906, 145.13383029844704, 139.0833979164682, 142.60658632604088, 141.58315496677307, 139.24343124017483, 138.67033073611375], "val_loss": [121088.82602163461, 107490.53575721153, 129046.88641826923, 102746.85276442308, 106536.40444711539, 104128.20883413461, 145697.32572115384, 100373.28575721153, 101798.92908653847, 123526.69651442308, 118722.17097355769, 94511.32151442308, 114073.80739182692, 105698.37379807692, 93800.39903846153, 89699.18810096153, 93753.94861778847, 89343.82662259616, 89445.33112980769, 94622.35306490384, 144646.79627403847, 127457.51953125, 106883.30618990384, 96502.26051682692, 99030.21003605769, 92993.47175480769, 90211.47536057692, 91085.35516826923, 122336.84044471153, 134636.24969951922], "val_mae": [114.8009628882775, 108.7067383986253, 154.9131111731896, 106.9785655095027, 99.87438759436974, 128.65462552584134, 119.72977095383864, 121.63633287869968, 130.9616223848783, 113.29020397479718, 101.07863030066856, 97.38220185499925, 103.97230852567233, 142.50040435791016, 89.20321449866661, 104.75704075739934, 92.01260640070988, 109.34131974440355, 97.6157244168795, 125.43318499051608, 188.37183028001053, 178.81196946364182, 146.4798366840069, 94.61673002976637, 90.44507481501653, 129.44026682927057, 93.81640654343825, 112.39640984168419, 104.9297103881836, 117.20523628821739]}