{"train_loss": [4286878.125914634, 379003.6209222561, 363891.9084222561, 351500.599847561, 348801.5948551829, 349361.5785442073, 343617.2975228659, 363011.42035060975, 343333.75247713417, 569150.9908536585, 383638.7871570122, 1096102.5338795732, 1011117.1800304878, 4435901.299695122, 1038709.1115853658, 991001.2829268293, 992584.2716463414, 13096121.747865854, 989756.8164634146, 959608.6676829269, 1126953.5137195121, 5323790.675, 19616803.44390244, 16678756.087804878, 14681635.64390244, 12669589.609756097, 11131100.053658536, 9783392.385365853, 8589933.990243902, 7524979.836585366], "train_mae": [601.0041122064358, 195.51795535203888, 174.29224406916921, 158.5189229825648, 151.17585374785634, 148.48707852247284, 143.53136980010242, 153.36159634473847, 139.53299199546257, 219.02607470256527, 162.47697761349562, 451.02638814042257, 445.87276655987995, 837.5312437476182, 352.4069036716368, 342.9790942680545, 356.5765071217607, 1439.8556275902724, 338.61608335913684, 347.3852617961604, 408.19905157321836, 738.0510347691978, 2069.1778665682164, 1873.8245581650153, 1734.6089200647866, 1616.5178270293445, 1511.6355623570885, 1413.736074456936, 1320.9437928734756, 1232.419842082698], "val_loss": [154986.53725961538, 193555.2860576923, 165181.33774038462, 124764.71304086539, 135153.55709134616, 214383.59194711538, 336933.6899038461, 208829.40865384616, 142834.47806490384, 436625.9951923077, 426716.3689903846, 909681.84375, 2318469.5, 2249208.5673076925, 1503384.8509615385, 1589087.9711538462, 1335461.0817307692, 352552.16466346156, 298280.7439903846, 539037.3461538461, 341262.1346153846, 21397494.615384616, 17748343.384615384, 15250245.23076923, 13283889.23076923, 11629590.5, 10195051.692307692, 8930281.0, 7804771.25, 6798264.076923077], "val_mae": [195.89740753173828, 210.151610154372, 208.0704633272611, 168.75480182354266, 173.32632915790265, 229.51062774658203, 271.4077582726112, 207.05299025315506, 151.89231872558594, 296.84445307804987, 299.6051283616286, 483.67808297964245, 729.3061992938702, 675.335219163161, 539.9621981107272, 559.5585374098557, 518.6301023043119, 250.1464327298678, 214.15305504432092, 306.97622445913464, 247.06098820612982, 2177.4185697115386, 1955.2343186598557, 1797.6878756009614, 1671.7709303635818, 1561.888437124399, 1460.8905639648438, 1365.8315054086538, 1275.379422701322, 1188.291973407452]}