{"train_loss": [0.6921383823667254, 0.6815994552203587, 0.6712485977581569, 0.6689405526433673, 0.6700106348310199, 0.6660372529711042, 0.66823696238654, 0.6610861931528363, 0.6601620061056954, 0.6557236909866333, 0.653340859072549, 0.6409604719706944, 0.6416854432650975, 0.6424684694835118, 0.630383380821773, 0.6284769943782261, 0.6253724864550999, 0.6137799961226327, 0.6231609582901001, 0.6135476146425519, 0.612728978906359, 0.6241383637700763, 0.6121636969702584, 0.6155570915767125, 0.6165817379951477, 0.6115452476910183, 0.6092057568686349, 0.6087897845676967, 0.6105879715510777, 0.6130492176328387, 0.6103227734565735, 0.6070982984134129, 0.620582572051457, 0.6110322049685887, 0.6125527960913522, 0.6156911594527108, 0.6089529309953962, 0.6054044195583889, 0.604049163205283, 0.6096764462334769, 0.6124049169676644, 0.6039799622126988, 0.6097835217203412, 0.6063418132918221, 0.6087030853543963, 0.6059190034866333, 0.6038613574845451, 0.5977667144366673, 0.6062110066413879, 0.6071347168513707, 0.608469375542232, 0.603941295828138, 0.6056861792291913, 0.6032635654721942, 0.5969330583299909, 0.5952008877481733, 0.6040858966963631, 0.6103736758232117, 0.6009312612669808, 0.6026906541415623, 0.5988413521221706, 0.6029948932783944, 0.6067789793014526, 0.6070539610726493, 0.6041342871529716, 0.6018395253590175, 0.5949603063719613, 0.5981742484228951, 0.6002935511725289, 0.5991429260798863, 0.6103043556213379, 0.597963273525238, 0.5985733696392604, 0.5921329259872437, 0.6049634643963405, 0.5976529291697911, 0.6021816730499268, 0.5983933550970895, 0.5967333061354501, 0.5952703271593366, 0.5937873806272235, 0.5962043149130685, 0.6047585180827549, 0.5953452842576163, 0.5969368815422058, 0.6013918008123126, 0.5976082597460065, 0.5912094627107892, 0.6002558214323861, 0.5969247817993164, 0.5973191261291504, 0.5936897737639291, 0.6035138624055045, 0.5924405200140817, 0.6027159009660993, 0.5931735464504787, 0.5965380328042167, 0.601517106805529, 0.5919213465281895, 0.600865866456713], "train_acc": [0.5370786516853933, 0.6, 0.6, 0.6, 0.6, 0.6, 0.6, 0.6, 0.6, 0.6078651685393258, 0.6280898876404495, 0.6382022471910113, 0.6887640449438203, 0.6595505617977528, 0.6707865168539325, 0.6887640449438203, 0.7044943820224719, 0.702247191011236, 0.6831460674157304, 0.698876404494382, 0.6898876404494382, 0.6752808988764045, 0.7, 0.6921348314606741, 0.6966292134831461, 0.6898876404494382, 0.697752808988764, 0.7056179775280899, 0.7089887640449438, 0.6932584269662921, 0.7067415730337079, 0.7067415730337079, 0.6910112359550562, 0.6932584269662921, 0.7078651685393258, 0.6955056179775281, 0.7, 0.7101123595505618, 0.702247191011236, 0.7033707865168539, 0.7033707865168539, 0.7056179775280899, 0.701123595505618, 0.7, 0.701123595505618, 0.701123595505618, 0.7044943820224719, 0.7134831460674157, 0.702247191011236, 0.7067415730337079, 0.702247191011236, 0.7101123595505618, 0.6921348314606741, 0.6955056179775281, 0.7089887640449438, 0.7191011235955056, 0.698876404494382, 0.6932584269662921, 0.7033707865168539, 0.7078651685393258, 0.701123595505618, 0.6932584269662921, 0.6910112359550562, 0.6932584269662921, 0.698876404494382, 0.7101123595505618, 0.7, 0.7280898876404495, 0.702247191011236, 0.7112359550561798, 0.698876404494382, 0.7078651685393258, 0.7146067415730337, 0.7247191011235955, 0.698876404494382, 0.7044943820224719, 0.7089887640449438, 0.7123595505617978, 0.7067415730337079, 0.7044943820224719, 0.7056179775280899, 0.7044943820224719, 0.7112359550561798, 0.7179775280898877, 0.6966292134831461, 0.7146067415730337, 0.7067415730337079, 0.7191011235955056, 0.7191011235955056, 0.7146067415730337, 0.7123595505617978, 0.7134831460674157, 0.7078651685393258, 0.7134831460674157, 0.697752808988764, 0.7146067415730337, 0.7, 0.7056179775280899, 0.7157303370786516, 0.6921348314606741], "val_loss": [0.6903568506240845, 0.6880209445953369, 0.696121335029602, 0.6959677338600159, 0.6924399137496948, 0.6858228445053101, 0.6839105486869812, 0.6859502196311951, 0.6854119300842285, 0.6767669320106506, 0.6744492650032043, 0.6680172085762024, 0.6717513203620911, 0.657001256942749, 0.6494374871253967, 0.6571119427680969, 0.6390817165374756, 0.6618319153785706, 0.6375077962875366, 0.6473069787025452, 0.635448157787323, 0.6366905570030212, 0.635601282119751, 0.6366085410118103, 0.6281294822692871, 0.6340974569320679, 0.6247375011444092, 0.630915105342865, 0.6276596784591675, 0.6302664279937744, 0.6258306503295898, 0.634680449962616, 0.6266692280769348, 0.6312755942344666, 0.6333814859390259, 0.6265037655830383, 0.6302680373191833, 0.6270695328712463, 0.62781822681427, 0.6304924488067627, 0.6242263317108154, 0.6256957650184631, 0.6260345578193665, 0.624538242816925, 0.6277443170547485, 0.6241835355758667, 0.6261793375015259, 0.625481903553009, 0.6207760572433472, 0.623032808303833, 0.6265542507171631, 0.622008740901947, 0.6228374242782593, 0.6285482048988342, 0.6260522603988647, 0.6304121017456055, 0.6240929961204529, 0.6242412328720093, 0.6257799863815308, 0.6265379190444946, 0.6261690855026245, 0.6239970326423645, 0.635394811630249, 0.622704803943634, 0.6265891790390015, 0.624421238899231, 0.6256774067878723, 0.6260964274406433, 0.6277642250061035, 0.6252456307411194, 0.6270105838775635, 0.627122700214386, 0.6323453187942505, 0.6284067034721375, 0.6233822107315063, 0.6350046396255493, 0.6239107847213745, 0.6273818016052246, 0.6300255060195923, 0.6267695426940918, 0.6282162070274353, 0.6301431655883789, 0.6322801113128662, 0.6270933151245117, 0.625664234161377, 0.6301228404045105, 0.634167492389679, 0.6268436312675476, 0.6287298202514648, 0.625533938407898, 0.63184654712677, 0.6269164085388184, 0.626144528388977, 0.6308974623680115, 0.6261876821517944, 0.626721203327179, 0.631579577922821, 0.6255847811698914, 0.6255393624305725, 0.628986656665802], "val_acc": [0.5495495495495496, 0.5495495495495496, 0.5495495495495496, 0.5495495495495496, 0.5495495495495496, 0.5495495495495496, 0.5495495495495496, 0.5495495495495496, 0.5495495495495496, 0.5405405405405406, 0.5315315315315315, 0.5675675675675675, 0.5675675675675675, 0.6576576576576577, 0.6486486486486487, 0.6756756756756757, 0.6036036036036037, 0.6666666666666666, 0.6396396396396397, 0.6576576576576577, 0.6216216216216216, 0.6306306306306306, 0.6396396396396397, 0.6486486486486487, 0.6396396396396397, 0.6306306306306306, 0.6486486486486487, 0.6306306306306306, 0.6756756756756757, 0.6396396396396397, 0.6486486486486487, 0.6576576576576577, 0.6486486486486487, 0.6396396396396397, 0.6396396396396397, 0.6396396396396397, 0.6486486486486487, 0.6486486486486487, 0.6576576576576577, 0.6576576576576577, 0.6846846846846847, 0.6756756756756757, 0.6666666666666666, 0.6756756756756757, 0.6666666666666666, 0.6756756756756757, 0.6666666666666666, 0.6666666666666666, 0.6936936936936937, 0.6666666666666666, 0.6486486486486487, 0.6936936936936937, 0.6756756756756757, 0.6666666666666666, 0.6756756756756757, 0.6666666666666666, 0.6756756756756757, 0.6756756756756757, 0.6756756756756757, 0.6846846846846847, 0.6756756756756757, 0.6756756756756757, 0.6756756756756757, 0.6306306306306306, 0.6846846846846847, 0.6756756756756757, 0.6666666666666666, 0.6756756756756757, 0.6756756756756757, 0.6666666666666666, 0.6756756756756757, 0.6756756756756757, 0.6936936936936937, 0.6846846846846847, 0.6486486486486487, 0.6756756756756757, 0.6666666666666666, 0.6666666666666666, 0.6846846846846847, 0.6756756756756757, 0.6756756756756757, 0.6756756756756757, 0.6846846846846847, 0.6756756756756757, 0.6756756756756757, 0.6756756756756757, 0.6666666666666666, 0.6756756756756757, 0.6756756756756757, 0.6666666666666666, 0.6666666666666666, 0.6756756756756757, 0.6666666666666666, 0.6936936936936937, 0.6666666666666666, 0.6576576576576577, 0.6666666666666666, 0.6756756756756757, 0.6846846846846847, 0.6666666666666666]}