{"train_loss": [0.6976352844919477, 0.6788737433297294, 0.6642963290214539, 0.6516315596444267, 0.6404253584997994, 0.649968011038644, 0.6540826559066772, 0.6563606432506016, 0.6240858265331813, 0.6221034782273429, 0.6356988549232483, 0.61672100850514, 0.6337026613099235, 0.6237335886274066, 0.6106217077800206, 0.6154892104012626, 0.6187540548188346, 0.623411306313106, 0.6204268251146589, 0.6022765806743077, 0.5853570444243295, 0.6089476432119098, 0.6248715094157627, 0.6242238453456334, 0.5927463173866272, 0.5897989017622811, 0.5894729495048523, 0.5889796103749957, 0.5807928187506539, 0.5835103818348476, 0.5883109739848545, 0.5813758884157453, 0.5808430654661996, 0.5875677636691502, 0.5804498365947178, 0.5840775540896824, 0.5861214143889291, 0.5907729438373021, 0.5783101575715202, 0.5832360812595913, 0.5849712746483939, 0.5834861993789673, 0.5860298020499093, 0.5801444819995335, 0.577194060598101, 0.576304955141885, 0.5919647897992816, 0.5784450599125454, 0.5795479927744184, 0.5777285950524467, 0.5887925539697919, 0.5919799038342067, 0.589922479220799, 0.5874700972012111, 0.5896693212645394, 0.5772626783166613, 0.5784726228032794, 0.5753726874079023, 0.5758252739906311, 0.5801013708114624, 0.5855835591043744, 0.5854611652238029, 0.5884451355252948, 0.5934894595827375, 0.58383161681039, 0.5851932508604867, 0.5905129909515381, 0.5786802513258797, 0.5891642996243068, 0.5816642386572701, 0.5853261010987418, 0.5836807233946664, 0.5786353009087699, 0.5789343203817096, 0.5776361312185015, 0.5746963620185852, 0.5728853685515267, 0.5823318958282471, 0.5812940427235195, 0.5857949256896973, 0.5778891018458775, 0.5810281889779227, 0.5770496896335057, 0.5747389197349548, 0.5801773582186017, 0.5773229769298008, 0.5727996059826442, 0.575389197894505, 0.5694498590060643, 0.5824541619845799, 0.5794670752116612, 0.6056125504629952, 0.5991948332105365, 0.5873479332242694, 0.5825828824724469, 0.5767234308379037, 0.5747065969875881, 0.5806134513446263, 0.5762431962149483, 0.5765917556626456], "train_acc": [0.5617977528089888, 0.6280898876404495, 0.6269662921348315, 0.6528089887640449, 0.6685393258426966, 0.6640449438202247, 0.6494382022471911, 0.6460674157303371, 0.6842696629213483, 0.6921348314606741, 0.6887640449438203, 0.6876404494382022, 0.6842696629213483, 0.6820224719101123, 0.702247191011236, 0.701123595505618, 0.6865168539325842, 0.6640449438202247, 0.6764044943820224, 0.6932584269662921, 0.702247191011236, 0.6932584269662921, 0.6741573033707865, 0.6449438202247191, 0.7235955056179775, 0.7089887640449438, 0.7123595505617978, 0.702247191011236, 0.7101123595505618, 0.701123595505618, 0.7044943820224719, 0.7213483146067415, 0.7123595505617978, 0.7078651685393258, 0.7089887640449438, 0.7101123595505618, 0.7078651685393258, 0.7089887640449438, 0.7134831460674157, 0.7044943820224719, 0.7123595505617978, 0.7123595505617978, 0.7101123595505618, 0.702247191011236, 0.7089887640449438, 0.7168539325842697, 0.7112359550561798, 0.7191011235955056, 0.7078651685393258, 0.7146067415730337, 0.7123595505617978, 0.7033707865168539, 0.7056179775280899, 0.6966292134831461, 0.7067415730337079, 0.7078651685393258, 0.7157303370786516, 0.7112359550561798, 0.7157303370786516, 0.7134831460674157, 0.7157303370786516, 0.7101123595505618, 0.7123595505617978, 0.7078651685393258, 0.7157303370786516, 0.702247191011236, 0.7067415730337079, 0.7235955056179775, 0.7078651685393258, 0.7101123595505618, 0.7044943820224719, 0.7078651685393258, 0.7179775280898877, 0.7157303370786516, 0.7112359550561798, 0.7033707865168539, 0.7134831460674157, 0.7033707865168539, 0.7089887640449438, 0.7101123595505618, 0.7179775280898877, 0.7123595505617978, 0.7089887640449438, 0.7146067415730337, 0.7078651685393258, 0.7168539325842697, 0.7191011235955056, 0.7191011235955056, 0.7101123595505618, 0.7089887640449438, 0.7078651685393258, 0.6932584269662921, 0.6898876404494382, 0.7089887640449438, 0.7078651685393258, 0.7157303370786516, 0.7112359550561798, 0.7269662921348314, 0.7146067415730337, 0.7123595505617978], "val_loss": [0.6886386871337891, 0.6865715980529785, 0.6787154078483582, 0.6651130318641663, 0.6582708358764648, 0.6417481303215027, 0.675137996673584, 0.6450085043907166, 0.6310837864875793, 0.669487714767456, 0.6339151859283447, 0.6153945922851562, 0.6204556226730347, 0.6184426546096802, 0.6121641397476196, 0.6123027205467224, 0.6554754972457886, 0.6510355472564697, 0.6182130575180054, 0.6143999099731445, 0.6160523295402527, 0.6199797987937927, 0.6263482570648193, 0.6083418726921082, 0.6381679773330688, 0.610761284828186, 0.6486254334449768, 0.6133877635002136, 0.6138676404953003, 0.6649695038795471, 0.6143347024917603, 0.6160775423049927, 0.6171206831932068, 0.646246075630188, 0.6176061630249023, 0.6344521045684814, 0.6354454755783081, 0.6310245990753174, 0.6203166246414185, 0.6139260530471802, 0.6372647881507874, 0.6116202473640442, 0.6115926504135132, 0.6371243000030518, 0.6155996322631836, 0.6273929476737976, 0.6474964618682861, 0.606674313545227, 0.6409560441970825, 0.6386874318122864, 0.6136747002601624, 0.6109254956245422, 0.6088449954986572, 0.6702938675880432, 0.6194172501564026, 0.6107541918754578, 0.6223018765449524, 0.6179580092430115, 0.6290050745010376, 0.6279683113098145, 0.6282690763473511, 0.6283527612686157, 0.6400794386863708, 0.6302070021629333, 0.6207435131072998, 0.6214271783828735, 0.6485633254051208, 0.6077620983123779, 0.6293076276779175, 0.6335187554359436, 0.6196078658103943, 0.6156714558601379, 0.6221231818199158, 0.6203477382659912, 0.6187832951545715, 0.6375682950019836, 0.6220998167991638, 0.6145063042640686, 0.6773644089698792, 0.6152881383895874, 0.6221762895584106, 0.617186963558197, 0.620772123336792, 0.6459282636642456, 0.6247571706771851, 0.621340274810791, 0.6201668977737427, 0.6252298355102539, 0.6461074352264404, 0.6379880905151367, 0.6195763945579529, 0.667248547077179, 0.6075929999351501, 0.6155790090560913, 0.6111013889312744, 0.638465166091919, 0.616898775100708, 0.6326072812080383, 0.6150963306427002, 0.6111245155334473],