{"train_loss": [0.6843832816396441, 0.6852444410324097, 0.665842958859035, 0.6463727184704372, 0.6684176581246513, 0.6644238403865269, 0.662228890827724, 0.6553308282579694, 0.6395861251013619, 0.6525370308331081, 0.6357216835021973, 0.6418633886745998, 0.6259439161845616, 0.6299282908439636, 0.6283994657652718, 0.6137358886854989, 0.6073081578527179, 0.6119926231248038, 0.6046812278883797, 0.6064819438116891, 0.6122741273471287, 0.6044762560299465, 0.5841097831726074, 0.58673985515322, 0.611197999545506, 0.6104862008775983, 0.5974051186016628, 0.5894936323165894, 0.5933919719287327, 0.5790362358093262, 0.5909878781863621, 0.592213647706168, 0.5948554788316999, 0.5885987196649823, 0.5942028079714093, 0.5844770840236119, 0.5839891348566327, 0.5914808000837054, 0.5958284054483686, 0.5921734316008431, 0.5831889339855739, 0.5784899166652134, 0.5865089978490557, 0.5898007580212185, 0.5849748935018267, 0.5882647463253566, 0.5779309102467128, 0.5912059375217983, 0.5787163547107151, 0.5851608089038304, 0.5857775041035244, 0.5905343805040631, 0.5802722190107618, 0.5898316161973136, 0.5829792107854571, 0.5841404029301235, 0.5790068209171295, 0.5802237902368818, 0.5806281311171395, 0.5867282918521336, 0.5895105685506549, 0.5878664425441197, 0.5861419269016811, 0.5809193083218166, 0.5910400067056928, 0.5941006115504673, 0.5791885682514736, 0.5745635117803302, 0.5907971603529794, 0.5804868425641742, 0.5814807500158038, 0.583997585943767, 0.5817496606281826, 0.5781376361846924, 0.5820682559694562, 0.5767719319888523, 0.5764600804873875, 0.5855973618371146, 0.5798705305371966, 0.5811387300491333, 0.5748611773763385, 0.5773683530943734, 0.5794323938233512, 0.5741642543247768, 0.5891225721154895, 0.5742179751396179, 0.5748375909669059, 0.5803795031138829, 0.5802391852651324, 0.5805378981998989, 0.5830826674188886, 0.5850082550730024, 0.5930772849491665, 0.5807113945484161, 0.5818483914647784, 0.5757702929633004, 0.582573686327253, 0.5796667848314557, 0.5831473554883685, 0.5815427643912179], "train_acc": [0.550561797752809, 0.6370786516853932, 0.6101123595505618, 0.6651685393258427, 0.6191011235955056, 0.6494382022471911, 0.6157303370786517, 0.6662921348314607, 0.6584269662921348, 0.6662921348314607, 0.650561797752809, 0.6606741573033708, 0.6898876404494382, 0.6730337078651686, 0.6786516853932584, 0.6887640449438203, 0.6932584269662921, 0.6820224719101123, 0.702247191011236, 0.6865168539325842, 0.6898876404494382, 0.6932584269662921, 0.7101123595505618, 0.7112359550561798, 0.7, 0.6730337078651686, 0.6966292134831461, 0.6955056179775281, 0.7123595505617978, 0.7168539325842697, 0.7078651685393258, 0.7056179775280899, 0.7, 0.7044943820224719, 0.7134831460674157, 0.698876404494382, 0.7067415730337079, 0.7112359550561798, 0.702247191011236, 0.701123595505618, 0.702247191011236, 0.7168539325842697, 0.7179775280898877, 0.702247191011236, 0.7157303370786516, 0.7, 0.7191011235955056, 0.697752808988764, 0.7089887640449438, 0.7123595505617978, 0.7089887640449438, 0.7033707865168539, 0.7078651685393258, 0.7033707865168539, 0.7101123595505618, 0.7056179775280899, 0.7056179775280899, 0.7123595505617978, 0.7134831460674157, 0.6955056179775281, 0.7056179775280899, 0.7044943820224719, 0.701123595505618, 0.7089887640449438, 0.7157303370786516, 0.6966292134831461, 0.7056179775280899, 0.7202247191011236, 0.7134831460674157, 0.7123595505617978, 0.7134831460674157, 0.7213483146067415, 0.7056179775280899, 0.7191011235955056, 0.7157303370786516, 0.7123595505617978, 0.7123595505617978, 0.7078651685393258, 0.7157303370786516, 0.7213483146067415, 0.7213483146067415, 0.7112359550561798, 0.7089887640449438, 0.7224719101123596, 0.6966292134831461, 0.7089887640449438, 0.7168539325842697, 0.7123595505617978, 0.7146067415730337, 0.7146067415730337, 0.7078651685393258, 0.7191011235955056, 0.7123595505617978, 0.7112359550561798, 0.7101123595505618, 0.7179775280898877, 0.7146067415730337, 0.7213483146067415, 0.7101123595505618, 0.7101123595505618], "val_loss": [0.6862406730651855, 0.6580091714859009, 0.6556652784347534, 0.6592779159545898, 0.6268678307533264, 0.6587150692939758, 0.6686294674873352, 0.6505024433135986, 0.6076698899269104, 0.6032626032829285, 0.6622247099876404, 0.6063726544380188, 0.6233745217323303, 0.5956397652626038, 0.5782130360603333, 0.5620390176773071, 0.5817025899887085, 0.5847834944725037, 0.5407819747924805, 0.564196765422821, 0.6078441143035889, 0.554185688495636, 0.5047617554664612, 0.5449380874633789, 0.5394353270530701, 0.5720362067222595, 0.5343324542045593, 0.5143142342567444, 0.5240957140922546, 0.5184480547904968, 0.5477802753448486, 0.577833354473114, 0.5217152237892151, 0.5042433738708496, 0.531923770904541, 0.5411989092826843, 0.5047786831855774, 0.5094648599624634, 0.5896189212799072, 0.5034430027008057, 0.5095486044883728, 0.5358983874320984, 0.4997023642063141, 0.5269625186920166, 0.5143762230873108, 0.5401976704597473, 0.5038057565689087, 0.5344363451004028, 0.5039421916007996, 0.5080703496932983, 0.516522228717804, 0.5302257537841797, 0.5262956023216248, 0.5032051205635071, 0.5113146901130676, 0.533684253692627, 0.5137694478034973, 0.5030917525291443, 0.562740683555603, 0.49767616391181946, 0.5287302136421204, 0.541701078414917, 0.5112292766571045, 0.5101625919342041, 0.5552021861076355, 0.5092754364013672, 0.5285497307777405, 0.5002632737159729, 0.5024504661560059, 0.5557773113250732, 0.49772217869758606, 0.5272330641746521, 0.5179260969161987, 0.5146581530570984, 0.508095383644104, 0.523592472076416, 0.5061748623847961, 0.5101921558380127, 0.5185675024986267, 0.51175856590271, 0.5002161860466003, 0.5306791663169861, 0.4988623559474945, 0.5288798213005066, 0.5135769248008728, 0.5220939517021179, 0.5060007572174072, 0.515842616558075, 0.49501141905784607, 0.5138046741485596, 0.5643287897109985, 0.4978123605251312, 0.5071640014648438, 0.5370551943778992, 0.5036370754241943, 0.5236884951591492, 0.5288836359977722, 0.5055866837501526, 0.5386092662811279, 0.5016176104545593], "val_acc": [0.6666666666666666, 0.6666666666666666, 0.6576576576576577, 0.6576576576576577, 0.6576576576576577, 0.6306306306306306, 0.6576576576576577, 0.6576576576576577, 0.7297297297297297, 0.6846846846846847, 0.6306306306306306, 0.7387387387387387, 0.6306306306306306, 0.6486486486486487, 0.7657657657657657, 0.7387387387387387, 0.7387387387387387, 0.7387387387387387, 0.7387387387387387, 0.7477477477477478, 0.6486486486486487, 0.7477477477477478, 0.7387387387387387, 0.7567567567567568, 0.7567567567567568, 0.7477477477477478, 0.7387387387387387, 0.7747747747747747, 0.7297297297297297, 0.7567567567567568, 0.7567567567567568, 0.7387387387387387, 0.7567567567567568, 0.7837837837837838, 0.7477477477477478, 0.7477477477477478, 0.7747747747747747, 0.7657657657657657, 0.7297297297297297, 0.7657657657657657, 0.7567567567567568, 0.7477477477477478, 0.7747747747747747, 0.7567567567567568, 0.7567567567567568, 0.7567567567567568, 0.7837837837837838, 0.7567567567567568, 0.7747747747747747, 0.7657657657657657, 0.7477477477477478, 0.7477477477477478, 0.7657657657657657, 0.7747747747747747, 0.7747747747747747, 0.7657657657657657, 0.7567567567567568, 0.7747747747747747, 0.7387387387387387, 0.7747747747747747, 0.7657657657657657, 0.7567567567567568, 0.7567567567567568, 0.7567567567567568, 0.7477477477477478, 0.7567567567567568, 0.7657657657657657, 0.7657657657657657, 0.7747747747747747, 0.7477477477477478, 0.7747747747747747, 0.7567567567567568, 0.7477477477477478, 0.7567567567567568, 0.7567567567567568, 0.7657657657657657, 0.7567567567567568, 0.7657657657657657, 0.7657657657657657, 0.7567567567567568, 0.7747747747747747, 0.7567567567567568, 0.7657657657657657, 0.7567567567567568, 0.7567567567567568, 0.7567567567567568, 0.7657657657657657, 0.7657657657657657, 0.7837837837837838, 0.7567567567567568, 0.7207207207207207, 0.7567567567567568, 0.7567567567567568, 0.7567567567567568, 0.7567567567567568, 0.7657657657657657, 0.7567567567567568, 0.7567567567567568, 0.7567567567567568, 0.7657657657657657]}