{"train_loss": [0.6826867035457066, 0.6788999523435321, 0.6752266032355172, 0.6728625552994865, 0.6737372875213623, 0.6723186203411647, 0.6725637146404811, 0.6700035929679871, 0.6710346596581596, 0.6683381284986224, 0.6647901449884687, 0.6631878869874137, 0.6590238894735064, 0.6584596633911133, 0.6565025874546596, 0.6500840783119202, 0.6576071040970939, 0.651710501738957, 0.6548451100076947, 0.6538399968828473, 0.6506295715059552, 0.6584771530968803, 0.6508581382887704, 0.6559590356690543, 0.6470906989915031, 0.643899781363351, 0.6369369115148272, 0.6311817424637931, 0.6441121527126857, 0.6400079471724374, 0.6341694848878043, 0.6277912514550346, 0.6338797126497541, 0.6297446744782584, 0.6311899764197213, 0.6418085694313049, 0.6409807205200195, 0.6347676515579224, 0.6253452982221331, 0.6256267854145595, 0.6205771395138332, 0.6319826926503863, 0.6252424035753522, 0.6275500910622733, 0.624408517565046, 0.6196872251374381, 0.6204898272241864, 0.6231036101068769, 0.6161501152174813, 0.6132029891014099, 0.6301732233592442, 0.6249138201986041, 0.6174871410642352, 0.619063138961792, 0.6215265989303589, 0.6207508189337594, 0.6193301507404873, 0.6159148641995021, 0.6204425862857273, 0.615731954574585, 0.6111254351479667, 0.6135351402418954, 0.624823340347835, 0.6172057560511998, 0.6158375654901777, 0.6156858120645795, 0.6175509180341449, 0.6205457959856305, 0.621177077293396, 0.6144849743161883, 0.6174363919666835, 0.6103194185665676, 0.6049523864473615, 0.6141568081719535, 0.6097147805350167, 0.619391816002982, 0.6125787155968803, 0.613464491707938, 0.6078525526182992, 0.6074397989681789, 0.6076589567320687, 0.6219846691404071, 0.6111942870276315, 0.6075275199753898, 0.612143976347787, 0.609904910836901, 0.6128044043268476, 0.6090172614370074, 0.6014275295393807, 0.6173952307019915, 0.6125379715647016, 0.6084158505712237, 0.6048616596630642, 0.6140602571623666, 0.6143074205943516, 0.608505231993539, 0.5996829782213483, 0.6092003158160618, 0.6041357346943447, 0.6049328786986214], "train_acc": [0.5730337078651685, 0.5876404494382023, 0.5876404494382023, 0.5876404494382023, 0.5876404494382023, 0.5876404494382023, 0.5898876404494382, 0.601123595505618, 0.6168539325842697, 0.6112359550561798, 0.6247191011235955, 0.6438202247191012, 0.6438202247191012, 0.6404494382022472, 0.6494382022471911, 0.6494382022471911, 0.6348314606741573, 0.6449438202247191, 0.6370786516853932, 0.6370786516853932, 0.6382022471910113, 0.6314606741573033, 0.6359550561797753, 0.6337078651685393, 0.6449438202247191, 0.6573033707865169, 0.6764044943820224, 0.6764044943820224, 0.6662921348314607, 0.6561797752808989, 0.6707865168539325, 0.6719101123595506, 0.6707865168539325, 0.6640449438202247, 0.6943820224719102, 0.6539325842696629, 0.6584269662921348, 0.6730337078651686, 0.6808988764044944, 0.6775280898876405, 0.6932584269662921, 0.6730337078651686, 0.6786516853932584, 0.6853932584269663, 0.6820224719101123, 0.6910112359550562, 0.6955056179775281, 0.6831460674157304, 0.698876404494382, 0.6921348314606741, 0.6865168539325842, 0.6853932584269663, 0.6943820224719102, 0.7, 0.6921348314606741, 0.6865168539325842, 0.701123595505618, 0.7, 0.6797752808988764, 0.6808988764044944, 0.6921348314606741, 0.6876404494382022, 0.6943820224719102, 0.6966292134831461, 0.6932584269662921, 0.6853932584269663, 0.6853932584269663, 0.6876404494382022, 0.6853932584269663, 0.6966292134831461, 0.6921348314606741, 0.6921348314606741, 0.7, 0.7, 0.702247191011236, 0.6853932584269663, 0.6955056179775281, 0.6910112359550562, 0.701123595505618, 0.701123595505618, 0.6887640449438203, 0.6876404494382022, 0.6865168539325842, 0.698876404494382, 0.7, 0.6887640449438203, 0.7067415730337079, 0.7044943820224719, 0.697752808988764, 0.6853932584269663, 0.7, 0.6887640449438203, 0.6932584269662921, 0.6966292134831461, 0.6898876404494382, 0.6921348314606741, 0.702247191011236, 0.698876404494382, 0.6966292134831461, 0.6955056179775281], "val_loss": [0.6817247271537781, 0.6807641386985779, 0.6796666979789734, 0.678417980670929, 0.6776517629623413, 0.6763517260551453, 0.6762730479240417, 0.6731547713279724, 0.6733123660087585, 0.6748994588851929, 0.668342113494873, 0.6730022430419922, 0.673236608505249, 0.6715981960296631, 0.6740214228630066, 0.6709086298942566, 0.6730174422264099, 0.6697423458099365, 0.6740818619728088, 0.6694751381874084, 0.6683301329612732, 0.6665869951248169, 0.6594075560569763, 0.6545966863632202, 0.6511756181716919, 0.649290919303894, 0.6334387063980103, 0.6397072076797485, 0.6333453059196472, 0.6266424655914307, 0.6292403340339661, 0.6281449198722839, 0.6173112392425537, 0.6291692852973938, 0.6236098408699036, 0.615385115146637, 0.6300212144851685, 0.6311665177345276, 0.6244435906410217, 0.6089217662811279, 0.6053194403648376, 0.6091563105583191, 0.6065935492515564, 0.605150043964386, 0.6079616546630859, 0.6026276350021362, 0.6039034128189087, 0.605445384979248, 0.600602388381958, 0.6026039719581604, 0.611756443977356, 0.6061205267906189, 0.6074615120887756, 0.6022977232933044, 0.6040886640548706, 0.6026337146759033, 0.6089115738868713, 0.6034921407699585, 0.6111165881156921, 0.6061417460441589, 0.6033041477203369, 0.6116554141044617, 0.6108672618865967, 0.6036794781684875, 0.6121276021003723, 0.6042493581771851, 0.6145961880683899, 0.604833722114563, 0.6166566610336304, 0.6052439212799072, 0.6090795397758484, 0.6053498983383179, 0.6047831773757935, 0.609656572341919, 0.6031211018562317, 0.6129003167152405, 0.6121914982795715, 0.6103098392486572, 0.6073727011680603, 0.6154440641403198, 0.6118934750556946, 0.6090302467346191, 0.6115509867668152, 0.606513261795044, 0.6095142960548401, 0.6097074747085571, 0.6062102317810059, 0.6079097390174866, 0.6116987466812134, 0.6110444664955139, 0.6138792037963867, 0.6140410900115967, 0.6085163950920105, 0.6169434785842896, 0.6155235171318054, 0.6137228012084961, 0.6071423888206482, 0.6165422201156616, 0.6184926629066467, 0.6125747561454773], "val_acc": [0.5765765765765766, 0.5765765765765766, 0.5765765765765766, 0.5765765765765766, 0.5765765765765766, 0.5765765765765766, 0.5765765765765766, 0.6216216216216216, 0.6036036036036037, 0.6126126126126126, 0.6486486486486487, 0.5945945945945946, 0.6036036036036037, 0.6126126126126126, 0.6036036036036037, 0.6126126126126126, 0.5855855855855856, 0.5945945945945946, 0.5855855855855856, 0.5945945945945946, 0.5945945945945946, 0.5945945945945946, 0.6126126126126126, 0.5945945945945946, 0.6486486486486487, 0.6036036036036037, 0.6666666666666666, 0.6846846846846847, 0.6666666666666666, 0.6936936936936937, 0.6756756756756757, 0.6396396396396397, 0.6846846846846847, 0.6846846846846847, 0.6666666666666666, 0.6936936936936937, 0.6846846846846847, 0.6576576576576577, 0.6936936936936937, 0.6756756756756757, 0.6846846846846847, 0.6846846846846847, 0.6936936936936937, 0.6936936936936937, 0.6936936936936937, 0.6936936936936937, 0.6936936936936937, 0.6936936936936937, 0.6846846846846847, 0.6846846846846847, 0.6666666666666666, 0.6936936936936937, 0.7027027027027027, 0.6936936936936937, 0.6756756756756757, 0.7027027027027027, 0.6486486486486487, 0.7117117117117117, 0.6756756756756757, 0.6846846846846847, 0.7027027027027027, 0.6756756756756757, 0.6666666666666666, 0.7117117117117117, 0.6486486486486487, 0.7117117117117117, 0.6486486486486487, 0.7117117117117117, 0.6486486486486487, 0.7117117117117117, 0.6576576576576577, 0.6846846846846847, 0.6936936936936937, 0.6576576576576577, 0.6936936936936937, 0.6576576576576577, 0.7027027027027027, 0.6756756756756757, 0.7027027027027027, 0.6486486486486487, 0.6486486486486487, 0.6936936936936937, 0.6756756756756757, 0.7027027027027027, 0.6666666666666666, 0.6576576576576577, 0.6846846846846847, 0.6846846846846847, 0.6666666666666666, 0.6846846846846847, 0.6756756756756757, 0.6576576576576577, 0.6936936936936937, 0.6666666666666666, 0.6846846846846847, 0.6756756756756757, 0.7027027027027027, 0.6576576576576577, 0.6666666666666666, 0.7117117117117117]}