{"train_loss": [0.6818770085062299, 0.6759913223130363, 0.6767981903893607, 0.6747242552893502, 0.6718296664101737, 0.6686676740646362, 0.6637029562677655, 0.6595521484102521, 0.6542679582323346, 0.6413876158850533, 0.6359352043696812, 0.6329033715384347, 0.6255386046000889, 0.6315906132970538, 0.6281527365956988, 0.6197329759597778, 0.6245851772172111, 0.6265587721552167, 0.6173353961535862, 0.6255845768111092, 0.6181837064879281, 0.612599083355495, 0.6174298439707074, 0.6221140367644173, 0.6178679806845528, 0.6242820279938834, 0.6119640639850071, 0.6139408605439323, 0.6155084116118295, 0.6143052407673427, 0.6079033017158508, 0.612108656338283, 0.6174905129841396, 0.6135106001581464, 0.6098160147666931, 0.6131354910986764, 0.6127053243773324, 0.6236248356955392, 0.6119587251118251, 0.6060410482542855, 0.6101032750947135, 0.6023354785782951, 0.6141235998698643, 0.6056356685502189, 0.6104455675397601, 0.6101481829370771, 0.6103787422180176, 0.6101887481553214, 0.613728037902287, 0.6094366141727993, 0.6122724669320243, 0.619075494153159, 0.6115061214991978, 0.6105358345167977, 0.6093309095927647, 0.6099322012492588, 0.6068089859826225, 0.6088709235191345, 0.6137349350111825, 0.6112548623766217, 0.6061000142778669, 0.6062242388725281, 0.6063440101487296, 0.604675156729562, 0.6119215914181301, 0.6014871682439532, 0.6059999551091876, 0.611157238483429, 0.6048644781112671, 0.6049961532865252, 0.6109203355652946, 0.6095486198152814, 0.60432881968362, 0.610419750213623, 0.604877403804234, 0.6068158149719238, 0.6128957952771869, 0.6023944786616734, 0.6027712651661464, 0.6092326981680733, 0.6049814564841134, 0.6039419003895351, 0.5998277238437107, 0.6091372796467373, 0.6021426660673959, 0.6042426994868687, 0.611809423991612, 0.600770890712738, 0.6011260747909546, 0.6054349711963108, 0.604880554335458, 0.6034885048866272, 0.5983465569359916, 0.6043536918503898, 0.6030255556106567, 0.6002494352204459, 0.6014349801199776, 0.6052100488117763, 0.604855111667088, 0.5991734777178083], "train_acc": [0.5921348314606741, 0.5921348314606741, 0.5921348314606741, 0.5921348314606741, 0.5921348314606741, 0.5921348314606741, 0.5921348314606741, 0.5921348314606741, 0.6179775280898876, 0.6640449438202247, 0.6775280898876405, 0.6865168539325842, 0.6865168539325842, 0.6876404494382022, 0.6764044943820224, 0.6887640449438203, 0.6820224719101123, 0.6797752808988764, 0.6887640449438203, 0.6797752808988764, 0.6797752808988764, 0.6921348314606741, 0.6865168539325842, 0.6887640449438203, 0.6707865168539325, 0.6696629213483146, 0.698876404494382, 0.6966292134831461, 0.6943820224719102, 0.6932584269662921, 0.697752808988764, 0.7, 0.6741573033707865, 0.6775280898876405, 0.6921348314606741, 0.7, 0.6921348314606741, 0.6820224719101123, 0.6898876404494382, 0.6842696629213483, 0.6943820224719102, 0.701123595505618, 0.6955056179775281, 0.6943820224719102, 0.6921348314606741, 0.6966292134831461, 0.698876404494382, 0.6865168539325842, 0.6842696629213483, 0.6966292134831461, 0.6887640449438203, 0.6797752808988764, 0.7033707865168539, 0.6898876404494382, 0.7, 0.7033707865168539, 0.7, 0.7033707865168539, 0.6808988764044944, 0.697752808988764, 0.7112359550561798, 0.6943820224719102, 0.6921348314606741, 0.697752808988764, 0.6898876404494382, 0.6966292134831461, 0.7044943820224719, 0.6865168539325842, 0.6921348314606741, 0.6955056179775281, 0.6966292134831461, 0.6943820224719102, 0.7, 0.6786516853932584, 0.698876404494382, 0.6943820224719102, 0.698876404494382, 0.7056179775280899, 0.702247191011236, 0.6955056179775281, 0.6943820224719102, 0.7044943820224719, 0.7078651685393258, 0.698876404494382, 0.698876404494382, 0.702247191011236, 0.6910112359550562, 0.697752808988764, 0.7044943820224719, 0.6910112359550562, 0.7, 0.701123595505618, 0.7101123595505618, 0.697752808988764, 0.6943820224719102, 0.6955056179775281, 0.697752808988764, 0.6910112359550562, 0.6943820224719102, 0.698876404494382], "val_loss": [0.6716437339782715, 0.6659609079360962, 0.6625813841819763, 0.6622369885444641, 0.6597959399223328, 0.6555701494216919, 0.6499840617179871, 0.6390384435653687, 0.6228538155555725, 0.6161195635795593, 0.6059756875038147, 0.5942792296409607, 0.5867700576782227, 0.5873292088508606, 0.5871361494064331, 0.581805408000946, 0.5820069313049316, 0.588423490524292, 0.5767404437065125, 0.5796403884887695, 0.5774115920066833, 0.5804272890090942, 0.576259195804596, 0.5722476243972778, 0.5832772254943848, 0.5669408440589905, 0.5801915526390076, 0.5816344022750854, 0.5634297728538513, 0.5731723308563232, 0.5774774551391602, 0.5748648643493652, 0.5651537775993347, 0.5720453858375549, 0.5734686851501465, 0.5623570084571838, 0.579365611076355, 0.5682264566421509, 0.5845327377319336, 0.5716032981872559, 0.5788415670394897, 0.5773513317108154, 0.5677372217178345, 0.5712099075317383, 0.568983256816864, 0.5758854150772095, 0.5655117034912109, 0.578346848487854, 0.5656222105026245, 0.5752708315849304, 0.5792592763900757, 0.5614522099494934, 0.587788462638855, 0.5677851438522339, 0.5683560967445374, 0.5731236338615417, 0.5683920979499817, 0.5714809894561768, 0.5743720531463623, 0.5675593614578247, 0.5744562745094299, 0.570406436920166, 0.5674723982810974, 0.5719619393348694, 0.5745302438735962, 0.5639828443527222, 0.5801545977592468, 0.5602893233299255, 0.566609263420105, 0.5724427103996277, 0.5701243877410889, 0.5677123069763184, 0.5712781548500061, 0.5591925978660583, 0.5762400031089783, 0.5609803199768066, 0.5793695449829102, 0.5607543587684631, 0.5683315992355347, 0.5650441646575928, 0.5685352087020874, 0.5647009611129761, 0.569728434085846, 0.5569615364074707, 0.5795723795890808, 0.5643255114555359, 0.5624175667762756, 0.5592570304870605, 0.5635785460472107, 0.5561032891273499, 0.5661565661430359, 0.5700633525848389, 0.5610999464988708, 0.5561720132827759, 0.5689132213592529, 0.5559213161468506, 0.5642400979995728, 0.5723131895065308, 0.5491011142730713, 0.5657423734664917], "val_acc": [0.6216216216216216, 0.6216216216216216, 0.6216216216216216, 0.6216216216216216, 0.6216216216216216, 0.6216216216216216, 0.6216216216216216, 0.6306306306306306, 0.6576576576576577, 0.6576576576576577, 0.6936936936936937, 0.6936936936936937, 0.7117117117117117, 0.6936936936936937, 0.6936936936936937, 0.6936936936936937, 0.6936936936936937, 0.6936936936936937, 0.7207207207207207, 0.7027027027027027, 0.7027027027027027, 0.6936936936936937, 0.7027027027027027, 0.7117117117117117, 0.6936936936936937, 0.7387387387387387, 0.6756756756756757, 0.6756756756756757, 0.7387387387387387, 0.6846846846846847, 0.6936936936936937, 0.6936936936936937, 0.7117117117117117, 0.7027027027027027, 0.7027027027027027, 0.7207207207207207, 0.6756756756756757, 0.7297297297297297, 0.7027027027027027, 0.6936936936936937, 0.6756756756756757, 0.6846846846846847, 0.6936936936936937, 0.6756756756756757, 0.7027027027027027, 0.6666666666666666, 0.7207207207207207, 0.6846846846846847, 0.7297297297297297, 0.6846846846846847, 0.6756756756756757, 0.7297297297297297, 0.7027027027027027, 0.7207207207207207, 0.7117117117117117, 0.6756756756756757, 0.7117117117117117, 0.6846846846846847, 0.6756756756756757, 0.7207207207207207, 0.6756756756756757, 0.6756756756756757, 0.6756756756756757, 0.7027027027027027, 0.6756756756756757, 0.7207207207207207, 0.7027027027027027, 0.6846846846846847, 0.6846846846846847, 0.6666666666666666, 0.6846846846846847, 0.6936936936936937, 0.6846846846846847, 0.7297297297297297, 0.6756756756756757, 0.7207207207207207, 0.6936936936936937, 0.7297297297297297, 0.6846846846846847, 0.6846846846846847, 0.6936936936936937, 0.6756756756756757, 0.6756756756756757, 0.7207207207207207, 0.7117117117117117, 0.7027027027027027, 0.6846846846846847, 0.7117117117117117, 0.6846846846846847, 0.7027027027027027, 0.6756756756756757, 0.7117117117117117, 0.7207207207207207, 0.6846846846846847, 0.6936936936936937, 0.7207207207207207, 0.6936936936936937, 0.7027027027027027, 0.7387387387387387, 0.6936936936936937]}