{"train_loss": [0.6884567652429853, 0.681923006262098, 0.679792617048536, 0.676757642201015, 0.6749777793884277, 0.6745008145059858, 0.6725735068321228, 0.6689721005303519, 0.6676556042262486, 0.6614924584116254, 0.6612506338528225, 0.6582782013075692, 0.6498228396688189, 0.6507145166397095, 0.6508781228746686, 0.639126147542681, 0.6333159974643162, 0.6336515034948077, 0.6265933428491864, 0.6254667554582868, 0.6211049727031163, 0.6271310704095023, 0.6302076918738229, 0.6225830146244594, 0.6278601203645978, 0.6214967029435294, 0.623474623475756, 0.6225992696625846, 0.6274459532329014, 0.6257656046322414, 0.6243325046130589, 0.6150135142462594, 0.6226144007274083, 0.6138404267174857, 0.6217199563980103, 0.6228850143296378, 0.6216353092874799, 0.6220432264464242, 0.6176691481045314, 0.6194443787847247, 0.6171802282333374, 0.6152015583855766, 0.6125644019671849, 0.6203019533838544, 0.620366999081203, 0.6170593585286822, 0.6133027672767639, 0.6128646986825126, 0.6174870559147426, 0.6173745819500515, 0.6190978544098991, 0.6107742871556964, 0.6153243269239154, 0.6210699081420898, 0.6140715394701276, 0.6177213191986084, 0.6089244910648891, 0.6089511173112052, 0.6209055355616978, 0.6139647875513349, 0.6133701290403094, 0.6125470314707074, 0.6142245701381138, 0.6169022492000035, 0.6182895813669477, 0.61899277142116, 0.6162914718900409, 0.6140419840812683, 0.6072688102722168, 0.6114023412976947, 0.6106000372341701, 0.6093674046652657, 0.6124612603868756, 0.6117075766835894, 0.6109628932816642, 0.6109297020094735, 0.611582909311567, 0.6093540702547345, 0.6148012621062142, 0.6049918021474566, 0.6107790384973798, 0.6097809416907174, 0.613740691116878, 0.6145852974482945, 0.6091152855328151, 0.6097963792937142, 0.6034041728292193, 0.6100863303456988, 0.6107390437807355, 0.6095064452716282, 0.6047185829707554, 0.6062604359218052, 0.6060618247304644, 0.6088726435388837, 0.6061884931155613, 0.6065427660942078, 0.6015411359923226, 0.6081042034285409, 0.6015513624463763, 0.6074951376233783], "train_acc": [0.5876404494382023, 0.5876404494382023, 0.5876404494382023, 0.5876404494382023, 0.5876404494382023, 0.5876404494382023, 0.5876404494382023, 0.5876404494382023, 0.5876404494382023, 0.5887640449438202, 0.6089887640449438, 0.6325842696629214, 0.6370786516853932, 0.6460674157303371, 0.6730337078651686, 0.6674157303370787, 0.6808988764044944, 0.6629213483146067, 0.6932584269662921, 0.6752808988764045, 0.6797752808988764, 0.6797752808988764, 0.6662921348314607, 0.6910112359550562, 0.6831460674157304, 0.6831460674157304, 0.6955056179775281, 0.698876404494382, 0.6797752808988764, 0.6865168539325842, 0.6831460674157304, 0.7033707865168539, 0.6853932584269663, 0.7056179775280899, 0.6921348314606741, 0.6865168539325842, 0.6831460674157304, 0.6865168539325842, 0.6853932584269663, 0.6932584269662921, 0.6853932584269663, 0.698876404494382, 0.6932584269662921, 0.6865168539325842, 0.6921348314606741, 0.6786516853932584, 0.6966292134831461, 0.6921348314606741, 0.6910112359550562, 0.697752808988764, 0.698876404494382, 0.6876404494382022, 0.6943820224719102, 0.6898876404494382, 0.6955056179775281, 0.6887640449438203, 0.6865168539325842, 0.7089887640449438, 0.6898876404494382, 0.6820224719101123, 0.697752808988764, 0.6921348314606741, 0.6921348314606741, 0.6887640449438203, 0.6910112359550562, 0.6808988764044944, 0.6955056179775281, 0.7, 0.7, 0.7033707865168539, 0.697752808988764, 0.6853932584269663, 0.6876404494382022, 0.6955056179775281, 0.702247191011236, 0.702247191011236, 0.6921348314606741, 0.6966292134831461, 0.6910112359550562, 0.7056179775280899, 0.702247191011236, 0.701123595505618, 0.6898876404494382, 0.7033707865168539, 0.7067415730337079, 0.6887640449438203, 0.697752808988764, 0.697752808988764, 0.6865168539325842, 0.7033707865168539, 0.7033707865168539, 0.702247191011236, 0.697752808988764, 0.6955056179775281, 0.7044943820224719, 0.6943820224719102, 0.698876404494382, 0.6966292134831461, 0.698876404494382, 0.6943820224719102], "val_loss": [0.6859936118125916, 0.6819911599159241, 0.682157576084137, 0.6812492609024048, 0.6797822117805481, 0.6778814792633057, 0.6780241131782532, 0.6751704216003418, 0.6735812425613403, 0.6762693524360657, 0.6695026755332947, 0.6670507192611694, 0.6592281460762024, 0.6479331254959106, 0.6629000306129456, 0.6424589157104492, 0.6406852602958679, 0.6314851641654968, 0.6356016993522644, 0.6305177211761475, 0.6320682764053345, 0.6287686228752136, 0.6276926398277283, 0.6247431635856628, 0.6293959617614746, 0.6268590688705444, 0.6273429989814758, 0.624060869216919, 0.6258991956710815, 0.6250466108322144, 0.6228751540184021, 0.6222546696662903, 0.6210043430328369, 0.6213192343711853, 0.626152515411377, 0.6193366050720215, 0.6277991533279419, 0.6198829412460327, 0.6258328557014465, 0.6222780346870422, 0.623164176940918, 0.6244113445281982, 0.620578408241272, 0.6218888759613037, 0.625792920589447, 0.6213968396186829, 0.6192401647567749, 0.625392496585846, 0.6200751066207886, 0.6279054880142212, 0.6228447556495667, 0.6221390962600708, 0.6204834580421448, 0.6191404461860657, 0.621364414691925, 0.623455286026001, 0.6225457191467285, 0.6185628771781921, 0.6292133331298828, 0.6272086501121521, 0.6202238202095032, 0.6211354732513428, 0.6273137927055359, 0.6221401691436768, 0.6277957558631897, 0.6234179735183716, 0.6240509152412415, 0.6209964752197266, 0.6220554709434509, 0.6190439462661743, 0.6192821860313416, 0.6239650845527649, 0.6208522319793701, 0.6248388886451721, 0.6184513568878174, 0.622029185295105, 0.6252948045730591, 0.620233952999115, 0.6192286014556885, 0.626357913017273, 0.6257284879684448, 0.6223644018173218, 0.6208983659744263, 0.6197496652603149, 0.6246882081031799, 0.6220287680625916, 0.6189432144165039, 0.6211037039756775, 0.6244254112243652, 0.6216692328453064, 0.6218826174736023, 0.6204394698143005, 0.6192508935928345, 0.6301352977752686, 0.6218329668045044, 0.6217156052589417, 0.6207863688468933, 0.6261346936225891, 0.6279791593551636, 0.6200881004333496], "val_acc": [0.5765765765765766, 0.5765765765765766, 0.5765765765765766, 0.5765765765765766, 0.5765765765765766, 0.5765765765765766, 0.5765765765765766, 0.5765765765765766, 0.5765765765765766, 0.5765765765765766, 0.6216216216216216, 0.6036036036036037, 0.6216216216216216, 0.6936936936936937, 0.5945945945945946, 0.6666666666666666, 0.6846846846846847, 0.6936936936936937, 0.6936936936936937, 0.6666666666666666, 0.6756756756756757, 0.6666666666666666, 0.6936936936936937, 0.6756756756756757, 0.6666666666666666, 0.7027027027027027, 0.6756756756756757, 0.6756756756756757, 0.6756756756756757, 0.6576576576576577, 0.6756756756756757, 0.6756756756756757, 0.7027027027027027, 0.6756756756756757, 0.6486486486486487, 0.6846846846846847, 0.6486486486486487, 0.6936936936936937, 0.6576576576576577, 0.6756756756756757, 0.6576576576576577, 0.6396396396396397, 0.6756756756756757, 0.6756756756756757, 0.6576576576576577, 0.6756756756756757, 0.6666666666666666, 0.6576576576576577, 0.6666666666666666, 0.6306306306306306, 0.6666666666666666, 0.6756756756756757, 0.6666666666666666, 0.6666666666666666, 0.6576576576576577, 0.6576576576576577, 0.6576576576576577, 0.7027027027027027, 0.6216216216216216, 0.6486486486486487, 0.6666666666666666, 0.6666666666666666, 0.6396396396396397, 0.6846846846846847, 0.6306306306306306, 0.6756756756756757, 0.6486486486486487, 0.6666666666666666, 0.6756756756756757, 0.6666666666666666, 0.6666666666666666, 0.6396396396396397, 0.6846846846846847, 0.6486486486486487, 0.6576576576576577, 0.6666666666666666, 0.6396396396396397, 0.6666666666666666, 0.6576576576576577, 0.6396396396396397, 0.6486486486486487, 0.6486486486486487, 0.6576576576576577, 0.6576576576576577, 0.6486486486486487, 0.6576576576576577, 0.6666666666666666, 0.6486486486486487, 0.6486486486486487, 0.6486486486486487, 0.6576576576576577, 0.6576576576576577, 0.6576576576576577, 0.6306306306306306, 0.6576576576576577, 0.6576576576576577, 0.6576576576576577, 0.6486486486486487, 0.6216216216216216, 0.6486486486486487]}