{"train_loss": [0.6899410060473851, 0.6919380596705845, 0.6699925916535514, 0.662835351058415, 0.6522954446928841, 0.635750779083797, 0.6297937461308071, 0.6352731926100594, 0.6126911044120789, 0.6407383850642613, 0.6510063750403268, 0.6334193859781537, 0.6152586000306266, 0.5944171633039202, 0.5883740867887225, 0.5855189050946917, 0.5725310104233878, 0.5931436674935477, 0.5905903918402535, 0.59107163974217, 0.5739442110061646, 0.5717823462826865, 0.5671555314745221, 0.5570215838296073, 0.5513256405081067, 0.5511947529656547, 0.5518234414713723, 0.5611085295677185, 0.5635587317602975, 0.5680749416351318, 0.5705132782459259, 0.5624583448682513, 0.5656020215579441, 0.559632556779044, 0.5508577951363155, 0.5488433071545192, 0.5510795797620501, 0.5530550607613155, 0.5555781296321324, 0.5528368481567928, 0.5405963829585484, 0.5457966072218758, 0.5531939906733376, 0.5678357141358512, 0.5577757997172219, 0.5502416661807469, 0.5454148266996656, 0.5401309600898198, 0.5433869957923889, 0.5464853899819511, 0.5500087993485587, 0.5566323144095284, 0.5581911717142377, 0.551623033625739, 0.5457992809159415, 0.5364494068281991, 0.5506993532180786, 0.542743661573955, 0.5429996933255877, 0.5441238709858486, 0.5500631758144924, 0.5454278886318207, 0.5484161249228886, 0.5416420996189117, 0.5575692823954991, 0.5626200522695269, 0.5541044303349086, 0.5516764393874577, 0.5523775049618312, 0.5584761670657566, 0.5563055617468697, 0.5532613524368831, 0.5563928782939911, 0.5458776014191764, 0.5424115828105381, 0.5457909234932491, 0.5555931798049382, 0.5508419956479754, 0.5490365752152034, 0.5418543645313808, 0.5477081154073987, 0.5479128445897784, 0.543178664786475, 0.5619862420218331, 0.5430818029812404, 0.5523628762790135, 0.5518101581505367, 0.5485412393297467, 0.5544523256165641, 0.5480015703610012, 0.5484366331781659, 0.5348161842141833, 0.547147980758122, 0.5434433903012957, 0.5644835744585309, 0.5549404876572746, 0.560314382825579, 0.5483506577355521, 0.5444290723119464, 0.5476160560335431], "train_acc": [0.5550561797752809, 0.5797752808988764, 0.6134831460674157, 0.6370786516853932, 0.6561797752808989, 0.6606741573033708, 0.6876404494382022, 0.6606741573033708, 0.6831460674157304, 0.6898876404494382, 0.6674157303370787, 0.6528089887640449, 0.7033707865168539, 0.7179775280898877, 0.7146067415730337, 0.701123595505618, 0.701123595505618, 0.7123595505617978, 0.697752808988764, 0.7112359550561798, 0.7191011235955056, 0.7325842696629213, 0.7033707865168539, 0.7314606741573034, 0.7370786516853932, 0.7325842696629213, 0.7404494382022472, 0.7303370786516854, 0.7157303370786516, 0.7258426966292135, 0.7123595505617978, 0.7213483146067415, 0.7168539325842697, 0.7280898876404495, 0.7370786516853932, 0.7382022471910112, 0.7404494382022472, 0.7348314606741573, 0.7382022471910112, 0.7359550561797753, 0.7573033707865169, 0.7370786516853932, 0.7314606741573034, 0.7314606741573034, 0.7247191011235955, 0.7303370786516854, 0.7460674157303371, 0.7438202247191011, 0.7393258426966293, 0.7471910112359551, 0.7258426966292135, 0.7269662921348314, 0.7224719101123596, 0.748314606741573, 0.7337078651685394, 0.7438202247191011, 0.7471910112359551, 0.7438202247191011, 0.7460674157303371, 0.744943820224719, 0.7359550561797753, 0.7337078651685394, 0.744943820224719, 0.7370786516853932, 0.7213483146067415, 0.7123595505617978, 0.7393258426966293, 0.7415730337078652, 0.744943820224719, 0.7325842696629213, 0.7393258426966293, 0.7325842696629213, 0.7348314606741573, 0.7471910112359551, 0.7471910112359551, 0.7382022471910112, 0.7314606741573034, 0.7258426966292135, 0.7404494382022472, 0.749438202247191, 0.751685393258427, 0.7460674157303371, 0.7359550561797753, 0.7213483146067415, 0.7438202247191011, 0.7359550561797753, 0.7404494382022472, 0.7404494382022472, 0.749438202247191, 0.7280898876404495, 0.7314606741573034, 0.7528089887640449, 0.7393258426966293, 0.744943820224719, 0.7337078651685394, 0.7224719101123596, 0.7235955056179775, 0.7528089887640449, 0.749438202247191, 0.7146067415730337], "val_loss": [0.7171154618263245, 0.6981236934661865, 0.6954262256622314, 0.6793211102485657, 0.6594594120979309, 0.6376746296882629, 0.6319171786308289, 0.6271674633026123, 0.6317083835601807, 0.716398298740387, 0.6852880716323853, 0.6380612254142761, 0.6709370613098145, 0.6413829922676086, 0.6817864775657654, 0.611035943031311, 0.6661656498908997, 0.648762047290802, 0.6219768524169922, 0.6141008734703064, 0.6580194234848022, 0.6343876719474792, 0.6323004364967346, 0.689440906047821, 0.6448105573654175, 0.6498768925666809, 0.6555647850036621, 0.6652489900588989, 0.6374549269676208, 0.6358556747436523, 0.6369495391845703, 0.718725860118866, 0.6375232338905334, 0.6437058448791504, 0.6423273086547852, 0.623304545879364, 0.6452294588088989, 0.6489971280097961, 0.6233953237533569, 0.6350178718566895, 0.6512061357498169, 0.6370186805725098, 0.6408902406692505, 0.6555174589157104, 0.6494610905647278, 0.6429643630981445, 0.6423948407173157, 0.6462068557739258, 0.6495530009269714, 0.6451267004013062, 0.6362345814704895, 0.6384866237640381, 0.658734917640686, 0.6372576355934143, 0.6360753774642944, 0.6546663641929626, 0.6432527899742126, 0.6405109167098999, 0.6534058451652527, 0.6448507905006409, 0.6402865648269653, 0.640197217464447, 0.6448020339012146, 0.6437381505966187, 0.6520795226097107, 0.6593136191368103, 0.6300636529922485, 0.6320414543151855, 0.6871294379234314, 0.63167804479599, 0.6338576674461365, 0.6358876824378967, 0.6341405510902405, 0.6772910356521606, 0.6499550342559814, 0.6309860944747925, 0.6546411514282227, 0.6389191746711731, 0.6425010561943054, 0.6434078216552734, 0.6576722264289856, 0.6485580801963806, 0.6366434693336487, 0.6549989581108093, 0.6531069874763489, 0.6525115370750427, 0.6319003701210022, 0.6401689052581787, 0.667294979095459, 0.6371538043022156, 0.6443814039230347, 0.6636325716972351, 0.6415484547615051, 0.6460346579551697, 0.6587082743644714, 0.6362964510917664, 0.6381247043609619, 0.6456382274627686, 0.6490803360939026, 0.6472415924072266],