{"train_loss": [0.6907113705362592, 0.6758788228034973, 0.6607688324792045, 0.635564752987453, 0.623704160962786, 0.6239213858331952, 0.6558375784329006, 0.6320354768208095, 0.624660245009831, 0.6044877597263881, 0.6031638213566372, 0.5876638889312744, 0.5939150197165353, 0.5957202996526446, 0.5946001921381269, 0.6041152988161359, 0.5815950206347874, 0.5801359159605843, 0.5902786340032306, 0.5660644939967564, 0.5748760955674308, 0.5937412977218628, 0.5887197766985212, 0.5888492209570748, 0.562228866985866, 0.5648501515388489, 0.563288288457053, 0.5628512927464077, 0.5568836842264447, 0.5663913999285016, 0.567622823374612, 0.5654664465359279, 0.5632033603531974, 0.5604470712797982, 0.562243572303227, 0.5717917084693909, 0.5695520554270063, 0.5701572469302586, 0.5574995449611119, 0.5513038635253906, 0.5546826890536717, 0.5635250636509487, 0.5619448551109859, 0.5536753620420184, 0.5586133258683341, 0.5578085609844753, 0.5684147562299456, 0.5614384838512966, 0.5598578538213458, 0.5708834443773542, 0.5748797655105591, 0.5614327788352966, 0.554049687726157, 0.5583763633455548, 0.5603545819010053, 0.5535362448011126, 0.5515268657888684, 0.5564973950386047, 0.5550453918320792, 0.5543151838438851, 0.5594635861260551, 0.5594491107123238, 0.5524382080350604, 0.5636128612927028, 0.5531681903770992, 0.5567393217767987, 0.5605210747037616, 0.5533826095717294, 0.5547743397099631, 0.5541391372680664, 0.5540706174714225, 0.5560858973434993, 0.5515083755765643, 0.5533342446599688, 0.5536558840956006, 0.5508325738566262, 0.5565652932439532, 0.5578215888568333, 0.5520191703523908, 0.5610293107373374, 0.5530340075492859, 0.5505037563187736, 0.5487549219812665, 0.5511116853782109, 0.5524742518152509, 0.5499559385435921, 0.5481619238853455, 0.5546901566641671, 0.5457372154508319, 0.5632887865815844, 0.5548012171472821, 0.5820108737264361, 0.5688296130725315, 0.5656569983278003, 0.5605547428131104, 0.5624434011323112, 0.5579829386302403, 0.5574613767010825, 0.5496557993548257, 0.5525294159139905], "train_acc": [0.5696629213483146, 0.6404494382022472, 0.6348314606741573, 0.6685393258426966, 0.6853932584269663, 0.6932584269662921, 0.6337078651685393, 0.6696629213483146, 0.6651685393258427, 0.697752808988764, 0.6955056179775281, 0.702247191011236, 0.7067415730337079, 0.6831460674157304, 0.7168539325842697, 0.6898876404494382, 0.697752808988764, 0.7213483146067415, 0.6921348314606741, 0.7213483146067415, 0.7179775280898877, 0.701123595505618, 0.7101123595505618, 0.6887640449438203, 0.7191011235955056, 0.7280898876404495, 0.7123595505617978, 0.7202247191011236, 0.7247191011235955, 0.7033707865168539, 0.7179775280898877, 0.7101123595505618, 0.7044943820224719, 0.7134831460674157, 0.7179775280898877, 0.7101123595505618, 0.7123595505617978, 0.7089887640449438, 0.7247191011235955, 0.7314606741573034, 0.7213483146067415, 0.7101123595505618, 0.7191011235955056, 0.7224719101123596, 0.7314606741573034, 0.7146067415730337, 0.7089887640449438, 0.7292134831460674, 0.7101123595505618, 0.7101123595505618, 0.7, 0.7247191011235955, 0.7314606741573034, 0.7235955056179775, 0.7123595505617978, 0.7258426966292135, 0.7348314606741573, 0.7235955056179775, 0.7303370786516854, 0.7269662921348314, 0.7213483146067415, 0.7123595505617978, 0.7280898876404495, 0.7168539325842697, 0.7258426966292135, 0.7348314606741573, 0.7258426966292135, 0.7292134831460674, 0.7235955056179775, 0.7235955056179775, 0.7247191011235955, 0.7191011235955056, 0.7337078651685394, 0.7224719101123596, 0.7404494382022472, 0.7269662921348314, 0.7337078651685394, 0.7247191011235955, 0.7382022471910112, 0.7314606741573034, 0.7370786516853932, 0.7325842696629213, 0.7337078651685394, 0.7280898876404495, 0.7325842696629213, 0.7359550561797753, 0.7460674157303371, 0.7348314606741573, 0.7348314606741573, 0.7202247191011236, 0.7202247191011236, 0.698876404494382, 0.7101123595505618, 0.7247191011235955, 0.7224719101123596, 0.7280898876404495, 0.7359550561797753, 0.7224719101123596, 0.7370786516853932, 0.7426966292134831], "val_loss": [0.6906925439834595, 0.683366060256958, 0.6679127216339111, 0.6536415219306946, 0.6302091479301453, 0.6664313077926636, 0.6418662667274475, 0.632215678691864, 0.6394957304000854, 0.6392127871513367, 0.6127836108207703, 0.5936263203620911, 0.6296287178993225, 0.5992832779884338, 0.5923681259155273, 0.5917085409164429, 0.5805313587188721, 0.635227382183075, 0.5834308862686157, 0.5926979780197144, 0.5742127299308777, 0.5788057446479797, 0.5757114887237549, 0.5839095115661621, 0.5837843418121338, 0.5713542699813843, 0.5900344848632812, 0.5707585215568542, 0.5747739672660828, 0.6238127946853638, 0.5667231678962708, 0.5689679980278015, 0.5909450650215149, 0.5813159346580505, 0.5689635872840881, 0.5744646191596985, 0.5943878889083862, 0.5648001432418823, 0.5742204785346985, 0.5735195875167847, 0.5653582215309143, 0.5739778876304626, 0.5709899663925171, 0.5718782544136047, 0.5772570371627808, 0.5808669328689575, 0.5789878368377686, 0.5683696269989014, 0.6007582545280457, 0.567550539970398, 0.5634711384773254, 0.5851418972015381, 0.5719371438026428, 0.5819877982139587, 0.5797430276870728, 0.5704212188720703, 0.5654228925704956, 0.5683155059814453, 0.5736350417137146, 0.5753844976425171, 0.5697202682495117, 0.573102593421936, 0.5955414175987244, 0.5658634901046753, 0.5733798146247864, 0.5759106278419495, 0.569166898727417, 0.5657734274864197, 0.5733567476272583, 0.5616552233695984, 0.5715316534042358, 0.5688494443893433, 0.5649811625480652, 0.5699957609176636, 0.5720001459121704, 0.5661520957946777, 0.5768193006515503, 0.5567272305488586, 0.594281792640686, 0.5686311721801758, 0.5606971979141235, 0.574286699295044, 0.5683231353759766, 0.5856575965881348, 0.571277916431427, 0.5716680288314819, 0.5711740255355835, 0.5722680687904358, 0.5704156160354614, 0.5673197507858276, 0.5756676197052002, 0.5750972628593445, 0.622295081615448, 0.5668922066688538, 0.566164493560791, 0.6014085412025452, 0.562068521976471, 0.583337664604187, 0.5692391991615295, 0.5648863315582275],