{"train_loss": [0.6763386726379395, 0.6719876187188285, 0.6742259689739772, 0.6719690050397601, 0.6722228186471122, 0.6688022272927421, 0.6660788484982082, 0.663651100226811, 0.6541609678949628, 0.6486886654581342, 0.6467546224594116, 0.6292169604982648, 0.625646710395813, 0.6287619386400495, 0.6144028306007385, 0.6098641582897731, 0.6205034170831952, 0.6046090040888105, 0.6050231116158622, 0.5996108736310687, 0.606765627861023, 0.6031267642974854, 0.5951208897999355, 0.599642779145922, 0.5984373433249337, 0.5927200828279767, 0.5905867559569222, 0.5928493227277484, 0.5973838141986302, 0.5970471671649388, 0.5905701773507255, 0.592268569128854, 0.5961109740393502, 0.5801956653594971, 0.5884394901139396, 0.5805068782397679, 0.5827199476105827, 0.5822994112968445, 0.5840845618929181, 0.5751880662781852, 0.5848394547189985, 0.5761001876422337, 0.5837920819010053, 0.580898574420384, 0.5767235500471932, 0.5813061850411552, 0.5771366783550808, 0.5737118380410331, 0.5769505415643964, 0.5740200706890651, 0.5818983231272016, 0.5797498226165771, 0.583289384841919, 0.5724310874938965, 0.5711862742900848, 0.5803161859512329, 0.579772446836744, 0.5753204822540283, 0.5803178208214896, 0.5786883405276707, 0.5769575238227844, 0.5869592939104352, 0.5775144866534642, 0.5866656729153225, 0.5738308770315987, 0.5707336238452366, 0.5696473462241036, 0.5668686883790153, 0.5727323889732361, 0.5621256317411151, 0.5720863938331604, 0.5691939422062465, 0.5702785338674273, 0.5690129271575383, 0.5662490555218288, 0.5729420099939618, 0.5790662680353437, 0.5804643034934998, 0.5785641755376544, 0.5614725606782096, 0.5694142494882856, 0.5698007047176361, 0.566025265625545, 0.572837403842381, 0.5644898925508771, 0.5732339876038688, 0.5689273263726916, 0.572605550289154, 0.5741355844906398, 0.5711023552077157, 0.5631957565035138, 0.5708188244274685, 0.5677036898476737, 0.5702606695038932, 0.5733506040913718, 0.5660078866141183, 0.5704488243375506, 0.5677160280091422, 0.5676249606268746, 0.5749602062361581], "train_acc": [0.6, 0.6, 0.6, 0.6, 0.6, 0.6, 0.6, 0.6022471910112359, 0.6348314606741573, 0.6438202247191012, 0.6348314606741573, 0.6707865168539325, 0.6842696629213483, 0.6696629213483146, 0.6887640449438203, 0.6943820224719102, 0.6808988764044944, 0.7101123595505618, 0.701123595505618, 0.7044943820224719, 0.7044943820224719, 0.6887640449438203, 0.7033707865168539, 0.7078651685393258, 0.7078651685393258, 0.7089887640449438, 0.7157303370786516, 0.7067415730337079, 0.698876404494382, 0.7078651685393258, 0.7134831460674157, 0.7078651685393258, 0.7033707865168539, 0.7179775280898877, 0.7056179775280899, 0.7224719101123596, 0.7101123595505618, 0.7078651685393258, 0.7123595505617978, 0.7258426966292135, 0.7157303370786516, 0.7146067415730337, 0.7123595505617978, 0.7179775280898877, 0.7089887640449438, 0.7213483146067415, 0.7202247191011236, 0.7247191011235955, 0.7292134831460674, 0.7202247191011236, 0.7146067415730337, 0.7168539325842697, 0.7213483146067415, 0.7191011235955056, 0.7191011235955056, 0.7101123595505618, 0.7123595505617978, 0.7146067415730337, 0.7179775280898877, 0.7235955056179775, 0.7202247191011236, 0.7033707865168539, 0.701123595505618, 0.7146067415730337, 0.7303370786516854, 0.7258426966292135, 0.7213483146067415, 0.7292134831460674, 0.7146067415730337, 0.7382022471910112, 0.7247191011235955, 0.7078651685393258, 0.7247191011235955, 0.7258426966292135, 0.7235955056179775, 0.7146067415730337, 0.7056179775280899, 0.7247191011235955, 0.7123595505617978, 0.7280898876404495, 0.7269662921348314, 0.7314606741573034, 0.7269662921348314, 0.7179775280898877, 0.7224719101123596, 0.7235955056179775, 0.7134831460674157, 0.7258426966292135, 0.7089887640449438, 0.7258426966292135, 0.7382022471910112, 0.7235955056179775, 0.7112359550561798, 0.7314606741573034, 0.7157303370786516, 0.7280898876404495, 0.7292134831460674, 0.7213483146067415, 0.7258426966292135, 0.7146067415730337], "val_loss": [0.6887410283088684, 0.694065272808075, 0.6907922029495239, 0.6888302564620972, 0.6907442808151245, 0.6863747239112854, 0.6835718154907227, 0.6786803007125854, 0.6789393424987793, 0.6783011555671692, 0.6584417223930359, 0.6583511233329773, 0.6655072569847107, 0.649632453918457, 0.6436026692390442, 0.6456483602523804, 0.6320015788078308, 0.6310253739356995, 0.6230126619338989, 0.6199380159378052, 0.6166101694107056, 0.619056761264801, 0.6098902821540833, 0.6102652549743652, 0.615257203578949, 0.6171815991401672, 0.6053751111030579, 0.6267639994621277, 0.6045023202896118, 0.6216044425964355, 0.6086454391479492, 0.6184622049331665, 0.6133331656455994, 0.613004207611084, 0.6205705404281616, 0.6175628304481506, 0.6192978620529175, 0.6210779547691345, 0.6224628686904907, 0.6200322508811951, 0.6257208585739136, 0.623814582824707, 0.634429395198822, 0.6246235966682434, 0.6261604428291321, 0.6227624416351318, 0.6300162076950073, 0.6211039423942566, 0.6173117160797119, 0.629899799823761, 0.6200377941131592, 0.628269374370575, 0.6210506558418274, 0.6268629431724548, 0.623997688293457, 0.6268540620803833, 0.6176118850708008, 0.6185168623924255, 0.6235921382904053, 0.6307656168937683, 0.6230126023292542, 0.6211191415786743, 0.622898280620575, 0.6140570640563965, 0.6369968056678772, 0.6180065274238586, 0.6213908791542053, 0.6319587826728821, 0.6225937604904175, 0.6254093647003174, 0.6228154301643372, 0.6175897121429443, 0.6351130604743958, 0.6227251887321472, 0.6220228672027588, 0.6202736496925354, 0.6109861135482788, 0.6279032826423645, 0.6123921275138855, 0.622323751449585, 0.6294295787811279, 0.621020495891571, 0.6302854418754578, 0.6205719709396362, 0.623259425163269, 0.623256266117096, 0.6320985555648804, 0.6160571575164795, 0.6258044838905334, 0.6129425764083862, 0.6313996315002441, 0.620344877243042, 0.6162700653076172, 0.6290678381919861, 0.6166412830352783, 0.6132813692092896, 0.6183407306671143, 0.6125708818435669, 0.6129767894744873, 0.619446337223053], "val_acc": [0.5495495495495496, 0.5495495495495496, 0.5495495495495496, 0.5495495495495496, 0.5495495495495496, 0.5495495495495496, 0.5495495495495496, 0.5765765765765766, 0.5765765765765766, 0.5765765765765766, 0.6576576576576577, 0.6576576576576577, 0.6666666666666666, 0.6486486486486487, 0.6396396396396397, 0.6486486486486487, 0.6396396396396397, 0.6576576576576577, 0.6396396396396397, 0.6396396396396397, 0.6396396396396397, 0.6396396396396397, 0.6576576576576577, 0.6666666666666666, 0.6396396396396397, 0.6576576576576577, 0.6756756756756757, 0.6306306306306306, 0.6756756756756757, 0.6306306306306306, 0.6756756756756757, 0.6666666666666666, 0.6666666666666666, 0.6666666666666666, 0.6396396396396397, 0.6846846846846847, 0.6576576576576577, 0.6576576576576577, 0.6756756756756757, 0.6576576576576577, 0.6576576576576577, 0.6576576576576577, 0.6666666666666666, 0.6666666666666666, 0.6756756756756757, 0.6486486486486487, 0.6756756756756757, 0.6666666666666666, 0.6666666666666666, 0.6666666666666666, 0.6576576576576577, 0.6666666666666666, 0.6576576576576577, 0.6576576576576577, 0.6666666666666666, 0.6576576576576577, 0.6666666666666666, 0.6576576576576577, 0.6576576576576577, 0.6576576576576577, 0.6756756756756757, 0.6666666666666666, 0.6576576576576577, 0.6756756756756757, 0.6576576576576577, 0.6486486486486487, 0.6666666666666666, 0.6756756756756757, 0.6486486486486487, 0.6576576576576577, 0.6666666666666666, 0.6756756756756757, 0.6666666666666666, 0.6666666666666666, 0.6666666666666666, 0.6576576576576577, 0.6666666666666666, 0.6576576576576577, 0.6756756756756757, 0.6576576576576577, 0.6756756756756757, 0.6486486486486487, 0.6666666666666666, 0.6576576576576577, 0.6576576576576577, 0.6576576576576577, 0.6576576576576577, 0.6756756756756757, 0.6666666666666666, 0.6666666666666666, 0.6576576576576577, 0.6846846846846847, 0.6846846846846847, 0.6576576576576577, 0.6666666666666666, 0.6846846846846847, 0.6666666666666666, 0.6756756756756757, 0.6846846846846847, 0.6756756756756757]}