{"train_loss": [0.6908705319677081, 0.6767141819000244, 0.6758676767349243, 0.6732322403362819, 0.670896589756012, 0.671459036214011, 0.6682610852377755, 0.6687897528920855, 0.6650327784674508, 0.66086174760546, 0.6595659937177386, 0.6562003663608006, 0.6432710034506661, 0.6346440230097089, 0.6197763000215802, 0.601893561226981, 0.6094111033848354, 0.6023335541997638, 0.5989198940140861, 0.6114419017519269, 0.603986816746848, 0.5969243049621582, 0.5928943668093, 0.5867900933538165, 0.5806953651564462, 0.5891990065574646, 0.5944663626807076, 0.5897680946758815, 0.5750320553779602, 0.5719732386725289, 0.5768058214868818, 0.5790576423917498, 0.5763075607163566, 0.5765772547040667, 0.580761228288923, 0.5761570930480957, 0.5687475800514221, 0.5732321696622031, 0.5841917225292751, 0.5859168767929077, 0.5788754735674176, 0.5657177822930473, 0.5674511790275574, 0.5663586727210453, 0.5688566097191402, 0.5656504545892987, 0.5731542238167354, 0.5728328738893781, 0.5604607122285026, 0.5700341377939496, 0.5753557682037354, 0.5585739357130868, 0.5581551790237427, 0.5693257280758449, 0.5762631126812526, 0.5606084380831037, 0.5554883480072021, 0.5629993762288775, 0.558519755090986, 0.5611413078648704, 0.5610833764076233, 0.5690220040934426, 0.5699157629694257, 0.5688485758645194, 0.5629505302224841, 0.5645369972501483, 0.5688925470624652, 0.5618431993893215, 0.5671707732336861, 0.5498425790241787, 0.5673560840742928, 0.5678520798683167, 0.555179740701403, 0.5570647844246456, 0.5602254526955741, 0.5570690206118992, 0.5601931469781058, 0.5684353113174438, 0.5572982004710606, 0.5513840743473598, 0.5543595084122249, 0.5592330523899623, 0.551164550440652, 0.5598862000874111, 0.5551330617495945, 0.5496492641312736, 0.5579739511013031, 0.5597739900861468, 0.5561802387237549, 0.5535706281661987, 0.5514173933437893, 0.5493405418736594, 0.5562004787581307, 0.5530578792095184, 0.5622801269803729, 0.5558945153440747, 0.5604269504547119, 0.5614504558699471, 0.5616759657859802, 0.5566706827708653], "train_acc": [0.5258426966292135, 0.6022471910112359, 0.6022471910112359, 0.6022471910112359, 0.6022471910112359, 0.6022471910112359, 0.6022471910112359, 0.6022471910112359, 0.6022471910112359, 0.6022471910112359, 0.6101123595505618, 0.6280898876404495, 0.6561797752808989, 0.6752808988764045, 0.6887640449438203, 0.6898876404494382, 0.697752808988764, 0.6921348314606741, 0.702247191011236, 0.6853932584269663, 0.7056179775280899, 0.7247191011235955, 0.7191011235955056, 0.7123595505617978, 0.7179775280898877, 0.7235955056179775, 0.7123595505617978, 0.7168539325842697, 0.7202247191011236, 0.7191011235955056, 0.7337078651685394, 0.7325842696629213, 0.7258426966292135, 0.7292134831460674, 0.7303370786516854, 0.7179775280898877, 0.7146067415730337, 0.7314606741573034, 0.7044943820224719, 0.7056179775280899, 0.7168539325842697, 0.7314606741573034, 0.7202247191011236, 0.7224719101123596, 0.7224719101123596, 0.7404494382022472, 0.7134831460674157, 0.7269662921348314, 0.7202247191011236, 0.7337078651685394, 0.7235955056179775, 0.7404494382022472, 0.7348314606741573, 0.7247191011235955, 0.7258426966292135, 0.7247191011235955, 0.7337078651685394, 0.7303370786516854, 0.7348314606741573, 0.7303370786516854, 0.7235955056179775, 0.7134831460674157, 0.7213483146067415, 0.7303370786516854, 0.7213483146067415, 0.7314606741573034, 0.7191011235955056, 0.7280898876404495, 0.7224719101123596, 0.7314606741573034, 0.7258426966292135, 0.7269662921348314, 0.7213483146067415, 0.7213483146067415, 0.7179775280898877, 0.7292134831460674, 0.7179775280898877, 0.7157303370786516, 0.7213483146067415, 0.7314606741573034, 0.7337078651685394, 0.7269662921348314, 0.7382022471910112, 0.7370786516853932, 0.7280898876404495, 0.749438202247191, 0.7280898876404495, 0.7224719101123596, 0.7292134831460674, 0.7325842696629213, 0.7393258426966293, 0.7359550561797753, 0.7415730337078652, 0.7314606741573034, 0.7213483146067415, 0.7370786516853932, 0.7337078651685394, 0.7314606741573034, 0.7303370786516854, 0.7325842696629213], "val_loss": [0.6898690462112427, 0.6922370791435242, 0.68795245885849, 0.6886061429977417, 0.6911023855209351, 0.6865866184234619, 0.6870760321617126, 0.6823121309280396, 0.6836983561515808, 0.6807403564453125, 0.6675768494606018, 0.6650967001914978, 0.642861008644104, 0.6495038866996765, 0.6398906111717224, 0.629536509513855, 0.6406077742576599, 0.6158179044723511, 0.6137956976890564, 0.6204632520675659, 0.6139630079269409, 0.6133324503898621, 0.6195651888847351, 0.6109139323234558, 0.6127520203590393, 0.6127039194107056, 0.6119078397750854, 0.6136655807495117, 0.6212020516395569, 0.6201701760292053, 0.6307910084724426, 0.632305920124054, 0.6216736435890198, 0.6247122287750244, 0.6289445757865906, 0.6202195882797241, 0.6341677308082581, 0.6317152380943298, 0.6368620991706848, 0.6288426518440247, 0.6315520405769348, 0.6376693248748779, 0.6336864233016968, 0.6421809792518616, 0.6310740113258362, 0.6329735517501831, 0.6277573704719543, 0.6355516314506531, 0.6381237506866455, 0.6467397809028625, 0.6427652835845947, 0.6392154097557068, 0.6391609311103821, 0.6520095467567444, 0.6419072151184082, 0.6375777721405029, 0.6501638293266296, 0.6535537242889404, 0.6562997102737427, 0.6421467065811157, 0.6545045971870422, 0.6444485783576965, 0.6396545767784119, 0.6440128087997437, 0.6489112377166748, 0.6428654789924622, 0.6427255868911743, 0.6407950520515442, 0.6516028046607971, 0.6604686379432678, 0.6635617017745972, 0.6512948870658875, 0.6565077304840088, 0.6526654362678528, 0.659040629863739, 0.6538096070289612, 0.6521719098091125, 0.6520043611526489, 0.651124894618988, 0.664000391960144, 0.6637582778930664, 0.6516189575195312, 0.6660968065261841, 0.6631613969802856, 0.6639440059661865, 0.6553186774253845, 0.6461972594261169, 0.6543348431587219, 0.6569402813911438, 0.6445668935775757, 0.6564769744873047, 0.6637335419654846, 0.6477324962615967, 0.6569299101829529, 0.6443848013877869, 0.6496204137802124, 0.6548559665679932, 0.6499470472335815, 0.6680763959884644, 0.6447798609733582],