{
    "lr_mean": 0.01,
    "lr_std": 0.0,
    "weight_decay_mean": 0.0005,
    "weight_decay_std": 0.0,
    "test_mae_mean": 3.654854991099988,
    "test_mae_std": 1.8803409209990976
}