{"train_loss": [0.6911479830741882, 0.6741866990923882, 0.6716097518801689, 0.6656370237469673, 0.6544182524085045, 0.6414379477500916, 0.6198029890656471, 0.6146224811673164, 0.6023198813199997, 0.5965114012360573, 0.5891074985265732, 0.5897207260131836, 0.5840810984373093, 0.5786395817995071, 0.5980310142040253, 0.5951925441622734, 0.5840737000107765, 0.5947689265012741, 0.5862806662917137, 0.6043889597058296, 0.5927062481641769, 0.5922515094280243, 0.5823329612612724, 0.5815257132053375, 0.5764191895723343, 0.5806563496589661, 0.57609923183918, 0.5868834182620049, 0.5751094371080399, 0.5771512798964977, 0.5812157988548279, 0.5651843957602978, 0.5853864699602127, 0.5831934660673141, 0.5791363045573235, 0.5785073190927505, 0.5766003504395485, 0.5807020701467991, 0.5895365625619888, 0.5892061814665794, 0.582338884472847, 0.5861215516924858, 0.5755247920751572, 0.571770004928112, 0.5829287692904472, 0.5739577859640121, 0.5719624385237694, 0.5708007737994194, 0.5794779509305954, 0.5820440426468849, 0.5884242281317711, 0.5835666134953499, 0.5786636620759964, 0.5769051685929298, 0.5817390903830528, 0.5791265666484833, 0.5798489898443222, 0.5748135969042778, 0.5986126363277435, 0.5852451398968697, 0.5814365893602371, 0.5769893527030945, 0.5818753391504288, 0.5878565087914467, 0.5833986401557922, 0.5779340639710426, 0.5918907597661018, 0.5847912132740021, 0.5794961452484131, 0.5763936713337898, 0.5890846103429794, 0.5730444341897964, 0.5818598121404648, 0.5853070989251137, 0.5894623398780823, 0.5880581736564636, 0.5762632265686989, 0.5749097317457199, 0.5781336203217506, 0.5819380581378937, 0.5825779736042023, 0.5799515098333359, 0.5834326669573784, 0.5809922590851784, 0.578741118311882, 0.5827677473425865, 0.5752382390201092, 0.5835969857871532, 0.5841057002544403, 0.5783436745405197, 0.5776950120925903, 0.5771724879741669, 0.579496193677187, 0.5704706683754921, 0.5693663544952869, 0.5743873342871666, 0.5768799632787704, 0.5742551796138287, 0.5788552016019821, 0.5821481235325336], "train_acc": [0.5668789808917197, 0.5774946921443737, 0.6029723991507431, 0.578556263269639, 0.6167728237791932, 0.643312101910828, 0.6857749469214437, 0.6804670912951167, 0.7048832271762208, 0.7154989384288747, 0.7186836518046709, 0.7080679405520169, 0.727176220806794, 0.7314225053078556, 0.7197452229299363, 0.7197452229299363, 0.7261146496815286, 0.7101910828025477, 0.6910828025477707, 0.6910828025477707, 0.7070063694267515, 0.7016985138004246, 0.7165605095541401, 0.7261146496815286, 0.7261146496815286, 0.7208067940552016, 0.7282377919320594, 0.7208067940552016, 0.7197452229299363, 0.727176220806794, 0.727176220806794, 0.7229299363057324, 0.7101910828025477, 0.7080679405520169, 0.7250530785562632, 0.727176220806794, 0.7314225053078556, 0.7197452229299363, 0.7176220806794055, 0.7133757961783439, 0.7080679405520169, 0.7335456475583864, 0.7261146496815286, 0.7282377919320594, 0.7261146496815286, 0.7303609341825902, 0.7197452229299363, 0.7186836518046709, 0.7186836518046709, 0.7282377919320594, 0.7154989384288747, 0.7165605095541401, 0.7186836518046709, 0.7208067940552016, 0.7186836518046709, 0.7261146496815286, 0.7197452229299363, 0.7197452229299363, 0.7006369426751592, 0.7250530785562632, 0.7186836518046709, 0.7239915074309978, 0.721868365180467, 0.7197452229299363, 0.7133757961783439, 0.7208067940552016, 0.7197452229299363, 0.7112526539278131, 0.7133757961783439, 0.7208067940552016, 0.7229299363057324, 0.7250530785562632, 0.7282377919320594, 0.7250530785562632, 0.7101910828025477, 0.7133757961783439, 0.7239915074309978, 0.7197452229299363, 0.732484076433121, 0.7176220806794055, 0.7186836518046709, 0.721868365180467, 0.7282377919320594, 0.7292993630573248, 0.727176220806794, 0.7176220806794055, 0.7239915074309978, 0.7229299363057324, 0.7186836518046709, 0.7208067940552016, 0.7176220806794055, 0.7165605095541401, 0.7154989384288747, 0.7186836518046709, 0.7176220806794055, 0.7261146496815286, 0.7229299363057324, 0.7239915074309978, 0.7208067940552016, 0.7186836518046709], "val_loss": [0.6758959889411926, 0.6728307604789734, 0.6612858176231384, 0.6515730619430542, 0.6373769044876099, 0.6116573214530945, 0.5866223573684692, 0.5667111277580261, 0.5611411333084106, 0.5554479360580444, 0.5562745928764343, 0.553764820098877, 0.5485893487930298, 0.5583605766296387, 0.5589070916175842, 0.5547810196876526, 0.5622300505638123, 0.5574452877044678, 0.594005286693573, 0.5585460662841797, 0.5596203804016113, 0.5671743154525757, 0.5529887080192566, 0.5494275689125061, 0.5590196251869202, 0.552849292755127, 0.5561724305152893, 0.5519627332687378, 0.5530050992965698, 0.5584869384765625, 0.5631672739982605, 0.5547012686729431, 0.5618429780006409, 0.5553255081176758, 0.5563710927963257, 0.5608726143836975, 0.5670177936553955, 0.5571650862693787, 0.5570014715194702, 0.5670274496078491, 0.5581387877464294, 0.5563791394233704, 0.5536361932754517, 0.557626485824585, 0.5543661117553711, 0.5585076808929443, 0.553961992263794, 0.5583375692367554, 0.5571402907371521, 0.5733521580696106, 0.5586307644844055, 0.5596894025802612, 0.5562878251075745, 0.5629149079322815, 0.554961621761322, 0.5663745999336243, 0.5623681545257568, 0.5754792094230652, 0.5568088889122009, 0.5642499327659607, 0.5552037358283997, 0.5553485155105591, 0.5567221641540527, 0.5551363229751587, 0.5599544048309326, 0.558832585811615, 0.5740610957145691, 0.5630583167076111, 0.5589010715484619, 0.5548554062843323, 0.5569236874580383, 0.559699535369873, 0.5628079771995544, 0.5638017654418945, 0.5698855519294739, 0.5600049495697021, 0.5658197402954102, 0.5585237145423889, 0.5666557550430298, 0.5574679970741272, 0.5648828744888306, 0.5552903413772583, 0.5564504265785217, 0.5562251806259155, 0.5669081807136536, 0.5582343935966492, 0.5609825849533081, 0.5560600757598877, 0.56084144115448, 0.5575432777404785, 0.5599022507667542, 0.5605370998382568, 0.5600573420524597, 0.5566157698631287, 0.5575569868087769, 0.5573467016220093, 0.5607089400291443, 0.561137318611145, 0.5602492094039917, 0.5607101321220398],