{"train_loss": [0.6939255520701408, 0.6852472275495529, 0.6792515218257904, 0.6753122881054878, 0.6768293604254723, 0.6739155650138855, 0.6761474683880806, 0.6750045046210289, 0.6745771542191505, 0.673546627163887, 0.6758810877799988, 0.6699731796979904, 0.6712556630373001, 0.6667739823460579, 0.6683769300580025, 0.6697898730635643, 0.662756435573101, 0.6606075018644333, 0.6609196439385414, 0.6571350544691086, 0.650581032037735, 0.6534072682261467, 0.644724152982235, 0.6457476988434792, 0.6341395452618599, 0.6314859762787819, 0.6279621422290802, 0.6221546232700348, 0.6195384562015533, 0.615284726023674, 0.6100143939256668, 0.6086806580424309, 0.6148096546530724, 0.6175861582159996, 0.6029123291373253, 0.6036057621240616, 0.5979807302355766, 0.6078794524073601, 0.6040415316820145, 0.5924461781978607, 0.5947656407952309, 0.5965130254626274, 0.6071996912360191, 0.5966617465019226, 0.5926353931427002, 0.5942322015762329, 0.5919024348258972, 0.6004582792520523, 0.6017407700419426, 0.5915349572896957, 0.5921996459364891, 0.5995480641722679, 0.5932943746447563, 0.5956609770655632, 0.603610597550869, 0.5909661576151848, 0.5913000032305717, 0.5928051173686981, 0.5864002853631973, 0.5837826877832413, 0.5995102599263191, 0.5935030952095985, 0.5907444655895233, 0.5825385376811028, 0.5777311511337757, 0.582572303712368, 0.5886084362864494, 0.5892524495720863, 0.5906387194991112, 0.5933074131608009, 0.5883673056960106, 0.5881888046860695, 0.5895597413182259, 0.58698470890522, 0.581628143787384, 0.5812429785728455, 0.5876196473836899, 0.5839534923434258, 0.5843226090073586, 0.5821086838841438, 0.5923798233270645, 0.5769211202859879, 0.5826514586806297, 0.583736814558506, 0.5866827741265297, 0.590152196586132, 0.5856142193078995, 0.5954279825091362, 0.5758958831429482, 0.5715354979038239, 0.5872311070561409, 0.5959411486983299, 0.6017622277140617, 0.5915245413780212, 0.5912820622324944, 0.58205246925354, 0.5906977877020836, 0.5894443616271019, 0.5726418904960155, 0.5843793004751205], "train_acc": [0.47770700636942676, 0.5870488322717622, 0.5870488322717622, 0.5870488322717622, 0.5870488322717622, 0.5870488322717622, 0.5870488322717622, 0.5870488322717622, 0.5870488322717622, 0.5870488322717622, 0.5870488322717622, 0.5870488322717622, 0.5870488322717622, 0.5870488322717622, 0.5870488322717622, 0.5870488322717622, 0.589171974522293, 0.5923566878980892, 0.589171974522293, 0.6273885350318471, 0.6157112526539278, 0.6114649681528662, 0.6847133757961783, 0.638004246284501, 0.673036093418259, 0.6868365180467091, 0.6751592356687898, 0.7016985138004246, 0.6932059447983014, 0.7101910828025477, 0.70276008492569, 0.7101910828025477, 0.7091295116772823, 0.7165605095541401, 0.7165605095541401, 0.7070063694267515, 0.7197452229299363, 0.697452229299363, 0.7101910828025477, 0.7208067940552016, 0.7250530785562632, 0.7080679405520169, 0.6953290870488322, 0.7133757961783439, 0.7186836518046709, 0.7314225053078556, 0.7197452229299363, 0.7229299363057324, 0.7208067940552016, 0.7186836518046709, 0.7038216560509554, 0.7091295116772823, 0.7112526539278131, 0.7229299363057324, 0.7229299363057324, 0.7239915074309978, 0.721868365180467, 0.7208067940552016, 0.7282377919320594, 0.7261146496815286, 0.7197452229299363, 0.7123142250530785, 0.7176220806794055, 0.7229299363057324, 0.7303609341825902, 0.721868365180467, 0.7186836518046709, 0.7282377919320594, 0.7303609341825902, 0.7208067940552016, 0.7239915074309978, 0.7229299363057324, 0.7239915074309978, 0.7335456475583864, 0.727176220806794, 0.732484076433121, 0.7144373673036093, 0.7335456475583864, 0.7208067940552016, 0.7282377919320594, 0.7261146496815286, 0.732484076433121, 0.7388535031847133, 0.7346072186836518, 0.7261146496815286, 0.727176220806794, 0.7250530785562632, 0.7239915074309978, 0.7197452229299363, 0.7239915074309978, 0.7239915074309978, 0.6836518046709129, 0.7059447983014862, 0.6857749469214437, 0.7176220806794055, 0.7123142250530785, 0.7186836518046709, 0.7399150743099787, 0.7292993630573248, 0.7335456475583864], "val_loss": [0.6879079937934875, 0.6787694692611694, 0.6706226468086243, 0.6664461493492126, 0.6654397249221802, 0.6653294563293457, 0.6651307344436646, 0.6650118231773376, 0.6642845869064331, 0.6637992262840271, 0.6620786786079407, 0.6618846654891968, 0.6599118113517761, 0.6579264402389526, 0.6550855040550232, 0.6539969444274902, 0.6529526710510254, 0.6469746828079224, 0.6437883377075195, 0.6449446082115173, 0.6372829079627991, 0.6362966299057007, 0.6314769387245178, 0.6255436539649963, 0.6270785331726074, 0.6169179081916809, 0.614198625087738, 0.6083275079727173, 0.6067461371421814, 0.6005373597145081, 0.5985108613967896, 0.5942745208740234, 0.5918172001838684, 0.590499222278595, 0.5892735719680786, 0.5858390927314758, 0.5834436416625977, 0.5865692496299744, 0.5799499154090881, 0.5802162289619446, 0.5768277645111084, 0.5829430818557739, 0.5738297700881958, 0.5730579495429993, 0.5714917778968811, 0.5731733441352844, 0.569119393825531, 0.5685559511184692, 0.5677080154418945, 0.5675534605979919, 0.5659059882164001, 0.5672973394393921, 0.5642560124397278, 0.5635854005813599, 0.5622606873512268, 0.5609617829322815, 0.5603594183921814, 0.5582459568977356, 0.5581004023551941, 0.5554360151290894, 0.5579228401184082, 0.5534143447875977, 0.5525385141372681, 0.5518550276756287, 0.5511671304702759, 0.55000901222229, 0.5492948293685913, 0.5484316349029541, 0.5473639965057373, 0.5464154481887817, 0.5459928512573242, 0.5448749661445618, 0.5445645451545715, 0.5435101985931396, 0.5457202792167664, 0.5429689884185791, 0.5419955849647522, 0.5430112481117249, 0.5404420495033264, 0.5399457216262817, 0.5421662330627441, 0.5388603806495667, 0.5437679886817932, 0.5377227663993835, 0.5381518006324768, 0.5364920496940613, 0.5371832847595215, 0.5371567606925964, 0.536675214767456, 0.5363168120384216, 0.5383503437042236, 0.5377094745635986, 0.536440908908844, 0.5371878743171692, 0.5377731323242188, 0.5403460264205933, 0.5377465486526489, 0.53988116979599, 0.536544680595398, 0.5370630025863647],