{"train_loss": [0.6769083738327026, 0.6661366671323776, 0.6610070168972015, 0.6468737572431564, 0.6342933252453804, 0.6194974482059479, 0.6169434860348701, 0.5907900482416153, 0.5925669223070145, 0.6063287556171417, 0.5874132364988327, 0.5958038344979286, 0.5857383087277412, 0.591575600206852, 0.5943290367722511, 0.5838152840733528, 0.5806606933474541, 0.581852450966835, 0.5783232897520065, 0.5849560424685478, 0.582916833460331, 0.5755271092057228, 0.5748627930879593, 0.5779307708144188, 0.5723743215203285, 0.5852610170841217, 0.5761328861117363, 0.5764061063528061, 0.5715655907988548, 0.5878295674920082, 0.5789319649338722, 0.5749058350920677, 0.5785940065979958, 0.5760352239012718, 0.5757145881652832, 0.5836958959698677, 0.5843973010778427, 0.5725067593157291, 0.5851249992847443, 0.5780627690255642, 0.5896764621138573, 0.5805459246039391, 0.5856232792139053, 0.5751642286777496, 0.5801746547222137, 0.5946083515882492, 0.5736157819628716, 0.584283746778965, 0.580118902027607, 0.572320319712162, 0.5815175175666809, 0.5757048241794109, 0.5756299570202827, 0.5698710232973099, 0.5748599246144295, 0.5722631588578224, 0.5738750100135803, 0.5810183584690094, 0.5806011855602264, 0.572744831442833, 0.5873359814286232, 0.5961272567510605, 0.578007884323597, 0.5756378695368767, 0.5789057873189449, 0.5769254565238953, 0.5792259052395821, 0.5688504949212074, 0.5709370970726013, 0.5812977403402328, 0.5668995603919029, 0.5759338065981865, 0.5743629485368729, 0.5650155059993267, 0.5731988660991192, 0.5855676643550396, 0.5746980383992195, 0.5807888135313988, 0.577140137553215, 0.5707992315292358, 0.5770282670855522, 0.5751159824430943, 0.5784438028931618, 0.5691237524151802, 0.5799006409943104, 0.5822925418615341, 0.5691149830818176, 0.5674761980772018, 0.5652395337820053, 0.5836032927036285, 0.5796427056193352, 0.5934659391641617, 0.5981737822294235, 0.5883491784334183, 0.5781894475221634, 0.5754925832152367, 0.5691795200109482, 0.5658526867628098, 0.5730769336223602, 0.571812592446804], "train_acc": [0.5658174097664543, 0.5902335456475584, 0.5987261146496815, 0.6242038216560509, 0.6528662420382165, 0.6900212314225053, 0.697452229299363, 0.697452229299363, 0.6942675159235668, 0.6963906581740976, 0.7101910828025477, 0.7038216560509554, 0.7091295116772823, 0.7091295116772823, 0.7165605095541401, 0.7112526539278131, 0.7133757961783439, 0.7165605095541401, 0.7016985138004246, 0.7038216560509554, 0.7038216560509554, 0.7165605095541401, 0.7229299363057324, 0.7239915074309978, 0.721868365180467, 0.7239915074309978, 0.7154989384288747, 0.7282377919320594, 0.7229299363057324, 0.7261146496815286, 0.7197452229299363, 0.7176220806794055, 0.7123142250530785, 0.7133757961783439, 0.7101910828025477, 0.7133757961783439, 0.7154989384288747, 0.7123142250530785, 0.7070063694267515, 0.7091295116772823, 0.6985138004246284, 0.7101910828025477, 0.7154989384288747, 0.7186836518046709, 0.7239915074309978, 0.7154989384288747, 0.7123142250530785, 0.7229299363057324, 0.7239915074309978, 0.7165605095541401, 0.7165605095541401, 0.7186836518046709, 0.7165605095541401, 0.7261146496815286, 0.7282377919320594, 0.721868365180467, 0.7292993630573248, 0.7208067940552016, 0.7059447983014862, 0.7165605095541401, 0.7292993630573248, 0.7006369426751592, 0.7123142250530785, 0.7154989384288747, 0.6963906581740976, 0.7112526539278131, 0.7197452229299363, 0.7165605095541401, 0.7250530785562632, 0.7048832271762208, 0.7133757961783439, 0.7239915074309978, 0.7101910828025477, 0.7091295116772823, 0.721868365180467, 0.7123142250530785, 0.7186836518046709, 0.7070063694267515, 0.6942675159235668, 0.7176220806794055, 0.7123142250530785, 0.7208067940552016, 0.7229299363057324, 0.7112526539278131, 0.7133757961783439, 0.7154989384288747, 0.7144373673036093, 0.7165605095541401, 0.721868365180467, 0.7165605095541401, 0.7154989384288747, 0.7112526539278131, 0.6878980891719745, 0.7059447983014862, 0.7154989384288747, 0.7186836518046709, 0.721868365180467, 0.7133757961783439, 0.727176220806794, 0.7186836518046709], "val_loss": [0.6994031071662903, 0.6759021878242493, 0.6735939383506775, 0.643182098865509, 0.6149247884750366, 0.6026452779769897, 0.5992416739463806, 0.6059604287147522, 0.5859197378158569, 0.5853207111358643, 0.6104539632797241, 0.6182551980018616, 0.5838539600372314, 0.5841490626335144, 0.6049001216888428, 0.6161515116691589, 0.6150566339492798, 0.6109874248504639, 0.6118959784507751, 0.6493226289749146, 0.596674382686615, 0.6010740399360657, 0.6032290458679199, 0.600426971912384, 0.5987477898597717, 0.6216278672218323, 0.6113740801811218, 0.6033915877342224, 0.6209055781364441, 0.5914880037307739, 0.6155429482460022, 0.617576003074646, 0.589259147644043, 0.6203610897064209, 0.6155966520309448, 0.5976627469062805, 0.595522940158844, 0.612143337726593, 0.6240666508674622, 0.5869128108024597, 0.6314954161643982, 0.6232577562332153, 0.6006850600242615, 0.635310173034668, 0.5874990224838257, 0.6059660911560059, 0.6143847703933716, 0.5874199271202087, 0.6193013787269592, 0.5962129235267639, 0.606086015701294, 0.608927845954895, 0.6162734031677246, 0.6125118136405945, 0.5997779369354248, 0.6051305532455444, 0.5996600389480591, 0.5946711301803589, 0.6355077028274536, 0.6118485927581787, 0.5859724283218384, 0.6499083638191223, 0.5989158749580383, 0.5882383584976196, 0.6344764232635498, 0.6158940196037292, 0.6202858090400696, 0.6089507341384888, 0.5996045470237732, 0.6282628774642944, 0.6002863049507141, 0.6006743311882019, 0.6234235167503357, 0.6039422154426575, 0.6087231636047363, 0.6105765700340271, 0.5961414575576782, 0.6523637175559998, 0.5905417203903198, 0.6144185066223145, 0.6244629621505737, 0.5902796983718872, 0.6144569516181946, 0.6197685599327087, 0.5917543172836304, 0.6155542135238647, 0.5988638997077942, 0.6317668557167053, 0.5926860570907593, 0.6081711053848267, 0.6538733243942261, 0.5938150882720947, 0.6691712737083435, 0.6166659593582153, 0.5964010953903198, 0.6184620261192322, 0.5965195894241333, 0.6226679086685181, 0.5917344093322754, 0.6101342439651489],