{"train_loss": [0.6805604621767998, 0.6681924909353256, 0.6625900492072105, 0.6502658352255821, 0.6302352622151375, 0.6264059916138649, 0.6071304306387901, 0.5943227633833885, 0.5927256047725677, 0.5963460952043533, 0.5917010307312012, 0.6055201962590218, 0.5889080613851547, 0.5824707821011543, 0.5913649648427963, 0.5830091908574104, 0.5776126310229301, 0.5804524421691895, 0.5819999165832996, 0.5726218894124031, 0.5822374299168587, 0.5792298540472984, 0.5735025405883789, 0.5877029672265053, 0.5805200785398483, 0.5726933665573597, 0.5875487923622131, 0.5838847681879997, 0.5758403316140175, 0.5782364010810852, 0.5841051489114761, 0.5773459002375603, 0.5693985223770142, 0.5737211890518665, 0.5804036557674408, 0.5818852856755257, 0.5810181275010109, 0.5826448425650597, 0.5812959596514702, 0.5729696974158287, 0.5798688009381294, 0.5788371041417122, 0.5834626108407974, 0.579182967543602, 0.5860308483242989, 0.5807884782552719, 0.5694287791848183, 0.5720120556652546, 0.5714474618434906, 0.580866850912571, 0.5892490148544312, 0.5643900334835052, 0.5809533521533012, 0.5660795234143734, 0.5862555876374245, 0.5818146467208862, 0.5692088007926941, 0.5744553171098232, 0.5782267488539219, 0.5752833783626556, 0.5717003047466278, 0.5772621259093285, 0.593461312353611, 0.5777366384863853, 0.5816954001784325, 0.5927778258919716, 0.5741322711110115, 0.5759091973304749, 0.5801867321133614, 0.580500915646553, 0.5906638503074646, 0.5808707252144814, 0.5752658471465111, 0.5845185145735741, 0.5656535588204861, 0.5795731171965599, 0.5747564733028412, 0.5739685520529747, 0.5755416266620159, 0.5735357031226158, 0.5797904133796692, 0.5867801532149315, 0.5734823495149612, 0.5760752782225609, 0.5776401832699776, 0.571868933737278, 0.5804527401924133, 0.5738866850733757, 0.5744531378149986, 0.5704532787203789, 0.5802286341786385, 0.5730798691511154, 0.5865383595228195, 0.5779718980193138, 0.5794471949338913, 0.5712456926703453, 0.5627938993275166, 0.5633909963071346, 0.5727577283978462, 0.5679208338260651], "train_acc": [0.5679405520169851, 0.5923566878980892, 0.5955414012738853, 0.6337579617834395, 0.678343949044586, 0.667728237791932, 0.6953290870488322, 0.721868365180467, 0.7123142250530785, 0.7165605095541401, 0.7112526539278131, 0.7261146496815286, 0.727176220806794, 0.7197452229299363, 0.7197452229299363, 0.7208067940552016, 0.7335456475583864, 0.7250530785562632, 0.7314225053078556, 0.7250530785562632, 0.727176220806794, 0.727176220806794, 0.7356687898089171, 0.7101910828025477, 0.7197452229299363, 0.7197452229299363, 0.7144373673036093, 0.7399150743099787, 0.7261146496815286, 0.7229299363057324, 0.7303609341825902, 0.732484076433121, 0.7399150743099787, 0.732484076433121, 0.721868365180467, 0.7314225053078556, 0.7208067940552016, 0.7091295116772823, 0.7367303609341825, 0.7282377919320594, 0.732484076433121, 0.7261146496815286, 0.727176220806794, 0.7186836518046709, 0.7261146496815286, 0.7335456475583864, 0.7229299363057324, 0.727176220806794, 0.7282377919320594, 0.7261146496815286, 0.727176220806794, 0.7335456475583864, 0.7292993630573248, 0.7292993630573248, 0.7229299363057324, 0.7356687898089171, 0.732484076433121, 0.7186836518046709, 0.732484076433121, 0.7282377919320594, 0.7388535031847133, 0.721868365180467, 0.7197452229299363, 0.7239915074309978, 0.7388535031847133, 0.7292993630573248, 0.7367303609341825, 0.727176220806794, 0.7367303609341825, 0.7250530785562632, 0.7250530785562632, 0.7239915074309978, 0.7239915074309978, 0.7292993630573248, 0.7377919320594479, 0.7261146496815286, 0.7367303609341825, 0.721868365180467, 0.7208067940552016, 0.7250530785562632, 0.7292993630573248, 0.7229299363057324, 0.7282377919320594, 0.7292993630573248, 0.732484076433121, 0.7239915074309978, 0.7186836518046709, 0.7229299363057324, 0.7282377919320594, 0.7356687898089171, 0.7335456475583864, 0.7346072186836518, 0.732484076433121, 0.7314225053078556, 0.7388535031847133, 0.7399150743099787, 0.7367303609341825, 0.7409766454352441, 0.7367303609341825, 0.7335456475583864], "val_loss": [0.7046683430671692, 0.6873334646224976, 0.6827726364135742, 0.6718620657920837, 0.6624199151992798, 0.6195584535598755, 0.6490464210510254, 0.6014771461486816, 0.6061024069786072, 0.5998404026031494, 0.5907700657844543, 0.63653165102005, 0.6003217101097107, 0.5902937054634094, 0.6467626690864563, 0.5890420079231262, 0.5956358909606934, 0.61165851354599, 0.5781617760658264, 0.6080173850059509, 0.6031174659729004, 0.5831345915794373, 0.6139944791793823, 0.5857203006744385, 0.5846061110496521, 0.6236093044281006, 0.5840271711349487, 0.5857369303703308, 0.5737874507904053, 0.5937414169311523, 0.5973387956619263, 0.5884970426559448, 0.5804707407951355, 0.5702325105667114, 0.6126279830932617, 0.6017122268676758, 0.5709753036499023, 0.6032299995422363, 0.5802971720695496, 0.5807681083679199, 0.5872162580490112, 0.6378248929977417, 0.5724987983703613, 0.6037485599517822, 0.5970320701599121, 0.5774468183517456, 0.6170912384986877, 0.5866476893424988, 0.5753728747367859, 0.61407071352005, 0.5783190727233887, 0.599502444267273, 0.579745888710022, 0.6253037452697754, 0.5738815069198608, 0.59915691614151, 0.5965695977210999, 0.5710301995277405, 0.5978297591209412, 0.5874645113945007, 0.5856074690818787, 0.5671724677085876, 0.6448391079902649, 0.5745319724082947, 0.5990460515022278, 0.5889397859573364, 0.5905423164367676, 0.5820556282997131, 0.6081465482711792, 0.5694513320922852, 0.5985668301582336, 0.5895217061042786, 0.5826155543327332, 0.5918842554092407, 0.5990283489227295, 0.574048638343811, 0.5910303592681885, 0.6114305853843689, 0.5747480392456055, 0.574020266532898, 0.6139304041862488, 0.5714969635009766, 0.6039732694625854, 0.5898444056510925, 0.5849140286445618, 0.5784498453140259, 0.6120247840881348, 0.5868444442749023, 0.5772203207015991, 0.5847746729850769, 0.580028772354126, 0.5834859609603882, 0.5976845026016235, 0.5875725150108337, 0.590732991695404, 0.5833389163017273, 0.5819545388221741, 0.57968670129776, 0.5931402444839478, 0.5794758796691895],