{"train_loss": [0.6925899311900139, 0.6873706132173538, 0.6803848519921303, 0.6811944991350174, 0.6792918145656586, 0.6788796707987785, 0.674745574593544, 0.6757653653621674, 0.6763927340507507, 0.6761487051844597, 0.6757439374923706, 0.6737315282225609, 0.6690878421068192, 0.6671309843659401, 0.6676312536001205, 0.6651070937514305, 0.6612634286284447, 0.6559132561087608, 0.6500454694032669, 0.6487694904208183, 0.6415368616580963, 0.6428642198443413, 0.6323016881942749, 0.6242160871624947, 0.6170982122421265, 0.6148876622319221, 0.6113889217376709, 0.6147461086511612, 0.6041030660271645, 0.601287953555584, 0.6005997136235237, 0.5905311889946461, 0.6007035747170448, 0.602432869374752, 0.5981509014964104, 0.5964731574058533, 0.6019282191991806, 0.5963131710886955, 0.5992803573608398, 0.5945910140872002, 0.5895918384194374, 0.5989011228084564, 0.5897301957011223, 0.5861854329705238, 0.5948721542954445, 0.5859584212303162, 0.5844664052128792, 0.5820116996765137, 0.5909075736999512, 0.584869034588337, 0.596510998904705, 0.5890922248363495, 0.5900594964623451, 0.5915947705507278, 0.5914071798324585, 0.5939975455403328, 0.5908669009804726, 0.5934184491634369, 0.5933306515216827, 0.5953417792916298, 0.5811170935630798, 0.5784172639250755, 0.5882708430290222, 0.5909532159566879, 0.5896816849708557, 0.5864149034023285, 0.5871582850813866, 0.583805151283741, 0.575020544230938, 0.5798430889844894, 0.5925360023975372, 0.5806968063116074, 0.5845629498362541, 0.5958297476172447, 0.5880604833364487, 0.5898007899522781, 0.5839274078607559, 0.5787173584103584, 0.5851114988327026, 0.5803094580769539, 0.5824385806918144, 0.5799008756875992, 0.5857276245951653, 0.5840148478746414, 0.5783954858779907, 0.5846943631768227, 0.5755573138594627, 0.5856909714639187, 0.5922817848622799, 0.5790668204426765, 0.5814687684178352, 0.5814727619290352, 0.5756318308413029, 0.5738962292671204, 0.5737001746892929, 0.5790208652615547, 0.5782445222139359, 0.5754189938306808, 0.5848618969321251, 0.579790934920311], "train_acc": [0.5318471337579618, 0.5774946921443737, 0.5774946921443737, 0.5774946921443737, 0.5774946921443737, 0.5774946921443737, 0.5774946921443737, 0.5774946921443737, 0.5774946921443737, 0.5774946921443737, 0.5774946921443737, 0.5774946921443737, 0.5774946921443737, 0.5774946921443737, 0.578556263269639, 0.589171974522293, 0.6125265392781316, 0.6029723991507431, 0.6040339702760085, 0.6496815286624203, 0.6751592356687898, 0.6613588110403397, 0.6953290870488322, 0.6847133757961783, 0.6794055201698513, 0.6963906581740976, 0.6995753715498938, 0.6963906581740976, 0.7059447983014862, 0.697452229299363, 0.7091295116772823, 0.7239915074309978, 0.6963906581740976, 0.70276008492569, 0.7059447983014862, 0.7080679405520169, 0.6932059447983014, 0.7154989384288747, 0.7091295116772823, 0.7133757961783439, 0.7133757961783439, 0.7208067940552016, 0.727176220806794, 0.7038216560509554, 0.727176220806794, 0.7154989384288747, 0.727176220806794, 0.7154989384288747, 0.7197452229299363, 0.70276008492569, 0.7176220806794055, 0.7144373673036093, 0.7091295116772823, 0.7048832271762208, 0.7176220806794055, 0.7112526539278131, 0.7091295116772823, 0.70276008492569, 0.7133757961783439, 0.7144373673036093, 0.7399150743099787, 0.727176220806794, 0.7239915074309978, 0.7186836518046709, 0.727176220806794, 0.7250530785562632, 0.721868365180467, 0.7154989384288747, 0.7229299363057324, 0.7176220806794055, 0.7250530785562632, 0.727176220806794, 0.7154989384288747, 0.7229299363057324, 0.721868365180467, 0.7239915074309978, 0.7197452229299363, 0.721868365180467, 0.7239915074309978, 0.7186836518046709, 0.7292993630573248, 0.727176220806794, 0.7282377919320594, 0.7314225053078556, 0.7250530785562632, 0.7346072186836518, 0.721868365180467, 0.7250530785562632, 0.7239915074309978, 0.7208067940552016, 0.727176220806794, 0.732484076433121, 0.7239915074309978, 0.7282377919320594, 0.7239915074309978, 0.7303609341825902, 0.7314225053078556, 0.7282377919320594, 0.732484076433121, 0.7356687898089171], "val_loss": [0.6880688071250916, 0.6831925511360168, 0.6798985004425049, 0.6784199476242065, 0.6777309775352478, 0.676973283290863, 0.6762104630470276, 0.6752482652664185, 0.6742128729820251, 0.6728174090385437, 0.6713164448738098, 0.6691250205039978, 0.6662480235099792, 0.6628876328468323, 0.6593695878982544, 0.6557170748710632, 0.6504647135734558, 0.6448952555656433, 0.6389481425285339, 0.6327046155929565, 0.6245138049125671, 0.6171091794967651, 0.6106328964233398, 0.6033859252929688, 0.5976269245147705, 0.589008092880249, 0.585879921913147, 0.578036367893219, 0.5735623240470886, 0.5720297694206238, 0.569258987903595, 0.566040575504303, 0.5675007700920105, 0.5656758546829224, 0.5683035850524902, 0.5677886009216309, 0.567226231098175, 0.560330331325531, 0.5595700740814209, 0.558315634727478, 0.5578924417495728, 0.5585863590240479, 0.5562009215354919, 0.5562522411346436, 0.555158257484436, 0.5567850470542908, 0.5539887547492981, 0.5548405051231384, 0.552429735660553, 0.5560178160667419, 0.5528419613838196, 0.5547797083854675, 0.5523622035980225, 0.5533075332641602, 0.552241325378418, 0.5525432229042053, 0.5525748133659363, 0.5516741871833801, 0.5558144450187683, 0.5517399311065674, 0.5555959343910217, 0.5517407655715942, 0.5523842573165894, 0.551031768321991, 0.552044689655304, 0.551140308380127, 0.5518728494644165, 0.5509951114654541, 0.5514814853668213, 0.5508213639259338, 0.5520645976066589, 0.5509282350540161, 0.5512585043907166, 0.5517491102218628, 0.5515314936637878, 0.5551832318305969, 0.551341712474823, 0.5546496510505676, 0.5512535572052002, 0.5527738332748413, 0.5510664582252502, 0.5506152510643005, 0.5511136054992676, 0.5506152510643005, 0.5523480772972107, 0.55086350440979, 0.5517745018005371, 0.551450252532959, 0.5516140460968018, 0.5524072051048279, 0.5512614846229553, 0.5525628328323364, 0.5524035692214966, 0.5548475384712219, 0.5518017411231995, 0.5548068881034851, 0.5515651702880859, 0.554740309715271, 0.5520462989807129, 0.5559797883033752], "val_acc": [0.5811965811965812, 0.5811965811965812, 0.5811965811965812, 0.5811965811965812, 0.5811965811965812, 0.5811965811965812, 0.5811965811965812, 0.5811965811965812, 0.5811965811965812, 0.5811965811965812, 0.5811965811965812, 0.5811965811965812, 0.5811965811965812, 0.5811965811965812, 0.5811965811965812, 0.6068376068376068, 0.6239316239316239, 0.6068376068376068, 0.6666666666666666, 0.7094017094017094, 0.7094017094017094, 0.7094017094017094, 0.717948717948718, 0.717948717948718, 0.7521367521367521, 0.7350427350427351, 0.7094017094017094, 0.7350427350427351, 0.7606837606837606, 0.7350427350427351, 0.7264957264957265, 0.7606837606837606, 0.7094017094017094, 0.7264957264957265, 0.6666666666666666, 0.7094017094017094, 0.6837606837606838, 0.7435897435897436, 0.717948717948718, 0.7350427350427351, 0.7350427350427351, 0.717948717948718, 0.7606837606837606, 0.717948717948718, 0.7606837606837606, 0.7264957264957265, 0.7606837606837606, 0.7264957264957265, 0.7350427350427351, 0.7094017094017094, 0.7264957264957265, 0.717948717948718, 0.7435897435897436, 0.7264957264957265, 0.7435897435897436, 0.7264957264957265, 0.7264957264957265, 0.7435897435897436, 0.717948717948718, 0.7350427350427351, 0.717948717948718, 0.7350427350427351, 0.7350427350427351, 0.7521367521367521, 0.7350427350427351, 0.7435897435897436, 0.7350427350427351, 0.7350427350427351, 0.7350427350427351, 0.7521367521367521, 0.7350427350427351, 0.7350427350427351, 0.7435897435897436, 0.7435897435897436, 0.7350427350427351, 0.7350427350427351, 0.7435897435897436, 0.7350427350427351, 0.7435897435897436, 0.7350427350427351, 0.7350427350427351, 0.7435897435897436, 0.7350427350427351, 0.7350427350427351, 0.7350427350427351, 0.7350427350427351, 0.7264957264957265, 0.7350427350427351, 0.7350427350427351, 0.7264957264957265, 0.7350427350427351, 0.7264957264957265, 0.7350427350427351, 0.7350427350427351, 0.7435897435897436, 0.7350427350427351, 0.7350427350427351, 0.7350427350427351, 0.7435897435897436, 0.7350427350427351]}