{"train_loss": [0.6770620420575142, 0.6759224757552147, 0.6771539896726608, 0.6738496273756027, 0.6697237193584442, 0.672580361366272, 0.6704487949609756, 0.6719380244612694, 0.6677744090557098, 0.6642072945833206, 0.6639416068792343, 0.6582612469792366, 0.6500377580523491, 0.6433579325675964, 0.638808123767376, 0.6260088607668877, 0.6171055808663368, 0.6200768351554871, 0.607638418674469, 0.6022835075855255, 0.5979848802089691, 0.5968463346362114, 0.591698482632637, 0.599919281899929, 0.593771256506443, 0.5835032984614372, 0.597374439239502, 0.5926031917333603, 0.5836258083581924, 0.5824785307049751, 0.5896618515253067, 0.5802924185991287, 0.5758691430091858, 0.579279750585556, 0.5799514278769493, 0.585751436650753, 0.5842231251299381, 0.5800564736127853, 0.5825235694646835, 0.5767272487282753, 0.5819406732916832, 0.5793213322758675, 0.5865199789404869, 0.5783950537443161, 0.5887609347701073, 0.5809363089501858, 0.570872575044632, 0.5679055042564869, 0.5727589875459671, 0.5807700753211975, 0.5864204093813896, 0.5582506358623505, 0.5820226222276688, 0.5650907754898071, 0.5833472460508347, 0.5797617956995964, 0.5669028870761395, 0.5683433525264263, 0.5741139575839043, 0.5684237331151962, 0.5695400312542915, 0.5738290920853615, 0.5886430814862251, 0.5743989497423172, 0.5795149728655815, 0.5846422612667084, 0.5716852098703384, 0.5729728564620018, 0.5789169669151306, 0.581510491669178, 0.5859197303652763, 0.5741356983780861, 0.5705346018075943, 0.5767045319080353, 0.562844030559063, 0.5743052065372467, 0.5686190649867058, 0.5670791268348694, 0.5630754046142101, 0.5661713182926178, 0.5712640136480331, 0.5788532346487045, 0.5680952817201614, 0.5680517479777336, 0.5706044137477875, 0.564117044210434, 0.5778166130185127, 0.5690883100032806, 0.5679596662521362, 0.5659463852643967, 0.5714229494333267, 0.5679420381784439, 0.5802837908267975, 0.5686487630009651, 0.5691750720143318, 0.5653242543339729, 0.5547464340925217, 0.5566274672746658, 0.5661082975566387, 0.5572006031870842], "train_acc": [0.5934182590233545, 0.5934182590233545, 0.5934182590233545, 0.5934182590233545, 0.5934182590233545, 0.5934182590233545, 0.5934182590233545, 0.5934182590233545, 0.5934182590233545, 0.5934182590233545, 0.5934182590233545, 0.5955414012738853, 0.6040339702760085, 0.6146496815286624, 0.6889596602972399, 0.6666666666666666, 0.6995753715498938, 0.6815286624203821, 0.7059447983014862, 0.7176220806794055, 0.7144373673036093, 0.7144373673036093, 0.7239915074309978, 0.7133757961783439, 0.7261146496815286, 0.7112526539278131, 0.7176220806794055, 0.7261146496815286, 0.7229299363057324, 0.7133757961783439, 0.7186836518046709, 0.7314225053078556, 0.7335456475583864, 0.7154989384288747, 0.7229299363057324, 0.7303609341825902, 0.7186836518046709, 0.7197452229299363, 0.7377919320594479, 0.7239915074309978, 0.7229299363057324, 0.7282377919320594, 0.7229299363057324, 0.7239915074309978, 0.7229299363057324, 0.7314225053078556, 0.7356687898089171, 0.7335456475583864, 0.7314225053078556, 0.7356687898089171, 0.7356687898089171, 0.732484076433121, 0.7314225053078556, 0.7356687898089171, 0.721868365180467, 0.7261146496815286, 0.7409766454352441, 0.7229299363057324, 0.7335456475583864, 0.7303609341825902, 0.732484076433121, 0.7239915074309978, 0.7292993630573248, 0.7229299363057324, 0.7356687898089171, 0.7377919320594479, 0.7314225053078556, 0.7356687898089171, 0.7377919320594479, 0.7282377919320594, 0.7303609341825902, 0.7441613588110403, 0.7367303609341825, 0.727176220806794, 0.7346072186836518, 0.7197452229299363, 0.7356687898089171, 0.7314225053078556, 0.7282377919320594, 0.732484076433121, 0.7420382165605095, 0.732484076433121, 0.7292993630573248, 0.7239915074309978, 0.7356687898089171, 0.7346072186836518, 0.7282377919320594, 0.7261146496815286, 0.7303609341825902, 0.732484076433121, 0.7377919320594479, 0.7409766454352441, 0.732484076433121, 0.7388535031847133, 0.7420382165605095, 0.7388535031847133, 0.7377919320594479, 0.7314225053078556, 0.7377919320594479, 0.7388535031847133], "val_loss": [0.7038897275924683, 0.7064386606216431, 0.7062926292419434, 0.7030416131019592, 0.7021492719650269, 0.7083765864372253, 0.7057966589927673, 0.7002704739570618, 0.6927322149276733, 0.6975768208503723, 0.6917744874954224, 0.6805667877197266, 0.6786667108535767, 0.6644689440727234, 0.6716619729995728, 0.644166886806488, 0.6638218760490417, 0.6296599507331848, 0.6274620890617371, 0.6329609155654907, 0.6188287138938904, 0.6177678108215332, 0.6257860660552979, 0.604552686214447, 0.6022646427154541, 0.6323566436767578, 0.6019414663314819, 0.6085289120674133, 0.5904518961906433, 0.6142771244049072, 0.6012690663337708, 0.6046655774116516, 0.5931275486946106, 0.5906178951263428, 0.6148530840873718, 0.5945155620574951, 0.5817137360572815, 0.6094021797180176, 0.5823802947998047, 0.6008024215698242, 0.5876144766807556, 0.6291187405586243, 0.5793748497962952, 0.6075960397720337, 0.5923721194267273, 0.5877898335456848, 0.6120945811271667, 0.5872865319252014, 0.589016318321228, 0.6037759780883789, 0.5793831944465637, 0.6064831614494324, 0.58310866355896, 0.6214848160743713, 0.5770584940910339, 0.6021601557731628, 0.5896828770637512, 0.5860083699226379, 0.5925162434577942, 0.5892418622970581, 0.594039261341095, 0.5740634799003601, 0.6296497583389282, 0.5734294056892395, 0.6059244275093079, 0.5809909701347351, 0.5968132615089417, 0.5816844701766968, 0.6041553020477295, 0.5748443007469177, 0.5924981236457825, 0.5876153111457825, 0.5876777768135071, 0.5880756974220276, 0.5957759618759155, 0.5811780691146851, 0.5913228988647461, 0.5992999076843262, 0.5813375115394592, 0.5799955725669861, 0.595589816570282, 0.5734276175498962, 0.5940937399864197, 0.5843265652656555, 0.5885461568832397, 0.5771157145500183, 0.6078960299491882, 0.5857639312744141, 0.5850781798362732, 0.5816813707351685, 0.5904255509376526, 0.5804790258407593, 0.5954283475875854, 0.5791887044906616, 0.5911520719528198, 0.5849516987800598, 0.5861684083938599, 0.5857669711112976, 0.5894282460212708, 0.5836880207061768],