{"train_loss": [0.6858487725257874, 0.6825834065675735, 0.6778685823082924, 0.6806930303573608, 0.6790022626519203, 0.6784826964139938, 0.6745133548974991, 0.6741860955953598, 0.6746525838971138, 0.6727540269494057, 0.66977608948946, 0.663842536509037, 0.6554823741316795, 0.6500652357935905, 0.6462459713220596, 0.6411146149039268, 0.6309146881103516, 0.6238439008593559, 0.6141135990619659, 0.620407372713089, 0.6095458120107651, 0.6125214025378227, 0.6020241752266884, 0.60022883862257, 0.5885795652866364, 0.5931374877691269, 0.5906046628952026, 0.6012563779950142, 0.5892405137419701, 0.5878169164061546, 0.5908424630761147, 0.5755650214850903, 0.5893851220607758, 0.5905124619603157, 0.5874193534255028, 0.5815948247909546, 0.5852043703198433, 0.5870422832667828, 0.593181200325489, 0.5852891579270363, 0.5775366574525833, 0.5858495458960533, 0.5795297920703888, 0.576892051845789, 0.5872578993439674, 0.5768953561782837, 0.5750354304909706, 0.5713554471731186, 0.5796213895082474, 0.5837067030370235, 0.588058203458786, 0.5771914124488831, 0.5830460414290428, 0.5786242261528969, 0.5844084993004799, 0.5841814279556274, 0.5825268179178238, 0.582317166030407, 0.5938362628221512, 0.5872509926557541, 0.5780454874038696, 0.5693111643195152, 0.5804230719804764, 0.5844654887914658, 0.582662858068943, 0.578803226351738, 0.5866452306509018, 0.5816874802112579, 0.569853849709034, 0.5726156756281853, 0.5876926109194756, 0.5742314383387566, 0.5772344022989273, 0.5881008058786392, 0.5833229124546051, 0.5871836096048355, 0.5782329514622688, 0.5775094553828239, 0.5793774649500847, 0.5838592797517776, 0.5807321071624756, 0.5743759796023369, 0.5808051601052284, 0.5800739154219627, 0.5788378119468689, 0.5767851918935776, 0.5699042081832886, 0.5804085247218609, 0.5777523852884769, 0.5739122331142426, 0.5726041868329048, 0.5765884667634964, 0.5749634727835655, 0.5652209334075451, 0.5641132816672325, 0.5724915489554405, 0.5708912834525108, 0.5709631741046906, 0.5733207166194916, 0.5788319520652294], "train_acc": [0.5774946921443737, 0.5774946921443737, 0.5774946921443737, 0.5774946921443737, 0.5774946921443737, 0.5774946921443737, 0.5774946921443737, 0.5774946921443737, 0.5774946921443737, 0.5774946921443737, 0.5774946921443737, 0.583864118895966, 0.6019108280254777, 0.6093418259023354, 0.6220806794055201, 0.6815286624203821, 0.6825902335456475, 0.6825902335456475, 0.6794055201698513, 0.7006369426751592, 0.7154989384288747, 0.692144373673036, 0.7165605095541401, 0.7123142250530785, 0.7165605095541401, 0.7154989384288747, 0.7165605095541401, 0.7101910828025477, 0.7239915074309978, 0.7080679405520169, 0.7144373673036093, 0.7229299363057324, 0.7101910828025477, 0.7101910828025477, 0.7176220806794055, 0.7197452229299363, 0.7186836518046709, 0.7197452229299363, 0.7144373673036093, 0.7070063694267515, 0.7229299363057324, 0.7250530785562632, 0.7303609341825902, 0.7186836518046709, 0.7197452229299363, 0.7261146496815286, 0.7144373673036093, 0.721868365180467, 0.7176220806794055, 0.7208067940552016, 0.7154989384288747, 0.7250530785562632, 0.7006369426751592, 0.7123142250530785, 0.7186836518046709, 0.7123142250530785, 0.727176220806794, 0.7186836518046709, 0.7229299363057324, 0.7186836518046709, 0.7208067940552016, 0.732484076433121, 0.7165605095541401, 0.7208067940552016, 0.7303609341825902, 0.727176220806794, 0.7261146496815286, 0.721868365180467, 0.7314225053078556, 0.7292993630573248, 0.7229299363057324, 0.7356687898089171, 0.721868365180467, 0.7250530785562632, 0.7250530785562632, 0.7261146496815286, 0.7250530785562632, 0.7239915074309978, 0.721868365180467, 0.7154989384288747, 0.721868365180467, 0.7314225053078556, 0.7229299363057324, 0.732484076433121, 0.7154989384288747, 0.7197452229299363, 0.7239915074309978, 0.7261146496815286, 0.7335456475583864, 0.7197452229299363, 0.7282377919320594, 0.7282377919320594, 0.7165605095541401, 0.727176220806794, 0.727176220806794, 0.7303609341825902, 0.7303609341825902, 0.7346072186836518, 0.7250530785562632, 0.7367303609341825], "val_loss": [0.6802176833152771, 0.679123044013977, 0.6785913705825806, 0.6779384613037109, 0.6771900653839111, 0.6761636734008789, 0.67484050989151, 0.672883152961731, 0.6701156497001648, 0.6665589213371277, 0.6605876684188843, 0.6529902815818787, 0.6438459753990173, 0.6337590217590332, 0.624691367149353, 0.6168333888053894, 0.6073409914970398, 0.5989617109298706, 0.5994746088981628, 0.5854715704917908, 0.5803185701370239, 0.5786464810371399, 0.5721365809440613, 0.5687163472175598, 0.5674669146537781, 0.5637065768241882, 0.5644408464431763, 0.5586706399917603, 0.5574901103973389, 0.5591729283332825, 0.5602058172225952, 0.5573979020118713, 0.5642276406288147, 0.5608670711517334, 0.5643921494483948, 0.5651939511299133, 0.5707557201385498, 0.5586678385734558, 0.5570491552352905, 0.5563062429428101, 0.5565557479858398, 0.5570197701454163, 0.5553078055381775, 0.5575079917907715, 0.5561729669570923, 0.5599687099456787, 0.5560582280158997, 0.5606387257575989, 0.5574246644973755, 0.5714978575706482, 0.5628143548965454, 0.5653274655342102, 0.5596867799758911, 0.5638951063156128, 0.5572001338005066, 0.5637288093566895, 0.5586001873016357, 0.5623335838317871, 0.5556892156600952, 0.5591657757759094, 0.5564122796058655, 0.5564916729927063, 0.5565808415412903, 0.5561028718948364, 0.5578392148017883, 0.5568270087242126, 0.561974287033081, 0.5589181184768677, 0.5590251684188843, 0.558154821395874, 0.5603001117706299, 0.5573756694793701, 0.5578030347824097, 0.5579513907432556, 0.5589499473571777, 0.5592240691184998, 0.5590330362319946, 0.5593991279602051, 0.5589282512664795, 0.5587199926376343, 0.5589792728424072, 0.5575706362724304, 0.5598236322402954, 0.5578413605690002, 0.5618987679481506, 0.5583497881889343, 0.5605134963989258, 0.5585487484931946, 0.5605740547180176, 0.5590285658836365, 0.5593832731246948, 0.5590705275535583, 0.5593690872192383, 0.5605726838111877, 0.5592374205589294, 0.5608633756637573, 0.5592082142829895, 0.5607679486274719, 0.5593580007553101, 0.5625068545341492],