{"train_loss": [0.6911678910255432, 0.6741747483611107, 0.6716161221265793, 0.6655622720718384, 0.6543223261833191, 0.6412874236702919, 0.6196071058511734, 0.6144508644938469, 0.6028010472655296, 0.5968048945069313, 0.5888411104679108, 0.589847095310688, 0.5848024040460587, 0.5784570425748825, 0.5981814041733742, 0.5962008535861969, 0.5842716246843338, 0.5942724123597145, 0.5863374844193459, 0.6040215715765953, 0.5923062413930893, 0.5918057858943939, 0.5824722200632095, 0.5819576159119606, 0.576449528336525, 0.5812036544084549, 0.5769155323505402, 0.5881278961896896, 0.576374962925911, 0.5777226835489273, 0.5813922733068466, 0.5659210495650768, 0.5862787887454033, 0.5834986791014671, 0.5794798880815506, 0.5789509043097496, 0.5773353204131126, 0.5807705260813236, 0.5905647054314613, 0.5897324979305267, 0.583166092634201, 0.5862907990813255, 0.5759296789765358, 0.5727230720221996, 0.5839603990316391, 0.5740242227911949, 0.5730921477079391, 0.5709542632102966, 0.5797635838389397, 0.5826147720217705, 0.5884569212794304, 0.5845531895756721, 0.5792369283735752, 0.5767070353031158, 0.5815160572528839, 0.5786647573113441, 0.5795129463076591, 0.5751243233680725, 0.5990670248866081, 0.5856618881225586, 0.5821517109870911, 0.5773177593946457, 0.581995502114296, 0.5885293707251549, 0.5834227576851845, 0.578683651983738, 0.5922917425632477, 0.5849490091204643, 0.5803146585822105, 0.5766946971416473, 0.5898594632744789, 0.5727861523628235, 0.5820407643914223, 0.5855169519782066, 0.5895579606294632, 0.5886513069272041, 0.5764111801981926, 0.5749783739447594, 0.5792996883392334, 0.5826712101697922, 0.5825306549668312, 0.5810506492853165, 0.5840897411108017, 0.5811900720000267, 0.5787169933319092, 0.5834373086690903, 0.5757318623363972, 0.5838169902563095, 0.5845778286457062, 0.5784691274166107, 0.5775806829333305, 0.5770323872566223, 0.5806240998208523, 0.57083884999156, 0.5697983801364899, 0.5749466344714165, 0.5768089592456818, 0.5754522755742073, 0.5794123038649559, 0.5835614539682865], "train_acc": [0.5668789808917197, 0.5774946921443737, 0.6029723991507431, 0.5796178343949044, 0.618895966029724, 0.6464968152866242, 0.6932059447983014, 0.6847133757961783, 0.7048832271762208, 0.7070063694267515, 0.7229299363057324, 0.7059447983014862, 0.7197452229299363, 0.7239915074309978, 0.7186836518046709, 0.7176220806794055, 0.7186836518046709, 0.7101910828025477, 0.7016985138004246, 0.6910828025477707, 0.7059447983014862, 0.6995753715498938, 0.7197452229299363, 0.7239915074309978, 0.7197452229299363, 0.7176220806794055, 0.7197452229299363, 0.7165605095541401, 0.7239915074309978, 0.7261146496815286, 0.7208067940552016, 0.7261146496815286, 0.7123142250530785, 0.7059447983014862, 0.7239915074309978, 0.7239915074309978, 0.7261146496815286, 0.7197452229299363, 0.7250530785562632, 0.7101910828025477, 0.7101910828025477, 0.7261146496815286, 0.7229299363057324, 0.7261146496815286, 0.727176220806794, 0.7261146496815286, 0.7208067940552016, 0.7229299363057324, 0.7165605095541401, 0.721868365180467, 0.7123142250530785, 0.7123142250530785, 0.7186836518046709, 0.7239915074309978, 0.7165605095541401, 0.7239915074309978, 0.7165605095541401, 0.7197452229299363, 0.7059447983014862, 0.7303609341825902, 0.7186836518046709, 0.7229299363057324, 0.721868365180467, 0.7197452229299363, 0.7186836518046709, 0.7154989384288747, 0.7154989384288747, 0.7133757961783439, 0.7101910828025477, 0.7197452229299363, 0.7208067940552016, 0.727176220806794, 0.727176220806794, 0.7229299363057324, 0.7112526539278131, 0.7059447983014862, 0.7208067940552016, 0.7133757961783439, 0.7208067940552016, 0.7186836518046709, 0.7133757961783439, 0.7208067940552016, 0.7282377919320594, 0.727176220806794, 0.7303609341825902, 0.7176220806794055, 0.7250530785562632, 0.7261146496815286, 0.7176220806794055, 0.7133757961783439, 0.7176220806794055, 0.7112526539278131, 0.7176220806794055, 0.7197452229299363, 0.721868365180467, 0.7303609341825902, 0.7186836518046709, 0.7197452229299363, 0.721868365180467, 0.7208067940552016], "val_loss": [0.675975501537323, 0.6730315089225769, 0.6616310477256775, 0.6521369218826294, 0.6380720734596252, 0.612699568271637, 0.58846116065979, 0.5688245892524719, 0.5640103220939636, 0.558820366859436, 0.5598433017730713, 0.5570738315582275, 0.5516007542610168, 0.5615846514701843, 0.5617626905441284, 0.5569552779197693, 0.5648777484893799, 0.5600727796554565, 0.5945236086845398, 0.5610496997833252, 0.5624585151672363, 0.5694637894630432, 0.5561534762382507, 0.5526576042175293, 0.5620185732841492, 0.5559824109077454, 0.5590619444847107, 0.5549888014793396, 0.5558422207832336, 0.5612369775772095, 0.5656388998031616, 0.5580993294715881, 0.5645466446876526, 0.5583896636962891, 0.5595799684524536, 0.5648884773254395, 0.5695863962173462, 0.5603321194648743, 0.5603687763214111, 0.5698873400688171, 0.5608312487602234, 0.5593629479408264, 0.5568878054618835, 0.5605440139770508, 0.5574700832366943, 0.5612861514091492, 0.5570600628852844, 0.5609350800514221, 0.56122225522995, 0.5753375887870789, 0.5618486404418945, 0.5620490312576294, 0.5588396787643433, 0.5651648640632629, 0.5582679510116577, 0.5682981014251709, 0.5652241706848145, 0.5777239799499512, 0.5602372884750366, 0.5670785307884216, 0.5583356022834778, 0.5588074922561646, 0.559765636920929, 0.558585524559021, 0.5631521344184875, 0.562223494052887, 0.5758742094039917, 0.5659083127975464, 0.5612120628356934, 0.5577080249786377, 0.5593007206916809, 0.5625531673431396, 0.5646867156028748, 0.5667957663536072, 0.571814775466919, 0.5628599524497986, 0.5682961344718933, 0.5622474551200867, 0.5696730017662048, 0.5612253546714783, 0.5676305294036865, 0.5585703253746033, 0.5592220425605774, 0.5593199729919434, 0.5686367154121399, 0.5608813762664795, 0.5631258487701416, 0.55921870470047, 0.5632457137107849, 0.559969425201416, 0.5620406270027161, 0.5633550882339478, 0.562333345413208, 0.5593764185905457, 0.5603788495063782, 0.560329020023346, 0.562835693359375, 0.5638501048088074, 0.5626645684242249, 0.563862681388855],