{"train_loss": [0.7041585072875023, 0.6935683786869049, 0.6831666454672813, 0.6757622808218002, 0.6746546253561974, 0.67527736723423, 0.6762049794197083, 0.6723888367414474, 0.67232795804739, 0.6738323122262955, 0.6721702590584755, 0.6709894239902496, 0.6675375327467918, 0.6735788062214851, 0.667171984910965, 0.6658194214105606, 0.6604725271463394, 0.6614236757159233, 0.6576680019497871, 0.6550038605928421, 0.6478787660598755, 0.6465878486633301, 0.6406535059213638, 0.6361350268125534, 0.6273386105895042, 0.6308770552277565, 0.6178806349635124, 0.6115653440356255, 0.6085875257849693, 0.6155026629567146, 0.6089181154966354, 0.6006400212645531, 0.5987446680665016, 0.5967720821499825, 0.5952505022287369, 0.5988287925720215, 0.6007652804255486, 0.585518553853035, 0.5955665409564972, 0.5952443554997444, 0.5971492007374763, 0.5867198556661606, 0.5910765156149864, 0.5874259322881699, 0.588938444852829, 0.5940213575959206, 0.5841860547661781, 0.5915728583931923, 0.5808485820889473, 0.581789568066597, 0.5864455625414848, 0.5846964493393898, 0.5809635668992996, 0.5807660222053528, 0.5820792838931084, 0.5775994658470154, 0.5798547863960266, 0.5835803002119064, 0.580683171749115, 0.5767517015337944, 0.5938105583190918, 0.5869893729686737, 0.5760076269507408, 0.5760654509067535, 0.5744469165802002, 0.5738343447446823, 0.5811184197664261, 0.5736855156719685, 0.573884591460228, 0.5858210250735283, 0.5700471550226212, 0.5787953957915306, 0.5740986242890358, 0.5678894631564617, 0.571960061788559, 0.5878610983490944, 0.5743012428283691, 0.5778896063566208, 0.5749960094690323, 0.5720581412315369, 0.5804764442145824, 0.5718458816409111, 0.5779373198747635, 0.5650701522827148, 0.5771108083426952, 0.5792877152562141, 0.5709109902381897, 0.5710765197873116, 0.5669162943959236, 0.5800316482782364, 0.580034002661705, 0.5865030810236931, 0.5898367762565613, 0.5770874843001366, 0.577810026705265, 0.5728159472346306, 0.5706192553043365, 0.5668308883905411, 0.5682842433452606, 0.5653268247842789], "train_acc": [0.40976645435244163, 0.4840764331210191, 0.5902335456475584, 0.5902335456475584, 0.5902335456475584, 0.5902335456475584, 0.5902335456475584, 0.5902335456475584, 0.5902335456475584, 0.5902335456475584, 0.5902335456475584, 0.5902335456475584, 0.5902335456475584, 0.5902335456475584, 0.5902335456475584, 0.5902335456475584, 0.589171974522293, 0.5934182590233545, 0.5944798301486199, 0.6040339702760085, 0.60828025477707, 0.6146496815286624, 0.6252653927813163, 0.667728237791932, 0.6698513800424628, 0.6815286624203821, 0.6889596602972399, 0.6985138004246284, 0.6878980891719745, 0.692144373673036, 0.70276008492569, 0.6995753715498938, 0.70276008492569, 0.70276008492569, 0.7038216560509554, 0.7048832271762208, 0.7059447983014862, 0.7070063694267515, 0.7250530785562632, 0.6995753715498938, 0.7048832271762208, 0.7101910828025477, 0.7165605095541401, 0.7165605095541401, 0.7123142250530785, 0.7197452229299363, 0.7133757961783439, 0.7176220806794055, 0.727176220806794, 0.727176220806794, 0.7239915074309978, 0.7186836518046709, 0.7292993630573248, 0.7197452229299363, 0.7261146496815286, 0.7261146496815286, 0.7229299363057324, 0.7208067940552016, 0.7112526539278131, 0.7208067940552016, 0.7176220806794055, 0.7165605095541401, 0.7208067940552016, 0.7186836518046709, 0.7208067940552016, 0.721868365180467, 0.7144373673036093, 0.7239915074309978, 0.7229299363057324, 0.7176220806794055, 0.7154989384288747, 0.7250530785562632, 0.7303609341825902, 0.7229299363057324, 0.7239915074309978, 0.727176220806794, 0.7282377919320594, 0.7176220806794055, 0.7144373673036093, 0.7261146496815286, 0.721868365180467, 0.7186836518046709, 0.7282377919320594, 0.721868365180467, 0.7282377919320594, 0.7229299363057324, 0.7229299363057324, 0.7239915074309978, 0.7197452229299363, 0.721868365180467, 0.7197452229299363, 0.732484076433121, 0.7016985138004246, 0.721868365180467, 0.727176220806794, 0.7282377919320594, 0.7303609341825902, 0.7314225053078556, 0.7261146496815286, 0.7303609341825902], "val_loss": [0.6951459646224976, 0.6914554834365845, 0.6919966340065002, 0.6990589499473572, 0.7028310298919678, 0.6978752613067627, 0.6943631172180176, 0.6926408410072327, 0.6928924918174744, 0.6934781670570374, 0.6917166709899902, 0.6903012990951538, 0.6892532110214233, 0.6879360675811768, 0.6822330951690674, 0.6831201314926147, 0.6817731857299805, 0.6768606901168823, 0.6745332479476929, 0.667252242565155, 0.6634602546691895, 0.6577122211456299, 0.6476715803146362, 0.6426035761833191, 0.6412395238876343, 0.6318746209144592, 0.6230739951133728, 0.6324827671051025, 0.6128596067428589, 0.6101676821708679, 0.617587685585022, 0.6076796054840088, 0.5991780757904053, 0.6265386343002319, 0.598811686038971, 0.6034337282180786, 0.6041207313537598, 0.5967854261398315, 0.6155331134796143, 0.5911532640457153, 0.618804395198822, 0.6002182960510254, 0.6117327213287354, 0.6045451760292053, 0.5991492867469788, 0.6001570224761963, 0.6024200320243835, 0.5973790287971497, 0.6016554236412048, 0.5994939804077148, 0.6104003190994263, 0.598189651966095, 0.6179973483085632, 0.6043611764907837, 0.6060287356376648, 0.6035498976707458, 0.605888843536377, 0.5961187481880188, 0.6170198917388916, 0.6077872514724731, 0.6007112860679626, 0.6176114082336426, 0.602611780166626, 0.6039018630981445, 0.6154761910438538, 0.6117434501647949, 0.6231919527053833, 0.6041080951690674, 0.6141553521156311, 0.6089748740196228, 0.6083428859710693, 0.6058781147003174, 0.6178547143936157, 0.6047046780586243, 0.6170650124549866, 0.6041459441184998, 0.5999137163162231, 0.6336450576782227, 0.5980556011199951, 0.6235072016716003, 0.6095616817474365, 0.609412431716919, 0.6054471135139465, 0.6213456988334656, 0.6050955653190613, 0.6114498972892761, 0.6037667393684387, 0.6275616884231567, 0.5992957353591919, 0.626868724822998, 0.6135862469673157, 0.6018393635749817, 0.6249430179595947, 0.6077862977981567, 0.6167399883270264, 0.6119408011436462, 0.6055111289024353, 0.6170938014984131, 0.6045851111412048, 0.6100330352783203],