{"train_loss": [0.6930011212825775, 0.6880430653691292, 0.6816496253013611, 0.6816750317811966, 0.6794930323958397, 0.6795675903558731, 0.6753081679344177, 0.6762111783027649, 0.676437683403492, 0.676645003259182, 0.6760051921010017, 0.6739225536584854, 0.6690259277820587, 0.6670523211359978, 0.667088083922863, 0.6654107198119164, 0.6611674129962921, 0.6551211401820183, 0.6500513032078743, 0.6472358778119087, 0.6406571045517921, 0.6428218707442284, 0.6312429904937744, 0.6241791546344757, 0.616569958627224, 0.6138980537652969, 0.6098057553172112, 0.6146559789776802, 0.6036252155900002, 0.5987850874662399, 0.6006904765963554, 0.5873503349721432, 0.5971887186169624, 0.596190869808197, 0.6001406759023666, 0.5957789942622185, 0.5999958142638206, 0.595763735473156, 0.5948872119188309, 0.591431275010109, 0.585577555000782, 0.5907863080501556, 0.5820858478546143, 0.5784601829946041, 0.5941605195403099, 0.5823228880763054, 0.5765025615692139, 0.578251339495182, 0.5841001197695732, 0.5844663940370083, 0.5919049233198166, 0.5837389454245567, 0.587305910885334, 0.5863420739769936, 0.5850601755082607, 0.58914415538311, 0.586862325668335, 0.5905322656035423, 0.5852700546383858, 0.5904836878180504, 0.5744722411036491, 0.5720663890242577, 0.5799067839980125, 0.5833112150430679, 0.5786422416567802, 0.5777474939823151, 0.5854374393820763, 0.5766093954443932, 0.5679447203874588, 0.5745245292782784, 0.5836928263306618, 0.5751371011137962, 0.5778482742607594, 0.5827898010611534, 0.5844903588294983, 0.5826115384697914, 0.5768030062317848, 0.5711829289793968, 0.5773002356290817, 0.5738888382911682, 0.5760282725095749, 0.5715737789869308, 0.577882245182991, 0.5752637460827827, 0.5723612010478973, 0.5733278393745422, 0.5673391036689281, 0.5784335136413574, 0.5779290497303009, 0.5709441974759102, 0.5695565119385719, 0.5715944692492485, 0.561839833855629, 0.5637055262923241, 0.5594446696341038, 0.5671096369624138, 0.5698944926261902, 0.5684787705540657, 0.5668942257761955, 0.5703734867274761], "train_acc": [0.5148619957537155, 0.5774946921443737, 0.5774946921443737, 0.5774946921443737, 0.5774946921443737, 0.5774946921443737, 0.5774946921443737, 0.5774946921443737, 0.5774946921443737, 0.5774946921443737, 0.5774946921443737, 0.5774946921443737, 0.5764331210191083, 0.5774946921443737, 0.5806794055201698, 0.5881104033970276, 0.6146496815286624, 0.6029723991507431, 0.6050955414012739, 0.6581740976645435, 0.6751592356687898, 0.6592356687898089, 0.697452229299363, 0.692144373673036, 0.6772823779193206, 0.7048832271762208, 0.7016985138004246, 0.6985138004246284, 0.7133757961783439, 0.7016985138004246, 0.7101910828025477, 0.721868365180467, 0.7016985138004246, 0.7176220806794055, 0.7144373673036093, 0.7048832271762208, 0.6953290870488322, 0.7091295116772823, 0.7133757961783439, 0.7123142250530785, 0.7154989384288747, 0.7250530785562632, 0.7229299363057324, 0.7070063694267515, 0.727176220806794, 0.7208067940552016, 0.7250530785562632, 0.7208067940552016, 0.7356687898089171, 0.7016985138004246, 0.727176220806794, 0.7197452229299363, 0.7133757961783439, 0.7133757961783439, 0.7133757961783439, 0.7197452229299363, 0.7303609341825902, 0.7059447983014862, 0.7165605095541401, 0.7197452229299363, 0.7430997876857749, 0.7261146496815286, 0.7208067940552016, 0.7399150743099787, 0.7314225053078556, 0.7420382165605095, 0.7176220806794055, 0.7399150743099787, 0.732484076433121, 0.7367303609341825, 0.7292993630573248, 0.7261146496815286, 0.7197452229299363, 0.7239915074309978, 0.7239915074309978, 0.7335456475583864, 0.7261146496815286, 0.7335456475583864, 0.7186836518046709, 0.7292993630573248, 0.7314225053078556, 0.7356687898089171, 0.7356687898089171, 0.7356687898089171, 0.7367303609341825, 0.7282377919320594, 0.7282377919320594, 0.7346072186836518, 0.7208067940552016, 0.7388535031847133, 0.721868365180467, 0.7335456475583864, 0.7346072186836518, 0.7335456475583864, 0.7314225053078556, 0.7420382165605095, 0.7335456475583864, 0.7388535031847133, 0.7399150743099787, 0.732484076433121], "val_loss": [0.6888521909713745, 0.6841310858726501, 0.6806960701942444, 0.6789137721061707, 0.6781851649284363, 0.6774259805679321, 0.6766442060470581, 0.6757216453552246, 0.6746892929077148, 0.6732657551765442, 0.6717309355735779, 0.6694231033325195, 0.6663829684257507, 0.6627956032752991, 0.6590041518211365, 0.6551386713981628, 0.6497136950492859, 0.6439828276634216, 0.6379066705703735, 0.6317290663719177, 0.6234380602836609, 0.6160120368003845, 0.6097772717475891, 0.6020582318305969, 0.5963846445083618, 0.5873407125473022, 0.5837008953094482, 0.5752705335617065, 0.5706297159194946, 0.5686370134353638, 0.5660125613212585, 0.561866283416748, 0.5630804896354675, 0.5601221323013306, 0.5640939474105835, 0.5619786977767944, 0.5630117058753967, 0.5546951293945312, 0.5542784929275513, 0.5527806282043457, 0.5521115064620972, 0.5526297092437744, 0.5495032668113708, 0.5497273206710815, 0.5477386116981506, 0.5501745343208313, 0.5463677048683167, 0.5479766726493835, 0.544620156288147, 0.5501390695571899, 0.5451705455780029, 0.5484611988067627, 0.5442489981651306, 0.5458370447158813, 0.5442555546760559, 0.5448371171951294, 0.5440015196800232, 0.5431755185127258, 0.5470681190490723, 0.5428235530853271, 0.5478001832962036, 0.5426658391952515, 0.5435843467712402, 0.5415804386138916, 0.542570948600769, 0.5414090156555176, 0.5429832339286804, 0.5410631895065308, 0.5419121980667114, 0.5408218502998352, 0.5429088473320007, 0.5407599806785583, 0.5405210256576538, 0.5412684679031372, 0.5406690239906311, 0.5446208119392395, 0.5403603315353394, 0.5426303744316101, 0.5400620698928833, 0.5413848161697388, 0.5399625897407532, 0.5390036702156067, 0.5398975014686584, 0.5388309955596924, 0.5414092540740967, 0.538883626461029, 0.5407233238220215, 0.5391806364059448, 0.5393632650375366, 0.5404338836669922, 0.5386254191398621, 0.5409724712371826, 0.5393099784851074, 0.542880654335022, 0.5383201241493225, 0.5418903827667236, 0.5380064249038696, 0.5414048433303833, 0.5379064679145813, 0.5427421927452087],