{"train_loss": [0.6807276010513306, 0.6688371226191521, 0.6640355587005615, 0.6533692851662636, 0.6349241659045219, 0.6301788985729218, 0.6104731485247612, 0.5974441543221474, 0.5938063487410545, 0.599434994161129, 0.5931146815419197, 0.6079195067286491, 0.5888505578041077, 0.5838476568460464, 0.5911569595336914, 0.5829784125089645, 0.5785505697131157, 0.5784977078437805, 0.5810756981372833, 0.5713574141263962, 0.5797290205955505, 0.5788690224289894, 0.5731721520423889, 0.584560826420784, 0.5780998840928078, 0.5721682086586952, 0.5888630375266075, 0.5834719464182854, 0.5775058977305889, 0.5770893096923828, 0.5825820118188858, 0.574713446199894, 0.568746879696846, 0.5725510641932487, 0.5792617350816727, 0.5806702524423599, 0.5795409418642521, 0.5830877348780632, 0.5801882147789001, 0.5718522816896439, 0.5807313993573189, 0.5791914537549019, 0.5840907916426659, 0.5789739564061165, 0.5882002785801888, 0.5801555998623371, 0.5676494427025318, 0.5688957087695599, 0.570573914796114, 0.5805793479084969, 0.5862620323896408, 0.5652799420058727, 0.5803408846259117, 0.5657389461994171, 0.5870901420712471, 0.5805311352014542, 0.5668705515563488, 0.5741775818169117, 0.5789353772997856, 0.573280468583107, 0.5730344243347645, 0.5765191987156868, 0.5920548066496849, 0.5767768919467926, 0.5806150659918785, 0.5916168168187141, 0.5728705301880836, 0.5739897899329662, 0.5798465684056282, 0.5791657790541649, 0.5905300751328468, 0.5815918147563934, 0.5752894282341003, 0.5817799642682076, 0.5651336275041103, 0.5793223455548286, 0.5735765248537064, 0.5755895338952541, 0.5760266073048115, 0.5742085725069046, 0.5778095945715904, 0.586970366537571, 0.5719529092311859, 0.5745280086994171, 0.5777667835354805, 0.5718757808208466, 0.5792070999741554, 0.5737583935260773, 0.5721863023936749, 0.570415273308754, 0.5796296373009682, 0.5717228949069977, 0.5840576812624931, 0.5769376829266548, 0.5769931301474571, 0.5691967010498047, 0.5613079890608788, 0.5618773847818375, 0.5724065527319908, 0.5672343820333481], "train_acc": [0.5679405520169851, 0.5934182590233545, 0.5934182590233545, 0.613588110403397, 0.6645435244161358, 0.6549893842887473, 0.7006369426751592, 0.7208067940552016, 0.7229299363057324, 0.7154989384288747, 0.7101910828025477, 0.7176220806794055, 0.7250530785562632, 0.7176220806794055, 0.7314225053078556, 0.7229299363057324, 0.7303609341825902, 0.7261146496815286, 0.7282377919320594, 0.7239915074309978, 0.7335456475583864, 0.7335456475583864, 0.7314225053078556, 0.721868365180467, 0.727176220806794, 0.7208067940552016, 0.7154989384288747, 0.7356687898089171, 0.7335456475583864, 0.7239915074309978, 0.7335456475583864, 0.7356687898089171, 0.7367303609341825, 0.7282377919320594, 0.7261146496815286, 0.727176220806794, 0.7197452229299363, 0.7144373673036093, 0.7367303609341825, 0.7314225053078556, 0.732484076433121, 0.721868365180467, 0.7314225053078556, 0.7165605095541401, 0.7388535031847133, 0.7346072186836518, 0.7261146496815286, 0.7261146496815286, 0.7239915074309978, 0.7292993630573248, 0.7292993630573248, 0.7303609341825902, 0.7261146496815286, 0.7314225053078556, 0.721868365180467, 0.7335456475583864, 0.7356687898089171, 0.7208067940552016, 0.732484076433121, 0.7314225053078556, 0.7367303609341825, 0.721868365180467, 0.7197452229299363, 0.7292993630573248, 0.7367303609341825, 0.7303609341825902, 0.7346072186836518, 0.7314225053078556, 0.7377919320594479, 0.7261146496815286, 0.7282377919320594, 0.7250530785562632, 0.7229299363057324, 0.7314225053078556, 0.7462845010615711, 0.7250530785562632, 0.7367303609341825, 0.7186836518046709, 0.7197452229299363, 0.727176220806794, 0.7367303609341825, 0.7229299363057324, 0.727176220806794, 0.732484076433121, 0.7229299363057324, 0.7239915074309978, 0.7229299363057324, 0.7239915074309978, 0.7292993630573248, 0.7399150743099787, 0.7314225053078556, 0.732484076433121, 0.7377919320594479, 0.7303609341825902, 0.7303609341825902, 0.7346072186836518, 0.7367303609341825, 0.7377919320594479, 0.7356687898089171, 0.7409766454352441], "val_loss": [0.7056006193161011, 0.6893419623374939, 0.6851837038993835, 0.6756241917610168, 0.666375458240509, 0.6255903840065002, 0.6526297330856323, 0.6047208905220032, 0.6088390946388245, 0.6023328304290771, 0.5938812494277954, 0.636951208114624, 0.6036246418952942, 0.5919304490089417, 0.6490622162818909, 0.5949807167053223, 0.5955439805984497, 0.6153828501701355, 0.5799006223678589, 0.6027337908744812, 0.6109233498573303, 0.587639570236206, 0.608467698097229, 0.5906108021736145, 0.5820806622505188, 0.6270176768302917, 0.5945131182670593, 0.5834723711013794, 0.5763462781906128, 0.5962914824485779, 0.5992540121078491, 0.5921156406402588, 0.5827124714851379, 0.5706135034561157, 0.6100277900695801, 0.6080567240715027, 0.5719897150993347, 0.5964820981025696, 0.5892088413238525, 0.5788091421127319, 0.5841028690338135, 0.6538342237472534, 0.5741762518882751, 0.5981631278991699, 0.6034575700759888, 0.5777361989021301, 0.6141850352287292, 0.5919824838638306, 0.5730606317520142, 0.612107515335083, 0.5837208032608032, 0.5937244296073914, 0.5812140703201294, 0.6329928040504456, 0.5749488472938538, 0.5964453816413879, 0.605183482170105, 0.5704811215400696, 0.5976399183273315, 0.5946555733680725, 0.584627628326416, 0.5679494142532349, 0.6497701406478882, 0.5745747089385986, 0.5994454026222229, 0.5918784737586975, 0.590544581413269, 0.5822628736495972, 0.6110783815383911, 0.570030152797699, 0.5993450880050659, 0.5945730805397034, 0.5808354616165161, 0.5947378277778625, 0.6017724871635437, 0.5736242532730103, 0.593198835849762, 0.6181309223175049, 0.5753507018089294, 0.5744688510894775, 0.6181235313415527, 0.571040689945221, 0.6020988821983337, 0.5938155055046082, 0.5823429822921753, 0.5798165202140808, 0.6132210493087769, 0.5880221128463745, 0.576892614364624, 0.5882869362831116, 0.5788334012031555, 0.5835708975791931, 0.6009054780006409, 0.5858266353607178, 0.5912975668907166, 0.5844873785972595, 0.5818780064582825, 0.5802884101867676, 0.5933783650398254, 0.5788514018058777],