{"train_loss": [0.6941589713096619, 0.6863373592495918, 0.6806123778223991, 0.6761531457304955, 0.6769181340932846, 0.6744031086564064, 0.6767702922224998, 0.6756023168563843, 0.6748219802975655, 0.67414590716362, 0.6764824762940407, 0.6705234870314598, 0.6718575730919838, 0.667618989944458, 0.6690832898020744, 0.6700633689761162, 0.6629011705517769, 0.660664290189743, 0.6611643582582474, 0.656555213034153, 0.649434469640255, 0.6522147729992867, 0.6433520391583443, 0.6443567425012589, 0.6312825679779053, 0.6293132826685905, 0.6234855055809021, 0.6170422360301018, 0.6148891821503639, 0.6123474314808846, 0.6048974096775055, 0.6035677045583725, 0.6094136610627174, 0.614914208650589, 0.6007502973079681, 0.6019394919276237, 0.5946893692016602, 0.6033628582954407, 0.6019496843218803, 0.5924534797668457, 0.5902398526668549, 0.5941049978137016, 0.6019712835550308, 0.5926027968525887, 0.5859422534704208, 0.5919849127531052, 0.585246816277504, 0.5945477858185768, 0.5956538766622543, 0.5876867026090622, 0.5857283286750317, 0.5969446152448654, 0.5885404497385025, 0.5940912887454033, 0.6035300046205521, 0.5857568308711052, 0.5874766036868095, 0.5886125341057777, 0.5804892033338547, 0.5811752751469612, 0.593967966735363, 0.5881718471646309, 0.5831771269440651, 0.5759501233696938, 0.5761080645024776, 0.5812269523739815, 0.5827192924916744, 0.5822837948799133, 0.5855616331100464, 0.5879097357392311, 0.584096685051918, 0.5829335525631905, 0.5847807377576828, 0.5838556662201881, 0.5771351084113121, 0.5767956301569939, 0.5853222981095314, 0.5812041461467743, 0.5833146348595619, 0.5756011009216309, 0.5903506577014923, 0.5736857987940311, 0.5767711400985718, 0.5838456824421883, 0.5876323878765106, 0.5906395837664604, 0.5800390541553497, 0.5825485363602638, 0.5749395191669464, 0.5702040866017342, 0.5845566466450691, 0.5921404585242271, 0.5961763113737106, 0.5823051035404205, 0.5881290957331657, 0.5751479975879192, 0.5846772342920303, 0.5844579003751278, 0.5702279023826122, 0.582843728363514], "train_acc": [0.46602972399150744, 0.5870488322717622, 0.5870488322717622, 0.5870488322717622, 0.5870488322717622, 0.5870488322717622, 0.5870488322717622, 0.5870488322717622, 0.5870488322717622, 0.5870488322717622, 0.5870488322717622, 0.5870488322717622, 0.5870488322717622, 0.5870488322717622, 0.5870488322717622, 0.5881104033970276, 0.5881104033970276, 0.5944798301486199, 0.5902335456475584, 0.6348195329087049, 0.6167728237791932, 0.6146496815286624, 0.6889596602972399, 0.6390658174097664, 0.6825902335456475, 0.6889596602972399, 0.6847133757961783, 0.7048832271762208, 0.6932059447983014, 0.7080679405520169, 0.7112526539278131, 0.7165605095541401, 0.7101910828025477, 0.7208067940552016, 0.7144373673036093, 0.7101910828025477, 0.7208067940552016, 0.7059447983014862, 0.7112526539278131, 0.7123142250530785, 0.721868365180467, 0.70276008492569, 0.7091295116772823, 0.7208067940552016, 0.7282377919320594, 0.7282377919320594, 0.7186836518046709, 0.7346072186836518, 0.727176220806794, 0.7176220806794055, 0.7133757961783439, 0.7080679405520169, 0.7154989384288747, 0.721868365180467, 0.7292993630573248, 0.7282377919320594, 0.7208067940552016, 0.7314225053078556, 0.7335456475583864, 0.727176220806794, 0.7250530785562632, 0.7282377919320594, 0.7261146496815286, 0.7346072186836518, 0.7367303609341825, 0.7367303609341825, 0.7239915074309978, 0.7388535031847133, 0.7239915074309978, 0.727176220806794, 0.7250530785562632, 0.7261146496815286, 0.7303609341825902, 0.7314225053078556, 0.7346072186836518, 0.7367303609341825, 0.7314225053078556, 0.7356687898089171, 0.7399150743099787, 0.7388535031847133, 0.732484076433121, 0.7399150743099787, 0.7346072186836518, 0.727176220806794, 0.7377919320594479, 0.7346072186836518, 0.727176220806794, 0.7399150743099787, 0.7314225053078556, 0.7346072186836518, 0.7346072186836518, 0.6963906581740976, 0.7133757961783439, 0.7038216560509554, 0.7208067940552016, 0.7261146496815286, 0.7197452229299363, 0.732484076433121, 0.7367303609341825, 0.7292993630573248], "val_loss": [0.688787579536438, 0.6803233027458191, 0.6722702980041504, 0.6674474477767944, 0.665976345539093, 0.6656526923179626, 0.6654461622238159, 0.6654455661773682, 0.6648629307746887, 0.6645064949989319, 0.6628574728965759, 0.6625142693519592, 0.6606891751289368, 0.6588757634162903, 0.6558731198310852, 0.6544341444969177, 0.6533430814743042, 0.6470257639884949, 0.6434835195541382, 0.6438620686531067, 0.6362433433532715, 0.6352027058601379, 0.6291699409484863, 0.6232292652130127, 0.6242566108703613, 0.6139789819717407, 0.6108965277671814, 0.6044999957084656, 0.6031376719474792, 0.5966801047325134, 0.5943750143051147, 0.5897836685180664, 0.5868862867355347, 0.585332453250885, 0.5841284394264221, 0.5809422731399536, 0.5786264538764954, 0.5816449522972107, 0.5746689438819885, 0.5745471119880676, 0.5708959698677063, 0.5758727192878723, 0.5671278834342957, 0.5656278133392334, 0.5637141466140747, 0.5651484727859497, 0.560435950756073, 0.559624433517456, 0.5587437152862549, 0.5582684278488159, 0.5563819408416748, 0.5581755042076111, 0.5546999573707581, 0.5540520548820496, 0.5518830418586731, 0.5512694716453552, 0.5502705574035645, 0.548345685005188, 0.5480133295059204, 0.5458128452301025, 0.5475881695747375, 0.544082760810852, 0.5434898734092712, 0.5430077314376831, 0.5424872636795044, 0.5418488383293152, 0.5411625504493713, 0.5409069061279297, 0.5398982167243958, 0.5391212105751038, 0.5390474796295166, 0.5379295945167542, 0.537778913974762, 0.5368650555610657, 0.5394024848937988, 0.5366194844245911, 0.5358054637908936, 0.5372207760810852, 0.5345959663391113, 0.5342755913734436, 0.5371729135513306, 0.533605694770813, 0.5380616188049316, 0.5326912999153137, 0.5333986878395081, 0.5320301055908203, 0.5329957008361816, 0.5328842997550964, 0.532119631767273, 0.5318343043327332, 0.533778727054596, 0.5330687165260315, 0.5320262312889099, 0.5330600142478943, 0.5336399078369141, 0.5351971983909607, 0.5330219268798828, 0.5345877408981323, 0.5320047736167908, 0.5325217247009277],