{"train_loss": [0.6917342767119408, 0.678503967821598, 0.675702415406704, 0.6751531288027763, 0.6763202399015427, 0.673673577606678, 0.6753882542252541, 0.6748271808028221, 0.6742106899619102, 0.6728128045797348, 0.6752183884382248, 0.6686987653374672, 0.6695339307188988, 0.663853257894516, 0.6650358289480209, 0.6643299534916878, 0.6555571481585503, 0.6532003358006477, 0.6481124013662338, 0.6461832150816917, 0.6383960321545601, 0.6400611102581024, 0.6257036477327347, 0.6252340003848076, 0.615216925740242, 0.613553412258625, 0.6103011816740036, 0.6019522547721863, 0.602103941142559, 0.6002110689878464, 0.59664186835289, 0.5941791236400604, 0.604530468583107, 0.6109424233436584, 0.5915714725852013, 0.593776598572731, 0.5848335176706314, 0.6018547266721725, 0.6012680977582932, 0.5885746628046036, 0.5827385187149048, 0.5898632705211639, 0.5997121557593346, 0.5938757285475731, 0.5855243876576424, 0.588369183242321, 0.5805594772100449, 0.593081995844841, 0.5949367433786392, 0.5877610892057419, 0.5823365114629269, 0.5942017734050751, 0.5886363461613655, 0.5941952615976334, 0.6009406298398972, 0.5819032713770866, 0.5852794796228409, 0.5887920781970024, 0.5781882181763649, 0.5748687759041786, 0.5950935259461403, 0.5931356027722359, 0.5827056467533112, 0.5730398520827293, 0.5770915374159813, 0.5785212889313698, 0.583247497677803, 0.5874038264155388, 0.5847122743725777, 0.5867673978209496, 0.5841933414340019, 0.5791492126882076, 0.5830094069242477, 0.5810747072100639, 0.5821726769208908, 0.5767001882195473, 0.5793422609567642, 0.58560761064291, 0.5817265883088112, 0.5786860138177872, 0.5903211608529091, 0.5741853602230549, 0.5800404697656631, 0.5886930897831917, 0.5829914957284927, 0.5903479233384132, 0.5822385996580124, 0.5898746699094772, 0.5770422555506229, 0.5682221502065659, 0.588467612862587, 0.5894313678145409, 0.5960273817181587, 0.586877129971981, 0.5900828838348389, 0.578372061252594, 0.5833097845315933, 0.586849257349968, 0.5695707462728024, 0.578864548355341], "train_acc": [0.5021231422505308, 0.5870488322717622, 0.5870488322717622, 0.5870488322717622, 0.5870488322717622, 0.5870488322717622, 0.5870488322717622, 0.5870488322717622, 0.5870488322717622, 0.5870488322717622, 0.5870488322717622, 0.5870488322717622, 0.5870488322717622, 0.5870488322717622, 0.5870488322717622, 0.589171974522293, 0.5934182590233545, 0.5976645435244161, 0.6050955414012739, 0.6953290870488322, 0.6146496815286624, 0.6847133757961783, 0.6900212314225053, 0.6751592356687898, 0.7112526539278131, 0.6953290870488322, 0.7176220806794055, 0.7176220806794055, 0.7080679405520169, 0.7239915074309978, 0.7186836518046709, 0.7112526539278131, 0.7239915074309978, 0.7176220806794055, 0.7250530785562632, 0.7176220806794055, 0.7335456475583864, 0.7197452229299363, 0.7123142250530785, 0.721868365180467, 0.7229299363057324, 0.7208067940552016, 0.7059447983014862, 0.6995753715498938, 0.7229299363057324, 0.7250530785562632, 0.727176220806794, 0.7208067940552016, 0.7250530785562632, 0.7165605095541401, 0.7239915074309978, 0.721868365180467, 0.7133757961783439, 0.7197452229299363, 0.7282377919320594, 0.7292993630573248, 0.7239915074309978, 0.721868365180467, 0.7282377919320594, 0.727176220806794, 0.7186836518046709, 0.7101910828025477, 0.7261146496815286, 0.7367303609341825, 0.7292993630573248, 0.7303609341825902, 0.7250530785562632, 0.7250530785562632, 0.727176220806794, 0.7261146496815286, 0.7282377919320594, 0.7229299363057324, 0.7229299363057324, 0.7154989384288747, 0.7176220806794055, 0.7176220806794055, 0.7229299363057324, 0.7388535031847133, 0.7197452229299363, 0.7261146496815286, 0.727176220806794, 0.7282377919320594, 0.7261146496815286, 0.7123142250530785, 0.727176220806794, 0.7229299363057324, 0.7208067940552016, 0.727176220806794, 0.7261146496815286, 0.7356687898089171, 0.7282377919320594, 0.6985138004246284, 0.7091295116772823, 0.7048832271762208, 0.7250530785562632, 0.7144373673036093, 0.7314225053078556, 0.7303609341825902, 0.7250530785562632, 0.7420382165605095], "val_loss": [0.6797700524330139, 0.669579029083252, 0.6657617688179016, 0.6651645302772522, 0.665481448173523, 0.6658986806869507, 0.6649602055549622, 0.6640490889549255, 0.6629623770713806, 0.662448525428772, 0.6604558825492859, 0.6601373553276062, 0.6567158102989197, 0.6535589098930359, 0.6495717763900757, 0.64813631772995, 0.6425966024398804, 0.6359978914260864, 0.6347252130508423, 0.6254076361656189, 0.62058424949646, 0.6194472908973694, 0.6106457710266113, 0.6081148982048035, 0.6006566286087036, 0.5993354320526123, 0.5916946530342102, 0.5871965885162354, 0.5903459787368774, 0.582229733467102, 0.5784633755683899, 0.5769181251525879, 0.5732049345970154, 0.5700905919075012, 0.5687558054924011, 0.5705112814903259, 0.5683543682098389, 0.5772681832313538, 0.561165452003479, 0.5607410073280334, 0.5573521256446838, 0.5632607340812683, 0.5569517612457275, 0.5538586378097534, 0.5533925890922546, 0.5514981150627136, 0.5508425235748291, 0.5486276745796204, 0.5490244030952454, 0.5511501431465149, 0.5487760305404663, 0.5561524629592896, 0.5482203364372253, 0.5490309000015259, 0.5441436767578125, 0.5439485907554626, 0.5439416170120239, 0.5421956181526184, 0.5427321791648865, 0.5402181148529053, 0.5466315746307373, 0.5392096042633057, 0.5405166149139404, 0.538555383682251, 0.5399900078773499, 0.5381500124931335, 0.5397127270698547, 0.5378822684288025, 0.5388814210891724, 0.5377943515777588, 0.539100706577301, 0.5367394089698792, 0.5387054085731506, 0.5365058183670044, 0.5420730710029602, 0.5367181301116943, 0.5364519953727722, 0.5399688482284546, 0.5353533625602722, 0.535337507724762, 0.5387391448020935, 0.5351174473762512, 0.5428401827812195, 0.5350163578987122, 0.536838173866272, 0.5345417261123657, 0.5361423492431641, 0.5360273718833923, 0.5357384085655212, 0.5359793901443481, 0.5383048057556152, 0.5381366610527039, 0.5389010906219482, 0.535608172416687, 0.5360217094421387, 0.5374467968940735, 0.5364892482757568, 0.5382012724876404, 0.5364940166473389, 0.5367380380630493], "val_acc": [0.6153846153846154, 0.6153846153846154, 0.6153846153846154, 0.6153846153846154, 0.6153846153846154, 0.6153846153846154, 0.6153846153846154, 0.6153846153846154, 0.6153846153846154, 0.6153846153846154, 0.6153846153846154, 0.6153846153846154, 0.6153846153846154, 0.6153846153846154, 0.6153846153846154, 0.6068376068376068, 0.6068376068376068, 0.6068376068376068, 0.6752136752136753, 0.6495726495726496, 0.6666666666666666, 0.7008547008547008, 0.6752136752136753, 0.7350427350427351, 0.7094017094017094, 0.7264957264957265, 0.7521367521367521, 0.7521367521367521, 0.7264957264957265, 0.7264957264957265, 0.7350427350427351, 0.7350427350427351, 0.7435897435897436, 0.7435897435897436, 0.7350427350427351, 0.7264957264957265, 0.7350427350427351, 0.717948717948718, 0.7350427350427351, 0.7350427350427351, 0.7350427350427351, 0.7264957264957265, 0.717948717948718, 0.7350427350427351, 0.717948717948718, 0.7264957264957265, 0.717948717948718, 0.7350427350427351, 0.7435897435897436, 0.717948717948718, 0.7350427350427351, 0.717948717948718, 0.7435897435897436, 0.717948717948718, 0.7435897435897436, 0.7350427350427351, 0.7264957264957265, 0.7350427350427351, 0.7350427350427351, 0.7521367521367521, 0.7350427350427351, 0.7521367521367521, 0.717948717948718, 0.7521367521367521, 0.7350427350427351, 0.7521367521367521, 0.717948717948718, 0.7435897435897436, 0.7350427350427351, 0.7521367521367521, 0.7264957264957265, 0.7606837606837606, 0.717948717948718, 0.7606837606837606, 0.7264957264957265, 0.7435897435897436, 0.7606837606837606, 0.717948717948718, 0.7606837606837606, 0.7435897435897436, 0.717948717948718, 0.7521367521367521, 0.7350427350427351, 0.7606837606837606, 0.7435897435897436, 0.7606837606837606, 0.7350427350427351, 0.7350427350427351, 0.7606837606837606, 0.7435897435897436, 0.717948717948718, 0.7350427350427351, 0.7094017094017094, 0.7435897435897436, 0.7521367521367521, 0.7435897435897436, 0.7606837606837606, 0.7435897435897436, 0.7350427350427351, 0.7350427350427351]}