{"train_loss": [0.6827501580119133, 0.6698518991470337, 0.6633613333106041, 0.6553667932748795, 0.6435690149664879, 0.6306632235646248, 0.6196137294173241, 0.6163296923041344, 0.5971652045845985, 0.5993340238928795, 0.5963801816105843, 0.5963727086782455, 0.6053093150258064, 0.5919599756598473, 0.5963641926646233, 0.6044196859002113, 0.590871587395668, 0.591442234814167, 0.5916536077857018, 0.6031890660524368, 0.5889288783073425, 0.5998239517211914, 0.5883210450410843, 0.5932025834918022, 0.5828358232975006, 0.5843008682131767, 0.5814612805843353, 0.5846955999732018, 0.5818258821964264, 0.5792079642415047, 0.5791795030236244, 0.5814625769853592, 0.5899974480271339, 0.6051915511488914, 0.5872596949338913, 0.5905843302607536, 0.5800836235284805, 0.5944104343652725, 0.5897637158632278, 0.5818832069635391, 0.5831188932061195, 0.5894314683973789, 0.6014055982232094, 0.5948840007185936, 0.5807898193597794, 0.5854104906320572, 0.5784540548920631, 0.5910134539008141, 0.5956288725137711, 0.5923742428421974, 0.5834988579154015, 0.5885549262166023, 0.5806148126721382, 0.5908757522702217, 0.5927209779620171, 0.5894564092159271, 0.593592457473278, 0.5906033515930176, 0.5786830857396126, 0.5773659348487854, 0.5911822468042374, 0.5877375081181526, 0.5846191942691803, 0.5767860785126686, 0.5760951340198517, 0.5790364742279053, 0.5856037177145481, 0.5856256261467934, 0.5847790837287903, 0.5866883024573326, 0.5893993750214577, 0.5815024711191654, 0.5847582444548607, 0.5888105407357216, 0.5805599987506866, 0.5812160447239876, 0.5899253413081169, 0.588766559958458, 0.5838968232274055, 0.5837107077240944, 0.591720461845398, 0.5777148455381393, 0.5761837363243103, 0.5915027558803558, 0.5891142934560776, 0.5910882353782654, 0.5838297381997108, 0.5904601961374283, 0.583176963031292, 0.5814257152378559, 0.5911366641521454, 0.5914286226034164, 0.6004538685083389, 0.5864295065402985, 0.5891150534152985, 0.5819185338914394, 0.5954517275094986, 0.5882109738886356, 0.5738459937274456, 0.5854730531573296], "train_acc": [0.559447983014862, 0.5859872611464968, 0.5859872611464968, 0.5987261146496815, 0.638004246284501, 0.6794055201698513, 0.6953290870488322, 0.7070063694267515, 0.7080679405520169, 0.7144373673036093, 0.7208067940552016, 0.7186836518046709, 0.697452229299363, 0.7133757961783439, 0.7154989384288747, 0.7101910828025477, 0.7091295116772823, 0.721868365180467, 0.7154989384288747, 0.6910828025477707, 0.7101910828025477, 0.7229299363057324, 0.7292993630573248, 0.721868365180467, 0.7239915074309978, 0.727176220806794, 0.7250530785562632, 0.7197452229299363, 0.7292993630573248, 0.727176220806794, 0.7335456475583864, 0.727176220806794, 0.7303609341825902, 0.7261146496815286, 0.7229299363057324, 0.7101910828025477, 0.7186836518046709, 0.7176220806794055, 0.7239915074309978, 0.7239915074309978, 0.7314225053078556, 0.7208067940552016, 0.6995753715498938, 0.6857749469214437, 0.7229299363057324, 0.7261146496815286, 0.7335456475583864, 0.732484076433121, 0.6985138004246284, 0.721868365180467, 0.7250530785562632, 0.7123142250530785, 0.7133757961783439, 0.721868365180467, 0.7303609341825902, 0.6985138004246284, 0.7112526539278131, 0.7154989384288747, 0.7176220806794055, 0.7367303609341825, 0.7292993630573248, 0.7197452229299363, 0.7229299363057324, 0.7335456475583864, 0.732484076433121, 0.732484076433121, 0.7314225053078556, 0.7314225053078556, 0.7367303609341825, 0.7250530785562632, 0.7261146496815286, 0.7303609341825902, 0.7346072186836518, 0.7144373673036093, 0.7176220806794055, 0.7112526539278131, 0.7080679405520169, 0.7048832271762208, 0.7346072186836518, 0.7176220806794055, 0.7356687898089171, 0.7186836518046709, 0.727176220806794, 0.6942675159235668, 0.7154989384288747, 0.7367303609341825, 0.732484076433121, 0.7335456475583864, 0.7101910828025477, 0.7133757961783439, 0.7239915074309978, 0.6910828025477707, 0.70276008492569, 0.7282377919320594, 0.7292993630573248, 0.7006369426751592, 0.727176220806794, 0.7292993630573248, 0.7335456475583864, 0.7335456475583864], "val_loss": [0.6611704230308533, 0.6593206524848938, 0.6492583155632019, 0.6432167887687683, 0.6270493865013123, 0.6120100021362305, 0.6016846895217896, 0.5904223322868347, 0.5928943753242493, 0.5783575177192688, 0.5725418925285339, 0.5704724788665771, 0.565524697303772, 0.5647264122962952, 0.5608564019203186, 0.5538430213928223, 0.5524064898490906, 0.550148606300354, 0.5640302896499634, 0.5583803653717041, 0.5484614372253418, 0.545523464679718, 0.5440027713775635, 0.5402947664260864, 0.5409819483757019, 0.5359408259391785, 0.5434588193893433, 0.5354040265083313, 0.5380655527114868, 0.5365641117095947, 0.5357032418251038, 0.53985995054245, 0.5352222919464111, 0.5427117347717285, 0.5457198619842529, 0.5612300038337708, 0.5503474473953247, 0.5420610308647156, 0.5445435047149658, 0.5413764119148254, 0.5378148555755615, 0.549315333366394, 0.5475718379020691, 0.5453075766563416, 0.5415197610855103, 0.5350939035415649, 0.5362401604652405, 0.5353823304176331, 0.5538985133171082, 0.5613564252853394, 0.5467116832733154, 0.5442312955856323, 0.5355237722396851, 0.535029411315918, 0.5441833138465881, 0.5429521799087524, 0.5493630170822144, 0.5366314649581909, 0.5362499952316284, 0.5324960947036743, 0.5427960753440857, 0.5384901762008667, 0.5421331524848938, 0.5372375845909119, 0.5336578488349915, 0.5337637662887573, 0.5388191342353821, 0.5361601114273071, 0.5392231941223145, 0.540257453918457, 0.5402476787567139, 0.5349574089050293, 0.5381312370300293, 0.5355002284049988, 0.5407156348228455, 0.5472681522369385, 0.5489374399185181, 0.547378659248352, 0.5359766483306885, 0.5386239290237427, 0.5466101169586182, 0.5369406938552856, 0.55149906873703, 0.536296010017395, 0.535000741481781, 0.5343968868255615, 0.5348113179206848, 0.5453115105628967, 0.5461505055427551, 0.5385473966598511, 0.5555779933929443, 0.5729618668556213, 0.5527386665344238, 0.5418084859848022, 0.5347425937652588, 0.5427907109260559, 0.5383014678955078, 0.5369597673416138, 0.5392441153526306, 0.5348816514015198],