{"train_loss": [0.691254585981369, 0.6881672888994217, 0.6824339330196381, 0.6821518614888191, 0.6808900013566017, 0.6808568835258484, 0.6779481917619705, 0.6788149699568748, 0.6806685701012611, 0.6813535913825035, 0.68217883259058, 0.6811589449644089, 0.6790709719061852, 0.6786028668284416, 0.6809483468532562, 0.6824654415249825, 0.6810940876603127, 0.6802963241934776, 0.6811575293540955, 0.6817313581705093, 0.6772578656673431, 0.6811772212386131, 0.6744989156723022, 0.6644681468605995, 0.6532939597964287, 0.6452869102358818, 0.6377374455332756, 0.6283195614814758, 0.6252155974507332, 0.6053895279765129, 0.628975436091423, 0.607838898897171, 0.6009412556886673, 0.6008808985352516, 0.5973532944917679, 0.5987436473369598, 0.5975214540958405, 0.5895331501960754, 0.599839948117733, 0.5978620126843452, 0.5953637361526489, 0.6145418435335159, 0.5872067287564278, 0.5934832319617271, 0.5961147248744965, 0.5771955400705338, 0.5727489665150642, 0.5673087537288666, 0.5813445970416069, 0.5722983628511429, 0.5881290882825851, 0.5780998319387436, 0.5911940783262253, 0.5753044635057449, 0.5756791830062866, 0.5718516632914543, 0.5698539614677429, 0.5720067694783211, 0.5887713059782982, 0.5982707813382149, 0.5741801783442497, 0.5686755999922752, 0.5726054012775421, 0.5761881694197655, 0.5815065428614616, 0.5889837704598904, 0.5746038034558296, 0.5742070898413658, 0.5666909702122211, 0.5772113874554634, 0.5774355866014957, 0.5638086646795273, 0.5795453041791916, 0.5692461580038071, 0.5747062489390373, 0.568380132317543, 0.5546618849039078, 0.5522527061402798, 0.5596385076642036, 0.5565254874527454, 0.5530985444784164, 0.5611329898238182, 0.5608463622629642, 0.5579994432628155, 0.5614182502031326, 0.5611317381262779, 0.5469457507133484, 0.5646943897008896, 0.5504469387233257, 0.5447589233517647, 0.5604299753904343, 0.5653946362435818, 0.5503407679498196, 0.5487868525087833, 0.5364138707518578, 0.5500811040401459, 0.5421902239322662, 0.5357719585299492, 0.5430100746452808, 0.5424402132630348], "train_acc": [0.5774946921443737, 0.5774946921443737, 0.5774946921443737, 0.5774946921443737, 0.5774946921443737, 0.5774946921443737, 0.5774946921443737, 0.5774946921443737, 0.5774946921443737, 0.5774946921443737, 0.5774946921443737, 0.5774946921443737, 0.5774946921443737, 0.5774946921443737, 0.5774946921443737, 0.5774946921443737, 0.5774946921443737, 0.5774946921443737, 0.5774946921443737, 0.5774946921443737, 0.5774946921443737, 0.5774946921443737, 0.5774946921443737, 0.5774946921443737, 0.5774946921443737, 0.6104033970276008, 0.6560509554140127, 0.678343949044586, 0.6815286624203821, 0.6953290870488322, 0.6624203821656051, 0.7006369426751592, 0.7080679405520169, 0.6995753715498938, 0.7133757961783439, 0.6953290870488322, 0.7144373673036093, 0.6963906581740976, 0.7070063694267515, 0.7176220806794055, 0.6985138004246284, 0.6815286624203821, 0.7229299363057324, 0.7048832271762208, 0.7112526539278131, 0.7186836518046709, 0.7239915074309978, 0.7186836518046709, 0.7112526539278131, 0.7239915074309978, 0.7186836518046709, 0.7346072186836518, 0.6857749469214437, 0.7239915074309978, 0.7335456475583864, 0.727176220806794, 0.727176220806794, 0.7176220806794055, 0.7154989384288747, 0.6995753715498938, 0.732484076433121, 0.7282377919320594, 0.7346072186836518, 0.7303609341825902, 0.7197452229299363, 0.7059447983014862, 0.7261146496815286, 0.7197452229299363, 0.7133757961783439, 0.7282377919320594, 0.7261146496815286, 0.7388535031847133, 0.721868365180467, 0.7367303609341825, 0.7303609341825902, 0.732484076433121, 0.7494692144373672, 0.7377919320594479, 0.7346072186836518, 0.7420382165605095, 0.7473460721868365, 0.7377919320594479, 0.7441613588110403, 0.7505307855626328, 0.7282377919320594, 0.7367303609341825, 0.7409766454352441, 0.7409766454352441, 0.7515923566878981, 0.7515923566878981, 0.7314225053078556, 0.7080679405520169, 0.7473460721868365, 0.7388535031847133, 0.7473460721868365, 0.7515923566878981, 0.7430997876857749, 0.7473460721868365, 0.7515923566878981, 0.7452229299363057], "val_loss": [0.6884160041809082, 0.6848183274269104, 0.6812252402305603, 0.6797683835029602, 0.6797534823417664, 0.6796640157699585, 0.6798151135444641, 0.6796020269393921, 0.6796161532402039, 0.6794848442077637, 0.6795717477798462, 0.6795809268951416, 0.6793882846832275, 0.6791978478431702, 0.6792006492614746, 0.678851306438446, 0.6791887879371643, 0.6784790754318237, 0.6778832674026489, 0.6766914129257202, 0.6755437850952148, 0.6717283725738525, 0.6654653549194336, 0.6499542593955994, 0.6303662657737732, 0.6219169497489929, 0.609342634677887, 0.6300792694091797, 0.5816195011138916, 0.5649606585502625, 0.5682336091995239, 0.5736245512962341, 0.5615512132644653, 0.5519987344741821, 0.5475518703460693, 0.5753540396690369, 0.55459064245224, 0.5682826638221741, 0.559634268283844, 0.5495721697807312, 0.5850043892860413, 0.5506246089935303, 0.5563814043998718, 0.562322199344635, 0.5524001717567444, 0.5459486842155457, 0.5401355624198914, 0.5449737310409546, 0.5340672731399536, 0.5351287722587585, 0.5396384596824646, 0.546444833278656, 0.5624282956123352, 0.5468322038650513, 0.5405697822570801, 0.5439490675926208, 0.536188542842865, 0.5649083256721497, 0.5404314398765564, 0.5440157055854797, 0.5439479947090149, 0.5446811318397522, 0.5378408432006836, 0.5370849370956421, 0.5523903369903564, 0.5685308575630188, 0.5448470115661621, 0.5623499155044556, 0.5636166334152222, 0.5430755615234375, 0.5628961324691772, 0.5503503680229187, 0.5412411689758301, 0.545987069606781, 0.5458787083625793, 0.5395088791847229, 0.5410359501838684, 0.540536105632782, 0.5392273664474487, 0.5336795449256897, 0.5340330600738525, 0.5350117087364197, 0.5308104157447815, 0.5330784916877747, 0.5338322520256042, 0.5556432008743286, 0.5455002188682556, 0.53691166639328, 0.5427464246749878, 0.5398736000061035, 0.5873050093650818, 0.5346474051475525, 0.5458399653434753, 0.5309388637542725, 0.5497552752494812, 0.5555103421211243, 0.551384687423706, 0.5343838930130005, 0.529599666595459, 0.5374463796615601],