{"train_loss": [0.7040870785713196, 0.6866693496704102, 0.6779750809073448, 0.6752754375338554, 0.677079364657402, 0.6747873425483704, 0.6768669188022614, 0.6761520206928253, 0.6746274158358574, 0.6732741668820381, 0.6742702722549438, 0.6659905463457108, 0.662886418402195, 0.6472212299704552, 0.6478284895420074, 0.6482910513877869, 0.6419817954301834, 0.6361261308193207, 0.6286352574825287, 0.6274736896157265, 0.6191234961152077, 0.6227029487490654, 0.6047418043017387, 0.6143713891506195, 0.5910122618079185, 0.5925450697541237, 0.5872032009065151, 0.5892264768481255, 0.592589445412159, 0.5770770981907845, 0.5880204513669014, 0.5761714428663254, 0.5842789486050606, 0.6025531440973282, 0.598202534019947, 0.574625551700592, 0.5703595355153084, 0.5791906118392944, 0.5787350796163082, 0.5704096034169197, 0.5663202852010727, 0.5738943219184875, 0.6044090390205383, 0.5991646870970726, 0.6026932746171951, 0.5860595703125, 0.5840632542967796, 0.5863458067178726, 0.5758675187826157, 0.5667800456285477, 0.5554609373211861, 0.5710660591721535, 0.5626863390207291, 0.5584177821874619, 0.5704362168908119, 0.5686964765191078, 0.5637814477086067, 0.5701593458652496, 0.5530344620347023, 0.5566337890923023, 0.5653227716684341, 0.5722108632326126, 0.5602970458567142, 0.5507865622639656, 0.5499174445867538, 0.5527337454259396, 0.5664039552211761, 0.5822000056505203, 0.566607803106308, 0.5681398808956146, 0.5688373893499374, 0.5691444724798203, 0.573896050453186, 0.5594781376421452, 0.5432302244007587, 0.5478635877370834, 0.5431501269340515, 0.5437282621860504, 0.5353745147585869, 0.5372908338904381, 0.5442437306046486, 0.5312622487545013, 0.5358808636665344, 0.5526212453842163, 0.5485594645142555, 0.5375603847205639, 0.5393811874091625, 0.5528375580906868, 0.5302606038749218, 0.5259351916611195, 0.533019807189703, 0.5238098278641701, 0.5557390004396439, 0.512969758361578, 0.5316466353833675, 0.533983189612627, 0.5405463017523289, 0.5406475737690926, 0.512387104332447, 0.5368981882929802], "train_acc": [0.4129511677282378, 0.5254777070063694, 0.5870488322717622, 0.5870488322717622, 0.5870488322717622, 0.5870488322717622, 0.5870488322717622, 0.5870488322717622, 0.5870488322717622, 0.5870488322717622, 0.5870488322717622, 0.5870488322717622, 0.5870488322717622, 0.5881104033970276, 0.6114649681528662, 0.6316348195329087, 0.6762208067940552, 0.6656050955414012, 0.678343949044586, 0.6932059447983014, 0.6932059447983014, 0.7070063694267515, 0.7070063694267515, 0.6868365180467091, 0.7112526539278131, 0.721868365180467, 0.7059447983014862, 0.721868365180467, 0.7112526539278131, 0.7292993630573248, 0.7112526539278131, 0.7208067940552016, 0.7377919320594479, 0.7303609341825902, 0.6932059447983014, 0.727176220806794, 0.7356687898089171, 0.7229299363057324, 0.7367303609341825, 0.7282377919320594, 0.7314225053078556, 0.7112526539278131, 0.7016985138004246, 0.6942675159235668, 0.6847133757961783, 0.7176220806794055, 0.7123142250530785, 0.732484076433121, 0.7388535031847133, 0.7314225053078556, 0.7346072186836518, 0.7452229299363057, 0.7356687898089171, 0.7420382165605095, 0.7314225053078556, 0.7176220806794055, 0.7314225053078556, 0.7282377919320594, 0.7579617834394905, 0.732484076433121, 0.7473460721868365, 0.7282377919320594, 0.7420382165605095, 0.7409766454352441, 0.7473460721868365, 0.7420382165605095, 0.7154989384288747, 0.7144373673036093, 0.7367303609341825, 0.721868365180467, 0.7292993630573248, 0.7123142250530785, 0.7282377919320594, 0.7441613588110403, 0.7462845010615711, 0.7377919320594479, 0.7547770700636943, 0.7494692144373672, 0.7473460721868365, 0.7622080679405521, 0.7526539278131635, 0.7526539278131635, 0.7611464968152867, 0.7303609341825902, 0.7314225053078556, 0.7579617834394905, 0.7452229299363057, 0.7409766454352441, 0.7314225053078556, 0.7441613588110403, 0.7515923566878981, 0.767515923566879, 0.7399150743099787, 0.7590233545647559, 0.7590233545647559, 0.7292993630573248, 0.7462845010615711, 0.7473460721868365, 0.7611464968152867, 0.7632696390658175], "val_loss": [0.6972739100456238, 0.671480119228363, 0.6658547520637512, 0.6677626371383667, 0.6681775450706482, 0.6661362648010254, 0.6644895076751709, 0.6654346585273743, 0.6636712551116943, 0.6613090634346008, 0.6578738689422607, 0.6529741883277893, 0.6453090310096741, 0.6386592388153076, 0.6268740296363831, 0.6221317648887634, 0.6226083636283875, 0.6167582869529724, 0.6218493580818176, 0.6158954501152039, 0.6012824773788452, 0.5944790840148926, 0.5914919376373291, 0.5837799310684204, 0.5813908576965332, 0.577126681804657, 0.5800583958625793, 0.5788089632987976, 0.5743208527565002, 0.5694369077682495, 0.5589876174926758, 0.5544113516807556, 0.5531008839607239, 0.5561599135398865, 0.5577760934829712, 0.559134840965271, 0.5557495951652527, 0.5545461773872375, 0.563829779624939, 0.5611844658851624, 0.5499634742736816, 0.549755871295929, 0.610041081905365, 0.5708518028259277, 0.5797821879386902, 0.5865066647529602, 0.5603333711624146, 0.5575276613235474, 0.5600986480712891, 0.5586050748825073, 0.5511474609375, 0.5527862906455994, 0.5486366152763367, 0.5533445477485657, 0.5657187104225159, 0.5487526655197144, 0.5687185525894165, 0.5497006773948669, 0.5596131682395935, 0.5505385398864746, 0.573907732963562, 0.5508697628974915, 0.5475599765777588, 0.5529686808586121, 0.5474895238876343, 0.555260956287384, 0.5486597418785095, 0.5504612326622009, 0.5886394381523132, 0.5493804812431335, 0.5604814887046814, 0.5631665587425232, 0.5621863603591919, 0.553646445274353, 0.5469879508018494, 0.5542518496513367, 0.5449219942092896, 0.5450596809387207, 0.5465991497039795, 0.5460521578788757, 0.5462981462478638, 0.547051727771759, 0.5649088621139526, 0.5923957228660583, 0.5632278323173523, 0.558832585811615, 0.5462718605995178, 0.5830478072166443, 0.5683348178863525, 0.541721522808075, 0.5427973866462708, 0.5726450085639954, 0.5382856726646423, 0.5372443199157715, 0.5424999594688416, 0.5514040589332581, 0.5398976802825928, 0.538237452507019, 0.5474382042884827, 0.5472518801689148],