{"train_loss": [0.6869619712233543, 0.6549584269523621, 0.6259430795907974, 0.5913299545645714, 0.5986507162451744, 0.6006149873137474, 0.5909663587808609, 0.5850265920162201, 0.5914997644722462, 0.6096850782632828, 0.5816879868507385, 0.5992730185389519, 0.5970795899629593, 0.5951670333743095, 0.593819871544838, 0.5836739167571068, 0.5745203271508217, 0.5827528759837151, 0.5726747065782547, 0.583898663520813, 0.5781837701797485, 0.5744897499680519, 0.5727216973900795, 0.5806940123438835, 0.5697047784924507, 0.5894540548324585, 0.5729014202952385, 0.5650955401360989, 0.5667217746376991, 0.5839361473917961, 0.573638953268528, 0.5723812356591225, 0.5739043205976486, 0.5701950564980507, 0.5715845376253128, 0.5754003524780273, 0.5783947706222534, 0.5669329687952995, 0.5788615383207798, 0.5763652324676514, 0.5674507096409798, 0.594129279255867, 0.5937150865793228, 0.567116379737854, 0.5751183554530144, 0.5888270512223244, 0.5692079365253448, 0.5767484679818153, 0.5739434212446213, 0.5737880691885948, 0.5751952454447746, 0.5698864310979843, 0.5649752840399742, 0.5681481882929802, 0.5721084028482437, 0.5726290866732597, 0.5733177959918976, 0.5766258835792542, 0.5755994245409966, 0.5721097588539124, 0.5768789127469063, 0.5843914076685905, 0.5724769830703735, 0.564606711268425, 0.5733803510665894, 0.5775898993015289, 0.586139939725399, 0.5646376796066761, 0.5614425987005234, 0.5832486674189568, 0.5681975074112415, 0.5757889226078987, 0.5753635838627815, 0.5588677898049355, 0.5752008073031902, 0.5736432112753391, 0.5733199045062065, 0.5759939625859261, 0.5758420079946518, 0.5631575956940651, 0.5687935277819633, 0.5710289292037487, 0.5751849189400673, 0.5676230564713478, 0.5806505531072617, 0.5770764797925949, 0.5690244287252426, 0.5649621710181236, 0.5587689317762852, 0.5782626420259476, 0.5697198957204819, 0.5839583948254585, 0.590583436191082, 0.585552029311657, 0.5645527541637421, 0.5764285996556282, 0.5607097968459129, 0.5631145089864731, 0.562593899667263, 0.5624964870512486], "train_acc": [0.5774946921443737, 0.6305732484076433, 0.6847133757961783, 0.7070063694267515, 0.7059447983014862, 0.6868365180467091, 0.7059447983014862, 0.7038216560509554, 0.7006369426751592, 0.6836518046709129, 0.7070063694267515, 0.7091295116772823, 0.70276008492569, 0.7080679405520169, 0.7101910828025477, 0.7133757961783439, 0.7250530785562632, 0.7165605095541401, 0.7133757961783439, 0.7048832271762208, 0.6985138004246284, 0.7165605095541401, 0.7080679405520169, 0.7292993630573248, 0.7176220806794055, 0.7133757961783439, 0.7250530785562632, 0.7282377919320594, 0.7229299363057324, 0.7261146496815286, 0.7091295116772823, 0.7165605095541401, 0.7154989384288747, 0.7250530785562632, 0.7208067940552016, 0.7165605095541401, 0.727176220806794, 0.7123142250530785, 0.7239915074309978, 0.7292993630573248, 0.7239915074309978, 0.6953290870488322, 0.7112526539278131, 0.7197452229299363, 0.7239915074309978, 0.7292993630573248, 0.7186836518046709, 0.7154989384288747, 0.7261146496815286, 0.7154989384288747, 0.7208067940552016, 0.7197452229299363, 0.7208067940552016, 0.721868365180467, 0.7314225053078556, 0.7239915074309978, 0.7208067940552016, 0.7133757961783439, 0.7176220806794055, 0.7123142250530785, 0.721868365180467, 0.7197452229299363, 0.7250530785562632, 0.7197452229299363, 0.7133757961783439, 0.7154989384288747, 0.7080679405520169, 0.7261146496815286, 0.7239915074309978, 0.7112526539278131, 0.7197452229299363, 0.7208067940552016, 0.7239915074309978, 0.7091295116772823, 0.7165605095541401, 0.7250530785562632, 0.7208067940552016, 0.7229299363057324, 0.7059447983014862, 0.7261146496815286, 0.721868365180467, 0.7282377919320594, 0.7239915074309978, 0.7080679405520169, 0.7229299363057324, 0.7239915074309978, 0.7165605095541401, 0.7165605095541401, 0.7208067940552016, 0.7208067940552016, 0.7176220806794055, 0.7176220806794055, 0.6963906581740976, 0.697452229299363, 0.721868365180467, 0.70276008492569, 0.7282377919320594, 0.721868365180467, 0.7208067940552016, 0.7282377919320594], "val_loss": [0.6814866065979004, 0.5861135125160217, 0.6046106815338135, 0.6060354113578796, 0.6793836951255798, 0.5766428112983704, 0.5999935269355774, 0.5961735844612122, 0.6268888115882874, 0.6076576709747314, 0.5873798727989197, 0.6588649153709412, 0.583132803440094, 0.5951223373413086, 0.5936433672904968, 0.6258838772773743, 0.6482426524162292, 0.6218211054801941, 0.601601243019104, 0.6593373417854309, 0.6075068712234497, 0.5992876291275024, 0.5962499380111694, 0.6048036813735962, 0.5995123386383057, 0.6218701601028442, 0.6223043203353882, 0.6230295896530151, 0.630255937576294, 0.594423234462738, 0.613761842250824, 0.6327975392341614, 0.6020998954772949, 0.6035801768302917, 0.6060391664505005, 0.626808762550354, 0.5901599526405334, 0.5852959156036377, 0.6552417874336243, 0.6001625657081604, 0.5881497263908386, 0.6402897238731384, 0.6121432781219482, 0.6347403526306152, 0.5870204567909241, 0.5938674211502075, 0.630139172077179, 0.5888413190841675, 0.6044090986251831, 0.611729085445404, 0.6109644770622253, 0.6049143075942993, 0.6349894404411316, 0.6398198008537292, 0.6032324433326721, 0.600167453289032, 0.6002368927001953, 0.6000913381576538, 0.640019953250885, 0.6473357081413269, 0.5854560136795044, 0.6216720938682556, 0.6184744834899902, 0.582127034664154, 0.6188508868217468, 0.666776180267334, 0.6145020127296448, 0.6091933846473694, 0.5962744951248169, 0.6297588348388672, 0.6150955557823181, 0.5923765301704407, 0.6207735538482666, 0.6333031058311462, 0.6091938614845276, 0.5959542393684387, 0.592657744884491, 0.6556071043014526, 0.5967376828193665, 0.5912808775901794, 0.6392918229103088, 0.5943653583526611, 0.5955652594566345, 0.6579207181930542, 0.5881189703941345, 0.597037136554718, 0.6062440276145935, 0.6096935868263245, 0.605222225189209, 0.5943090319633484, 0.6798155903816223, 0.5913241505622864, 0.6759005784988403, 0.5867757797241211, 0.6182973980903625, 0.6293123960494995, 0.5920608639717102, 0.6190081238746643, 0.5951927900314331, 0.5927615165710449], "val_acc": [0.5299145299145299, 0.7264957264957265, 0.7094017094017094, 0.6837606837606838, 0.5982905982905983, 0.717948717948718, 0.717948717948718, 0.717948717948718, 0.7008547008547008, 0.7264957264957265, 0.7264957264957265, 0.5897435897435898, 0.717948717948718, 0.7264957264957265, 0.717948717948718, 0.7094017094017094, 0.6837606837606838, 0.7094017094017094, 0.7094017094017094, 0.6410256410256411, 0.7094017094017094, 0.7264957264957265, 0.717948717948718, 0.7264957264957265, 0.7264957264957265, 0.7008547008547008, 0.7008547008547008, 0.717948717948718, 0.7094017094017094, 0.7264957264957265, 0.7094017094017094, 0.7008547008547008, 0.7350427350427351, 0.717948717948718, 0.717948717948718, 0.717948717948718, 0.717948717948718, 0.7094017094017094, 0.6923076923076923, 0.717948717948718, 0.7008547008547008, 0.6752136752136753, 0.7094017094017094, 0.7094017094017094, 0.7094017094017094, 0.7264957264957265, 0.7008547008547008, 0.7008547008547008, 0.7264957264957265, 0.7264957264957265, 0.717948717948718, 0.7264957264957265, 0.717948717948718, 0.6923076923076923, 0.7264957264957265, 0.717948717948718, 0.717948717948718, 0.7008547008547008, 0.7008547008547008, 0.6837606837606838, 0.7264957264957265, 0.717948717948718, 0.717948717948718, 0.7008547008547008, 0.6923076923076923, 0.6752136752136753, 0.7094017094017094, 0.7264957264957265, 0.7264957264957265, 0.6923076923076923, 0.7094017094017094, 0.7264957264957265, 0.717948717948718, 0.7264957264957265, 0.7094017094017094, 0.7094017094017094, 0.7094017094017094, 0.6923076923076923, 0.7264957264957265, 0.717948717948718, 0.7008547008547008, 0.717948717948718, 0.7264957264957265, 0.6495726495726496, 0.7008547008547008, 0.717948717948718, 0.717948717948718, 0.7264957264957265, 0.7264957264957265, 0.7094017094017094, 0.6239316239316239, 0.7008547008547008, 0.6324786324786325, 0.717948717948718, 0.717948717948718, 0.6923076923076923, 0.7008547008547008, 0.7008547008547008, 0.717948717948718, 0.7094017094017094]}