{"train_loss": [0.6901333555579185, 0.6807864978909492, 0.6774268001317978, 0.6764511689543724, 0.6751001924276352, 0.6763253659009933, 0.6782192066311836, 0.6749589145183563, 0.6748264878988266, 0.6764317080378532, 0.6753879189491272, 0.6738040000200272, 0.6686447858810425, 0.6715316697955132, 0.6613243222236633, 0.654412567615509, 0.6389030739665031, 0.6476690247654915, 0.6495679244399071, 0.6291887313127518, 0.6196178868412971, 0.6157698929309845, 0.6083666160702705, 0.6188757941126823, 0.6065476909279823, 0.6038743257522583, 0.5901481583714485, 0.5881227180361748, 0.5824717804789543, 0.5984851270914078, 0.5893224254250526, 0.583146795630455, 0.5696893781423569, 0.5684111341834068, 0.5722110867500305, 0.5779014229774475, 0.576811246573925, 0.5731362625956535, 0.5954995192587376, 0.5749570205807686, 0.5775631815195084, 0.5900256261229515, 0.5861651077866554, 0.5739164426922798, 0.5742323771119118, 0.5814660862088203, 0.5745746716856956, 0.5641913041472435, 0.5543445497751236, 0.5598590709269047, 0.5584320425987244, 0.5598461106419563, 0.5543545112013817, 0.5619485899806023, 0.5589464455842972, 0.54401496052742, 0.554030254483223, 0.5608970522880554, 0.5539364442229271, 0.5569159835577011, 0.558415025472641, 0.5463460087776184, 0.5441844165325165, 0.5375480055809021, 0.5454674698412418, 0.537372212857008, 0.5814658775925636, 0.5566728338599205, 0.5484052672982216, 0.5445395223796368, 0.5337438434362411, 0.5396005436778069, 0.5300676077604294, 0.5272035337984562, 0.5495406165719032, 0.5665009059011936, 0.5280341617763042, 0.5361288674175739, 0.5232755318284035, 0.5309503301978111, 0.5248387344181538, 0.513733197003603, 0.5173507370054722, 0.5215635970234871, 0.5242771133780479, 0.5328382551670074, 0.5274632796645164, 0.5090369284152985, 0.5200706496834755, 0.5176170133054256, 0.5103639997541904, 0.522024929523468, 0.5192692428827286, 0.5195680297911167, 0.5119278728961945, 0.5189264342188835, 0.5083056464791298, 0.5204236172139645, 0.5063694342970848, 0.5109923258423805], "train_acc": [0.5690021231422505, 0.5902335456475584, 0.5902335456475584, 0.5902335456475584, 0.5902335456475584, 0.5902335456475584, 0.5902335456475584, 0.5902335456475584, 0.5902335456475584, 0.5902335456475584, 0.5902335456475584, 0.5902335456475584, 0.5902335456475584, 0.5902335456475584, 0.5902335456475584, 0.5902335456475584, 0.5966029723991507, 0.6295116772823779, 0.6549893842887473, 0.6348195329087049, 0.6762208067940552, 0.6825902335456475, 0.6932059447983014, 0.6804670912951167, 0.6985138004246284, 0.7059447983014862, 0.7144373673036093, 0.7101910828025477, 0.7208067940552016, 0.7133757961783439, 0.7250530785562632, 0.7144373673036093, 0.7314225053078556, 0.7250530785562632, 0.7388535031847133, 0.7144373673036093, 0.732484076433121, 0.7101910828025477, 0.7133757961783439, 0.7356687898089171, 0.7186836518046709, 0.6942675159235668, 0.727176220806794, 0.7165605095541401, 0.7250530785562632, 0.7154989384288747, 0.7186836518046709, 0.7388535031847133, 0.7473460721868365, 0.7399150743099787, 0.7346072186836518, 0.7282377919320594, 0.7335456475583864, 0.7197452229299363, 0.7303609341825902, 0.732484076433121, 0.7377919320594479, 0.7515923566878981, 0.7070063694267515, 0.7144373673036093, 0.7441613588110403, 0.7441613588110403, 0.7261146496815286, 0.7462845010615711, 0.7239915074309978, 0.7515923566878981, 0.7080679405520169, 0.7059447983014862, 0.7314225053078556, 0.7452229299363057, 0.7515923566878981, 0.7484076433121019, 0.7420382165605095, 0.7388535031847133, 0.7314225053078556, 0.727176220806794, 0.7526539278131635, 0.7335456475583864, 0.7399150743099787, 0.7346072186836518, 0.7462845010615711, 0.7505307855626328, 0.7377919320594479, 0.7558386411889597, 0.7547770700636943, 0.7537154989384289, 0.7409766454352441, 0.7484076433121019, 0.7441613588110403, 0.7526539278131635, 0.7600849256900213, 0.7526539278131635, 0.7462845010615711, 0.7430997876857749, 0.7367303609341825, 0.7600849256900213, 0.7600849256900213, 0.7409766454352441, 0.7579617834394905, 0.7441613588110403], "val_loss": [0.6914781928062439, 0.6961907148361206, 0.7046353220939636, 0.6974661946296692, 0.6975293755531311, 0.6983512043952942, 0.6985464096069336, 0.6959652900695801, 0.6965377926826477, 0.6978575587272644, 0.6935433149337769, 0.6940239667892456, 0.6878463625907898, 0.6804070472717285, 0.6814269423484802, 0.6656700968742371, 0.675784170627594, 0.6983128190040588, 0.6559827327728271, 0.6463343501091003, 0.6547617316246033, 0.644311249256134, 0.6265207529067993, 0.6277549862861633, 0.6134446263313293, 0.606482982635498, 0.6226027011871338, 0.6214166879653931, 0.6147413849830627, 0.6089171171188354, 0.6349360346794128, 0.6284916996955872, 0.6050378680229187, 0.6121687293052673, 0.6206892728805542, 0.6550385355949402, 0.5980046391487122, 0.6045392751693726, 0.610000491142273, 0.5983139276504517, 0.60475754737854, 0.631335973739624, 0.6557508111000061, 0.6465751528739929, 0.5961999297142029, 0.5960677862167358, 0.6229004263877869, 0.6006051898002625, 0.6024442315101624, 0.6027341485023499, 0.6022334098815918, 0.6065796613693237, 0.652187705039978, 0.6622676849365234, 0.6193186640739441, 0.641998827457428, 0.620104193687439, 0.600039005279541, 0.6080037355422974, 0.6467381715774536, 0.6004053354263306, 0.597991406917572, 0.6110388040542603, 0.5980583429336548, 0.5954404473304749, 0.6056354641914368, 0.6127963662147522, 0.6685687899589539, 0.610079824924469, 0.5976587533950806, 0.5934368968009949, 0.5919609665870667, 0.591240644454956, 0.6329567432403564, 0.6740432381629944, 0.6203038096427917, 0.5863277912139893, 0.6194659471511841, 0.6258392333984375, 0.6205613613128662, 0.6306676864624023, 0.5987952351570129, 0.6156468391418457, 0.6844661831855774, 0.5969446301460266, 0.6024780869483948, 0.5907552242279053, 0.5832739472389221, 0.5874682068824768, 0.584894061088562, 0.6219077706336975, 0.5835660099983215, 0.5820396542549133, 0.580810010433197, 0.600332498550415, 0.5979880094528198, 0.5787447690963745, 0.5756857395172119, 0.5793226957321167, 0.5778709650039673],