{"train_loss": [0.6901873275637627, 0.6779982969164848, 0.6789436489343643, 0.6767924278974533, 0.6756930649280548, 0.6774497181177139, 0.6788454130291939, 0.6761801838874817, 0.67610152810812, 0.6780924871563911, 0.678333155810833, 0.6769146248698235, 0.6741645634174347, 0.6814219430088997, 0.6762814521789551, 0.6763746216893196, 0.6711490228772163, 0.6717293038964272, 0.6632206812500954, 0.6600318104028702, 0.6439076364040375, 0.639136977493763, 0.625844307243824, 0.6351494863629341, 0.6186731308698654, 0.611861988902092, 0.5890438705682755, 0.607393391430378, 0.5997001230716705, 0.61158387362957, 0.5978222638368607, 0.5853252559900284, 0.5835547894239426, 0.5796188190579414, 0.5753070935606956, 0.5853575989603996, 0.5849482491612434, 0.5864314585924149, 0.5977582558989525, 0.5906067453324795, 0.5791604891419411, 0.584954634308815, 0.5993397384881973, 0.5799437388777733, 0.5788694992661476, 0.5928419679403305, 0.5864401757717133, 0.5788526982069016, 0.5723743587732315, 0.5711582526564598, 0.5735782012343407, 0.5731522738933563, 0.5751373246312141, 0.580714225769043, 0.5810439586639404, 0.5721365362405777, 0.572828933596611, 0.5805617347359657, 0.5764564201235771, 0.578347958624363, 0.5811321437358856, 0.586912713944912, 0.5751390010118484, 0.5605611279606819, 0.5630160495638847, 0.564999170601368, 0.612798735499382, 0.5782740488648415, 0.5770795792341232, 0.5849328860640526, 0.5667576491832733, 0.571388378739357, 0.5602432265877724, 0.552904274314642, 0.5698193199932575, 0.57346635684371, 0.5626243613660336, 0.567449975758791, 0.559121236205101, 0.5582271665334702, 0.5627861879765987, 0.5521185509860516, 0.5706763043999672, 0.5590525977313519, 0.5620316043496132, 0.5616918727755547, 0.5584715642035007, 0.5561566688120365, 0.5548552758991718, 0.5613062828779221, 0.5536491796374321, 0.5700865909457207, 0.5577708259224892, 0.5579803958535194, 0.5584127977490425, 0.5727867186069489, 0.5484801642596722, 0.5400867536664009, 0.5438969060778618, 0.5489077344536781], "train_acc": [0.529723991507431, 0.5902335456475584, 0.5902335456475584, 0.5902335456475584, 0.5902335456475584, 0.5902335456475584, 0.5902335456475584, 0.5902335456475584, 0.5902335456475584, 0.5902335456475584, 0.5902335456475584, 0.5902335456475584, 0.5902335456475584, 0.5902335456475584, 0.5902335456475584, 0.5902335456475584, 0.5902335456475584, 0.5902335456475584, 0.5902335456475584, 0.5944798301486199, 0.6263269639065817, 0.6496815286624203, 0.6624203821656051, 0.6549893842887473, 0.6794055201698513, 0.7123142250530785, 0.70276008492569, 0.6804670912951167, 0.697452229299363, 0.7070063694267515, 0.7144373673036093, 0.7176220806794055, 0.7186836518046709, 0.7239915074309978, 0.7239915074309978, 0.7165605095541401, 0.7165605095541401, 0.6932059447983014, 0.7154989384288747, 0.7123142250530785, 0.7176220806794055, 0.7101910828025477, 0.7123142250530785, 0.7038216560509554, 0.7165605095541401, 0.7101910828025477, 0.7101910828025477, 0.7346072186836518, 0.7335456475583864, 0.727176220806794, 0.732484076433121, 0.7261146496815286, 0.7261146496815286, 0.7154989384288747, 0.721868365180467, 0.7197452229299363, 0.7292993630573248, 0.7250530785562632, 0.7091295116772823, 0.7154989384288747, 0.7186836518046709, 0.7165605095541401, 0.7048832271762208, 0.732484076433121, 0.7292993630573248, 0.7261146496815286, 0.6709129511677282, 0.7091295116772823, 0.7112526539278131, 0.7229299363057324, 0.7165605095541401, 0.7144373673036093, 0.732484076433121, 0.7239915074309978, 0.7080679405520169, 0.7261146496815286, 0.7261146496815286, 0.7239915074309978, 0.721868365180467, 0.727176220806794, 0.7250530785562632, 0.727176220806794, 0.7229299363057324, 0.7186836518046709, 0.7282377919320594, 0.7292993630573248, 0.7186836518046709, 0.7303609341825902, 0.7303609341825902, 0.7473460721868365, 0.7229299363057324, 0.7197452229299363, 0.7409766454352441, 0.732484076433121, 0.727176220806794, 0.7038216560509554, 0.7282377919320594, 0.7303609341825902, 0.7250530785562632, 0.727176220806794], "val_loss": [0.6932768225669861, 0.7004479765892029, 0.6932181715965271, 0.6953677535057068, 0.7005952000617981, 0.6982137560844421, 0.6963889002799988, 0.6959006786346436, 0.6976114511489868, 0.6988484263420105, 0.6957619786262512, 0.6968549489974976, 0.698211669921875, 0.6963731646537781, 0.6919984221458435, 0.6971895694732666, 0.6939021348953247, 0.6921014785766602, 0.6716012954711914, 0.6769365668296814, 0.6851022243499756, 0.6557485461235046, 0.6240437626838684, 0.6156163215637207, 0.6058245301246643, 0.5935097932815552, 0.6527018547058105, 0.6451464295387268, 0.6128225922584534, 0.5834486484527588, 0.5875943899154663, 0.6124144196510315, 0.5866694450378418, 0.5860996842384338, 0.5914558172225952, 0.617458164691925, 0.5789579153060913, 0.583846390247345, 0.6449391841888428, 0.5985444188117981, 0.5888540744781494, 0.6012241244316101, 0.6378747820854187, 0.6663699746131897, 0.5838496685028076, 0.5833000540733337, 0.626280665397644, 0.5853560566902161, 0.5850931406021118, 0.5928182601928711, 0.592457115650177, 0.5930759310722351, 0.6380618214607239, 0.6398550868034363, 0.5910137295722961, 0.5902004837989807, 0.5870245099067688, 0.5819740891456604, 0.6130697131156921, 0.6352865099906921, 0.583817720413208, 0.599057137966156, 0.6418604254722595, 0.5897101759910583, 0.5859742164611816, 0.6282359957695007, 0.6842926740646362, 0.6299667358398438, 0.5906917452812195, 0.6287716031074524, 0.6230225563049316, 0.5861065983772278, 0.5975268483161926, 0.6290833950042725, 0.6392435431480408, 0.601287305355072, 0.5839827060699463, 0.629706621170044, 0.6387736201286316, 0.6119162440299988, 0.6128861904144287, 0.5869549512863159, 0.5826603174209595, 0.6155202388763428, 0.5944539308547974, 0.5914998650550842, 0.5847824215888977, 0.6001487970352173, 0.6212458610534668, 0.5941557288169861, 0.7177156209945679, 0.5913488268852234, 0.6024413704872131, 0.6511674523353577, 0.6701460480690002, 0.6358332633972168, 0.5882822871208191, 0.6036226749420166, 0.5917688608169556, 0.5860867500305176],