{"train_loss": [0.6912577077746391, 0.6881777867674828, 0.682482160627842, 0.6821606233716011, 0.6809036582708359, 0.6808644086122513, 0.6779413968324661, 0.6788605451583862, 0.6806782186031342, 0.6813704669475555, 0.6821690499782562, 0.6811418309807777, 0.6790495812892914, 0.6785793825984001, 0.6809167116880417, 0.6824066042900085, 0.6810499802231789, 0.6801700592041016, 0.6810386627912521, 0.6811540722846985, 0.6766650006175041, 0.6797473058104515, 0.6720540672540665, 0.6602645665407181, 0.6502425596117973, 0.644001379609108, 0.6336251348257065, 0.6260565966367722, 0.6187958270311356, 0.6190554797649384, 0.6392389535903931, 0.6033810898661613, 0.6057739034295082, 0.5989832356572151, 0.5978964418172836, 0.5998420268297195, 0.6001057177782059, 0.5923802703619003, 0.6015528291463852, 0.6102492585778236, 0.6035687401890755, 0.601469412446022, 0.5876954197883606, 0.5811633467674255, 0.5949250683188438, 0.5758432373404503, 0.5716397389769554, 0.56995914503932, 0.5801446959376335, 0.573142770677805, 0.5894606113433838, 0.581977441906929, 0.5882588550448418, 0.5747783333063126, 0.5799002796411514, 0.5739737302064896, 0.5738244652748108, 0.5713665559887886, 0.5901570171117783, 0.5918225198984146, 0.5728321596980095, 0.5706379637122154, 0.5733627751469612, 0.5758960396051407, 0.583235040307045, 0.5935883522033691, 0.5801287889480591, 0.57884331792593, 0.5690953135490417, 0.582189179956913, 0.5830972641706467, 0.5656650438904762, 0.5826851353049278, 0.5650833696126938, 0.5777573212981224, 0.5676188543438911, 0.5560249462723732, 0.5557957142591476, 0.5614771842956543, 0.556074969470501, 0.5559605658054352, 0.5635545998811722, 0.5644020847976208, 0.559917900711298, 0.5632868707180023, 0.5602787286043167, 0.5509756878018379, 0.5653255209326744, 0.551952451467514, 0.546758521348238, 0.5597498044371605, 0.569013200700283, 0.5526059605181217, 0.5536123365163803, 0.5407207943499088, 0.5563648119568825, 0.5477922335267067, 0.5368424654006958, 0.5478997752070427, 0.5436556749045849], "train_acc": [0.5774946921443737, 0.5774946921443737, 0.5774946921443737, 0.5774946921443737, 0.5774946921443737, 0.5774946921443737, 0.5774946921443737, 0.5774946921443737, 0.5774946921443737, 0.5774946921443737, 0.5774946921443737, 0.5774946921443737, 0.5774946921443737, 0.5774946921443737, 0.5774946921443737, 0.5774946921443737, 0.5774946921443737, 0.5774946921443737, 0.5774946921443737, 0.5774946921443737, 0.5774946921443737, 0.5774946921443737, 0.5774946921443737, 0.5774946921443737, 0.578556263269639, 0.6210191082802548, 0.6666666666666666, 0.6932059447983014, 0.6751592356687898, 0.673036093418259, 0.6751592356687898, 0.6857749469214437, 0.7006369426751592, 0.7038216560509554, 0.7016985138004246, 0.7016985138004246, 0.7133757961783439, 0.6910828025477707, 0.697452229299363, 0.7038216560509554, 0.7112526539278131, 0.6953290870488322, 0.7154989384288747, 0.7070063694267515, 0.7154989384288747, 0.721868365180467, 0.7239915074309978, 0.7080679405520169, 0.7133757961783439, 0.7154989384288747, 0.7154989384288747, 0.7314225053078556, 0.6963906581740976, 0.7208067940552016, 0.7229299363057324, 0.721868365180467, 0.7208067940552016, 0.7165605095541401, 0.7154989384288747, 0.7038216560509554, 0.7282377919320594, 0.7250530785562632, 0.7335456475583864, 0.7197452229299363, 0.7186836518046709, 0.7059447983014862, 0.7176220806794055, 0.721868365180467, 0.7197452229299363, 0.727176220806794, 0.7250530785562632, 0.7377919320594479, 0.7176220806794055, 0.7377919320594479, 0.7208067940552016, 0.732484076433121, 0.7399150743099787, 0.7409766454352441, 0.7335456475583864, 0.7452229299363057, 0.7356687898089171, 0.7314225053078556, 0.7377919320594479, 0.7388535031847133, 0.7261146496815286, 0.7292993630573248, 0.7346072186836518, 0.7356687898089171, 0.7462845010615711, 0.7409766454352441, 0.7282377919320594, 0.7091295116772823, 0.7430997876857749, 0.7261146496815286, 0.7367303609341825, 0.7399150743099787, 0.7409766454352441, 0.7537154989384289, 0.7537154989384289, 0.7505307855626328], "val_loss": [0.688427209854126, 0.6848520040512085, 0.6812502145767212, 0.6797531247138977, 0.6797487735748291, 0.6796575784683228, 0.679813802242279, 0.6795970797538757, 0.6795936226844788, 0.6794884204864502, 0.6795711517333984, 0.6795750260353088, 0.6793767809867859, 0.6791802048683167, 0.6791536808013916, 0.6788048148155212, 0.6791002154350281, 0.6782558560371399, 0.6775334477424622, 0.6762211918830872, 0.6735605597496033, 0.667924165725708, 0.6593535542488098, 0.6421210169792175, 0.6299465894699097, 0.6162201166152954, 0.6053463816642761, 0.6108958125114441, 0.5651906728744507, 0.571564257144928, 0.6135314702987671, 0.5796571373939514, 0.5689164400100708, 0.5575061440467834, 0.5489620566368103, 0.582916796207428, 0.5633803009986877, 0.5627604722976685, 0.5731362700462341, 0.5709977149963379, 0.5598036646842957, 0.5567386150360107, 0.5534420609474182, 0.5497286915779114, 0.5468766093254089, 0.5459755659103394, 0.541482150554657, 0.5466327667236328, 0.5361230969429016, 0.5354819297790527, 0.5441918969154358, 0.5440353751182556, 0.562461256980896, 0.55837482213974, 0.5408728122711182, 0.5408387780189514, 0.536669135093689, 0.5621072053909302, 0.5352202653884888, 0.5421476364135742, 0.5406236052513123, 0.5403426885604858, 0.534014880657196, 0.535029947757721, 0.552777111530304, 0.5705627202987671, 0.5432267189025879, 0.551389753818512, 0.5605191588401794, 0.5492743253707886, 0.5446841716766357, 0.5535468459129333, 0.5370905995368958, 0.5409303903579712, 0.5359893441200256, 0.533220648765564, 0.537153422832489, 0.5313312411308289, 0.5313971042633057, 0.5274254083633423, 0.5283514857292175, 0.5284582376480103, 0.526220977306366, 0.5299513936042786, 0.5316613912582397, 0.5499052405357361, 0.5408070087432861, 0.5333596467971802, 0.5411086678504944, 0.5400223731994629, 0.5923420190811157, 0.5317709445953369, 0.5486443042755127, 0.530899703502655, 0.5556470155715942, 0.5530794858932495, 0.5359551906585693, 0.5300830006599426, 0.5274481177330017, 0.5302684903144836],