{"train_loss": [0.680750161409378, 0.6788040846586227, 0.6785999536514282, 0.6752817183732986, 0.6715593338012695, 0.6754023805260658, 0.674592062830925, 0.6779814958572388, 0.6746202185750008, 0.674812875688076, 0.6777152493596077, 0.6764523908495903, 0.6752112731337547, 0.6770552396774292, 0.6790793985128403, 0.6764447912573814, 0.6736822351813316, 0.6752903461456299, 0.6745254471898079, 0.6757463291287422, 0.6758609935641289, 0.6777392029762268, 0.674566961824894, 0.6725219115614891, 0.6779106333851814, 0.6732447743415833, 0.6759159490466118, 0.6746081337332726, 0.6747799664735794, 0.6743953302502632, 0.6772270053625107, 0.6772522330284119, 0.67637849599123, 0.6764770895242691, 0.6764576509594917, 0.6739951521158218, 0.6758890822529793, 0.6764479354023933, 0.6771801859140396, 0.674499124288559, 0.6765012070536613, 0.6764933615922928, 0.674005776643753, 0.6732797250151634, 0.6764566972851753, 0.677198737859726, 0.6744967475533485, 0.6737727001309395, 0.6758848279714584, 0.6751681491732597, 0.6792346462607384, 0.6739471480250359, 0.6771175488829613, 0.6727081760764122, 0.6785353869199753, 0.6785422116518021, 0.6734169274568558, 0.6752292141318321, 0.6791953966021538, 0.6738688498735428, 0.673437587916851, 0.6779456809163094, 0.6797368004918098, 0.6764750108122826, 0.6758939772844315, 0.6771555542945862, 0.6759212166070938, 0.6770550683140755, 0.6739628463983536, 0.6783082634210587, 0.6797095239162445, 0.6753362864255905, 0.6739137470722198, 0.6745461225509644, 0.6694616749882698, 0.6736910045146942, 0.6808328554034233, 0.6746234968304634, 0.6741014644503593, 0.6765671297907829, 0.6758161783218384, 0.6752172186970711, 0.6757860332727432, 0.6719102635979652, 0.6743934825062752, 0.6794343739748001, 0.6765658184885979, 0.6710368022322655, 0.6797007769346237, 0.6751482039690018, 0.6731963083148003, 0.6751725748181343, 0.673768624663353, 0.6744952946901321, 0.6751297935843468, 0.6744492501020432, 0.6724869161844254, 0.6758743226528168, 0.675881415605545, 0.6758413538336754], "train_acc": [0.5934182590233545, 0.5934182590233545, 0.5934182590233545, 0.5934182590233545, 0.5934182590233545, 0.5934182590233545, 0.5934182590233545, 0.5934182590233545, 0.5934182590233545, 0.5934182590233545, 0.5934182590233545, 0.5934182590233545, 0.5934182590233545, 0.5934182590233545, 0.5934182590233545, 0.5934182590233545, 0.5934182590233545, 0.5934182590233545, 0.5934182590233545, 0.5934182590233545, 0.5934182590233545, 0.5934182590233545, 0.5934182590233545, 0.5934182590233545, 0.5934182590233545, 0.5934182590233545, 0.5934182590233545, 0.5934182590233545, 0.5934182590233545, 0.5934182590233545, 0.5934182590233545, 0.5934182590233545, 0.5934182590233545, 0.5934182590233545, 0.5934182590233545, 0.5934182590233545, 0.5934182590233545, 0.5934182590233545, 0.5934182590233545, 0.5934182590233545, 0.5934182590233545, 0.5934182590233545, 0.5934182590233545, 0.5934182590233545, 0.5934182590233545, 0.5934182590233545, 0.5934182590233545, 0.5934182590233545, 0.5934182590233545, 0.5934182590233545, 0.5934182590233545, 0.5934182590233545, 0.5934182590233545, 0.5934182590233545, 0.5934182590233545, 0.5934182590233545, 0.5934182590233545, 0.5934182590233545, 0.5934182590233545, 0.5934182590233545, 0.5934182590233545, 0.5934182590233545, 0.5934182590233545, 0.5934182590233545, 0.5934182590233545, 0.5934182590233545, 0.5934182590233545, 0.5934182590233545, 0.5934182590233545, 0.5934182590233545, 0.5934182590233545, 0.5934182590233545, 0.5934182590233545, 0.5934182590233545, 0.5934182590233545, 0.5934182590233545, 0.5934182590233545, 0.5934182590233545, 0.5934182590233545, 0.5934182590233545, 0.5934182590233545, 0.5934182590233545, 0.5934182590233545, 0.5934182590233545, 0.5934182590233545, 0.5934182590233545, 0.5934182590233545, 0.5934182590233545, 0.5934182590233545, 0.5934182590233545, 0.5934182590233545, 0.5934182590233545, 0.5934182590233545, 0.5934182590233545, 0.5934182590233545, 0.5934182590233545, 0.5934182590233545, 0.5934182590233545, 0.5934182590233545, 0.5934182590233545], "val_loss": [0.6958199143409729, 0.6990679502487183, 0.7052479386329651, 0.7059401273727417, 0.7052749991416931, 0.7090976238250732, 0.7078489661216736, 0.706605851650238, 0.7037174701690674, 0.7040846347808838, 0.7050852179527283, 0.7051904797554016, 0.7049558162689209, 0.7052783966064453, 0.7043953537940979, 0.7040842175483704, 0.70350182056427, 0.7045947313308716, 0.7067474722862244, 0.7073299288749695, 0.7063790559768677, 0.7056923508644104, 0.7049327492713928, 0.7053216695785522, 0.7066749334335327, 0.70633864402771, 0.7057897448539734, 0.7055479884147644, 0.7072083950042725, 0.7065598368644714, 0.706421971321106, 0.705255389213562, 0.7049807906150818, 0.7047829627990723, 0.7046552896499634, 0.7047426104545593, 0.7057728171348572, 0.706062376499176, 0.7056338787078857, 0.7050577402114868, 0.7055279612541199, 0.7047572135925293, 0.7055879831314087, 0.7064117193222046, 0.7067345380783081, 0.7063032388687134, 0.7055431008338928, 0.7056050896644592, 0.7063996195793152, 0.7064380049705505, 0.705710768699646, 0.7048259377479553, 0.7051441669464111, 0.7049483060836792, 0.7060935497283936, 0.7059904336929321, 0.7046898007392883, 0.7053004503250122, 0.7058285474777222, 0.7050266861915588, 0.7048274874687195, 0.7064480781555176, 0.7055675387382507, 0.7052561044692993, 0.7048436999320984, 0.7043989896774292, 0.7040653824806213, 0.7044702768325806, 0.7045466899871826, 0.7056465744972229, 0.705859363079071, 0.7044786810874939, 0.7044848203659058, 0.7054376602172852, 0.7056970596313477, 0.7074551582336426, 0.7084274888038635, 0.7065915465354919, 0.7055885195732117, 0.7066214084625244, 0.7060403227806091, 0.7056992650032043, 0.7057826519012451, 0.7058361172676086, 0.7066243886947632, 0.7076143622398376, 0.7061986923217773, 0.7048527002334595, 0.7057479619979858, 0.7056763768196106, 0.7056140899658203, 0.7063450217247009, 0.7064827680587769, 0.7066887617111206, 0.7068774104118347, 0.7069891095161438, 0.7069827914237976, 0.7073772549629211, 0.7066735029220581, 0.7066228985786438],