{"train_loss": [0.6773403361439705, 0.6662133112549782, 0.6459133476018906, 0.6496877372264862, 0.609367847442627, 0.6167631521821022, 0.5902296826243401, 0.5873014405369759, 0.5931488946080208, 0.5858060196042061, 0.5774806886911392, 0.5819540321826935, 0.5866383016109467, 0.580440379679203, 0.6155670210719109, 0.620880052447319, 0.5960230305790901, 0.6095736101269722, 0.5751906111836433, 0.588305652141571, 0.604602999985218, 0.5880295559763908, 0.5726865157485008, 0.5794239193201065, 0.5723025500774384, 0.5762553364038467, 0.5792005732655525, 0.594427689909935, 0.5747311636805534, 0.576624546200037, 0.580757774412632, 0.5654906965792179, 0.5785171911120415, 0.5750102624297142, 0.5774728022515774, 0.5825651586055756, 0.5753004774451256, 0.5792618244886398, 0.5893219113349915, 0.595136933028698, 0.5871246084570885, 0.5905978381633759, 0.5714758634567261, 0.5688748732209206, 0.5812577083706856, 0.5701183825731277, 0.5641357339918613, 0.5688007175922394, 0.5775675848126411, 0.5786393955349922, 0.5871292129158974, 0.5790282711386681, 0.5753858163952827, 0.5720492750406265, 0.5796118155121803, 0.574867732822895, 0.5699407495558262, 0.566533662378788, 0.5861253961920738, 0.5809498578310013, 0.5735421776771545, 0.5734150782227516, 0.5780315920710564, 0.5784128531813622, 0.5835778787732124, 0.5817712247371674, 0.5901103988289833, 0.5879473015666008, 0.5776563808321953, 0.5768558233976364, 0.5877934657037258, 0.5673955380916595, 0.5712179616093636, 0.5722863078117371, 0.5888040885329247, 0.5748776495456696, 0.565120056271553, 0.5607270002365112, 0.5650695636868477, 0.5598973035812378, 0.567709282040596, 0.5611748024821281, 0.5667714551091194, 0.5639142878353596, 0.5657970160245895, 0.5674096345901489, 0.5556491911411285, 0.5647909119725227, 0.5677834190428257, 0.569086741656065, 0.5654812678694725, 0.5528002381324768, 0.5650555342435837, 0.554996445775032, 0.5494264289736748, 0.554912194609642, 0.5519965812563896, 0.5521978288888931, 0.5596044585108757, 0.5577951706945896], "train_acc": [0.5700636942675159, 0.6040339702760085, 0.6868365180467091, 0.6475583864118896, 0.6910828025477707, 0.6985138004246284, 0.7123142250530785, 0.7176220806794055, 0.7165605095541401, 0.7133757961783439, 0.7165605095541401, 0.7144373673036093, 0.7176220806794055, 0.7080679405520169, 0.6953290870488322, 0.7101910828025477, 0.7070063694267515, 0.6963906581740976, 0.70276008492569, 0.6963906581740976, 0.6847133757961783, 0.7133757961783439, 0.7250530785562632, 0.7112526539278131, 0.7154989384288747, 0.7133757961783439, 0.7048832271762208, 0.7133757961783439, 0.7165605095541401, 0.7091295116772823, 0.7250530785562632, 0.7165605095541401, 0.7123142250530785, 0.7154989384288747, 0.7176220806794055, 0.7059447983014862, 0.7314225053078556, 0.7133757961783439, 0.7197452229299363, 0.7038216560509554, 0.7133757961783439, 0.7144373673036093, 0.7133757961783439, 0.7112526539278131, 0.7165605095541401, 0.721868365180467, 0.7176220806794055, 0.7154989384288747, 0.7133757961783439, 0.7133757961783439, 0.7165605095541401, 0.7101910828025477, 0.7048832271762208, 0.7154989384288747, 0.7239915074309978, 0.721868365180467, 0.7250530785562632, 0.7144373673036093, 0.7133757961783439, 0.7123142250530785, 0.721868365180467, 0.727176220806794, 0.7144373673036093, 0.7208067940552016, 0.7154989384288747, 0.70276008492569, 0.7133757961783439, 0.7154989384288747, 0.7091295116772823, 0.7154989384288747, 0.7133757961783439, 0.7261146496815286, 0.7282377919320594, 0.727176220806794, 0.7123142250530785, 0.7123142250530785, 0.7165605095541401, 0.7154989384288747, 0.7229299363057324, 0.7239915074309978, 0.7229299363057324, 0.7197452229299363, 0.727176220806794, 0.7250530785562632, 0.7292993630573248, 0.7282377919320594, 0.7197452229299363, 0.7176220806794055, 0.7197452229299363, 0.7165605095541401, 0.7112526539278131, 0.7208067940552016, 0.7165605095541401, 0.727176220806794, 0.727176220806794, 0.727176220806794, 0.727176220806794, 0.7250530785562632, 0.7186836518046709, 0.7250530785562632], "val_loss": [0.6711192727088928, 0.634893536567688, 0.6415269374847412, 0.5853782296180725, 0.5492662787437439, 0.574138343334198, 0.539982795715332, 0.5647181868553162, 0.5591061115264893, 0.5531102418899536, 0.5538438558578491, 0.558508574962616, 0.5836696624755859, 0.545506477355957, 0.5904049873352051, 0.5648806095123291, 0.5835921168327332, 0.5687698125839233, 0.5682627558708191, 0.5934582948684692, 0.5774845480918884, 0.5528443455696106, 0.5548809766769409, 0.5595400333404541, 0.5619052052497864, 0.5625527501106262, 0.5779244899749756, 0.5574135184288025, 0.5576270222663879, 0.56114262342453, 0.5655556321144104, 0.5571956634521484, 0.5576275587081909, 0.5583255887031555, 0.5601912140846252, 0.5746294856071472, 0.5728155374526978, 0.5761075019836426, 0.5832811594009399, 0.572234570980072, 0.569541335105896, 0.552241861820221, 0.5538454055786133, 0.5635432004928589, 0.5585783123970032, 0.5604374408721924, 0.5525971055030823, 0.5627900958061218, 0.5702069401741028, 0.5710599422454834, 0.5551912188529968, 0.5561361908912659, 0.5504132509231567, 0.5677664875984192, 0.5594732761383057, 0.5653747916221619, 0.5540984869003296, 0.5764034986495972, 0.5556116104125977, 0.5542636513710022, 0.5648329257965088, 0.5589678287506104, 0.552483320236206, 0.5542333722114563, 0.5600261688232422, 0.5684030055999756, 0.5910317897796631, 0.5571925044059753, 0.5489562749862671, 0.5513438582420349, 0.5570806264877319, 0.5609567761421204, 0.5621256232261658, 0.5708581805229187, 0.5676942467689514, 0.5454275012016296, 0.5502728223800659, 0.5474974513053894, 0.5651178359985352, 0.5539441704750061, 0.5520363450050354, 0.5491989254951477, 0.5462628602981567, 0.5503405332565308, 0.5542344450950623, 0.5566850900650024, 0.5474386215209961, 0.5499387979507446, 0.5769596099853516, 0.5473392009735107, 0.5494112372398376, 0.5543739199638367, 0.560185432434082, 0.5554391741752625, 0.5540094375610352, 0.551677942276001, 0.5547695755958557, 0.5553212761878967, 0.548022449016571, 0.5453324913978577],