{"train_loss": [0.6904685124754906, 0.6823780909180641, 0.6784459948539734, 0.6778942346572876, 0.6760106906294823, 0.6772385612130165, 0.6797418892383575, 0.6755758076906204, 0.6758305057883263, 0.6782042235136032, 0.677398569881916, 0.6756858229637146, 0.6718692928552628, 0.6762072667479515, 0.668551616370678, 0.6601454690098763, 0.6428940072655678, 0.6407091692090034, 0.6612650528550148, 0.6300493329763412, 0.621817335486412, 0.6188025176525116, 0.6091688945889473, 0.6154511198401451, 0.6067976281046867, 0.6049573644995689, 0.5918760672211647, 0.59624944627285, 0.5869372114539146, 0.5907136350870132, 0.5758823752403259, 0.569710984826088, 0.5645511820912361, 0.568291574716568, 0.5583489909768105, 0.5802706927061081, 0.5745228379964828, 0.5726974308490753, 0.5718887150287628, 0.5699509009718895, 0.5522738769650459, 0.5556626580655575, 0.5623493641614914, 0.55485799908638, 0.5518417358398438, 0.5645644292235374, 0.5656147748231888, 0.5619417876005173, 0.5541858002543449, 0.5463894978165627, 0.5539871081709862, 0.5380609855055809, 0.5435237847268581, 0.562853530049324, 0.538010623306036, 0.5364704616367817, 0.5407235436141491, 0.5396543219685555, 0.5305075794458389, 0.5364444479346275, 0.546301182359457, 0.5549254827201366, 0.5398360341787338, 0.5145538188517094, 0.5117188915610313, 0.5095616839826107, 0.5778745599091053, 0.5346995778381824, 0.5320556871592999, 0.5160323977470398, 0.5012521483004093, 0.5124499835073948, 0.5019171722233295, 0.4892950989305973, 0.5086124204099178, 0.5234925411641598, 0.48919952288269997, 0.49447891116142273, 0.4977474771440029, 0.48458773642778397, 0.5014468096196651, 0.4820362254977226, 0.477611668407917, 0.49776070937514305, 0.4861097224056721, 0.48882492259144783, 0.4838610403239727, 0.4644859991967678, 0.47508690878748894, 0.49663324654102325, 0.4863050729036331, 0.47906795889139175, 0.48986971005797386, 0.46438731253147125, 0.4837668538093567, 0.4880913458764553, 0.49118979647755623, 0.4661424867808819, 0.4687401056289673, 0.4631725996732712], "train_acc": [0.5690021231422505, 0.5902335456475584, 0.5902335456475584, 0.5902335456475584, 0.5902335456475584, 0.5902335456475584, 0.5902335456475584, 0.5902335456475584, 0.5902335456475584, 0.5902335456475584, 0.5902335456475584, 0.5902335456475584, 0.5902335456475584, 0.5902335456475584, 0.5902335456475584, 0.5902335456475584, 0.5902335456475584, 0.5902335456475584, 0.678343949044586, 0.6295116772823779, 0.6719745222929936, 0.6963906581740976, 0.7101910828025477, 0.7091295116772823, 0.6995753715498938, 0.7144373673036093, 0.7016985138004246, 0.7091295116772823, 0.7080679405520169, 0.7176220806794055, 0.732484076433121, 0.7239915074309978, 0.7314225053078556, 0.7239915074309978, 0.727176220806794, 0.7154989384288747, 0.7314225053078556, 0.7070063694267515, 0.7335456475583864, 0.7303609341825902, 0.7388535031847133, 0.7356687898089171, 0.7505307855626328, 0.7335456475583864, 0.7420382165605095, 0.7420382165605095, 0.727176220806794, 0.732484076433121, 0.7346072186836518, 0.7409766454352441, 0.7409766454352441, 0.7526539278131635, 0.7462845010615711, 0.7292993630573248, 0.7484076433121019, 0.7452229299363057, 0.7452229299363057, 0.7526539278131635, 0.7388535031847133, 0.7537154989384289, 0.7494692144373672, 0.7314225053078556, 0.7526539278131635, 0.767515923566879, 0.7707006369426752, 0.7685774946921444, 0.7165605095541401, 0.7420382165605095, 0.7441613588110403, 0.7611464968152867, 0.7664543524416136, 0.7526539278131635, 0.772823779193206, 0.7749469214437368, 0.7600849256900213, 0.7611464968152867, 0.7940552016985138, 0.7855626326963907, 0.7664543524416136, 0.778131634819533, 0.7802547770700637, 0.7802547770700637, 0.7855626326963907, 0.7590233545647559, 0.7802547770700637, 0.7876857749469215, 0.7823779193205945, 0.7760084925690022, 0.7738853503184714, 0.7813163481953291, 0.7823779193205945, 0.7887473460721869, 0.7685774946921444, 0.7929936305732485, 0.7834394904458599, 0.7823779193205945, 0.7738853503184714, 0.7993630573248408, 0.8067940552016986, 0.7940552016985138], "val_loss": [0.6916777491569519, 0.6946325302124023, 0.7043020129203796, 0.698495090007782, 0.6974817514419556, 0.6978146433830261, 0.6980977058410645, 0.6968089938163757, 0.6972644925117493, 0.698074221611023, 0.6951664090156555, 0.6955065131187439, 0.6938786506652832, 0.6877245903015137, 0.684626042842865, 0.6656177639961243, 0.6537765264511108, 0.6433768272399902, 0.6607316136360168, 0.6391245126724243, 0.6405750513076782, 0.6385366916656494, 0.626560628414154, 0.625359833240509, 0.6049209237098694, 0.5983402729034424, 0.6272151470184326, 0.579677164554596, 0.5631921291351318, 0.557985246181488, 0.5740581154823303, 0.5749359130859375, 0.5687648057937622, 0.5799734592437744, 0.5870907306671143, 0.6036632061004639, 0.5500423312187195, 0.5580439567565918, 0.6237742304801941, 0.5691981911659241, 0.5575011968612671, 0.5562403798103333, 0.5702711939811707, 0.6247165203094482, 0.5477344989776611, 0.5425997972488403, 0.547876238822937, 0.5444961786270142, 0.5467113852500916, 0.5444170236587524, 0.548303484916687, 0.5599439740180969, 0.5987395644187927, 0.605954647064209, 0.5782122015953064, 0.5642070770263672, 0.5508614182472229, 0.5402857661247253, 0.5392411351203918, 0.5422676205635071, 0.529444694519043, 0.5504858493804932, 0.5937437415122986, 0.5386173129081726, 0.5260244011878967, 0.5478436350822449, 0.5994329452514648, 0.6421192288398743, 0.5270007252693176, 0.5242398977279663, 0.5351229906082153, 0.533183753490448, 0.5181108713150024, 0.5577313303947449, 0.5741124153137207, 0.5434140563011169, 0.5112723112106323, 0.5264227986335754, 0.5225827693939209, 0.5187480449676514, 0.5154241323471069, 0.5136779546737671, 0.5459139347076416, 0.5605385899543762, 0.5091620683670044, 0.5319676399230957, 0.523958683013916, 0.5076287388801575, 0.5958127379417419, 0.5567857027053833, 0.61658775806427, 0.5070895552635193, 0.4989576041698456, 0.5090155601501465, 0.5325969457626343, 0.5562269687652588, 0.5396895408630371, 0.5289098024368286, 0.5052451491355896, 0.5210278034210205],