{"train_loss": [0.7045424729585648, 0.6892012283205986, 0.6791506186127663, 0.6772941797971725, 0.6775126531720161, 0.6760395541787148, 0.6784937903285027, 0.6769433692097664, 0.6758772507309914, 0.6739351153373718, 0.6744829416275024, 0.6658557876944542, 0.6600238159298897, 0.6423238441348076, 0.6423004046082497, 0.6486270725727081, 0.6357893347740173, 0.6294262632727623, 0.6279379799962044, 0.6265757381916046, 0.6131122037768364, 0.6136361360549927, 0.59976726770401, 0.615337461233139, 0.584624283015728, 0.5921706110239029, 0.5748637691140175, 0.5776674672961235, 0.5807782411575317, 0.5796885639429092, 0.5745615363121033, 0.5701836124062538, 0.5796955302357674, 0.5887531787157059, 0.579872615635395, 0.5703664422035217, 0.5544337742030621, 0.5677672997117043, 0.5625908337533474, 0.5639817118644714, 0.5529212281107903, 0.5517965406179428, 0.5866524204611778, 0.5893532857298851, 0.5769814476370811, 0.5661032646894455, 0.5783107653260231, 0.5747382938861847, 0.556958869099617, 0.5543664693832397, 0.5474302619695663, 0.5470691062510014, 0.5491736307740211, 0.565970491617918, 0.5550033897161484, 0.5634948685765266, 0.5569888576865196, 0.5553085058927536, 0.5448055304586887, 0.5441909916698933, 0.5490232110023499, 0.549106776714325, 0.5431240126490593, 0.5250210613012314, 0.5223733223974705, 0.52878537774086, 0.5460082292556763, 0.5543695949018002, 0.5490541458129883, 0.5467459820210934, 0.5500551648437977, 0.541815884411335, 0.5512357763946056, 0.5387596972286701, 0.5246793776750565, 0.5130829885601997, 0.5144724734127522, 0.5223359316587448, 0.5116718374192715, 0.5174327529966831, 0.5146073959767818, 0.5109462030231953, 0.5161194540560246, 0.5233832783997059, 0.5318608023226261, 0.5143373496830463, 0.5114199034869671, 0.5161225721240044, 0.5004594177007675, 0.4867161065340042, 0.49298590421676636, 0.4923810474574566, 0.5177622176706791, 0.4865143597126007, 0.5034244209527969, 0.49789009615778923, 0.500356812030077, 0.49939702078700066, 0.4741488806903362, 0.47973111271858215], "train_acc": [0.4129511677282378, 0.5265392781316348, 0.5870488322717622, 0.5870488322717622, 0.5870488322717622, 0.5870488322717622, 0.5870488322717622, 0.5870488322717622, 0.5870488322717622, 0.5870488322717622, 0.5870488322717622, 0.5870488322717622, 0.5870488322717622, 0.5923566878980892, 0.6528662420382165, 0.6857749469214437, 0.6815286624203821, 0.678343949044586, 0.7038216560509554, 0.6942675159235668, 0.70276008492569, 0.7133757961783439, 0.7133757961783439, 0.6963906581740976, 0.721868365180467, 0.7112526539278131, 0.7335456475583864, 0.721868365180467, 0.7154989384288747, 0.7197452229299363, 0.7239915074309978, 0.7282377919320594, 0.7303609341825902, 0.7335456475583864, 0.7144373673036093, 0.7250530785562632, 0.721868365180467, 0.7430997876857749, 0.7314225053078556, 0.7229299363057324, 0.7420382165605095, 0.7377919320594479, 0.7208067940552016, 0.692144373673036, 0.7186836518046709, 0.7335456475583864, 0.7059447983014862, 0.732484076433121, 0.7377919320594479, 0.7409766454352441, 0.7452229299363057, 0.7515923566878981, 0.7441613588110403, 0.7452229299363057, 0.7484076433121019, 0.7239915074309978, 0.7346072186836518, 0.7335456475583864, 0.7505307855626328, 0.7547770700636943, 0.7547770700636943, 0.7526539278131635, 0.7526539278131635, 0.7537154989384289, 0.7579617834394905, 0.767515923566879, 0.7420382165605095, 0.7346072186836518, 0.7441613588110403, 0.7367303609341825, 0.7420382165605095, 0.7484076433121019, 0.7430997876857749, 0.7430997876857749, 0.7569002123142251, 0.7685774946921444, 0.772823779193206, 0.7653927813163482, 0.767515923566879, 0.7653927813163482, 0.778131634819533, 0.7653927813163482, 0.767515923566879, 0.7515923566878981, 0.7515923566878981, 0.7653927813163482, 0.7707006369426752, 0.7653927813163482, 0.7685774946921444, 0.7717622080679406, 0.7791932059447984, 0.7876857749469215, 0.7707006369426752, 0.7855626326963907, 0.7876857749469215, 0.7569002123142251, 0.7770700636942676, 0.7845010615711253, 0.7983014861995754, 0.7951167728237792], "val_loss": [0.6988208293914795, 0.6750465631484985, 0.666535496711731, 0.6682224273681641, 0.6690743565559387, 0.6674451231956482, 0.6656065583229065, 0.6660875082015991, 0.6649616956710815, 0.6624619960784912, 0.658176064491272, 0.6507254838943481, 0.6404061317443848, 0.6271255612373352, 0.6144219040870667, 0.6098847985267639, 0.6104685664176941, 0.6115283370018005, 0.610939621925354, 0.60361647605896, 0.5869218111038208, 0.5807572603225708, 0.5711629390716553, 0.5739829540252686, 0.5623223781585693, 0.5586429238319397, 0.5705811381340027, 0.5523955225944519, 0.5463358163833618, 0.5500531792640686, 0.5456631779670715, 0.5395548939704895, 0.52918940782547, 0.534959077835083, 0.5505344867706299, 0.534913182258606, 0.5285847783088684, 0.53212571144104, 0.5373415946960449, 0.5267199277877808, 0.5248696208000183, 0.5209329128265381, 0.5914531350135803, 0.5391573905944824, 0.5561014413833618, 0.5645273327827454, 0.5241475105285645, 0.5248422622680664, 0.5368044376373291, 0.5279719233512878, 0.5212284922599792, 0.512376070022583, 0.51198410987854, 0.5137654542922974, 0.5323275327682495, 0.5338456034660339, 0.5356072783470154, 0.5400291681289673, 0.5132368803024292, 0.5111276507377625, 0.5129977464675903, 0.5097612738609314, 0.5099231004714966, 0.5129039287567139, 0.504113495349884, 0.5131540298461914, 0.5065082907676697, 0.5099294185638428, 0.5435907244682312, 0.508291482925415, 0.5223849415779114, 0.537585437297821, 0.5231196880340576, 0.5124344825744629, 0.5000274777412415, 0.5069833993911743, 0.49272581934928894, 0.49315258860588074, 0.4922812283039093, 0.49309277534484863, 0.4970884919166565, 0.49998512864112854, 0.5535571575164795, 0.5687127113342285, 0.49698635935783386, 0.49020105600357056, 0.49661001563072205, 0.49664413928985596, 0.4977095127105713, 0.49249267578125, 0.4866788685321808, 0.5104930996894836, 0.48461630940437317, 0.49265867471694946, 0.48284104466438293, 0.4960043430328369, 0.48124733567237854, 0.48085713386535645, 0.4864431321620941, 0.47885990142822266],