{"train_loss": [0.7139687240123749, 0.6681974604725838, 0.6328074783086777, 0.6007683053612709, 0.576894473284483, 0.6317496597766876, 0.6359220296144485, 0.5996799468994141, 0.6169954910874367, 0.5939703956246376, 0.5688967891037464, 0.5812812224030495, 0.5671213045716286, 0.5642230212688446, 0.575655147433281, 0.5768751427531242, 0.5748739913105965, 0.5880169942975044, 0.5790644250810146, 0.5559384003281593, 0.5623896680772305, 0.5667136311531067, 0.5676847025752068, 0.5924656763672829, 0.5715254917740822, 0.584832351654768, 0.5806387066841125, 0.5830497555434704, 0.578085258603096, 0.5671600252389908, 0.5663637146353722, 0.5538832060992718, 0.5432978719472885, 0.549922838807106, 0.5583332180976868, 0.5601581782102585, 0.5445065945386887, 0.545878954231739, 0.5724061504006386, 0.5538953244686127, 0.5430085137486458, 0.5509992018342018, 0.5537512339651585, 0.5416246205568314, 0.5551585853099823, 0.5598194673657417, 0.5455929189920425, 0.5376147627830505, 0.5431784838438034, 0.543594092130661, 0.5439306572079659, 0.5269510075449944, 0.5579287558794022, 0.5365709997713566, 0.5600066296756268, 0.5662391856312752, 0.5462980978190899, 0.531500805169344, 0.5387689769268036, 0.5317461527884007, 0.515034269541502, 0.5275351367890835, 0.5303097441792488, 0.5398248843848705, 0.5487646907567978, 0.5626354180276394, 0.5523898676037788, 0.5272259078919888, 0.5284209661185741, 0.5185081772506237, 0.530996710062027, 0.5141418538987637, 0.5286406017839909, 0.5226191654801369, 0.5132657065987587, 0.528350368142128, 0.5270277597010136, 0.5466035529971123, 0.5183833539485931, 0.5359248444437981, 0.535537526011467, 0.5225769877433777, 0.5240958407521248, 0.5313468389213085, 0.5163622982800007, 0.5200948268175125, 0.5334021225571632, 0.5114379711449146, 0.5403474569320679, 0.5081033855676651, 0.5284937918186188, 0.5178469531238079, 0.5070045329630375, 0.5300236642360687, 0.536104828119278, 0.5129429996013641, 0.4982399679720402, 0.4917815141379833, 0.5289385095238686, 0.5285728499293327], "train_acc": [0.5520169851380042, 0.5955414012738853, 0.6772823779193206, 0.7123142250530785, 0.7080679405520169, 0.6560509554140127, 0.6125265392781316, 0.6868365180467091, 0.7038216560509554, 0.7133757961783439, 0.7282377919320594, 0.7356687898089171, 0.7367303609341825, 0.7335456475583864, 0.7346072186836518, 0.7314225053078556, 0.727176220806794, 0.7229299363057324, 0.7239915074309978, 0.7409766454352441, 0.7388535031847133, 0.7356687898089171, 0.7346072186836518, 0.7048832271762208, 0.7154989384288747, 0.7123142250530785, 0.7176220806794055, 0.7335456475583864, 0.7059447983014862, 0.7388535031847133, 0.7356687898089171, 0.7388535031847133, 0.7462845010615711, 0.7409766454352441, 0.7250530785562632, 0.7367303609341825, 0.7441613588110403, 0.7314225053078556, 0.7208067940552016, 0.7452229299363057, 0.7409766454352441, 0.7399150743099787, 0.7515923566878981, 0.7462845010615711, 0.7494692144373672, 0.7420382165605095, 0.7494692144373672, 0.7494692144373672, 0.7367303609341825, 0.7388535031847133, 0.7526539278131635, 0.7600849256900213, 0.7367303609341825, 0.7632696390658175, 0.7505307855626328, 0.7250530785562632, 0.7484076433121019, 0.7430997876857749, 0.7526539278131635, 0.7579617834394905, 0.7611464968152867, 0.7505307855626328, 0.7515923566878981, 0.7473460721868365, 0.7399150743099787, 0.7537154989384289, 0.7314225053078556, 0.7399150743099787, 0.7579617834394905, 0.7643312101910829, 0.7569002123142251, 0.7590233545647559, 0.7685774946921444, 0.772823779193206, 0.7696390658174098, 0.7590233545647559, 0.7622080679405521, 0.7473460721868365, 0.7600849256900213, 0.7515923566878981, 0.7558386411889597, 0.7611464968152867, 0.7696390658174098, 0.7569002123142251, 0.7717622080679406, 0.7590233545647559, 0.7526539278131635, 0.7685774946921444, 0.7452229299363057, 0.7749469214437368, 0.7664543524416136, 0.7622080679405521, 0.7791932059447984, 0.767515923566879, 0.7611464968152867, 0.7834394904458599, 0.772823779193206, 0.7813163481953291, 0.778131634819533, 0.7579617834394905], "val_loss": [0.6900550127029419, 0.6577408909797668, 0.6236255168914795, 0.6635702848434448, 0.7258134484291077, 0.6872424483299255, 0.6848738193511963, 0.5945395231246948, 0.6183698773384094, 0.5937363505363464, 0.5765907764434814, 0.6045272946357727, 0.620525062084198, 0.6152941584587097, 0.630946934223175, 0.6247252225875854, 0.6440377235412598, 0.6081424355506897, 0.6148058772087097, 0.6092218160629272, 0.6594546437263489, 0.6214613914489746, 0.6792641282081604, 0.6096295714378357, 0.5990831851959229, 0.6358919143676758, 0.6899005174636841, 0.6037335991859436, 0.5950238704681396, 0.6476675868034363, 0.6062927842140198, 0.6203356981277466, 0.6229807138442993, 0.6181688904762268, 0.6272773146629333, 0.6537584662437439, 0.6293672919273376, 0.6261654496192932, 0.6208428740501404, 0.6497092843055725, 0.6254220008850098, 0.673785924911499, 0.64952552318573, 0.6602576375007629, 0.6393427848815918, 0.6489623188972473, 0.6590381860733032, 0.659648597240448, 0.6735022068023682, 0.6679595708847046, 0.6612551808357239, 0.7117516994476318, 0.6459070444107056, 0.6734318137168884, 0.7198337912559509, 0.6299096345901489, 0.6418986916542053, 0.6365543603897095, 0.6331326961517334, 0.6781666278839111, 0.6887811422348022, 0.6721535921096802, 0.6780477166175842, 0.6842573285102844, 0.6641676425933838, 0.7358918786048889, 0.6536948680877686, 0.6909106373786926, 0.6861286163330078, 0.6706320643424988, 0.6862773895263672, 0.6832155585289001, 0.6912240386009216, 0.6811944246292114, 0.6814533472061157, 0.6981698274612427, 0.66811203956604, 0.6913132667541504, 0.7737759947776794, 0.6600397825241089, 0.6688545942306519, 0.6898047924041748, 0.7198622226715088, 0.6770012974739075, 0.7057057619094849, 0.7341592311859131, 0.6793375015258789, 0.74964839220047, 0.6927555203437805, 0.68223637342453, 0.725231409072876, 0.6693776845932007, 0.7332455515861511, 0.693987250328064, 0.6765917539596558, 0.7065874934196472, 0.7009448409080505, 0.7139125466346741, 0.7632952332496643, 0.7158920168876648],