{"train_loss": [0.6803831607103348, 0.6592769920825958, 0.6342546343803406, 0.6044880002737045, 0.6155860424041748, 0.6015304252505302, 0.6145033687353134, 0.5820585563778877, 0.5846361592411995, 0.6049555614590645, 0.5882053673267365, 0.5933357253670692, 0.5786701217293739, 0.5858619660139084, 0.5889254361391068, 0.5787892416119576, 0.5750444009900093, 0.5811911374330521, 0.5745591595768929, 0.5814352482557297, 0.5769097581505775, 0.5731192529201508, 0.5706262364983559, 0.5801149904727936, 0.5724330991506577, 0.5865582898259163, 0.5705297291278839, 0.5761018022894859, 0.5664770156145096, 0.5817821100354195, 0.5779948383569717, 0.5709280520677567, 0.5754064843058586, 0.572114884853363, 0.5730607211589813, 0.5811237692832947, 0.5790265873074532, 0.5719026066362858, 0.5839556641876698, 0.5802275948226452, 0.5790783017873764, 0.586714044213295, 0.5876858904957771, 0.5718160644173622, 0.5767033845186234, 0.5914590582251549, 0.573455885052681, 0.5815383568406105, 0.580289401113987, 0.573568657040596, 0.5780841633677483, 0.5715757198631763, 0.5718483999371529, 0.5695816352963448, 0.5719965696334839, 0.5719290375709534, 0.5714132189750671, 0.5778479129076004, 0.5790618509054184, 0.5695698261260986, 0.5818466581404209, 0.5918912291526794, 0.5796551704406738, 0.5740839093923569, 0.5829233676195145, 0.5802463814616203, 0.5805807709693909, 0.5659376233816147, 0.5672720223665237, 0.5818360075354576, 0.5684078484773636, 0.5741046667098999, 0.5736214518547058, 0.5629957541823387, 0.5716524049639702, 0.5804797969758511, 0.5728331878781319, 0.5770111382007599, 0.5733903348445892, 0.5651977360248566, 0.571504682302475, 0.574064064770937, 0.5779884457588196, 0.5705446749925613, 0.5801079086959362, 0.5796148180961609, 0.5658546164631844, 0.5637562535703182, 0.5624944604933262, 0.5772332847118378, 0.5729382112622261, 0.5907519310712814, 0.5981722250580788, 0.5862543284893036, 0.570036705583334, 0.5767583847045898, 0.567256860435009, 0.5649124681949615, 0.5676179453730583, 0.5678001046180725], "train_acc": [0.5902335456475584, 0.5944798301486199, 0.6836518046709129, 0.6963906581740976, 0.6932059447983014, 0.7006369426751592, 0.692144373673036, 0.7059447983014862, 0.6985138004246284, 0.6963906581740976, 0.7123142250530785, 0.7038216560509554, 0.7176220806794055, 0.7091295116772823, 0.7239915074309978, 0.7112526539278131, 0.7292993630573248, 0.7154989384288747, 0.7133757961783439, 0.7144373673036093, 0.7016985138004246, 0.7197452229299363, 0.7133757961783439, 0.7208067940552016, 0.7176220806794055, 0.7144373673036093, 0.7144373673036093, 0.7197452229299363, 0.7186836518046709, 0.7208067940552016, 0.7165605095541401, 0.7186836518046709, 0.7239915074309978, 0.7101910828025477, 0.7239915074309978, 0.7165605095541401, 0.721868365180467, 0.7123142250530785, 0.7208067940552016, 0.7133757961783439, 0.7080679405520169, 0.7048832271762208, 0.7144373673036093, 0.7208067940552016, 0.7239915074309978, 0.7208067940552016, 0.7250530785562632, 0.7144373673036093, 0.7165605095541401, 0.7133757961783439, 0.7186836518046709, 0.721868365180467, 0.7133757961783439, 0.7112526539278131, 0.7303609341825902, 0.7165605095541401, 0.727176220806794, 0.7112526539278131, 0.7091295116772823, 0.7154989384288747, 0.7239915074309978, 0.7133757961783439, 0.7144373673036093, 0.7176220806794055, 0.7070063694267515, 0.7091295116772823, 0.7154989384288747, 0.7165605095541401, 0.7229299363057324, 0.7006369426751592, 0.7112526539278131, 0.7229299363057324, 0.7091295116772823, 0.7080679405520169, 0.7208067940552016, 0.7101910828025477, 0.7154989384288747, 0.7176220806794055, 0.6963906581740976, 0.7239915074309978, 0.7176220806794055, 0.7197452229299363, 0.721868365180467, 0.7101910828025477, 0.7123142250530785, 0.7133757961783439, 0.7144373673036093, 0.7165605095541401, 0.7144373673036093, 0.7197452229299363, 0.7154989384288747, 0.7101910828025477, 0.692144373673036, 0.7059447983014862, 0.7176220806794055, 0.7176220806794055, 0.7112526539278131, 0.7176220806794055, 0.7165605095541401, 0.7165605095541401], "val_loss": [0.6798396706581116, 0.6486645936965942, 0.5780014395713806, 0.5930795669555664, 0.6058085560798645, 0.5947780013084412, 0.6005650162696838, 0.6311150789260864, 0.5891363620758057, 0.5968827605247498, 0.6311341524124146, 0.6247004270553589, 0.5886029005050659, 0.587973952293396, 0.5968649983406067, 0.6282721161842346, 0.6435167789459229, 0.6289817094802856, 0.6080676913261414, 0.6514371037483215, 0.6085192561149597, 0.5966406464576721, 0.5995877981185913, 0.6087325811386108, 0.6027063727378845, 0.6243406534194946, 0.6243794560432434, 0.605099618434906, 0.632007896900177, 0.6088189482688904, 0.6123226881027222, 0.6152289509773254, 0.5947626829147339, 0.6100138425827026, 0.6168975234031677, 0.626986563205719, 0.5945487022399902, 0.6035863161087036, 0.6841123104095459, 0.5970721244812012, 0.6002098917961121, 0.6454657316207886, 0.6142017245292664, 0.6233615875244141, 0.5866372585296631, 0.6038384437561035, 0.6277438998222351, 0.5857428908348083, 0.6121707558631897, 0.6124927997589111, 0.6033784747123718, 0.6088874340057373, 0.6305221319198608, 0.6268042325973511, 0.6034163236618042, 0.6027326583862305, 0.6038174033164978, 0.5953125357627869, 0.6390891075134277, 0.6306792497634888, 0.5852837562561035, 0.6447670459747314, 0.595745861530304, 0.5802428126335144, 0.633183479309082, 0.6375830769538879, 0.6178892254829407, 0.6234573721885681, 0.5970951914787292, 0.628238320350647, 0.6147120594978333, 0.5939589142799377, 0.6248586177825928, 0.6138162016868591, 0.6055070161819458, 0.6116721630096436, 0.5992534160614014, 0.657021164894104, 0.5982824563980103, 0.599107027053833, 0.6494049429893494, 0.5926666855812073, 0.60966557264328, 0.6531358957290649, 0.5898821949958801, 0.6117255687713623, 0.6009587049484253, 0.6242720484733582, 0.6012891530990601, 0.6013170480728149, 0.6720193028450012, 0.5937460660934448, 0.6558264493942261, 0.5907105207443237, 0.6200065016746521, 0.6359863877296448, 0.5982262492179871, 0.6229313611984253, 0.5946317911148071, 0.6007010340690613],