{"train_loss": [0.6995766013860703, 0.6780271232128143, 0.6796998679637909, 0.6763735264539719, 0.6744963675737381, 0.6750585213303566, 0.6771658062934875, 0.6729023903608322, 0.6720253527164459, 0.672363668680191, 0.6692772060632706, 0.6663817316293716, 0.6575767025351524, 0.6591663584113121, 0.6525418236851692, 0.642696388065815, 0.6287963166832924, 0.6312917768955231, 0.6184861660003662, 0.6106597855687141, 0.5994085296988487, 0.6013631671667099, 0.5928384587168694, 0.6047022342681885, 0.5890852883458138, 0.5911053493618965, 0.5779245868325233, 0.5880715548992157, 0.5765684768557549, 0.591535672545433, 0.5838645026087761, 0.5727744698524475, 0.5755651965737343, 0.5786416456103325, 0.57286037504673, 0.5867688432335854, 0.5812914818525314, 0.5837314277887344, 0.5916069075465202, 0.5830227695405483, 0.5714824423193932, 0.5822350382804871, 0.586919017136097, 0.5793167129158974, 0.5790048837661743, 0.589273527264595, 0.5739902183413506, 0.578239418566227, 0.5753883123397827, 0.5666566118597984, 0.5745803043246269, 0.5678996369242668, 0.5636546909809113, 0.5692720860242844, 0.5619653165340424, 0.5622217506170273, 0.566071193665266, 0.5657749399542809, 0.5675358697772026, 0.5653038173913956, 0.5763246193528175, 0.5776158794760704, 0.5694788470864296, 0.560199461877346, 0.5626833438873291, 0.5631567239761353, 0.5770069509744644, 0.5606777556240559, 0.556977391242981, 0.5698413699865341, 0.5584277138113976, 0.5628381222486496, 0.5566269159317017, 0.5461232475936413, 0.5576992556452751, 0.5632121451199055, 0.5588088631629944, 0.565312784165144, 0.5530862882733345, 0.5564535781741142, 0.5583993941545486, 0.5492854975163937, 0.5559047982096672, 0.5458873398602009, 0.5520400702953339, 0.5617351122200489, 0.5569809824228287, 0.55785758420825, 0.537317730486393, 0.5519592016935349, 0.5498047769069672, 0.5515226610004902, 0.5516368597745895, 0.5542495474219322, 0.5527661740779877, 0.5565696582198143, 0.5371350273489952, 0.5427793189883232, 0.5415060892701149, 0.537441860884428], "train_acc": [0.45329087048832273, 0.5902335456475584, 0.5902335456475584, 0.5902335456475584, 0.5902335456475584, 0.5902335456475584, 0.5902335456475584, 0.5902335456475584, 0.5902335456475584, 0.5902335456475584, 0.5902335456475584, 0.5902335456475584, 0.5902335456475584, 0.5934182590233545, 0.6295116772823779, 0.6093418259023354, 0.6560509554140127, 0.6794055201698513, 0.678343949044586, 0.6995753715498938, 0.6985138004246284, 0.6953290870488322, 0.7006369426751592, 0.7006369426751592, 0.7080679405520169, 0.7176220806794055, 0.7165605095541401, 0.7123142250530785, 0.7144373673036093, 0.7197452229299363, 0.7154989384288747, 0.7229299363057324, 0.7197452229299363, 0.7239915074309978, 0.7292993630573248, 0.7144373673036093, 0.7261146496815286, 0.6995753715498938, 0.7133757961783439, 0.6985138004246284, 0.7112526539278131, 0.7070063694267515, 0.7144373673036093, 0.7176220806794055, 0.7197452229299363, 0.721868365180467, 0.7165605095541401, 0.727176220806794, 0.7123142250530785, 0.7186836518046709, 0.7229299363057324, 0.7261146496815286, 0.7176220806794055, 0.7133757961783439, 0.7377919320594479, 0.7292993630573248, 0.7303609341825902, 0.7250530785562632, 0.7133757961783439, 0.721868365180467, 0.7250530785562632, 0.7144373673036093, 0.7091295116772823, 0.7292993630573248, 0.7176220806794055, 0.7239915074309978, 0.70276008492569, 0.7377919320594479, 0.7282377919320594, 0.7154989384288747, 0.7282377919320594, 0.7250530785562632, 0.7239915074309978, 0.7388535031847133, 0.7123142250530785, 0.7367303609341825, 0.7229299363057324, 0.7208067940552016, 0.7165605095541401, 0.7250530785562632, 0.7292993630573248, 0.7462845010615711, 0.7388535031847133, 0.7346072186836518, 0.7356687898089171, 0.7356687898089171, 0.7239915074309978, 0.7282377919320594, 0.7484076433121019, 0.7335456475583864, 0.7409766454352441, 0.7335456475583864, 0.7388535031847133, 0.7314225053078556, 0.7303609341825902, 0.727176220806794, 0.7409766454352441, 0.7356687898089171, 0.7452229299363057, 0.7388535031847133], "val_loss": [0.6911080479621887, 0.7090602517127991, 0.6955416798591614, 0.6932886242866516, 0.6968507766723633, 0.6978974938392639, 0.695162296295166, 0.6924131512641907, 0.6934514045715332, 0.6921400427818298, 0.6845733523368835, 0.6850389838218689, 0.6699041128158569, 0.6616883873939514, 0.6671491265296936, 0.6500187516212463, 0.6572891473770142, 0.6614614725112915, 0.6332020163536072, 0.6316080093383789, 0.6333490610122681, 0.6216022372245789, 0.5961977243423462, 0.5882973670959473, 0.5852203965187073, 0.5981394052505493, 0.6185009479522705, 0.5910132527351379, 0.5914638042449951, 0.5862399935722351, 0.6074285507202148, 0.61589115858078, 0.5878912210464478, 0.5930153727531433, 0.6067255139350891, 0.6095635890960693, 0.5820351243019104, 0.5837244391441345, 0.6685104370117188, 0.5834594368934631, 0.5909624099731445, 0.6251896023750305, 0.6091651320457458, 0.6098029613494873, 0.5801319479942322, 0.5889567136764526, 0.6207080483436584, 0.5810094475746155, 0.5936346650123596, 0.5957251191139221, 0.5930998921394348, 0.5951798558235168, 0.6256905198097229, 0.6136384606361389, 0.5879421830177307, 0.5974375605583191, 0.589542806148529, 0.583697497844696, 0.6196306943893433, 0.632866382598877, 0.5821074843406677, 0.6025041937828064, 0.636410653591156, 0.5803986191749573, 0.5961551666259766, 0.6581438779830933, 0.6271606683731079, 0.5953998565673828, 0.5845685005187988, 0.620846688747406, 0.6141341924667358, 0.5889912843704224, 0.5959208607673645, 0.6250002980232239, 0.6097877621650696, 0.5850603580474854, 0.5811575651168823, 0.6467973589897156, 0.6240202784538269, 0.5894481539726257, 0.6042062044143677, 0.5838136672973633, 0.5833652019500732, 0.6262122988700867, 0.5852920413017273, 0.5861873030662537, 0.5794615745544434, 0.6053981781005859, 0.6062331795692444, 0.5820472836494446, 0.6834456324577332, 0.5798221230506897, 0.5987398624420166, 0.6536343097686768, 0.6278737187385559, 0.5924126505851746, 0.5796877145767212, 0.6154508590698242, 0.5848042964935303, 0.5772010684013367],