{"train_loss": [0.6959370598196983, 0.6779844090342522, 0.6775703579187393, 0.6759172901511192, 0.6696031466126442, 0.6760380640625954, 0.6722322851419449, 0.6743927747011185, 0.6705184876918793, 0.6687569469213486, 0.6697177141904831, 0.666352353990078, 0.6595563814043999, 0.655783012509346, 0.6545856595039368, 0.6400543823838234, 0.628239780664444, 0.6340463235974312, 0.6282302066683769, 0.6086872667074203, 0.6010104641318321, 0.6109405979514122, 0.5998977795243263, 0.5965630486607552, 0.5875828042626381, 0.5785799287259579, 0.5993065387010574, 0.5917140766978264, 0.5956490710377693, 0.5857308283448219, 0.5909662172198296, 0.5856306925415993, 0.5760703682899475, 0.5750184282660484, 0.5745655670762062, 0.5833505392074585, 0.5706351138651371, 0.5786345154047012, 0.580016240477562, 0.5647002086043358, 0.5723859518766403, 0.5752572678029537, 0.583503745496273, 0.5635472685098648, 0.5813139081001282, 0.5738209076225758, 0.5646417960524559, 0.5630539655685425, 0.5710931681096554, 0.5744570344686508, 0.5796901285648346, 0.5630535781383514, 0.5722435638308525, 0.5556599833071232, 0.5847974121570587, 0.5665864497423172, 0.5564365051686764, 0.5641937591135502, 0.5631918646395206, 0.5702174603939056, 0.5603321865200996, 0.5730724036693573, 0.5860040038824081, 0.577580988407135, 0.565321758389473, 0.5843904092907906, 0.5677577778697014, 0.5632398687303066, 0.560629166662693, 0.5660392493009567, 0.5763558447360992, 0.5727287903428078, 0.5626761168241501, 0.5706527456641197, 0.5498661771416664, 0.5811665654182434, 0.560674075037241, 0.5590596199035645, 0.5759660489857197, 0.5667512565851212, 0.5675514414906502, 0.5759979262948036, 0.5574005842208862, 0.5563799068331718, 0.5566885024309158, 0.5535675771534443, 0.5678742229938507, 0.5641504526138306, 0.5535272508859634, 0.551414392888546, 0.5651218667626381, 0.5557310320436954, 0.5594513639807701, 0.5675281211733818, 0.5616398528218269, 0.5491598099470139, 0.5393234975636005, 0.548380583524704, 0.5493926852941513, 0.5380898341536522], "train_acc": [0.4734607218683652, 0.5934182590233545, 0.5934182590233545, 0.5934182590233545, 0.5934182590233545, 0.5934182590233545, 0.5934182590233545, 0.5934182590233545, 0.5934182590233545, 0.5934182590233545, 0.5934182590233545, 0.5934182590233545, 0.5934182590233545, 0.5944798301486199, 0.6050955414012739, 0.6454352441613588, 0.6411889596602972, 0.6666666666666666, 0.6740976645435244, 0.6963906581740976, 0.7154989384288747, 0.6942675159235668, 0.7080679405520169, 0.7154989384288747, 0.7229299363057324, 0.7176220806794055, 0.7133757961783439, 0.7261146496815286, 0.7154989384288747, 0.7112526539278131, 0.7208067940552016, 0.7292993630573248, 0.7208067940552016, 0.7409766454352441, 0.7282377919320594, 0.7388535031847133, 0.721868365180467, 0.7229299363057324, 0.7261146496815286, 0.7420382165605095, 0.7335456475583864, 0.7250530785562632, 0.727176220806794, 0.7409766454352441, 0.7399150743099787, 0.7388535031847133, 0.7314225053078556, 0.727176220806794, 0.721868365180467, 0.7409766454352441, 0.7292993630573248, 0.7229299363057324, 0.7409766454352441, 0.7409766454352441, 0.7261146496815286, 0.7388535031847133, 0.7346072186836518, 0.721868365180467, 0.7377919320594479, 0.7356687898089171, 0.7430997876857749, 0.7282377919320594, 0.7154989384288747, 0.7239915074309978, 0.7526539278131635, 0.7367303609341825, 0.7409766454352441, 0.7452229299363057, 0.7505307855626328, 0.7335456475583864, 0.7377919320594479, 0.732484076433121, 0.7430997876857749, 0.7303609341825902, 0.7356687898089171, 0.7059447983014862, 0.7314225053078556, 0.7282377919320594, 0.7101910828025477, 0.7346072186836518, 0.721868365180467, 0.7261146496815286, 0.7335456475583864, 0.7377919320594479, 0.7346072186836518, 0.7239915074309978, 0.7282377919320594, 0.732484076433121, 0.732484076433121, 0.7452229299363057, 0.7367303609341825, 0.732484076433121, 0.7537154989384289, 0.7430997876857749, 0.7335456475583864, 0.7494692144373672, 0.7515923566878981, 0.7430997876857749, 0.7494692144373672, 0.7462845010615711], "val_loss": [0.6946913003921509, 0.7153093218803406, 0.7000976800918579, 0.6967776417732239, 0.7036342620849609, 0.7131741642951965, 0.698828935623169, 0.6999621391296387, 0.6989802718162537, 0.7017221450805664, 0.6981236338615417, 0.692206084728241, 0.6914364695549011, 0.6792564988136292, 0.6975699663162231, 0.6681898832321167, 0.6718045473098755, 0.6622623801231384, 0.6350254416465759, 0.6485734581947327, 0.6630575656890869, 0.6403281688690186, 0.61830735206604, 0.6090437769889832, 0.5985753536224365, 0.626923143863678, 0.6469858884811401, 0.6152085065841675, 0.5940834283828735, 0.5973371863365173, 0.6339225172996521, 0.595606803894043, 0.594006359577179, 0.5899421572685242, 0.6072768568992615, 0.619774580001831, 0.5816742181777954, 0.5815818905830383, 0.5975700616836548, 0.5943188667297363, 0.5775580406188965, 0.643303632736206, 0.589171290397644, 0.5839203000068665, 0.5965695381164551, 0.5973556637763977, 0.6137924790382385, 0.6217769384384155, 0.5774396657943726, 0.5908229351043701, 0.6099424958229065, 0.6141489744186401, 0.5756394267082214, 0.6515247821807861, 0.582180380821228, 0.5792275667190552, 0.6327170133590698, 0.5773043632507324, 0.5803592801094055, 0.6163673996925354, 0.6154522895812988, 0.5821818709373474, 0.6536362767219543, 0.5814891457557678, 0.583910346031189, 0.6073068380355835, 0.5996531248092651, 0.5803159475326538, 0.6224784255027771, 0.5731843113899231, 0.585048496723175, 0.629805326461792, 0.5782204270362854, 0.5825512409210205, 0.6319925785064697, 0.5739811658859253, 0.5834423899650574, 0.6627379059791565, 0.5803353786468506, 0.5742165446281433, 0.6461724042892456, 0.5747514963150024, 0.5983327031135559, 0.5973333120346069, 0.5814909934997559, 0.5785192251205444, 0.6401441097259521, 0.6017655730247498, 0.5735791325569153, 0.6128014326095581, 0.5841295719146729, 0.5733547210693359, 0.6299502849578857, 0.5778685808181763, 0.5768267512321472, 0.6010186672210693, 0.5881438851356506, 0.5784518122673035, 0.5985433459281921, 0.5828085541725159],