{"train_loss": [0.675825372338295, 0.6783144697546959, 0.6410349011421204, 0.6238632649183273, 0.6123270392417908, 0.6134065166115761, 0.5952950716018677, 0.5953057929873466, 0.5864753052592278, 0.5831034407019615, 0.574882298707962, 0.580477349460125, 0.5822407715022564, 0.5733222514390945, 0.5967692285776138, 0.5974263623356819, 0.5835013166069984, 0.5945911630988121, 0.5890748724341393, 0.6026923209428787, 0.5974453240633011, 0.5933070555329323, 0.5756080374121666, 0.5809791684150696, 0.574653260409832, 0.5762965977191925, 0.5790090262889862, 0.592898540198803, 0.5757238119840622, 0.5781586989760399, 0.5834720283746719, 0.5643730647861958, 0.5797653421759605, 0.5780343785881996, 0.5754751935601234, 0.582998089492321, 0.5791513994336128, 0.5804291591048241, 0.5900248885154724, 0.5886685773730278, 0.582012727856636, 0.5893317610025406, 0.5736154541373253, 0.5707172155380249, 0.58118886500597, 0.5718357041478157, 0.5679967254400253, 0.5686206109821796, 0.5795487761497498, 0.5796739310026169, 0.5888736620545387, 0.5838914811611176, 0.5768926218152046, 0.576187364757061, 0.5828091651201248, 0.5775586739182472, 0.5747708901762962, 0.5701617002487183, 0.5913632437586784, 0.5875283479690552, 0.5750827714800835, 0.5796863213181496, 0.5802509039640427, 0.5821878835558891, 0.5892085134983063, 0.5769349783658981, 0.5936541855335236, 0.5836426615715027, 0.5791210979223251, 0.5737150833010674, 0.5890029221773148, 0.5721045285463333, 0.581143319606781, 0.5867797434329987, 0.5938128381967545, 0.586528055369854, 0.5742949917912483, 0.5729012787342072, 0.57252087444067, 0.5794718563556671, 0.5809442847967148, 0.5752216130495071, 0.5795843675732613, 0.5775657594203949, 0.5796323195099831, 0.5814903303980827, 0.5720406658947468, 0.5812150910496712, 0.5822410583496094, 0.5767425522208214, 0.5769641324877739, 0.5716943293809891, 0.5829234384000301, 0.5695752948522568, 0.5674610175192356, 0.5695055946707726, 0.574440211057663, 0.569879274815321, 0.5766886323690414, 0.5816470384597778], "train_acc": [0.583864118895966, 0.5509554140127388, 0.6528662420382165, 0.6825902335456475, 0.7006369426751592, 0.6878980891719745, 0.7080679405520169, 0.7070063694267515, 0.7250530785562632, 0.7229299363057324, 0.7208067940552016, 0.7165605095541401, 0.721868365180467, 0.7154989384288747, 0.7144373673036093, 0.70276008492569, 0.721868365180467, 0.7144373673036093, 0.7016985138004246, 0.6953290870488322, 0.6772823779193206, 0.7112526539278131, 0.7165605095541401, 0.7208067940552016, 0.7229299363057324, 0.7186836518046709, 0.7176220806794055, 0.7059447983014862, 0.7186836518046709, 0.7229299363057324, 0.7229299363057324, 0.721868365180467, 0.7112526539278131, 0.7112526539278131, 0.7165605095541401, 0.7208067940552016, 0.7346072186836518, 0.7112526539278131, 0.7197452229299363, 0.7101910828025477, 0.7165605095541401, 0.7154989384288747, 0.732484076433121, 0.7176220806794055, 0.7250530785562632, 0.7197452229299363, 0.7261146496815286, 0.7229299363057324, 0.7176220806794055, 0.7144373673036093, 0.7261146496815286, 0.721868365180467, 0.7208067940552016, 0.7208067940552016, 0.7186836518046709, 0.7154989384288747, 0.7239915074309978, 0.7176220806794055, 0.7091295116772823, 0.7176220806794055, 0.727176220806794, 0.7186836518046709, 0.721868365180467, 0.7186836518046709, 0.7112526539278131, 0.7144373673036093, 0.7091295116772823, 0.7123142250530785, 0.7133757961783439, 0.7239915074309978, 0.7229299363057324, 0.727176220806794, 0.7165605095541401, 0.7197452229299363, 0.7112526539278131, 0.7123142250530785, 0.7208067940552016, 0.7123142250530785, 0.7165605095541401, 0.7154989384288747, 0.7144373673036093, 0.721868365180467, 0.727176220806794, 0.721868365180467, 0.721868365180467, 0.7144373673036093, 0.7208067940552016, 0.7229299363057324, 0.721868365180467, 0.7165605095541401, 0.7133757961783439, 0.7123142250530785, 0.7133757961783439, 0.7154989384288747, 0.7144373673036093, 0.721868365180467, 0.7250530785562632, 0.7261146496815286, 0.7197452229299363, 0.721868365180467], "val_loss": [0.686100959777832, 0.641465425491333, 0.5797662138938904, 0.5640923380851746, 0.5827198624610901, 0.5570998191833496, 0.5457062721252441, 0.5485326647758484, 0.5592642426490784, 0.5540894269943237, 0.5519483089447021, 0.5547263622283936, 0.5644282698631287, 0.5568221807479858, 0.5782153010368347, 0.5649238228797913, 0.5739427208900452, 0.5790282487869263, 0.6047143936157227, 0.5627716183662415, 0.571570873260498, 0.5694845914840698, 0.5494182109832764, 0.5538933873176575, 0.5629820823669434, 0.5662775039672852, 0.5795352458953857, 0.5606535077095032, 0.5553686618804932, 0.5608096718788147, 0.5723025798797607, 0.555743932723999, 0.5600502490997314, 0.5605209469795227, 0.5591111183166504, 0.5711579918861389, 0.5739464163780212, 0.5650606155395508, 0.5697501301765442, 0.5716190934181213, 0.5636751651763916, 0.5575976967811584, 0.5557999014854431, 0.564579427242279, 0.5590643882751465, 0.5605577230453491, 0.555869460105896, 0.566461443901062, 0.565956175327301, 0.5757914781570435, 0.5569658279418945, 0.5612204670906067, 0.5566731095314026, 0.5705680251121521, 0.5603184103965759, 0.567396879196167, 0.560696005821228, 0.5724387764930725, 0.5568884015083313, 0.5625202059745789, 0.5600142478942871, 0.5626781582832336, 0.5562703013420105, 0.5577015280723572, 0.5596266388893127, 0.5617005825042725, 0.579397976398468, 0.5668290853500366, 0.5577212572097778, 0.554563045501709, 0.5627689361572266, 0.5694982409477234, 0.566651463508606, 0.5754232406616211, 0.5774841904640198, 0.5585305094718933, 0.5625893473625183, 0.5606219172477722, 0.5653359889984131, 0.5610346794128418, 0.5628194808959961, 0.5545516610145569, 0.5547001361846924, 0.5601912140846252, 0.5740344524383545, 0.5620018839836121, 0.5608684420585632, 0.5615015029907227, 0.5653849840164185, 0.5612235069274902, 0.5647952556610107, 0.5701764225959778, 0.5656560063362122, 0.5597409605979919, 0.5603277683258057, 0.5611822605133057, 0.5656953454017639, 0.56451016664505, 0.563378095626831, 0.5650421380996704], "val_acc": [0.48717948717948717, 0.6153846153846154, 0.7264957264957265, 0.7264957264957265, 0.717948717948718, 0.7435897435897436, 0.7350427350427351, 0.7350427350427351, 0.7350427350427351, 0.7350427350427351, 0.7094017094017094, 0.717948717948718, 0.7264957264957265, 0.7264957264957265, 0.6837606837606838, 0.717948717948718, 0.7350427350427351, 0.7264957264957265, 0.6495726495726496, 0.7350427350427351, 0.7264957264957265, 0.6923076923076923, 0.7264957264957265, 0.7094017094017094, 0.717948717948718, 0.6923076923076923, 0.6837606837606838, 0.7094017094017094, 0.7094017094017094, 0.7350427350427351, 0.7008547008547008, 0.7094017094017094, 0.7264957264957265, 0.7264957264957265, 0.6923076923076923, 0.7094017094017094, 0.7008547008547008, 0.7264957264957265, 0.717948717948718, 0.717948717948718, 0.7264957264957265, 0.717948717948718, 0.7094017094017094, 0.7094017094017094, 0.7008547008547008, 0.7008547008547008, 0.7094017094017094, 0.7008547008547008, 0.7094017094017094, 0.7008547008547008, 0.7094017094017094, 0.7008547008547008, 0.7008547008547008, 0.7008547008547008, 0.7008547008547008, 0.7008547008547008, 0.7094017094017094, 0.6923076923076923, 0.717948717948718, 0.717948717948718, 0.7264957264957265, 0.7008547008547008, 0.717948717948718, 0.717948717948718, 0.7094017094017094, 0.7008547008547008, 0.6923076923076923, 0.717948717948718, 0.7008547008547008, 0.7008547008547008, 0.717948717948718, 0.7264957264957265, 0.7264957264957265, 0.7350427350427351, 0.7264957264957265, 0.7094017094017094, 0.7094017094017094, 0.7008547008547008, 0.7008547008547008, 0.7094017094017094, 0.7264957264957265, 0.717948717948718, 0.717948717948718, 0.717948717948718, 0.6923076923076923, 0.7094017094017094, 0.7094017094017094, 0.717948717948718, 0.7264957264957265, 0.7008547008547008, 0.7350427350427351, 0.7264957264957265, 0.7350427350427351, 0.7094017094017094, 0.7008547008547008, 0.7094017094017094, 0.7264957264957265, 0.7094017094017094, 0.717948717948718, 0.717948717948718]}