{"train_loss": [0.6774515584111214, 0.6550363749265671, 0.6216905564069748, 0.6071448624134064, 0.5964169949293137, 0.6112984195351601, 0.5940243229269981, 0.5831893905997276, 0.5841433107852936, 0.5819244831800461, 0.5901554673910141, 0.6067156493663788, 0.5820299610495567, 0.5787612572312355, 0.580428883433342, 0.5818620920181274, 0.5859298706054688, 0.5905710384249687, 0.581434041261673, 0.5701255612075329, 0.5830946080386639, 0.5803782120347023, 0.5742095336318016, 0.5838414505124092, 0.5809071138501167, 0.5691742338240147, 0.5955598950386047, 0.5902072042226791, 0.5903929173946381, 0.5838970392942429, 0.5851564109325409, 0.576087199151516, 0.5694227740168571, 0.5740487016737461, 0.579043835401535, 0.5840588063001633, 0.5797169245779514, 0.5852719992399216, 0.5829492285847664, 0.5697371363639832, 0.5807734280824661, 0.581614188849926, 0.5873458310961723, 0.5814966186881065, 0.5897616669535637, 0.5812009982764721, 0.5675618499517441, 0.5663627497851849, 0.5726420693099499, 0.5797893553972244, 0.5859094262123108, 0.5656163915991783, 0.5800236240029335, 0.5661060474812984, 0.5900668725371361, 0.5814094245433807, 0.5678956396877766, 0.5777195319533348, 0.5777070410549641, 0.5757622420787811, 0.5782267600297928, 0.5758882313966751, 0.5941136926412582, 0.5788470655679703, 0.5790355950593948, 0.5943638533353806, 0.5766747742891312, 0.5755025334656239, 0.5804898589849472, 0.5832555070519447, 0.5932833328843117, 0.5803351476788521, 0.5762264281511307, 0.5819420218467712, 0.5666571892797947, 0.5794452205300331, 0.5749743767082691, 0.5792925804853439, 0.5805163867771626, 0.5741831138730049, 0.5775518268346786, 0.5853971987962723, 0.5741018652915955, 0.576043114066124, 0.5767423287034035, 0.5746697783470154, 0.5809484645724297, 0.575641818344593, 0.573767613619566, 0.5709664523601532, 0.5818710699677467, 0.5743769109249115, 0.5904043391346931, 0.5797080397605896, 0.582925520837307, 0.5691165998578072, 0.5601003021001816, 0.5614525713026524, 0.5724334381520748, 0.5684759765863419], "train_acc": [0.5764331210191083, 0.6199575371549894, 0.7006369426751592, 0.7048832271762208, 0.7208067940552016, 0.7048832271762208, 0.7186836518046709, 0.7144373673036093, 0.7165605095541401, 0.732484076433121, 0.7006369426751592, 0.7208067940552016, 0.7250530785562632, 0.7229299363057324, 0.7367303609341825, 0.7250530785562632, 0.7123142250530785, 0.7080679405520169, 0.7314225053078556, 0.7314225053078556, 0.7314225053078556, 0.7282377919320594, 0.727176220806794, 0.7186836518046709, 0.721868365180467, 0.7229299363057324, 0.7133757961783439, 0.7335456475583864, 0.7112526539278131, 0.7250530785562632, 0.7197452229299363, 0.732484076433121, 0.7282377919320594, 0.727176220806794, 0.7165605095541401, 0.7314225053078556, 0.7239915074309978, 0.7080679405520169, 0.7388535031847133, 0.727176220806794, 0.7346072186836518, 0.7261146496815286, 0.7229299363057324, 0.7165605095541401, 0.732484076433121, 0.7292993630573248, 0.7303609341825902, 0.7197452229299363, 0.7282377919320594, 0.7250530785562632, 0.7239915074309978, 0.7314225053078556, 0.7292993630573248, 0.7335456475583864, 0.7186836518046709, 0.7335456475583864, 0.7452229299363057, 0.7133757961783439, 0.7335456475583864, 0.7250530785562632, 0.732484076433121, 0.7303609341825902, 0.7165605095541401, 0.7229299363057324, 0.7388535031847133, 0.7250530785562632, 0.7282377919320594, 0.7303609341825902, 0.7250530785562632, 0.7292993630573248, 0.7208067940552016, 0.7261146496815286, 0.7239915074309978, 0.721868365180467, 0.7292993630573248, 0.7261146496815286, 0.7335456475583864, 0.7080679405520169, 0.7080679405520169, 0.7250530785562632, 0.7303609341825902, 0.7292993630573248, 0.7144373673036093, 0.7239915074309978, 0.7261146496815286, 0.7250530785562632, 0.7208067940552016, 0.7208067940552016, 0.721868365180467, 0.7335456475583864, 0.727176220806794, 0.7261146496815286, 0.7261146496815286, 0.7239915074309978, 0.7239915074309978, 0.727176220806794, 0.727176220806794, 0.7303609341825902, 0.7261146496815286, 0.7292993630573248], "val_loss": [0.6779950261116028, 0.6475211381912231, 0.6065366864204407, 0.6144857406616211, 0.6580475568771362, 0.5954039096832275, 0.5872089266777039, 0.5796462297439575, 0.6033962965011597, 0.6267589926719666, 0.5940725803375244, 0.6088750958442688, 0.61821049451828, 0.5797213912010193, 0.5883106589317322, 0.6186987161636353, 0.5998007655143738, 0.5927590727806091, 0.5782939195632935, 0.6062985062599182, 0.6136972904205322, 0.5910796523094177, 0.5968726277351379, 0.5898827910423279, 0.5858346819877625, 0.6126269102096558, 0.6359421014785767, 0.5996361970901489, 0.592211902141571, 0.6060439348220825, 0.5896836519241333, 0.596659779548645, 0.5828701853752136, 0.5646702647209167, 0.6078949570655823, 0.6119545698165894, 0.566856324672699, 0.5842771530151367, 0.5947501063346863, 0.5763416886329651, 0.5735909342765808, 0.6640931963920593, 0.5749191045761108, 0.5953668355941772, 0.606222927570343, 0.5788925290107727, 0.6102014780044556, 0.6011927127838135, 0.5739620923995972, 0.5978003144264221, 0.5917248129844666, 0.5892453193664551, 0.5718467235565186, 0.6431450247764587, 0.5803285241127014, 0.5954737067222595, 0.6108243465423584, 0.5721944570541382, 0.5922992825508118, 0.6000718474388123, 0.5823419690132141, 0.5626060962677002, 0.6526260375976562, 0.5759024620056152, 0.5919209122657776, 0.595427930355072, 0.5911310315132141, 0.580568790435791, 0.6229546666145325, 0.5794072151184082, 0.6001488566398621, 0.5997247099876404, 0.5785509347915649, 0.5926429629325867, 0.6069343090057373, 0.5734835267066956, 0.5895606279373169, 0.6297022700309753, 0.5753034353256226, 0.574441134929657, 0.6216034889221191, 0.5774704813957214, 0.6063262820243835, 0.5968475341796875, 0.5869600772857666, 0.58363938331604, 0.6175349354743958, 0.588215708732605, 0.576449990272522, 0.5935683846473694, 0.5833538174629211, 0.5931416153907776, 0.6050163507461548, 0.5907487273216248, 0.5899494290351868, 0.5874714255332947, 0.5823245048522949, 0.5831913948059082, 0.5942820310592651, 0.5827014446258545],