{"train_loss": [0.6804937720298767, 0.6593639627099037, 0.6349539384245872, 0.6066795364022255, 0.6157568171620369, 0.601570725440979, 0.6155196875333786, 0.5849258601665497, 0.5880305618047714, 0.6054967939853668, 0.5890564545989037, 0.5941249281167984, 0.5795097574591637, 0.5871515944600105, 0.590465597808361, 0.5801409259438515, 0.5764064975082874, 0.5820842459797859, 0.575892947614193, 0.5824423879384995, 0.5799626335501671, 0.5751930773258209, 0.5727182701230049, 0.5825133994221687, 0.5736445710062981, 0.5894113406538963, 0.5739264637231827, 0.5770565792918205, 0.5668080672621727, 0.5835907384753227, 0.5807152092456818, 0.5734670981764793, 0.576230064034462, 0.5727475211024284, 0.574247308075428, 0.5825014039874077, 0.5810254812240601, 0.5727627724409103, 0.5841836147010326, 0.5819912925362587, 0.5822338759899139, 0.5892736613750458, 0.5892420709133148, 0.5736028626561165, 0.5772504359483719, 0.5929908454418182, 0.575374186038971, 0.5840578824281693, 0.5818331316113472, 0.5752428025007248, 0.5791918784379959, 0.5733221620321274, 0.5735131502151489, 0.5719795748591423, 0.5734310299158096, 0.5726944282650948, 0.5729171112179756, 0.5785787999629974, 0.5804775506258011, 0.5724035426974297, 0.5848175063729286, 0.5924976617097855, 0.5798386260867119, 0.5759702771902084, 0.5846734344959259, 0.5822951197624207, 0.5813977420330048, 0.5695739425718784, 0.5704034268856049, 0.5833849981427193, 0.5699019059538841, 0.5766801983118057, 0.5752845630049706, 0.5656693801283836, 0.5734939016401768, 0.5829718112945557, 0.5761079415678978, 0.5787422209978104, 0.57640116289258, 0.5684424787759781, 0.573366753757, 0.576178353279829, 0.5810413882136345, 0.5722162313759327, 0.5827538259327412, 0.5813294723629951, 0.569055587053299, 0.5654708780348301, 0.5646281577646732, 0.5803336203098297, 0.5754842907190323, 0.5935212671756744, 0.5988366901874542, 0.5873585864901543, 0.570826206356287, 0.5780666843056679, 0.5686037912964821, 0.5662587434053421, 0.5692654922604561, 0.5687853842973709], "train_acc": [0.5902335456475584, 0.5934182590233545, 0.6804670912951167, 0.6963906581740976, 0.6847133757961783, 0.6985138004246284, 0.6942675159235668, 0.6995753715498938, 0.7016985138004246, 0.7016985138004246, 0.7080679405520169, 0.7070063694267515, 0.7186836518046709, 0.7133757961783439, 0.7282377919320594, 0.7133757961783439, 0.7250530785562632, 0.7101910828025477, 0.7112526539278131, 0.7123142250530785, 0.7080679405520169, 0.7197452229299363, 0.7123142250530785, 0.7176220806794055, 0.7197452229299363, 0.7101910828025477, 0.7112526539278131, 0.7239915074309978, 0.7239915074309978, 0.7112526539278131, 0.7133757961783439, 0.7197452229299363, 0.7186836518046709, 0.7048832271762208, 0.7239915074309978, 0.7208067940552016, 0.7165605095541401, 0.7144373673036093, 0.721868365180467, 0.7133757961783439, 0.7144373673036093, 0.7038216560509554, 0.7123142250530785, 0.7176220806794055, 0.721868365180467, 0.7154989384288747, 0.7197452229299363, 0.7091295116772823, 0.7229299363057324, 0.7144373673036093, 0.7112526539278131, 0.7176220806794055, 0.7154989384288747, 0.7176220806794055, 0.7229299363057324, 0.7144373673036093, 0.7229299363057324, 0.7112526539278131, 0.7112526539278131, 0.7101910828025477, 0.7239915074309978, 0.7144373673036093, 0.7133757961783439, 0.7154989384288747, 0.6995753715498938, 0.7059447983014862, 0.7176220806794055, 0.7133757961783439, 0.7229299363057324, 0.7048832271762208, 0.7123142250530785, 0.7144373673036093, 0.7101910828025477, 0.7070063694267515, 0.7112526539278131, 0.7112526539278131, 0.7133757961783439, 0.7101910828025477, 0.7059447983014862, 0.7197452229299363, 0.7208067940552016, 0.7282377919320594, 0.727176220806794, 0.7091295116772823, 0.7144373673036093, 0.7197452229299363, 0.7133757961783439, 0.7144373673036093, 0.7186836518046709, 0.7250530785562632, 0.7133757961783439, 0.7112526539278131, 0.6868365180467091, 0.6995753715498938, 0.7176220806794055, 0.7197452229299363, 0.7101910828025477, 0.7123142250530785, 0.7229299363057324, 0.7165605095541401], "val_loss": [0.679949939250946, 0.6499969363212585, 0.5824779272079468, 0.5969024896621704, 0.6098037958145142, 0.5996615290641785, 0.6076058745384216, 0.6361042857170105, 0.5930402278900146, 0.6023838520050049, 0.6403814554214478, 0.6269006133079529, 0.5958899855613708, 0.5956841707229614, 0.6057489514350891, 0.6355724930763245, 0.6476993560791016, 0.6356754899024963, 0.6135450005531311, 0.6590706706047058, 0.6142721176147461, 0.6044270396232605, 0.6072040796279907, 0.6154184341430664, 0.6107929944992065, 0.6326103806495667, 0.6270778775215149, 0.6134462952613831, 0.6472944617271423, 0.6177955865859985, 0.6147592663764954, 0.6200293302536011, 0.6023870706558228, 0.6166459321975708, 0.6231944561004639, 0.6322888135910034, 0.601665735244751, 0.6093599200248718, 0.6908040046691895, 0.6034826040267944, 0.6068072319030762, 0.6535096764564514, 0.6170098781585693, 0.632145881652832, 0.5935018062591553, 0.6081415414810181, 0.6350481510162354, 0.5927143096923828, 0.6196709275245667, 0.619091272354126, 0.60782790184021, 0.6141154766082764, 0.6377355456352234, 0.6300222277641296, 0.6094834208488464, 0.6093660593032837, 0.6116284728050232, 0.6022206544876099, 0.644780158996582, 0.6369780898094177, 0.5927958488464355, 0.6518980264663696, 0.5991700291633606, 0.5878346562385559, 0.6403310298919678, 0.6394816637039185, 0.6239553093910217, 0.6326452493667603, 0.6047604084014893, 0.631290078163147, 0.622161865234375, 0.6009936928749084, 0.6308954954147339, 0.6209666728973389, 0.6141902804374695, 0.6163194179534912, 0.6072133183479309, 0.6634036898612976, 0.6034812331199646, 0.6069302558898926, 0.656452476978302, 0.5988383889198303, 0.61294025182724, 0.6588797569274902, 0.596779465675354, 0.6164116859436035, 0.6085748076438904, 0.6276471018791199, 0.6070359945297241, 0.6086946725845337, 0.6713356971740723, 0.5994586944580078, 0.6611887812614441, 0.5973624587059021, 0.6257638335227966, 0.6408608555793762, 0.6054840087890625, 0.6287777423858643, 0.6018572449684143, 0.6090883612632751],