{"train_loss": [0.6781007349491119, 0.6579276546835899, 0.6209377199411392, 0.613069511950016, 0.6168332695960999, 0.613576129078865, 0.6007958054542542, 0.5985402837395668, 0.5847738683223724, 0.5912744179368019, 0.5944712683558464, 0.5971033871173859, 0.5990980193018913, 0.6039150953292847, 0.595586746931076, 0.6131944134831429, 0.6043136492371559, 0.5990937426686287, 0.5935952141880989, 0.5992390438914299, 0.587916374206543, 0.5989616587758064, 0.5891873687505722, 0.5943617224693298, 0.5828551948070526, 0.5865093991160393, 0.5830375030636787, 0.5887143537402153, 0.582550160586834, 0.5785153657197952, 0.5825919881463051, 0.5829055607318878, 0.5916623547673225, 0.602817989885807, 0.5944091156125069, 0.5951238945126534, 0.5795067064464092, 0.5935568809509277, 0.589606761932373, 0.583015613257885, 0.5821514576673508, 0.5960949249565601, 0.6157067120075226, 0.5986150726675987, 0.5820824727416039, 0.5895021557807922, 0.5809914022684097, 0.5920958369970322, 0.5993524938821793, 0.6040521636605263, 0.5816718153655529, 0.5925146415829659, 0.5867650881409645, 0.5918359756469727, 0.589778259396553, 0.5879011452198029, 0.5926414877176285, 0.590505912899971, 0.5811173841357231, 0.5794568583369255, 0.5936203151941299, 0.5897047221660614, 0.5887588262557983, 0.5773232132196426, 0.5761753842234612, 0.5801244676113129, 0.587852843105793, 0.5860063880681992, 0.5874264761805534, 0.588031604886055, 0.5889210924506187, 0.5817179679870605, 0.5864671766757965, 0.5850667878985405, 0.5785800442099571, 0.5787407867610455, 0.5898813232779503, 0.5880988389253616, 0.5859440341591835, 0.5846295952796936, 0.5921519696712494, 0.5784109458327293, 0.5775739774107933, 0.5918241366744041, 0.5904913321137428, 0.5919063985347748, 0.5831491649150848, 0.5904490202665329, 0.5851318836212158, 0.5833958126604557, 0.5925035700201988, 0.5955141633749008, 0.6107920706272125, 0.5935216099023819, 0.5888307392597198, 0.5791052095592022, 0.5933929607272148, 0.5878913104534149, 0.573633998632431, 0.5868519991636276], "train_acc": [0.5902335456475584, 0.6157112526539278, 0.6751592356687898, 0.6910828025477707, 0.6900212314225053, 0.7070063694267515, 0.721868365180467, 0.7292993630573248, 0.7208067940552016, 0.7292993630573248, 0.7080679405520169, 0.7091295116772823, 0.70276008492569, 0.7048832271762208, 0.7144373673036093, 0.6985138004246284, 0.692144373673036, 0.70276008492569, 0.7165605095541401, 0.6942675159235668, 0.7112526539278131, 0.7261146496815286, 0.7091295116772823, 0.7186836518046709, 0.7186836518046709, 0.721868365180467, 0.7229299363057324, 0.7186836518046709, 0.7229299363057324, 0.727176220806794, 0.721868365180467, 0.7229299363057324, 0.7314225053078556, 0.7197452229299363, 0.721868365180467, 0.7059447983014862, 0.7059447983014862, 0.7144373673036093, 0.7186836518046709, 0.7144373673036093, 0.7208067940552016, 0.6985138004246284, 0.6666666666666666, 0.7165605095541401, 0.7229299363057324, 0.7123142250530785, 0.7282377919320594, 0.732484076433121, 0.6857749469214437, 0.7016985138004246, 0.7303609341825902, 0.7133757961783439, 0.7154989384288747, 0.721868365180467, 0.7261146496815286, 0.7112526539278131, 0.7186836518046709, 0.7133757961783439, 0.7186836518046709, 0.7292993630573248, 0.7176220806794055, 0.7123142250530785, 0.7165605095541401, 0.7101910828025477, 0.7197452229299363, 0.7229299363057324, 0.7239915074309978, 0.7239915074309978, 0.7239915074309978, 0.7186836518046709, 0.7176220806794055, 0.721868365180467, 0.7250530785562632, 0.7165605095541401, 0.7250530785562632, 0.7144373673036093, 0.7144373673036093, 0.6963906581740976, 0.7282377919320594, 0.7154989384288747, 0.7314225053078556, 0.7154989384288747, 0.7229299363057324, 0.6985138004246284, 0.7165605095541401, 0.7303609341825902, 0.7239915074309978, 0.7282377919320594, 0.7038216560509554, 0.7144373673036093, 0.7250530785562632, 0.6772823779193206, 0.6804670912951167, 0.7038216560509554, 0.7186836518046709, 0.7059447983014862, 0.7208067940552016, 0.721868365180467, 0.7208067940552016, 0.7154989384288747], "val_loss": [0.6727793216705322, 0.62415611743927, 0.5933084487915039, 0.5882912874221802, 0.6129454970359802, 0.582705020904541, 0.5659326314926147, 0.5611491799354553, 0.5643523335456848, 0.5464672446250916, 0.5617385506629944, 0.553646981716156, 0.5548630952835083, 0.5673756003379822, 0.5418984889984131, 0.5429516434669495, 0.5656419396400452, 0.5520215034484863, 0.5440071821212769, 0.5564243197441101, 0.5458281636238098, 0.5314249396324158, 0.5441231727600098, 0.5422745943069458, 0.5393623113632202, 0.5322338342666626, 0.551331639289856, 0.5373696088790894, 0.5380316972732544, 0.5339506268501282, 0.5378960371017456, 0.5413119792938232, 0.5357933640480042, 0.5483654737472534, 0.5589090585708618, 0.5517348051071167, 0.5502434372901917, 0.5399340987205505, 0.5511321425437927, 0.539825439453125, 0.5333877205848694, 0.555427610874176, 0.5699783563613892, 0.550613284111023, 0.5409138202667236, 0.5404304265975952, 0.5436804890632629, 0.5378295183181763, 0.5688155889511108, 0.5647196173667908, 0.5399566888809204, 0.5418118834495544, 0.5417194962501526, 0.5315573215484619, 0.5491971969604492, 0.5417524576187134, 0.5432175993919373, 0.5383163690567017, 0.5382292866706848, 0.5324062705039978, 0.5472268462181091, 0.5468899011611938, 0.5416570901870728, 0.5344374179840088, 0.534436047077179, 0.5375860333442688, 0.5382754802703857, 0.5376136302947998, 0.5389900803565979, 0.5412776470184326, 0.5417666435241699, 0.5342052578926086, 0.5357675552368164, 0.539093554019928, 0.5389932990074158, 0.5487992763519287, 0.5487751960754395, 0.5439462065696716, 0.5380584001541138, 0.5412760972976685, 0.5470981001853943, 0.5371906161308289, 0.5491631031036377, 0.5395228266716003, 0.5368254780769348, 0.5345764756202698, 0.5367669463157654, 0.5479811429977417, 0.5529147386550903, 0.5420297980308533, 0.551028311252594, 0.5653157830238342, 0.5717158913612366, 0.5491816997528076, 0.5444002747535706, 0.5423222780227661, 0.5382136106491089, 0.5405860543251038, 0.5412663817405701, 0.5333322882652283],