{"train_loss": [0.6858973130583763, 0.6773950159549713, 0.6754491329193115, 0.6746252700686455, 0.6755655407905579, 0.673087552189827, 0.6748692914843559, 0.6730402261018753, 0.6707962229847908, 0.6686610952019691, 0.6683129593729973, 0.6588608622550964, 0.6561043784022331, 0.6425906494259834, 0.6391780972480774, 0.6351957395672798, 0.6210986599326134, 0.6123439446091652, 0.6135860458016396, 0.616414487361908, 0.6057164967060089, 0.6119320318102837, 0.5970145985484123, 0.602352112531662, 0.5877131223678589, 0.594369426369667, 0.5878959968686104, 0.5854136720299721, 0.5867156609892845, 0.5835657641291618, 0.581948846578598, 0.5843723192811012, 0.5933907181024551, 0.6049955636262894, 0.5866338014602661, 0.5847985371947289, 0.5729182623326778, 0.5826397985219955, 0.5771624371409416, 0.5756750181317329, 0.5744734779000282, 0.5883736349642277, 0.6003478616476059, 0.6129455789923668, 0.58367620408535, 0.5803242921829224, 0.5754500925540924, 0.5822980031371117, 0.5826112851500511, 0.578631691634655, 0.5650331042706966, 0.5816502571105957, 0.5693301782011986, 0.5780029296875, 0.5737399905920029, 0.5824349969625473, 0.5828487575054169, 0.5789260864257812, 0.5717689394950867, 0.5597363896667957, 0.5830059945583344, 0.5805844888091087, 0.5741445645689964, 0.5545560345053673, 0.5611193291842937, 0.567990705370903, 0.5745532065629959, 0.5633748546242714, 0.5677192434668541, 0.5706980973482132, 0.5712788850069046, 0.5684316046535969, 0.565213069319725, 0.5664462745189667, 0.5593465603888035, 0.5558110736310482, 0.567050151526928, 0.5618885606527328, 0.5601706691086292, 0.5616775080561638, 0.5624466389417648, 0.5449297092854977, 0.5560979396104813, 0.558271948248148, 0.56813620403409, 0.5708959214389324, 0.558075986802578, 0.5691479332745075, 0.5678010396659374, 0.5532150156795979, 0.5741514377295971, 0.5569398887455463, 0.5725809410214424, 0.5555327162146568, 0.5536446943879128, 0.5441456772387028, 0.5618358142673969, 0.5551708154380322, 0.5408783480525017, 0.5530361495912075], "train_acc": [0.5870488322717622, 0.5870488322717622, 0.5870488322717622, 0.5870488322717622, 0.5870488322717622, 0.5870488322717622, 0.5870488322717622, 0.5870488322717622, 0.5870488322717622, 0.5870488322717622, 0.5870488322717622, 0.5870488322717622, 0.5881104033970276, 0.6114649681528662, 0.6284501061571125, 0.6857749469214437, 0.6794055201698513, 0.6963906581740976, 0.692144373673036, 0.6772823779193206, 0.6825902335456475, 0.7197452229299363, 0.7070063694267515, 0.7016985138004246, 0.7197452229299363, 0.7101910828025477, 0.7239915074309978, 0.7239915074309978, 0.7197452229299363, 0.7250530785562632, 0.7197452229299363, 0.727176220806794, 0.7356687898089171, 0.7303609341825902, 0.7154989384288747, 0.7165605095541401, 0.7250530785562632, 0.7356687898089171, 0.7346072186836518, 0.7239915074309978, 0.7335456475583864, 0.7016985138004246, 0.7006369426751592, 0.673036093418259, 0.7186836518046709, 0.7314225053078556, 0.7261146496815286, 0.7314225053078556, 0.7229299363057324, 0.7314225053078556, 0.7409766454352441, 0.7239915074309978, 0.7420382165605095, 0.7314225053078556, 0.7367303609341825, 0.7186836518046709, 0.7112526539278131, 0.7303609341825902, 0.7282377919320594, 0.7515923566878981, 0.7367303609341825, 0.7208067940552016, 0.7367303609341825, 0.7494692144373672, 0.7409766454352441, 0.7239915074309978, 0.727176220806794, 0.7441613588110403, 0.7430997876857749, 0.7356687898089171, 0.7399150743099787, 0.7430997876857749, 0.7505307855626328, 0.7377919320594479, 0.7356687898089171, 0.7367303609341825, 0.7335456475583864, 0.732484076433121, 0.7441613588110403, 0.7452229299363057, 0.7526539278131635, 0.7462845010615711, 0.7420382165605095, 0.732484076433121, 0.7388535031847133, 0.727176220806794, 0.7399150743099787, 0.7409766454352441, 0.7091295116772823, 0.7208067940552016, 0.7229299363057324, 0.7154989384288747, 0.721868365180467, 0.7399150743099787, 0.7462845010615711, 0.7526539278131635, 0.7484076433121019, 0.7537154989384289, 0.7537154989384289, 0.7462845010615711], "val_loss": [0.6770188212394714, 0.6690264344215393, 0.6654999852180481, 0.6649837493896484, 0.6654034852981567, 0.6653025150299072, 0.663432776927948, 0.6617941856384277, 0.6592838168144226, 0.6553587913513184, 0.6508680582046509, 0.6448553800582886, 0.6391825079917908, 0.6307950615882874, 0.6238508224487305, 0.6082865595817566, 0.6048107147216797, 0.595447838306427, 0.6221250891685486, 0.5937072038650513, 0.5890441536903381, 0.5897135734558105, 0.5870255827903748, 0.5788847804069519, 0.5778663754463196, 0.5713043808937073, 0.5723444223403931, 0.5646743178367615, 0.5611758828163147, 0.5566759705543518, 0.5551553964614868, 0.5511674284934998, 0.5481823086738586, 0.5532795190811157, 0.5544996857643127, 0.5672282576560974, 0.5480160117149353, 0.5451263189315796, 0.5505952835083008, 0.5398247838020325, 0.5464425086975098, 0.5395079851150513, 0.5990931987762451, 0.558594822883606, 0.5475260615348816, 0.5471736788749695, 0.5433804988861084, 0.5417113304138184, 0.5515164136886597, 0.5501872301101685, 0.5441588163375854, 0.5443202257156372, 0.5363926887512207, 0.5351847410202026, 0.5462822914123535, 0.5428070425987244, 0.5346083641052246, 0.5451644659042358, 0.5367147922515869, 0.5345104336738586, 0.5552921295166016, 0.536598801612854, 0.534527063369751, 0.5364887714385986, 0.5344555377960205, 0.5327223539352417, 0.5465748310089111, 0.5315907001495361, 0.5330552458763123, 0.5352272987365723, 0.5312339067459106, 0.531598687171936, 0.5380956530570984, 0.5299028158187866, 0.5296663641929626, 0.548954427242279, 0.5366336107254028, 0.5292145609855652, 0.5321087837219238, 0.5311234593391418, 0.5289719104766846, 0.5301680564880371, 0.5464917421340942, 0.5379191637039185, 0.5340297222137451, 0.5329626202583313, 0.528772234916687, 0.5576013326644897, 0.5360232591629028, 0.5481578707695007, 0.5928072333335876, 0.5904026031494141, 0.5618788003921509, 0.5346713662147522, 0.5318195223808289, 0.5308009386062622, 0.5294493436813354, 0.5284312963485718, 0.5348694324493408, 0.5272365212440491],