{"train_loss": [0.6825760081410408, 0.6789320185780525, 0.6782071068882942, 0.6746126636862755, 0.6706161871552467, 0.6739028692245483, 0.6723416447639465, 0.6750717088580132, 0.6711170300841331, 0.6694034710526466, 0.6717246621847153, 0.6675442457199097, 0.6625304371118546, 0.6601181924343109, 0.6593066900968552, 0.6476520746946335, 0.6347662135958672, 0.6370405480265617, 0.627045601606369, 0.6115607768297195, 0.6041885241866112, 0.6092045828700066, 0.5960420370101929, 0.5955026224255562, 0.5895495265722275, 0.5819374322891235, 0.5962622240185738, 0.5950733125209808, 0.5890261679887772, 0.5835922881960869, 0.5894613787531853, 0.5808568149805069, 0.5741510018706322, 0.574628971517086, 0.5753697901964188, 0.5790190063416958, 0.5740679353475571, 0.5722566694021225, 0.5804368853569031, 0.5627838596701622, 0.5707380101084709, 0.5716226100921631, 0.5816532894968987, 0.56131412088871, 0.5752076581120491, 0.5701043531298637, 0.5587934777140617, 0.5531382150948048, 0.566693589091301, 0.566056627780199, 0.5743420645594597, 0.5589117780327797, 0.5669901892542839, 0.5447994060814381, 0.5667755380272865, 0.5589599683880806, 0.546402994543314, 0.5508047677576542, 0.5523592568933964, 0.5592320188879967, 0.5527612864971161, 0.5705930069088936, 0.5703226812183857, 0.577325239777565, 0.5536732114851475, 0.5669500008225441, 0.5534533560276031, 0.5681563727557659, 0.5533894971013069, 0.5537491515278816, 0.5600038915872574, 0.5578463599085808, 0.5529151782393456, 0.5557678230106831, 0.5321780778467655, 0.5557180345058441, 0.5453745611011982, 0.5520104765892029, 0.55628876760602, 0.5603646114468575, 0.5569553524255753, 0.5545044541358948, 0.5491947531700134, 0.5435449779033661, 0.5466706678271294, 0.5395594611763954, 0.5611177906394005, 0.5586376115679741, 0.5587334036827087, 0.5436129048466682, 0.549941673874855, 0.542442549020052, 0.543721791356802, 0.5504206083714962, 0.5437843129038811, 0.5372291952371597, 0.5258454270660877, 0.5289742909371853, 0.5303985923528671, 0.527147252112627], "train_acc": [0.5934182590233545, 0.5934182590233545, 0.5934182590233545, 0.5934182590233545, 0.5934182590233545, 0.5934182590233545, 0.5934182590233545, 0.5934182590233545, 0.5934182590233545, 0.5934182590233545, 0.5934182590233545, 0.5934182590233545, 0.5934182590233545, 0.5934182590233545, 0.5934182590233545, 0.6061571125265393, 0.6263269639065817, 0.667728237791932, 0.6624203821656051, 0.6942675159235668, 0.7123142250530785, 0.7091295116772823, 0.7186836518046709, 0.7229299363057324, 0.7292993630573248, 0.7197452229299363, 0.7197452229299363, 0.727176220806794, 0.7250530785562632, 0.7197452229299363, 0.7346072186836518, 0.732484076433121, 0.7377919320594479, 0.7346072186836518, 0.7346072186836518, 0.7420382165605095, 0.7335456475583864, 0.7420382165605095, 0.732484076433121, 0.7537154989384289, 0.7537154989384289, 0.7292993630573248, 0.7388535031847133, 0.7452229299363057, 0.7515923566878981, 0.7441613588110403, 0.7441613588110403, 0.7335456475583864, 0.7452229299363057, 0.7377919320594479, 0.7484076433121019, 0.7356687898089171, 0.7473460721868365, 0.7377919320594479, 0.7292993630573248, 0.7462845010615711, 0.7526539278131635, 0.7526539278131635, 0.7441613588110403, 0.7462845010615711, 0.7462845010615711, 0.7292993630573248, 0.7462845010615711, 0.7484076433121019, 0.7515923566878981, 0.7547770700636943, 0.7547770700636943, 0.7346072186836518, 0.7547770700636943, 0.7430997876857749, 0.7430997876857749, 0.7558386411889597, 0.7547770700636943, 0.7494692144373672, 0.7611464968152867, 0.7388535031847133, 0.7505307855626328, 0.7377919320594479, 0.7208067940552016, 0.7261146496815286, 0.7367303609341825, 0.7420382165605095, 0.7430997876857749, 0.7579617834394905, 0.7484076433121019, 0.7452229299363057, 0.7420382165605095, 0.7377919320594479, 0.7356687898089171, 0.7494692144373672, 0.7547770700636943, 0.7547770700636943, 0.7707006369426752, 0.7632696390658175, 0.7505307855626328, 0.7569002123142251, 0.7685774946921444, 0.7622080679405521, 0.7653927813163482, 0.7653927813163482], "val_loss": [0.6951681971549988, 0.6998603940010071, 0.707808792591095, 0.7063732743263245, 0.7040424942970276, 0.7084025740623474, 0.7066271305084229, 0.7042063474655151, 0.6991283893585205, 0.7027767300605774, 0.7025629878044128, 0.6944897174835205, 0.6961988806724548, 0.6877323985099792, 0.6992093324661255, 0.6747642755508423, 0.6873666048049927, 0.6642522811889648, 0.63668292760849, 0.6616785526275635, 0.6530267000198364, 0.6278098821640015, 0.6190615296363831, 0.6172008514404297, 0.5996483564376831, 0.6277979612350464, 0.6557084321975708, 0.6073360443115234, 0.5925872921943665, 0.6099949479103088, 0.6226192116737366, 0.6043463945388794, 0.5942224264144897, 0.5887661576271057, 0.6037411093711853, 0.6212621927261353, 0.5777611136436462, 0.5817526578903198, 0.5987627506256104, 0.5964182615280151, 0.57480788230896, 0.6496330499649048, 0.5872059464454651, 0.5784214735031128, 0.5929811000823975, 0.5993667840957642, 0.6115657091140747, 0.6294817328453064, 0.5708192586898804, 0.5841211676597595, 0.5966907143592834, 0.6195955276489258, 0.5660292506217957, 0.6351685523986816, 0.5891849994659424, 0.5681236386299133, 0.5976555347442627, 0.5685791373252869, 0.5664070248603821, 0.5959979891777039, 0.6475774645805359, 0.5650542974472046, 0.5932244658470154, 0.6051702499389648, 0.5775381326675415, 0.5811121463775635, 0.62142413854599, 0.5691218376159668, 0.5991529226303101, 0.5583757162094116, 0.5661287307739258, 0.6228482127189636, 0.5694247484207153, 0.5596809983253479, 0.624613881111145, 0.5717019438743591, 0.5547369718551636, 0.653034508228302, 0.6269155144691467, 0.5639703273773193, 0.6218124032020569, 0.5718302130699158, 0.5588919520378113, 0.6003708243370056, 0.5750477313995361, 0.5542969703674316, 0.641787052154541, 0.6060165762901306, 0.5513139367103577, 0.6045228838920593, 0.5679101943969727, 0.5538429617881775, 0.6157522797584534, 0.5663194060325623, 0.555076539516449, 0.5778941512107849, 0.5783633589744568, 0.5576345324516296, 0.586172342300415, 0.5647245049476624],