{"train_loss": [0.6931275501847267, 0.6866712495684624, 0.6806298121809959, 0.6758798286318779, 0.6756942495703697, 0.6761814430356026, 0.6776020228862762, 0.6743588969111443, 0.6745473444461823, 0.6761033236980438, 0.6744956895709038, 0.673256479203701, 0.6700500696897507, 0.6757228150963783, 0.668750025331974, 0.6668189540505409, 0.658967137336731, 0.6582960709929466, 0.6517703086137772, 0.648261196911335, 0.6405512094497681, 0.6297751069068909, 0.6212454289197922, 0.6217117682099342, 0.600693367421627, 0.6081466153264046, 0.5920879766345024, 0.6038259938359261, 0.5902653262019157, 0.5983122512698174, 0.5867052152752876, 0.581611193716526, 0.5858960971236229, 0.5805803388357162, 0.5754514560103416, 0.5904653742909431, 0.5865428671240807, 0.5854714214801788, 0.589816726744175, 0.5845198146998882, 0.583589181303978, 0.5861298516392708, 0.5847809091210365, 0.572182722389698, 0.5723339021205902, 0.5891938135027885, 0.5716592743992805, 0.5796057805418968, 0.5791288316249847, 0.5661846846342087, 0.5729527026414871, 0.5696214437484741, 0.5677205994725227, 0.5704118013381958, 0.564552366733551, 0.5602405145764351, 0.5722337327897549, 0.5784485563635826, 0.571811780333519, 0.5686853229999542, 0.5787857137620449, 0.584810882806778, 0.569882720708847, 0.5614159554243088, 0.5724368318915367, 0.5721265003085136, 0.5693117342889309, 0.5568656362593174, 0.5575795769691467, 0.5682508498430252, 0.5524600595235825, 0.5583246909081936, 0.5585307255387306, 0.5484518185257912, 0.565073948353529, 0.5753663517534733, 0.5630069151520729, 0.5665705651044846, 0.5682998821139336, 0.55430568754673, 0.5572443380951881, 0.5506803467869759, 0.5591464340686798, 0.550550814718008, 0.5674002766609192, 0.5695583261549473, 0.5489736497402191, 0.5532134957611561, 0.5410655699670315, 0.5561971291899681, 0.5578815117478371, 0.5663415156304836, 0.5689690634608269, 0.5592575594782829, 0.554955743253231, 0.5554200895130634, 0.5430240668356419, 0.543292548507452, 0.552045188844204, 0.5463772714138031], "train_acc": [0.5148619957537155, 0.5902335456475584, 0.5902335456475584, 0.5902335456475584, 0.5902335456475584, 0.5902335456475584, 0.5902335456475584, 0.5902335456475584, 0.5902335456475584, 0.5902335456475584, 0.5902335456475584, 0.5902335456475584, 0.5902335456475584, 0.5902335456475584, 0.5902335456475584, 0.5902335456475584, 0.5902335456475584, 0.5902335456475584, 0.5934182590233545, 0.6029723991507431, 0.613588110403397, 0.6401273885350318, 0.6825902335456475, 0.6953290870488322, 0.7006369426751592, 0.7133757961783439, 0.7080679405520169, 0.6900212314225053, 0.7059447983014862, 0.7144373673036093, 0.7133757961783439, 0.7144373673036093, 0.7112526539278131, 0.721868365180467, 0.727176220806794, 0.7144373673036093, 0.7186836518046709, 0.6985138004246284, 0.7239915074309978, 0.70276008492569, 0.7144373673036093, 0.7112526539278131, 0.7165605095541401, 0.7282377919320594, 0.732484076433121, 0.721868365180467, 0.7197452229299363, 0.7250530785562632, 0.7186836518046709, 0.7261146496815286, 0.7250530785562632, 0.7377919320594479, 0.7239915074309978, 0.7430997876857749, 0.7388535031847133, 0.7335456475583864, 0.7292993630573248, 0.7282377919320594, 0.7123142250530785, 0.7250530785562632, 0.7346072186836518, 0.7133757961783439, 0.7197452229299363, 0.7356687898089171, 0.7154989384288747, 0.7091295116772823, 0.732484076433121, 0.7346072186836518, 0.7388535031847133, 0.7346072186836518, 0.7409766454352441, 0.7377919320594479, 0.7346072186836518, 0.7335456475583864, 0.7367303609341825, 0.7420382165605095, 0.7356687898089171, 0.7176220806794055, 0.7112526539278131, 0.7367303609341825, 0.7377919320594479, 0.7335456475583864, 0.7420382165605095, 0.7346072186836518, 0.7377919320594479, 0.727176220806794, 0.7388535031847133, 0.727176220806794, 0.7314225053078556, 0.7377919320594479, 0.7250530785562632, 0.7250530785562632, 0.7292993630573248, 0.7197452229299363, 0.7388535031847133, 0.7430997876857749, 0.7420382165605095, 0.7377919320594479, 0.7441613588110403, 0.7462845010615711], "val_loss": [0.692180335521698, 0.6913071870803833, 0.6943567991256714, 0.7022718191146851, 0.7023285031318665, 0.6973683834075928, 0.6960643529891968, 0.695671796798706, 0.6963455080986023, 0.6967642903327942, 0.694486141204834, 0.6937673687934875, 0.6925957202911377, 0.6897751092910767, 0.6835346221923828, 0.6878424882888794, 0.6778392195701599, 0.6798141598701477, 0.6684320569038391, 0.6725646257400513, 0.6502267122268677, 0.6479589343070984, 0.6283210515975952, 0.6153672933578491, 0.6101889610290527, 0.6156592965126038, 0.6508657932281494, 0.6069004535675049, 0.5973636507987976, 0.5948117971420288, 0.618043065071106, 0.6250201463699341, 0.5939859747886658, 0.6008397340774536, 0.6169712543487549, 0.610905647277832, 0.5939620733261108, 0.6006436944007874, 0.6657131910324097, 0.5951653718948364, 0.6128783226013184, 0.6382854580879211, 0.6024218201637268, 0.6275464296340942, 0.5951452255249023, 0.6008418798446655, 0.6302905678749084, 0.5949108600616455, 0.6045682430267334, 0.6101491451263428, 0.6058027744293213, 0.609423041343689, 0.6318498253822327, 0.6130412220954895, 0.6037793755531311, 0.6187395453453064, 0.6028075814247131, 0.5978456139564514, 0.6391786932945251, 0.6349052786827087, 0.5973172783851624, 0.6391624808311462, 0.6319172978401184, 0.5964083075523376, 0.6384868621826172, 0.6385782957077026, 0.6122235059738159, 0.6204331517219543, 0.6031652688980103, 0.624550998210907, 0.612205982208252, 0.602630615234375, 0.6197170615196228, 0.6269983649253845, 0.6130339503288269, 0.602592408657074, 0.599846363067627, 0.681526243686676, 0.6037613749504089, 0.601111650466919, 0.6447383165359497, 0.5977593064308167, 0.6022787690162659, 0.6521103978157043, 0.5964882373809814, 0.6043407320976257, 0.6038002371788025, 0.6282604932785034, 0.6035271286964417, 0.5996872186660767, 0.707101047039032, 0.5985044240951538, 0.6411324739456177, 0.6360958218574524, 0.603644609451294, 0.6119868755340576, 0.6028708815574646, 0.6229274868965149, 0.594352662563324, 0.6015878915786743], "val_acc": [0.5299145299145299, 0.5299145299145299, 0.5299145299145299, 0.5299145299145299, 0.5299145299145299, 0.5299145299145299, 0.5299145299145299, 0.5299145299145299, 0.5299145299145299, 0.5299145299145299, 0.5299145299145299, 0.5299145299145299, 0.5299145299145299, 0.5299145299145299, 0.5299145299145299, 0.5299145299145299, 0.5299145299145299, 0.5299145299145299, 0.5299145299145299, 0.5299145299145299, 0.5982905982905983, 0.5982905982905983, 0.7008547008547008, 0.7521367521367521, 0.7435897435897436, 0.717948717948718, 0.6495726495726496, 0.7521367521367521, 0.7606837606837606, 0.7521367521367521, 0.7350427350427351, 0.717948717948718, 0.7521367521367521, 0.7350427350427351, 0.717948717948718, 0.7350427350427351, 0.7350427350427351, 0.7264957264957265, 0.6495726495726496, 0.7435897435897436, 0.7350427350427351, 0.6752136752136753, 0.7264957264957265, 0.7264957264957265, 0.717948717948718, 0.7094017094017094, 0.717948717948718, 0.7350427350427351, 0.717948717948718, 0.717948717948718, 0.717948717948718, 0.7094017094017094, 0.717948717948718, 0.717948717948718, 0.7094017094017094, 0.717948717948718, 0.7094017094017094, 0.717948717948718, 0.7008547008547008, 0.717948717948718, 0.7264957264957265, 0.7008547008547008, 0.717948717948718, 0.7264957264957265, 0.7008547008547008, 0.7008547008547008, 0.717948717948718, 0.717948717948718, 0.717948717948718, 0.717948717948718, 0.7008547008547008, 0.7094017094017094, 0.7008547008547008, 0.717948717948718, 0.7094017094017094, 0.7008547008547008, 0.7008547008547008, 0.6666666666666666, 0.717948717948718, 0.7094017094017094, 0.6923076923076923, 0.7008547008547008, 0.7264957264957265, 0.6923076923076923, 0.7008547008547008, 0.7264957264957265, 0.7264957264957265, 0.7094017094017094, 0.717948717948718, 0.7094017094017094, 0.6581196581196581, 0.717948717948718, 0.7008547008547008, 0.7008547008547008, 0.7008547008547008, 0.717948717948718, 0.7094017094017094, 0.7094017094017094, 0.7094017094017094, 0.7264957264957265]}