{"train_loss": [0.6996179074048996, 0.67802644520998, 0.6797368675470352, 0.6763963401317596, 0.6744810938835144, 0.6750528812408447, 0.6771837323904037, 0.6729065626859665, 0.672027163207531, 0.67239148914814, 0.6691226065158844, 0.6662218421697617, 0.6572188287973404, 0.6586799025535583, 0.6524631232023239, 0.6429469734430313, 0.6284514665603638, 0.6307937651872635, 0.6184106394648552, 0.6110476106405258, 0.5995809510350227, 0.602628581225872, 0.5937337651848793, 0.6055586561560631, 0.5891386494040489, 0.5926871448755264, 0.5812804102897644, 0.5892119333148003, 0.5762144550681114, 0.5925324112176895, 0.5843925625085831, 0.5747094675898552, 0.5764020308852196, 0.5799451470375061, 0.5740168541669846, 0.5876018032431602, 0.5823397487401962, 0.5832455717027187, 0.5922448337078094, 0.5847748294472694, 0.5735019147396088, 0.5835864767432213, 0.5877039134502411, 0.5817708522081375, 0.5790577605366707, 0.5903938114643097, 0.5749892443418503, 0.5803100317716599, 0.5756580382585526, 0.5683547481894493, 0.5747806653380394, 0.5684383511543274, 0.5637950152158737, 0.5701320171356201, 0.5629217028617859, 0.5625883713364601, 0.565070815384388, 0.5656295940279961, 0.568074069917202, 0.5678117722272873, 0.5787890776991844, 0.5733870342373848, 0.5675512403249741, 0.5596396625041962, 0.5627356171607971, 0.5632471293210983, 0.5786937177181244, 0.5613119900226593, 0.5561779215931892, 0.5676619112491608, 0.557754073292017, 0.5631957836449146, 0.5537645816802979, 0.5442214421927929, 0.5552239492535591, 0.5639867782592773, 0.5565876290202141, 0.5633806474506855, 0.5498304702341557, 0.5544797703623772, 0.5535895936191082, 0.5456265546381474, 0.5547689348459244, 0.5451154671609402, 0.5491568818688393, 0.5595260858535767, 0.5551821850240231, 0.555411409586668, 0.5344207249581814, 0.5485779605805874, 0.5451902002096176, 0.5447959564626217, 0.545171458274126, 0.5491737872362137, 0.5444389395415783, 0.5584388971328735, 0.5329839773476124, 0.5371409319341183, 0.5336576625704765, 0.5307366698980331], "train_acc": [0.45329087048832273, 0.5902335456475584, 0.5902335456475584, 0.5902335456475584, 0.5902335456475584, 0.5902335456475584, 0.5902335456475584, 0.5902335456475584, 0.5902335456475584, 0.5902335456475584, 0.5902335456475584, 0.5902335456475584, 0.5902335456475584, 0.5934182590233545, 0.6326963906581741, 0.60828025477707, 0.6602972399150743, 0.6815286624203821, 0.6762208067940552, 0.6953290870488322, 0.7038216560509554, 0.697452229299363, 0.7006369426751592, 0.7006369426751592, 0.7133757961783439, 0.727176220806794, 0.7038216560509554, 0.7048832271762208, 0.7144373673036093, 0.7176220806794055, 0.7123142250530785, 0.7239915074309978, 0.7176220806794055, 0.7208067940552016, 0.7239915074309978, 0.7186836518046709, 0.7186836518046709, 0.6995753715498938, 0.7208067940552016, 0.6963906581740976, 0.7208067940552016, 0.7038216560509554, 0.7144373673036093, 0.7123142250530785, 0.7176220806794055, 0.7176220806794055, 0.7176220806794055, 0.721868365180467, 0.7144373673036093, 0.7292993630573248, 0.7208067940552016, 0.7154989384288747, 0.7229299363057324, 0.7282377919320594, 0.7346072186836518, 0.7346072186836518, 0.7261146496815286, 0.7282377919320594, 0.7208067940552016, 0.7282377919320594, 0.7229299363057324, 0.7282377919320594, 0.7091295116772823, 0.7409766454352441, 0.721868365180467, 0.7261146496815286, 0.7144373673036093, 0.7377919320594479, 0.7346072186836518, 0.7261146496815286, 0.7261146496815286, 0.7261146496815286, 0.7303609341825902, 0.7409766454352441, 0.7208067940552016, 0.7388535031847133, 0.7335456475583864, 0.7186836518046709, 0.7123142250530785, 0.7208067940552016, 0.7441613588110403, 0.7377919320594479, 0.7399150743099787, 0.7388535031847133, 0.7388535031847133, 0.7356687898089171, 0.7292993630573248, 0.7356687898089171, 0.7547770700636943, 0.7346072186836518, 0.7484076433121019, 0.7452229299363057, 0.7515923566878981, 0.7367303609341825, 0.7356687898089171, 0.7133757961783439, 0.7388535031847133, 0.7314225053078556, 0.7473460721868365, 0.7441613588110403], "val_loss": [0.6911017298698425, 0.709034264087677, 0.695582389831543, 0.693313717842102, 0.6968640089035034, 0.6979357004165649, 0.695228636264801, 0.6924408674240112, 0.6935021877288818, 0.6921907663345337, 0.6845662593841553, 0.6850420236587524, 0.6697534322738647, 0.6612153053283691, 0.667827308177948, 0.6500867605209351, 0.6570869088172913, 0.6629749536514282, 0.6327332854270935, 0.6327854990959167, 0.6402703523635864, 0.6304557919502258, 0.602593183517456, 0.5925664901733398, 0.5906575918197632, 0.6069352626800537, 0.6240483522415161, 0.5955401659011841, 0.6001865267753601, 0.5937696695327759, 0.6139979958534241, 0.6195964217185974, 0.5948188304901123, 0.5990989208221436, 0.6123493313789368, 0.6172910332679749, 0.5890122652053833, 0.5917736887931824, 0.6764423847198486, 0.5908916592597961, 0.5985708236694336, 0.6338004469871521, 0.6154523491859436, 0.6189007759094238, 0.5874283909797668, 0.595550537109375, 0.6303475499153137, 0.5882399082183838, 0.6017879843711853, 0.6034215688705444, 0.598691463470459, 0.6011495590209961, 0.6343525052070618, 0.6181604862213135, 0.5957739353179932, 0.6042105555534363, 0.5967919230461121, 0.590302586555481, 0.6273112297058105, 0.6423242092132568, 0.5887131094932556, 0.6090372204780579, 0.6399168968200684, 0.5864509344100952, 0.6010124683380127, 0.667486310005188, 0.6356661915779114, 0.6004717946052551, 0.5904980301856995, 0.6261899471282959, 0.6210187673568726, 0.5944027304649353, 0.5986465215682983, 0.6261283755302429, 0.6206982135772705, 0.5918105840682983, 0.5885784029960632, 0.6506398916244507, 0.6336077451705933, 0.594077467918396, 0.6063865423202515, 0.5874356627464294, 0.5861835479736328, 0.6303715705871582, 0.5895838737487793, 0.5881745219230652, 0.583950936794281, 0.5977306365966797, 0.6080536842346191, 0.5864678025245667, 0.677209198474884, 0.5840469002723694, 0.5955709218978882, 0.6498243808746338, 0.6443036794662476, 0.6018092036247253, 0.5807903409004211, 0.6021526455879211, 0.5849190950393677, 0.5805822610855103],