{"train_loss": [0.6790118962526321, 0.6615554839372635, 0.6245066598057747, 0.622549794614315, 0.6035404205322266, 0.6074952036142349, 0.6058917865157127, 0.6090384870767593, 0.5893227718770504, 0.5991523638367653, 0.5924791768193245, 0.5947109535336494, 0.5971353128552437, 0.5882402583956718, 0.5883580669760704, 0.5992435216903687, 0.6072670593857765, 0.6000348851084709, 0.5935932546854019, 0.600888155400753, 0.5894663706421852, 0.5964204221963882, 0.586423933506012, 0.5924564749002457, 0.5798766016960144, 0.5866824388504028, 0.5790967121720314, 0.5856049507856369, 0.5794365145266056, 0.5757696032524109, 0.5806427374482155, 0.5804594606161118, 0.5881832242012024, 0.6014982238411903, 0.5956827625632286, 0.5951999053359032, 0.5788658559322357, 0.5941852405667305, 0.5864297300577164, 0.5792646482586861, 0.5797504484653473, 0.5958816781640053, 0.6178552880883217, 0.6001734212040901, 0.5802122429013252, 0.5900217443704605, 0.5791538953781128, 0.5871714577078819, 0.5985404253005981, 0.6031213700771332, 0.5775506310164928, 0.5869567021727562, 0.5824335590004921, 0.5882823392748833, 0.590939424932003, 0.58451759070158, 0.5898591727018356, 0.5857693180441856, 0.5817125514149666, 0.5750665664672852, 0.5899209529161453, 0.5900579914450645, 0.5884255692362785, 0.571597445756197, 0.5736660584807396, 0.5801160112023354, 0.5866186432540417, 0.583074577152729, 0.5823506116867065, 0.5848124101758003, 0.5883409678936005, 0.580609168857336, 0.5811571851372719, 0.5839419588446617, 0.5780223459005356, 0.5783109776675701, 0.589336134493351, 0.5845602378249168, 0.5824571251869202, 0.5824979543685913, 0.5905596017837524, 0.574354737997055, 0.5748342499136925, 0.588627927005291, 0.5889769941568375, 0.590088240802288, 0.5810301229357719, 0.5885398015379906, 0.5822102390229702, 0.5781614258885384, 0.5897019356489182, 0.5914964601397514, 0.6076660677790642, 0.58781598508358, 0.5877595767378807, 0.5721106380224228, 0.5877400115132332, 0.5861498303711414, 0.5735902935266495, 0.5840492844581604], "train_acc": [0.5870488322717622, 0.60828025477707, 0.673036093418259, 0.6878980891719745, 0.7091295116772823, 0.721868365180467, 0.6900212314225053, 0.7091295116772823, 0.721868365180467, 0.7048832271762208, 0.7133757961783439, 0.7197452229299363, 0.7059447983014862, 0.7186836518046709, 0.7165605095541401, 0.7112526539278131, 0.6719745222929936, 0.692144373673036, 0.721868365180467, 0.6910828025477707, 0.70276008492569, 0.727176220806794, 0.7133757961783439, 0.7176220806794055, 0.7303609341825902, 0.721868365180467, 0.7229299363057324, 0.7165605095541401, 0.7399150743099787, 0.7292993630573248, 0.7261146496815286, 0.7208067940552016, 0.7292993630573248, 0.7229299363057324, 0.7101910828025477, 0.7006369426751592, 0.7091295116772823, 0.7165605095541401, 0.7197452229299363, 0.7250530785562632, 0.7239915074309978, 0.7006369426751592, 0.6666666666666666, 0.727176220806794, 0.7303609341825902, 0.7016985138004246, 0.727176220806794, 0.7399150743099787, 0.6857749469214437, 0.7038216560509554, 0.727176220806794, 0.7229299363057324, 0.721868365180467, 0.721868365180467, 0.7303609341825902, 0.7165605095541401, 0.7154989384288747, 0.7239915074309978, 0.7186836518046709, 0.7282377919320594, 0.727176220806794, 0.7123142250530785, 0.7176220806794055, 0.7303609341825902, 0.727176220806794, 0.727176220806794, 0.7208067940552016, 0.7314225053078556, 0.7292993630573248, 0.7282377919320594, 0.7165605095541401, 0.7229299363057324, 0.7303609341825902, 0.7101910828025477, 0.7282377919320594, 0.7133757961783439, 0.7101910828025477, 0.6995753715498938, 0.7314225053078556, 0.7197452229299363, 0.7314225053078556, 0.7335456475583864, 0.7335456475583864, 0.70276008492569, 0.7165605095541401, 0.732484076433121, 0.7314225053078556, 0.732484076433121, 0.7101910828025477, 0.7101910828025477, 0.7229299363057324, 0.6868365180467091, 0.6847133757961783, 0.7144373673036093, 0.7197452229299363, 0.7197452229299363, 0.7292993630573248, 0.7314225053078556, 0.727176220806794, 0.7303609341825902], "val_loss": [0.6740029454231262, 0.6356890797615051, 0.6032015681266785, 0.5897454619407654, 0.5916107892990112, 0.5702232718467712, 0.5765532851219177, 0.5822706818580627, 0.5555119514465332, 0.5450178384780884, 0.5574830770492554, 0.544070303440094, 0.5433114171028137, 0.5500311851501465, 0.5376776456832886, 0.5396373867988586, 0.5707273483276367, 0.5590800046920776, 0.5525338649749756, 0.5596173405647278, 0.5498807430267334, 0.5305129885673523, 0.5420058369636536, 0.5408087968826294, 0.5394777655601501, 0.5325396656990051, 0.5523416996002197, 0.5354373455047607, 0.5347023606300354, 0.5326061844825745, 0.5359253883361816, 0.5391001105308533, 0.5336568355560303, 0.5433351993560791, 0.5594870448112488, 0.5578062534332275, 0.549782395362854, 0.5368289947509766, 0.5534541606903076, 0.536483645439148, 0.5321147441864014, 0.5573263168334961, 0.5740312933921814, 0.5468890070915222, 0.5507467985153198, 0.5426668524742126, 0.5364899635314941, 0.5469978451728821, 0.5728738903999329, 0.5641103982925415, 0.5293581485748291, 0.5404619574546814, 0.5355655550956726, 0.5271779298782349, 0.5461292862892151, 0.5387111902236938, 0.5364941954612732, 0.5431064963340759, 0.5364054441452026, 0.528354823589325, 0.5572872757911682, 0.546695351600647, 0.5402947664260864, 0.5299139618873596, 0.531539261341095, 0.5363818407058716, 0.5416151285171509, 0.5344993472099304, 0.5346556901931763, 0.5366722941398621, 0.5386333465576172, 0.5309953093528748, 0.5349035263061523, 0.5358565449714661, 0.5362493991851807, 0.5543584823608398, 0.5462561249732971, 0.5386679172515869, 0.5348607897758484, 0.5402553081512451, 0.5432112216949463, 0.5324433445930481, 0.5463271141052246, 0.537085235118866, 0.5341028571128845, 0.5306402444839478, 0.5319644212722778, 0.5448379516601562, 0.5466821789741516, 0.5342633724212646, 0.5664248466491699, 0.5726602673530579, 0.5745953321456909, 0.541661262512207, 0.5356517434120178, 0.5336769223213196, 0.5314539670944214, 0.5381284952163696, 0.5386217832565308, 0.5285091996192932],