{"train_loss": [0.6861668527126312, 0.6786630973219872, 0.675776444375515, 0.6751658618450165, 0.6760784909129143, 0.6735130921006203, 0.6753505542874336, 0.6741030514240265, 0.6716633141040802, 0.6689330786466599, 0.6673322543501854, 0.6582428887486458, 0.654036782681942, 0.6390939429402351, 0.6375697478652, 0.6347303166985512, 0.6216635927557945, 0.613589383661747, 0.607595331966877, 0.611322782933712, 0.6020845994353294, 0.6122136414051056, 0.595391258597374, 0.5988509431481361, 0.58159139752388, 0.5919704809784889, 0.5854110270738602, 0.582872062921524, 0.5815163925290108, 0.5745990946888924, 0.5781465694308281, 0.5784241184592247, 0.588670402765274, 0.5985439419746399, 0.5814352631568909, 0.5762322843074799, 0.5701660439372063, 0.575886458158493, 0.5725390389561653, 0.5677777454257011, 0.5620944947004318, 0.5825033336877823, 0.599038653075695, 0.5996788889169693, 0.5718022659420967, 0.576395258307457, 0.5640264824032784, 0.5704982578754425, 0.5675284825265408, 0.5675093233585358, 0.5538491010665894, 0.5631151795387268, 0.5604254677891731, 0.5659989081323147, 0.5673096105456352, 0.5635919496417046, 0.5653149336576462, 0.5565205439925194, 0.5548022463917732, 0.5395999737083912, 0.5585227273404598, 0.5627866089344025, 0.5458142906427383, 0.5439355112612247, 0.5341265201568604, 0.552692998200655, 0.5601226277649403, 0.544779010117054, 0.5440776273608208, 0.5616940408945084, 0.5517187900841236, 0.5468609370291233, 0.5476941019296646, 0.5440331697463989, 0.5368462428450584, 0.5353270918130875, 0.5389517098665237, 0.5395214930176735, 0.5355290472507477, 0.5238024741411209, 0.5417679995298386, 0.5187172219157219, 0.5220615081489086, 0.5325234681367874, 0.549237571656704, 0.5472201555967331, 0.5444178320467472, 0.526852834969759, 0.5308224372565746, 0.5118904449045658, 0.5466061532497406, 0.5099808052182198, 0.5247804671525955, 0.5133483111858368, 0.5283052362501621, 0.5110421851277351, 0.5149981454014778, 0.5259893052279949, 0.4963939003646374, 0.5232192017138004], "train_acc": [0.5870488322717622, 0.5870488322717622, 0.5870488322717622, 0.5870488322717622, 0.5870488322717622, 0.5870488322717622, 0.5870488322717622, 0.5870488322717622, 0.5870488322717622, 0.5870488322717622, 0.5870488322717622, 0.5870488322717622, 0.589171974522293, 0.613588110403397, 0.6443736730360934, 0.6878980891719745, 0.6868365180467091, 0.7038216560509554, 0.7070063694267515, 0.6804670912951167, 0.6910828025477707, 0.7165605095541401, 0.7101910828025477, 0.7208067940552016, 0.721868365180467, 0.7144373673036093, 0.7282377919320594, 0.7091295116772823, 0.7303609341825902, 0.732484076433121, 0.727176220806794, 0.7292993630573248, 0.7335456475583864, 0.7346072186836518, 0.7176220806794055, 0.7282377919320594, 0.7229299363057324, 0.7314225053078556, 0.7261146496815286, 0.7441613588110403, 0.7430997876857749, 0.6995753715498938, 0.7016985138004246, 0.6719745222929936, 0.721868365180467, 0.7303609341825902, 0.7409766454352441, 0.7388535031847133, 0.7292993630573248, 0.7292993630573248, 0.7420382165605095, 0.7282377919320594, 0.7420382165605095, 0.7452229299363057, 0.7420382165605095, 0.7197452229299363, 0.7229299363057324, 0.7441613588110403, 0.7558386411889597, 0.7494692144373672, 0.7537154989384289, 0.7388535031847133, 0.7452229299363057, 0.7409766454352441, 0.7611464968152867, 0.7484076433121019, 0.7346072186836518, 0.7505307855626328, 0.7569002123142251, 0.732484076433121, 0.7409766454352441, 0.7462845010615711, 0.7526539278131635, 0.7399150743099787, 0.7558386411889597, 0.7547770700636943, 0.7579617834394905, 0.7377919320594479, 0.7473460721868365, 0.7643312101910829, 0.7494692144373672, 0.7590233545647559, 0.7653927813163482, 0.7484076433121019, 0.7420382165605095, 0.7473460721868365, 0.7399150743099787, 0.7569002123142251, 0.7600849256900213, 0.7569002123142251, 0.7335456475583864, 0.7643312101910829, 0.7611464968152867, 0.7643312101910829, 0.7611464968152867, 0.7569002123142251, 0.7632696390658175, 0.7600849256900213, 0.767515923566879, 0.7600849256900213], "val_loss": [0.6779499053955078, 0.6704118251800537, 0.666225254535675, 0.665407121181488, 0.6656656265258789, 0.6658042073249817, 0.6642971038818359, 0.6628732681274414, 0.6602251529693604, 0.6561610698699951, 0.6504369974136353, 0.6420488953590393, 0.6362318992614746, 0.6262402534484863, 0.6179637312889099, 0.6042049527168274, 0.5986021161079407, 0.5902758240699768, 0.6104599833488464, 0.5821825861930847, 0.5797504782676697, 0.5776267051696777, 0.575198769569397, 0.5685214996337891, 0.5678550004959106, 0.5605323910713196, 0.561735987663269, 0.5534966588020325, 0.5502259731292725, 0.5457026958465576, 0.5442945957183838, 0.5407477617263794, 0.5375093221664429, 0.5496180653572083, 0.539120614528656, 0.5604179501533508, 0.5380931496620178, 0.5336267948150635, 0.5361981391906738, 0.5277425050735474, 0.5315214395523071, 0.5268364548683167, 0.5935391187667847, 0.5538214445114136, 0.5389422178268433, 0.5329171419143677, 0.5295706391334534, 0.5281287431716919, 0.5414028167724609, 0.5344176292419434, 0.5259589552879333, 0.5230297446250916, 0.5182226896286011, 0.5182937383651733, 0.5284472703933716, 0.5229275822639465, 0.5169565081596375, 0.5283623337745667, 0.515125036239624, 0.5133781433105469, 0.5328183770179749, 0.5123226046562195, 0.5109378695487976, 0.5147184133529663, 0.5096865296363831, 0.5097861886024475, 0.514435887336731, 0.5156635046005249, 0.5110594034194946, 0.5173543095588684, 0.5141723155975342, 0.5087625980377197, 0.5224584341049194, 0.5065932273864746, 0.5059609413146973, 0.5254858136177063, 0.5111925005912781, 0.5065410733222961, 0.5048925876617432, 0.5019176006317139, 0.5007849931716919, 0.4999605417251587, 0.5157631635665894, 0.5310067534446716, 0.4987965524196625, 0.51735919713974, 0.5066925287246704, 0.5321265459060669, 0.5012199282646179, 0.5327693819999695, 0.5300750136375427, 0.5196487307548523, 0.5010383725166321, 0.4972188472747803, 0.49687185883522034, 0.49877282977104187, 0.4996859133243561, 0.49830394983291626, 0.5025627613067627, 0.49914300441741943],