{"train_loss": [0.6926410645246506, 0.683906115591526, 0.6787532418966293, 0.6815510466694832, 0.6805823892354965, 0.680436871945858, 0.6761981844902039, 0.677268460392952, 0.6787595152854919, 0.6784749925136566, 0.6769653707742691, 0.6724120676517487, 0.662732444703579, 0.6578551828861237, 0.6481986567378044, 0.6572224199771881, 0.6382460966706276, 0.6291630119085312, 0.6153947561979294, 0.6153235882520676, 0.6292699053883553, 0.6139588803052902, 0.5938127860426903, 0.594670943915844, 0.5929060876369476, 0.5921566933393478, 0.5900571271777153, 0.6026027649641037, 0.6034531891345978, 0.5916346721351147, 0.5996547043323517, 0.5728544555604458, 0.5943394154310226, 0.5870151296257973, 0.5867777764797211, 0.5840419381856918, 0.5816658809781075, 0.5895597189664841, 0.5881838798522949, 0.5906463712453842, 0.5862188562750816, 0.5870417058467865, 0.5773854628205299, 0.5688659027218819, 0.5863087028264999, 0.5756183043122292, 0.5696509629487991, 0.5659525953233242, 0.5752786323428154, 0.5796809792518616, 0.5892150476574898, 0.5860396474599838, 0.5738770365715027, 0.5776021629571915, 0.5832702815532684, 0.577484019100666, 0.5763116925954819, 0.5683486238121986, 0.5908922329545021, 0.5729240998625755, 0.5770602375268936, 0.5726944655179977, 0.577473483979702, 0.5759449228644371, 0.5856214091181755, 0.5715667009353638, 0.5839356556534767, 0.5806579887866974, 0.5680352486670017, 0.5731827989220619, 0.5848657935857773, 0.571476973593235, 0.5770248025655746, 0.5811253860592842, 0.5771434269845486, 0.5795630663633347, 0.5715785995125771, 0.5697613656520844, 0.5687733888626099, 0.5707215741276741, 0.573251947760582, 0.5663002729415894, 0.573504664003849, 0.5700669027864933, 0.5704461485147476, 0.5739669799804688, 0.558164618909359, 0.573759138584137, 0.5715853422880173, 0.5722422078251839, 0.5742513611912727, 0.5657470524311066, 0.5718732289969921, 0.5619741231203079, 0.5519168041646481, 0.5638679265975952, 0.5644132867455482, 0.5521967485547066, 0.5663617923855782, 0.5661878250539303], "train_acc": [0.5286624203821656, 0.5774946921443737, 0.5774946921443737, 0.5774946921443737, 0.5774946921443737, 0.5774946921443737, 0.5774946921443737, 0.5774946921443737, 0.5774946921443737, 0.5774946921443737, 0.5774946921443737, 0.5774946921443737, 0.5774946921443737, 0.5976645435244161, 0.5902335456475584, 0.673036093418259, 0.6656050955414012, 0.6751592356687898, 0.6995753715498938, 0.6815286624203821, 0.638004246284501, 0.6900212314225053, 0.7080679405520169, 0.7091295116772823, 0.7208067940552016, 0.7165605095541401, 0.7165605095541401, 0.692144373673036, 0.6815286624203821, 0.7112526539278131, 0.7123142250530785, 0.7176220806794055, 0.70276008492569, 0.7250530785562632, 0.7154989384288747, 0.7176220806794055, 0.7176220806794055, 0.7091295116772823, 0.7144373673036093, 0.7186836518046709, 0.6963906581740976, 0.7144373673036093, 0.7250530785562632, 0.7261146496815286, 0.7239915074309978, 0.7292993630573248, 0.7314225053078556, 0.7261146496815286, 0.7208067940552016, 0.7197452229299363, 0.7282377919320594, 0.7101910828025477, 0.727176220806794, 0.7250530785562632, 0.7101910828025477, 0.7091295116772823, 0.7239915074309978, 0.732484076433121, 0.70276008492569, 0.7314225053078556, 0.7282377919320594, 0.7197452229299363, 0.7197452229299363, 0.7303609341825902, 0.7165605095541401, 0.7091295116772823, 0.7101910828025477, 0.7144373673036093, 0.7186836518046709, 0.721868365180467, 0.7292993630573248, 0.7261146496815286, 0.7197452229299363, 0.7197452229299363, 0.7165605095541401, 0.7239915074309978, 0.7377919320594479, 0.7314225053078556, 0.7154989384288747, 0.7335456475583864, 0.7250530785562632, 0.7229299363057324, 0.732484076433121, 0.7335456475583864, 0.7292993630573248, 0.732484076433121, 0.7197452229299363, 0.7346072186836518, 0.727176220806794, 0.727176220806794, 0.7239915074309978, 0.7250530785562632, 0.721868365180467, 0.7292993630573248, 0.7430997876857749, 0.7282377919320594, 0.7303609341825902, 0.7292993630573248, 0.7335456475583864, 0.7473460721868365], "val_loss": [0.680959939956665, 0.6794604063034058, 0.6795018911361694, 0.679169237613678, 0.678930938243866, 0.6785350441932678, 0.6780625581741333, 0.6771804094314575, 0.6759004592895508, 0.6748106479644775, 0.670313835144043, 0.6624533534049988, 0.6492682099342346, 0.6347619891166687, 0.6389874219894409, 0.6167504787445068, 0.6105770468711853, 0.5966458916664124, 0.601424515247345, 0.6245158910751343, 0.5760484337806702, 0.5685864090919495, 0.5696175694465637, 0.5568363070487976, 0.5563315749168396, 0.5621629357337952, 0.5801270604133606, 0.5670679211616516, 0.5634778141975403, 0.5562968850135803, 0.5780606865882874, 0.5622904896736145, 0.5637471675872803, 0.5527363419532776, 0.5513791441917419, 0.5566074848175049, 0.5632118582725525, 0.5521516799926758, 0.5575051307678223, 0.5665501356124878, 0.556570827960968, 0.5533112287521362, 0.5526615977287292, 0.5560374855995178, 0.5530162453651428, 0.5545221567153931, 0.5496113300323486, 0.554238498210907, 0.5532963275909424, 0.5631864666938782, 0.5504612326622009, 0.5532106161117554, 0.5539112091064453, 0.5591515898704529, 0.5553561449050903, 0.5686550140380859, 0.560518205165863, 0.5729777812957764, 0.5527251958847046, 0.5564981698989868, 0.552325427532196, 0.5527651906013489, 0.552364706993103, 0.5502932667732239, 0.5508289337158203, 0.5556101202964783, 0.5719137787818909, 0.5553101301193237, 0.5526775121688843, 0.553436815738678, 0.552471399307251, 0.5524829030036926, 0.5530557036399841, 0.5593534708023071, 0.5666900873184204, 0.5560877919197083, 0.5628678202629089, 0.5551994442939758, 0.5605866312980652, 0.5533677339553833, 0.5554821491241455, 0.5496081709861755, 0.5495154857635498, 0.5507546067237854, 0.5609093308448792, 0.5517598986625671, 0.5516819953918457, 0.5511807799339294, 0.5557249784469604, 0.5503019690513611, 0.5545693039894104, 0.5607467293739319, 0.554550290107727, 0.5519314408302307, 0.5519137382507324, 0.5509480237960815, 0.5527542233467102, 0.5511730313301086, 0.5511853098869324, 0.5587304830551147], "val_acc": [0.5811965811965812, 0.5811965811965812, 0.5811965811965812, 0.5811965811965812, 0.5811965811965812, 0.5811965811965812, 0.5811965811965812, 0.5811965811965812, 0.5811965811965812, 0.5811965811965812, 0.5811965811965812, 0.5811965811965812, 0.5811965811965812, 0.5982905982905983, 0.7435897435897436, 0.6752136752136753, 0.7521367521367521, 0.7521367521367521, 0.6410256410256411, 0.6410256410256411, 0.7435897435897436, 0.7264957264957265, 0.7094017094017094, 0.7350427350427351, 0.7521367521367521, 0.6666666666666666, 0.6410256410256411, 0.6752136752136753, 0.7264957264957265, 0.7350427350427351, 0.6837606837606838, 0.717948717948718, 0.7008547008547008, 0.7521367521367521, 0.7264957264957265, 0.7264957264957265, 0.7008547008547008, 0.7264957264957265, 0.7264957264957265, 0.7008547008547008, 0.7094017094017094, 0.717948717948718, 0.7094017094017094, 0.7264957264957265, 0.7264957264957265, 0.7094017094017094, 0.7094017094017094, 0.7264957264957265, 0.7264957264957265, 0.7264957264957265, 0.717948717948718, 0.7350427350427351, 0.7094017094017094, 0.717948717948718, 0.717948717948718, 0.7094017094017094, 0.717948717948718, 0.6837606837606838, 0.717948717948718, 0.717948717948718, 0.7264957264957265, 0.7264957264957265, 0.7008547008547008, 0.717948717948718, 0.717948717948718, 0.717948717948718, 0.7008547008547008, 0.717948717948718, 0.717948717948718, 0.7264957264957265, 0.7264957264957265, 0.7264957264957265, 0.7264957264957265, 0.717948717948718, 0.717948717948718, 0.7094017094017094, 0.7094017094017094, 0.7264957264957265, 0.7094017094017094, 0.7350427350427351, 0.7094017094017094, 0.7264957264957265, 0.7264957264957265, 0.7264957264957265, 0.7094017094017094, 0.7264957264957265, 0.7264957264957265, 0.7264957264957265, 0.7008547008547008, 0.717948717948718, 0.7094017094017094, 0.7264957264957265, 0.7264957264957265, 0.717948717948718, 0.7264957264957265, 0.7350427350427351, 0.717948717948718, 0.7264957264957265, 0.7264957264957265, 0.7008547008547008]}