{"train_loss": [0.6962286457419395, 0.6783783286809921, 0.6772874146699905, 0.6761293560266495, 0.670001357793808, 0.6754982173442841, 0.6724661588668823, 0.6747666075825691, 0.6715689226984978, 0.6699556261301041, 0.6713130623102188, 0.6685790866613388, 0.6634235382080078, 0.6600975096225739, 0.6564696431159973, 0.6426209583878517, 0.627668559551239, 0.6377834305167198, 0.6309588178992271, 0.6119637712836266, 0.6091629266738892, 0.608738861978054, 0.5919548496603966, 0.5949491038918495, 0.59452273696661, 0.578805573284626, 0.5921724811196327, 0.5900171920657158, 0.5926472321152687, 0.5833549499511719, 0.5958751887083054, 0.5875118523836136, 0.575845405459404, 0.5832663141191006, 0.5812578573822975, 0.5799135565757751, 0.5807314440608025, 0.5854199528694153, 0.5802545920014381, 0.5713218376040459, 0.5838006213307381, 0.5830162689089775, 0.5855556651949883, 0.5736856833100319, 0.5877769514918327, 0.5796862877905369, 0.5636361092329025, 0.5609564818441868, 0.5709888525307178, 0.5782033875584602, 0.5870773419737816, 0.5690505765378475, 0.5730395764112473, 0.5669445432722569, 0.5847768560051918, 0.5748006254434586, 0.5589380711317062, 0.5758787132799625, 0.5735718682408333, 0.5649358257651329, 0.5676586851477623, 0.5764558985829353, 0.5913129188120365, 0.5720611214637756, 0.5717570334672928, 0.5850132033228874, 0.5651477351784706, 0.5685914978384972, 0.5655824020504951, 0.5695754438638687, 0.5867024436593056, 0.5757469907402992, 0.565597765147686, 0.5759479999542236, 0.557575024664402, 0.5750728622078896, 0.5688911825418472, 0.5657314956188202, 0.5723160021007061, 0.5628255307674408, 0.5674965381622314, 0.575871042907238, 0.5661439374089241, 0.5602801740169525, 0.562793418765068, 0.5531713329255581, 0.5676006153225899, 0.5674488693475723, 0.5586765669286251, 0.5573622211813927, 0.5746828392148018, 0.5585757121443748, 0.5726718381047249, 0.5691511482000351, 0.5657924041152, 0.5594910383224487, 0.5483260080218315, 0.5434254072606564, 0.5534553229808807, 0.5479026399552822], "train_acc": [0.4713375796178344, 0.5934182590233545, 0.5934182590233545, 0.5934182590233545, 0.5934182590233545, 0.5934182590233545, 0.5934182590233545, 0.5934182590233545, 0.5934182590233545, 0.5934182590233545, 0.5934182590233545, 0.5934182590233545, 0.5934182590233545, 0.5934182590233545, 0.6008492569002123, 0.6210191082802548, 0.6401273885350318, 0.667728237791932, 0.6751592356687898, 0.6836518046709129, 0.7176220806794055, 0.7101910828025477, 0.7208067940552016, 0.7176220806794055, 0.7208067940552016, 0.7208067940552016, 0.7176220806794055, 0.7250530785562632, 0.7197452229299363, 0.7112526539278131, 0.6985138004246284, 0.7176220806794055, 0.7314225053078556, 0.7314225053078556, 0.7123142250530785, 0.7250530785562632, 0.7250530785562632, 0.7165605095541401, 0.7303609341825902, 0.7399150743099787, 0.7154989384288747, 0.721868365180467, 0.7250530785562632, 0.7112526539278131, 0.7335456475583864, 0.732484076433121, 0.7303609341825902, 0.7335456475583864, 0.7261146496815286, 0.7186836518046709, 0.7154989384288747, 0.732484076433121, 0.7303609341825902, 0.7303609341825902, 0.7250530785562632, 0.7335456475583864, 0.7399150743099787, 0.7250530785562632, 0.7314225053078556, 0.7282377919320594, 0.7399150743099787, 0.732484076433121, 0.7112526539278131, 0.7292993630573248, 0.7335456475583864, 0.7346072186836518, 0.7377919320594479, 0.7335456475583864, 0.7484076433121019, 0.7346072186836518, 0.7335456475583864, 0.721868365180467, 0.7335456475583864, 0.7292993630573248, 0.7473460721868365, 0.727176220806794, 0.7335456475583864, 0.7314225053078556, 0.7165605095541401, 0.7303609341825902, 0.7409766454352441, 0.7303609341825902, 0.7186836518046709, 0.7430997876857749, 0.7346072186836518, 0.7377919320594479, 0.7303609341825902, 0.727176220806794, 0.7409766454352441, 0.732484076433121, 0.7303609341825902, 0.7473460721868365, 0.7515923566878981, 0.7377919320594479, 0.732484076433121, 0.7420382165605095, 0.7452229299363057, 0.7558386411889597, 0.7547770700636943, 0.7452229299363057], "val_loss": [0.6943446397781372, 0.7154918313026428, 0.7007654905319214, 0.6968702673912048, 0.7027982473373413, 0.7130906581878662, 0.6996133327484131, 0.6997825503349304, 0.6991104483604431, 0.7027338147163391, 0.7000559568405151, 0.6934372782707214, 0.6943782567977905, 0.6838634014129639, 0.6967164874076843, 0.6691734790802002, 0.6818487644195557, 0.6659781336784363, 0.6375062465667725, 0.6572557091712952, 0.6496528387069702, 0.6212107539176941, 0.6184948086738586, 0.6265894770622253, 0.5962343215942383, 0.6121437549591064, 0.6418468952178955, 0.6262995600700378, 0.589489758014679, 0.5885212421417236, 0.621711015701294, 0.6145803928375244, 0.5883026719093323, 0.586522102355957, 0.6120171546936035, 0.6137270927429199, 0.582465648651123, 0.5920423269271851, 0.603104829788208, 0.5840993523597717, 0.5821462273597717, 0.6734431385993958, 0.5810480117797852, 0.5924959182739258, 0.6121764183044434, 0.5868334174156189, 0.6115309000015259, 0.6084067225456238, 0.578417181968689, 0.6061196327209473, 0.6014368534088135, 0.5937750339508057, 0.5823202729225159, 0.6470068097114563, 0.578993558883667, 0.5945442914962769, 0.6191571354866028, 0.57845538854599, 0.6005110144615173, 0.6119956374168396, 0.5935227870941162, 0.5769736170768738, 0.6614729166030884, 0.5782889127731323, 0.6050428748130798, 0.5966457724571228, 0.5955305099487305, 0.5871427059173584, 0.6211944818496704, 0.5762521624565125, 0.5979107022285461, 0.616254448890686, 0.5807849168777466, 0.6040772795677185, 0.6141615509986877, 0.5777658224105835, 0.6032056212425232, 0.6361653208732605, 0.5798487067222595, 0.581646203994751, 0.6246580481529236, 0.576084554195404, 0.6047564148902893, 0.5914673209190369, 0.5885205268859863, 0.580740749835968, 0.6374377608299255, 0.6027514934539795, 0.5768109560012817, 0.6109663248062134, 0.5862847566604614, 0.5797784328460693, 0.6286145448684692, 0.5791419744491577, 0.5915831923484802, 0.5948744416236877, 0.585541844367981, 0.5873574614524841, 0.6034234762191772, 0.5807716250419617],