{"train_loss": [0.6792629808187485, 0.6600466370582581, 0.63424401730299, 0.6025958135724068, 0.6172447055578232, 0.6060658842325211, 0.6158044338226318, 0.5835176035761833, 0.5769703388214111, 0.6098756045103073, 0.5906670764088631, 0.5982446596026421, 0.5791248008608818, 0.5857809670269489, 0.5895484536886215, 0.5847563445568085, 0.578020952641964, 0.5865318477153778, 0.5713165551424026, 0.5819565579295158, 0.5769949480891228, 0.5763785913586617, 0.5738982483744621, 0.5806931927800179, 0.5715058520436287, 0.5894962549209595, 0.5743289813399315, 0.5776140689849854, 0.5675970613956451, 0.5863518193364143, 0.5805878564715385, 0.5709801912307739, 0.5752673223614693, 0.5710693746805191, 0.5745906978845596, 0.5815830901265144, 0.5793046429753304, 0.5735796429216862, 0.5862995497882366, 0.5804391428828239, 0.5774002224206924, 0.5903578400611877, 0.5897932574152946, 0.575583353638649, 0.5776971131563187, 0.5956377536058426, 0.575135625898838, 0.5816640332341194, 0.5827973857522011, 0.5723767951130867, 0.5813268721103668, 0.5746801421046257, 0.5728626996278763, 0.5685687810182571, 0.572334922850132, 0.5724582746624947, 0.5725495219230652, 0.5797393098473549, 0.5804337784647942, 0.5721202790737152, 0.5837422907352448, 0.5908997058868408, 0.5781935751438141, 0.5739388987421989, 0.583277702331543, 0.5814525857567787, 0.5885749086737633, 0.569029439240694, 0.5686205998063087, 0.5812679827213287, 0.5676849074661732, 0.5762746408581734, 0.5749390050768852, 0.5632240101695061, 0.5732914879918098, 0.5805985480546951, 0.5762779116630554, 0.5799857676029205, 0.5771853178739548, 0.5677786320447922, 0.5739286988973618, 0.5739202871918678, 0.5783025398850441, 0.5692954659461975, 0.5809542387723923, 0.5812282338738441, 0.5695688351988792, 0.5645488612353802, 0.5620634332299232, 0.5793198123574257, 0.5741646960377693, 0.5884477719664574, 0.5956302210688591, 0.5855967849493027, 0.570276290178299, 0.5768458023667336, 0.5673152208328247, 0.5656964182853699, 0.5701749697327614, 0.5680541470646858], "train_acc": [0.589171974522293, 0.5955414012738853, 0.6709129511677282, 0.7016985138004246, 0.667728237791932, 0.6772823779193206, 0.692144373673036, 0.697452229299363, 0.7048832271762208, 0.6953290870488322, 0.7059447983014862, 0.7101910828025477, 0.7080679405520169, 0.7176220806794055, 0.7165605095541401, 0.7123142250530785, 0.7176220806794055, 0.7101910828025477, 0.7197452229299363, 0.7059447983014862, 0.7048832271762208, 0.7261146496815286, 0.7144373673036093, 0.7229299363057324, 0.7123142250530785, 0.7186836518046709, 0.7080679405520169, 0.7176220806794055, 0.7176220806794055, 0.7176220806794055, 0.7154989384288747, 0.7176220806794055, 0.7176220806794055, 0.7176220806794055, 0.721868365180467, 0.7144373673036093, 0.7197452229299363, 0.7080679405520169, 0.727176220806794, 0.7048832271762208, 0.7197452229299363, 0.6953290870488322, 0.7070063694267515, 0.7123142250530785, 0.7186836518046709, 0.7123142250530785, 0.7239915074309978, 0.7144373673036093, 0.7186836518046709, 0.7101910828025477, 0.7112526539278131, 0.7123142250530785, 0.7176220806794055, 0.7176220806794055, 0.7292993630573248, 0.7197452229299363, 0.7176220806794055, 0.7133757961783439, 0.7070063694267515, 0.7133757961783439, 0.7133757961783439, 0.7133757961783439, 0.7101910828025477, 0.7165605095541401, 0.7038216560509554, 0.6963906581740976, 0.7112526539278131, 0.7197452229299363, 0.7176220806794055, 0.7016985138004246, 0.7186836518046709, 0.7165605095541401, 0.7112526539278131, 0.7016985138004246, 0.7186836518046709, 0.7133757961783439, 0.7144373673036093, 0.7165605095541401, 0.6910828025477707, 0.727176220806794, 0.7144373673036093, 0.7250530785562632, 0.7186836518046709, 0.7059447983014862, 0.7101910828025477, 0.7154989384288747, 0.7144373673036093, 0.7186836518046709, 0.7133757961783439, 0.7165605095541401, 0.7229299363057324, 0.7038216560509554, 0.6932059447983014, 0.7038216560509554, 0.7250530785562632, 0.7154989384288747, 0.7154989384288747, 0.7059447983014862, 0.7250530785562632, 0.7154989384288747], "val_loss": [0.6825630068778992, 0.6500950455665588, 0.5769914388656616, 0.6199012398719788, 0.6278133988380432, 0.6036802530288696, 0.5831078290939331, 0.6282352805137634, 0.607032299041748, 0.5934717655181885, 0.6108946204185486, 0.6227679252624512, 0.5871894955635071, 0.5875387787818909, 0.5922686457633972, 0.6239941120147705, 0.6505599617958069, 0.622827410697937, 0.5935574769973755, 0.6415088176727295, 0.620098352432251, 0.5960237979888916, 0.5970413088798523, 0.6027831435203552, 0.6025254130363464, 0.62092125415802, 0.6231412887573242, 0.6035373210906982, 0.6265242695808411, 0.6082097887992859, 0.6150212287902832, 0.6097671389579773, 0.5934361219406128, 0.6097964644432068, 0.6157973408699036, 0.632193386554718, 0.5906433463096619, 0.5978158712387085, 0.678676962852478, 0.5987954139709473, 0.5927382707595825, 0.6417965888977051, 0.6205698251724243, 0.6226471066474915, 0.5850468873977661, 0.6030633449554443, 0.6286858916282654, 0.5837903022766113, 0.605843186378479, 0.6110221147537231, 0.5993205308914185, 0.6079654097557068, 0.629095196723938, 0.6347813010215759, 0.6048026084899902, 0.6017287373542786, 0.5963133573532104, 0.5931324362754822, 0.6355509161949158, 0.6357007622718811, 0.5836290717124939, 0.6362301707267761, 0.5992271304130554, 0.5800973176956177, 0.6168338060379028, 0.6511918902397156, 0.6223641633987427, 0.6127548217773438, 0.5930901765823364, 0.6233649849891663, 0.614734947681427, 0.5903388261795044, 0.6186500191688538, 0.6150377988815308, 0.6024439334869385, 0.6024383306503296, 0.5970168113708496, 0.6607196927070618, 0.5974271297454834, 0.5971788763999939, 0.6441399455070496, 0.5922670364379883, 0.5974108576774597, 0.65703946352005, 0.5877330303192139, 0.6004077196121216, 0.6044543385505676, 0.612475574016571, 0.5965918302536011, 0.5964260697364807, 0.6746402978897095, 0.5932387113571167, 0.6705282926559448, 0.5929635763168335, 0.6043111085891724, 0.6265842914581299, 0.5976874232292175, 0.6150074005126953, 0.5888410210609436, 0.597082257270813],