{"train_loss": [0.6920236647129059, 0.6524576246738434, 0.6673381328582764, 0.6413931846618652, 0.6605958342552185, 0.5946491360664368, 0.6088466644287109, 0.609742283821106, 0.565253883600235, 0.5964591205120087, 0.5703818798065186, 0.5841912925243378, 0.6047637164592743, 0.5594975054264069, 0.6415078043937683, 0.5666091740131378, 0.48846374452114105, 0.6204486191272736, 0.5372942984104156, 0.6042569577693939, 0.5374981462955475, 0.5303425490856171, 0.5448795855045319, 0.4978676587343216, 0.5365240275859833, 0.4650691896677017, 0.6463647484779358, 0.4983895421028137, 0.5611335933208466, 0.5197237730026245, 0.5009534358978271, 0.569087415933609, 0.5798877477645874, 0.6109180599451065, 0.5222587436437607, 0.4796629995107651, 0.5505926311016083, 0.5024418830871582, 0.44534167647361755, 0.49520617723464966, 0.5771560072898865, 0.49725212156772614, 0.514241099357605, 0.39938658475875854, 0.5852256715297699, 0.5319638699293137, 0.5202783495187759, 0.5412677824497223, 0.5016539692878723, 0.5025781691074371, 0.6662666350603104, 0.4887934476137161, 0.6035741567611694, 0.4904387444257736, 0.46533477306365967, 0.5902796536684036, 0.4761354774236679, 0.5471744984388351, 0.44822727143764496, 0.5691860020160675, 0.41709278523921967, 0.4500778019428253, 0.48604634404182434, 0.5433524250984192, 0.49074824154376984, 0.49265655875205994, 0.4963723123073578, 0.4704693704843521, 0.47959908843040466, 0.4337166100740433, 0.5029972046613693, 0.5391766726970673, 0.4189910888671875, 0.43915168941020966, 0.5024318695068359, 0.4676090180873871, 0.47511422634124756, 0.5238957107067108, 0.3848735988140106, 0.6325580477714539, 0.6031333208084106, 0.5053592473268509, 0.5509312450885773, 0.5867138504981995, 0.5155433267354965, 0.47383226454257965, 0.5474827885627747, 0.3774334490299225, 0.4867216497659683, 0.553371787071228, 0.5188133120536804, 0.53765769302845, 0.4767756462097168, 0.4201459437608719, 0.512154832482338, 0.4720180481672287, 0.5640394240617752, 0.462510347366333, 0.4448653310537338, 0.5005815327167511], "train_acc": [0.64, 0.66, 0.64, 0.64, 0.6666666666666666, 0.66, 0.66, 0.6466666666666666, 0.66, 0.6466666666666666, 0.6933333333333334, 0.7066666666666667, 0.7066666666666667, 0.7333333333333333, 0.7266666666666667, 0.7133333333333334, 0.7266666666666667, 0.7, 0.72, 0.74, 0.76, 0.64, 0.7066666666666667, 0.7466666666666667, 0.7466666666666667, 0.7533333333333333, 0.7533333333333333, 0.7533333333333333, 0.7733333333333333, 0.7533333333333333, 0.7466666666666667, 0.7466666666666667, 0.7666666666666667, 0.76, 0.7466666666666667, 0.76, 0.74, 0.7666666666666667, 0.76, 0.7666666666666667, 0.7466666666666667, 0.76, 0.7666666666666667, 0.7666666666666667, 0.7733333333333333, 0.7733333333333333, 0.7933333333333333, 0.7666666666666667, 0.7733333333333333, 0.76, 0.76, 0.7533333333333333, 0.7333333333333333, 0.7333333333333333, 0.76, 0.7666666666666667, 0.78, 0.7733333333333333, 0.7666666666666667, 0.7666666666666667, 0.7533333333333333, 0.76, 0.7466666666666667, 0.7866666666666666, 0.7666666666666667, 0.76, 0.7866666666666666, 0.7866666666666666, 0.78, 0.8, 0.7866666666666666, 0.74, 0.7733333333333333, 0.78, 0.7866666666666666, 0.7666666666666667, 0.78, 0.7666666666666667, 0.78, 0.76, 0.7733333333333333, 0.7733333333333333, 0.7733333333333333, 0.76, 0.8066666666666666, 0.7733333333333333, 0.7733333333333333, 0.7533333333333333, 0.7733333333333333, 0.76, 0.7466666666666667, 0.7533333333333333, 0.7933333333333333, 0.7866666666666666, 0.7666666666666667, 0.7866666666666666, 0.76, 0.7933333333333333, 0.7666666666666667, 0.7933333333333333], "val_loss": [0.5900211930274963, 0.5542615056037903, 0.5385624766349792, 0.652103841304779, 0.6139727234840393, 0.5472686290740967, 0.55824875831604, 0.5716779828071594, 0.612725019454956, 0.6210991144180298, 0.6373974680900574, 0.6616491079330444, 0.6452850103378296, 0.6190329790115356, 0.6119818091392517, 0.603406548500061, 0.589250922203064, 0.6514794230461121, 0.6981828808784485, 0.5740090608596802, 0.568479597568512, 0.5990151166915894, 0.6076095104217529, 0.6877844929695129, 0.661203920841217, 0.7078342437744141, 0.5965391397476196, 0.5739009976387024, 0.5931981205940247, 0.603920042514801, 0.6399770379066467, 0.6949402093887329, 0.6839615106582642, 0.6367934942245483, 0.5873735547065735, 0.5651394724845886, 0.5623708367347717, 0.5817394852638245, 0.6113377809524536, 0.6705320477485657, 0.656257152557373, 0.6312932968139648, 0.6180832386016846, 0.6681655049324036, 0.6271074414253235, 0.5562069416046143, 0.5882773995399475, 0.5871383547782898, 0.6264957785606384, 0.6768210530281067, 0.6218383312225342, 0.6271846294403076, 0.5838040709495544, 0.5599896907806396, 0.6001531481742859, 0.6203064918518066, 0.5886115431785583, 0.5963407158851624, 0.6011760234832764, 0.6077114343643188, 0.6134310960769653, 0.633904755115509, 0.6468150019645691, 0.6215569972991943, 0.5924853682518005, 0.564142644405365, 0.5735843181610107, 0.6084473729133606, 0.6162492036819458, 0.5992940664291382, 0.6184943914413452, 0.6299476623535156, 0.7238608598709106, 0.6992059350013733, 0.5763842463493347, 0.5582826733589172, 0.5818331241607666, 0.5914368033409119, 0.6677796840667725, 0.695627748966217, 0.5853461027145386, 0.5991548299789429, 0.5931599140167236, 0.5594356060028076, 0.5501305460929871, 0.5866318345069885, 0.640186607837677, 0.6653494238853455, 0.6814247369766235, 0.667020320892334, 0.633569598197937, 0.5951632261276245, 0.5754125118255615, 0.592012882232666, 0.618512749671936, 0.6198694705963135, 0.614855945110321, 0.6097189784049988, 0.6095694899559021, 0.6093554496765137], "val_acc": [0.7777777777777778, 0.7777777777777778, 0.7777777777777778, 0.6111111111111112, 0.6666666666666666, 0.7777777777777778, 0.7777777777777778, 0.7222222222222222, 0.6111111111111112, 0.6111111111111112, 0.6111111111111112, 0.6111111111111112, 0.7222222222222222, 0.7222222222222222, 0.6666666666666666, 0.6666666666666666, 0.6666666666666666, 0.6666666666666666, 0.5555555555555556, 0.6666666666666666, 0.7777777777777778, 0.7777777777777778, 0.6666666666666666, 0.5555555555555556, 0.6666666666666666, 0.6666666666666666, 0.6666666666666666, 0.6666666666666666, 0.6666666666666666, 0.6666666666666666, 0.6666666666666666, 0.6666666666666666, 0.6666666666666666, 0.6666666666666666, 0.6666666666666666, 0.6666666666666666, 0.6666666666666666, 0.6666666666666666, 0.6666666666666666, 0.6666666666666666, 0.6666666666666666, 0.6666666666666666, 0.6666666666666666, 0.6666666666666666, 0.7222222222222222, 0.6666666666666666, 0.6666666666666666, 0.6666666666666666, 0.6666666666666666, 0.6666666666666666, 0.6666666666666666, 0.7222222222222222, 0.6666666666666666, 0.6666666666666666, 0.7777777777777778, 0.7222222222222222, 0.6666666666666666, 0.6666666666666666, 0.6666666666666666, 0.6666666666666666, 0.6666666666666666, 0.6666666666666666, 0.6666666666666666, 0.6666666666666666, 0.6666666666666666, 0.6666666666666666, 0.6666666666666666, 0.6666666666666666, 0.6666666666666666, 0.6666666666666666, 0.6666666666666666, 0.6666666666666666, 0.6666666666666666, 0.7222222222222222, 0.6666666666666666, 0.6666666666666666, 0.6666666666666666, 0.6666666666666666, 0.6666666666666666, 0.6666666666666666, 0.6666666666666666, 0.6666666666666666, 0.6666666666666666, 0.6666666666666666, 0.6666666666666666, 0.6666666666666666, 0.6666666666666666, 0.6666666666666666, 0.6666666666666666, 0.6666666666666666, 0.6666666666666666, 0.6666666666666666, 0.6666666666666666, 0.7222222222222222, 0.7222222222222222, 0.6666666666666666, 0.6666666666666666, 0.6666666666666666, 0.6666666666666666, 0.6666666666666666]}