{"train_loss": [0.7269379794597626, 0.7280995547771454, 0.7195424139499664, 0.7000587582588196, 0.6839515566825867, 0.6692550182342529, 0.643018513917923, 0.6131926774978638, 0.6061166226863861, 0.5893066227436066, 0.669404149055481, 0.6171047985553741, 0.5823842585086823, 0.5653950572013855, 0.6183203160762787, 0.5735682547092438, 0.5636471807956696, 0.5910764336585999, 0.5891480147838593, 0.5956254005432129, 0.6145603358745575, 0.558093786239624, 0.5820659399032593, 0.6364946961402893, 0.5267523229122162, 0.6228745579719543, 0.578293651342392, 0.5191650539636612, 0.6045322120189667, 0.6812105178833008, 0.5697154998779297, 0.5808554291725159, 0.5680902898311615, 0.5782641768455505, 0.6373945474624634, 0.578152984380722, 0.5450213253498077, 0.5252206325531006, 0.5405828505754471, 0.5188514739274979, 0.5692140758037567, 0.5290600210428238, 0.49370282888412476, 0.6007367074489594, 0.5232032984495163, 0.6196790039539337, 0.5463519990444183, 0.5818790793418884, 0.561644047498703, 0.5569130778312683, 0.5379855334758759, 0.646082192659378, 0.51368048787117, 0.5199685990810394, 0.5552004277706146, 0.5654593706130981, 0.5070667564868927, 0.48508109152317047, 0.5621078014373779, 0.6001511663198471, 0.5179112255573273, 0.5296938121318817, 0.5385987460613251, 0.49970676004886627, 0.5740394592285156, 0.4915381968021393, 0.45115451514720917, 0.5404702425003052, 0.48412303626537323, 0.4797926992177963, 0.48169736564159393, 0.5091884583234787, 0.4894711375236511, 0.4645380973815918, 0.5122848153114319, 0.5179386734962463, 0.5051693916320801, 0.5245487093925476, 0.4751797616481781, 0.506394550204277, 0.5607262402772903, 0.5337524116039276, 0.4895479530096054, 0.509883463382721, 0.4419648349285126, 0.5511656403541565, 0.4444423317909241, 0.5082857608795166, 0.5616944581270218, 0.43564875423908234, 0.5365819782018661, 0.451539546251297, 0.4724430441856384, 0.4113084673881531, 0.4864347279071808, 0.4352036416530609, 0.5206813663244247, 0.4552643746137619, 0.44383056461811066, 0.49231888353824615], "train_acc": [0.30666666666666664, 0.30666666666666664, 0.30666666666666664, 0.32666666666666666, 0.5133333333333333, 0.7066666666666667, 0.6933333333333334, 0.6933333333333334, 0.6933333333333334, 0.6933333333333334, 0.6933333333333334, 0.6933333333333334, 0.6933333333333334, 0.6933333333333334, 0.6933333333333334, 0.6933333333333334, 0.6933333333333334, 0.6933333333333334, 0.6933333333333334, 0.6933333333333334, 0.6933333333333334, 0.6933333333333334, 0.6933333333333334, 0.6933333333333334, 0.6933333333333334, 0.6933333333333334, 0.6933333333333334, 0.6933333333333334, 0.6933333333333334, 0.6933333333333334, 0.6933333333333334, 0.6933333333333334, 0.6933333333333334, 0.6933333333333334, 0.6933333333333334, 0.6933333333333334, 0.6933333333333334, 0.6933333333333334, 0.6933333333333334, 0.6933333333333334, 0.6933333333333334, 0.6933333333333334, 0.6933333333333334, 0.6933333333333334, 0.6933333333333334, 0.6933333333333334, 0.7, 0.6933333333333334, 0.7, 0.7066666666666667, 0.7066666666666667, 0.7, 0.7, 0.7066666666666667, 0.7, 0.7, 0.72, 0.7266666666666667, 0.7266666666666667, 0.7133333333333334, 0.72, 0.76, 0.72, 0.76, 0.7866666666666666, 0.7533333333333333, 0.7333333333333333, 0.7466666666666667, 0.7533333333333333, 0.7466666666666667, 0.78, 0.7733333333333333, 0.7333333333333333, 0.76, 0.76, 0.76, 0.7733333333333333, 0.7533333333333333, 0.7733333333333333, 0.7866666666666666, 0.7666666666666667, 0.7866666666666666, 0.7533333333333333, 0.78, 0.7466666666666667, 0.7866666666666666, 0.7733333333333333, 0.7733333333333333, 0.76, 0.8133333333333334, 0.78, 0.78, 0.8, 0.7733333333333333, 0.76, 0.76, 0.7733333333333333, 0.7733333333333333, 0.76, 0.7666666666666667], "val_loss": [0.7046568393707275, 0.7014748454093933, 0.6980316638946533, 0.6941441893577576, 0.6900699734687805, 0.6867587566375732, 0.6865522265434265, 0.6934807300567627, 0.713606595993042, 0.7495144009590149, 0.7768228054046631, 0.7721393704414368, 0.7568288445472717, 0.743831217288971, 0.7317646145820618, 0.7214088439941406, 0.7171034216880798, 0.7171362042427063, 0.718677282333374, 0.7210938334465027, 0.7222263216972351, 0.7239960432052612, 0.727840781211853, 0.7274636030197144, 0.7259896993637085, 0.7271575927734375, 0.7244534492492676, 0.7251993417739868, 0.7283496260643005, 0.7235135436058044, 0.7150896787643433, 0.7110303640365601, 0.7099525332450867, 0.7120376825332642, 0.7130153179168701, 0.7117682099342346, 0.7137272953987122, 0.7220717668533325, 0.7361164689064026, 0.7522146105766296, 0.7635251879692078, 0.7638258337974548, 0.7586646676063538, 0.7436385750770569, 0.7227999567985535, 0.7040088176727295, 0.6873608827590942, 0.6789239048957825, 0.6743548512458801, 0.6748853921890259, 0.6821662783622742, 0.6877886056900024, 0.686053454875946, 0.6896219849586487, 0.6928913593292236, 0.6885560750961304, 0.6830087304115295, 0.6874518990516663, 0.6928789615631104, 0.6769245266914368, 0.6529988646507263, 0.643304169178009, 0.6422539353370667, 0.646284818649292, 0.6505767703056335, 0.6549679040908813, 0.6775808930397034, 0.693612813949585, 0.6842254400253296, 0.6703095436096191, 0.6565009951591492, 0.6493790149688721, 0.6371724605560303, 0.6329236626625061, 0.6382722854614258, 0.6403105854988098, 0.6365239024162292, 0.6285919547080994, 0.6273213028907776, 0.6366835236549377, 0.6640594005584717, 0.6583877801895142, 0.6386423110961914, 0.6305191516876221, 0.6283404231071472, 0.6292794346809387, 0.631556510925293, 0.6411978006362915, 0.6397538185119629, 0.6349900960922241, 0.6355251669883728, 0.6387221813201904, 0.6495387554168701, 0.6615167856216431, 0.6645997166633606, 0.6568915843963623, 0.6484492421150208, 0.6497519612312317, 0.6621089577674866, 0.6614940762519836], "val_acc": [0.4444444444444444, 0.4444444444444444, 0.4444444444444444, 0.4444444444444444, 0.5555555555555556, 0.5555555555555556, 0.5555555555555556, 0.5555555555555556, 0.5555555555555556, 0.5555555555555556, 0.5555555555555556, 0.5555555555555556, 0.5555555555555556, 0.5555555555555556, 0.5555555555555556, 0.5555555555555556, 0.5555555555555556, 0.5555555555555556, 0.5555555555555556, 0.5555555555555556, 0.5555555555555556, 0.5555555555555556, 0.5555555555555556, 0.5555555555555556, 0.5555555555555556, 0.5555555555555556, 0.5555555555555556, 0.5555555555555556, 0.5555555555555556, 0.5555555555555556, 0.5555555555555556, 0.5555555555555556, 0.5555555555555556, 0.5555555555555556, 0.5555555555555556, 0.5555555555555556, 0.5555555555555556, 0.5555555555555556, 0.5555555555555556, 0.5555555555555556, 0.5555555555555556, 0.5555555555555556, 0.5555555555555556, 0.5555555555555556, 0.5555555555555556, 0.5555555555555556, 0.5555555555555556, 0.5555555555555556, 0.5555555555555556, 0.5555555555555556, 0.5555555555555556, 0.5555555555555556, 0.5555555555555556, 0.5555555555555556, 0.5555555555555556, 0.5555555555555556, 0.5555555555555556, 0.5555555555555556, 0.6111111111111112, 0.6111111111111112, 0.6111111111111112, 0.6666666666666666, 0.6666666666666666, 0.6666666666666666, 0.6666666666666666, 0.6666666666666666, 0.6666666666666666, 0.6111111111111112, 0.6666666666666666, 0.6666666666666666, 0.7222222222222222, 0.7222222222222222, 0.7222222222222222, 0.7222222222222222, 0.7222222222222222, 0.7222222222222222, 0.7222222222222222, 0.6666666666666666, 0.6111111111111112, 0.6666666666666666, 0.6666666666666666, 0.7222222222222222, 0.6666666666666666, 0.6666666666666666, 0.5555555555555556, 0.6111111111111112, 0.6666666666666666, 0.6666666666666666, 0.6666666666666666, 0.6666666666666666, 0.6666666666666666, 0.6666666666666666, 0.6666666666666666, 0.7222222222222222, 0.7222222222222222, 0.6666666666666666, 0.6666666666666666, 0.6666666666666666, 0.6666666666666666, 0.6666666666666666]}