{"train_loss": [0.7230390310287476, 0.7205401360988617, 0.7039547562599182, 0.696706235408783, 0.6798149943351746, 0.676245778799057, 0.6475987434387207, 0.631328672170639, 0.6473600566387177, 0.7056210935115814, 0.6980884373188019, 0.6825569868087769, 0.6619420349597931, 0.6603927910327911, 0.673201858997345, 0.6695847809314728, 0.6204636096954346, 0.6545204222202301, 0.6425314247608185, 0.6415663063526154, 0.6337012052536011, 0.6094036400318146, 0.634381115436554, 0.6472694575786591, 0.601662278175354, 0.5741763263940811, 0.6576293408870697, 0.6057422459125519, 0.7061183154582977, 0.6288833320140839, 0.6526916325092316, 0.6510694622993469, 0.6368464231491089, 0.6156675219535828, 0.635453999042511, 0.6197106540203094, 0.6678155362606049, 0.6447224915027618, 0.6039817333221436, 0.6363153457641602, 0.660300076007843, 0.6038207411766052, 0.6487907469272614, 0.5354367196559906, 0.6175977289676666, 0.6492556631565094, 0.5923749208450317, 0.6489644646644592, 0.6041841804981232, 0.5977647006511688, 0.6098003685474396, 0.5788366496562958, 0.5802812576293945, 0.5516104698181152, 0.545683890581131, 0.6331257224082947, 0.5461994111537933, 0.5431898832321167, 0.5471890270709991, 0.6327502131462097, 0.5359462648630142, 0.5876855850219727, 0.5255606025457382, 0.6291232705116272, 0.5188068896532059, 0.5704018771648407, 0.5273576974868774, 0.5229653418064117, 0.5486409962177277, 0.5328300595283508, 0.5291696488857269, 0.5350331366062164, 0.47251029312610626, 0.4768680930137634, 0.4821240305900574, 0.5561500787734985, 0.5072256177663803, 0.5131729543209076, 0.4286813735961914, 0.5498749613761902, 0.6244463920593262, 0.5282499492168427, 0.4772416204214096, 0.5638999342918396, 0.5272002518177032, 0.4894520044326782, 0.5239853858947754, 0.4535159319639206, 0.49466052651405334, 0.6071262359619141, 0.4911459982395172, 0.5391713678836823, 0.48717595636844635, 0.4347376674413681, 0.5171055197715759, 0.43840615451335907, 0.5536229014396667, 0.45241254568099976, 0.4412483870983124, 0.5266190618276596], "train_acc": [0.36, 0.36, 0.36, 0.38, 0.6333333333333333, 0.6466666666666666, 0.64, 0.64, 0.64, 0.64, 0.64, 0.64, 0.64, 0.64, 0.64, 0.64, 0.64, 0.64, 0.64, 0.64, 0.64, 0.64, 0.64, 0.64, 0.64, 0.64, 0.64, 0.64, 0.64, 0.64, 0.64, 0.64, 0.64, 0.64, 0.64, 0.64, 0.64, 0.64, 0.64, 0.64, 0.64, 0.64, 0.64, 0.64, 0.64, 0.64, 0.64, 0.64, 0.6466666666666666, 0.64, 0.6466666666666666, 0.64, 0.68, 0.6666666666666666, 0.6533333333333333, 0.6466666666666666, 0.6733333333333333, 0.68, 0.68, 0.7133333333333334, 0.7133333333333334, 0.7333333333333333, 0.7333333333333333, 0.7266666666666667, 0.7466666666666667, 0.7533333333333333, 0.7466666666666667, 0.7666666666666667, 0.7333333333333333, 0.74, 0.78, 0.7333333333333333, 0.76, 0.7733333333333333, 0.74, 0.7266666666666667, 0.78, 0.7866666666666666, 0.7733333333333333, 0.78, 0.76, 0.76, 0.78, 0.7666666666666667, 0.7533333333333333, 0.7933333333333333, 0.7333333333333333, 0.7866666666666666, 0.7533333333333333, 0.7466666666666667, 0.78, 0.7666666666666667, 0.7666666666666667, 0.7466666666666667, 0.76, 0.7666666666666667, 0.7466666666666667, 0.78, 0.78, 0.7733333333333333], "val_loss": [0.7421173453330994, 0.7288452982902527, 0.7119824886322021, 0.6922248005867004, 0.6688573360443115, 0.6414818167686462, 0.6102637052536011, 0.578833281993866, 0.5547232031822205, 0.5470249652862549, 0.5515293478965759, 0.5619345903396606, 0.5749126672744751, 0.587196946144104, 0.5982824563980103, 0.6081092357635498, 0.6130349636077881, 0.6119482517242432, 0.6077576875686646, 0.6003814339637756, 0.5904632806777954, 0.577979326248169, 0.5654616951942444, 0.5565313100814819, 0.5500266551971436, 0.544137716293335, 0.5410247445106506, 0.5412295460700989, 0.5445727705955505, 0.5525222420692444, 0.5626158714294434, 0.574082612991333, 0.5844169855117798, 0.5898687839508057, 0.5898084044456482, 0.5860778093338013, 0.5816036462783813, 0.5796330571174622, 0.5753563642501831, 0.5686654448509216, 0.5647220611572266, 0.5616913437843323, 0.5590522885322571, 0.5552613139152527, 0.5486583709716797, 0.546959638595581, 0.5481324195861816, 0.5509693622589111, 0.5573186278343201, 0.5628436803817749, 0.5646030306816101, 0.5624815225601196, 0.5549708008766174, 0.546561062335968, 0.5433154106140137, 0.5439271330833435, 0.5450900197029114, 0.5468820333480835, 0.5470936894416809, 0.549523651599884, 0.554628849029541, 0.5532890558242798, 0.5489490628242493, 0.5470195412635803, 0.5458568930625916, 0.5436164140701294, 0.5456241965293884, 0.5545622706413269, 0.5543381571769714, 0.5443854928016663, 0.5452372431755066, 0.5442609190940857, 0.5575383901596069, 0.5962697863578796, 0.6121907830238342, 0.586490273475647, 0.5554015040397644, 0.5490344762802124, 0.5563910007476807, 0.574844479560852, 0.5676031112670898, 0.5563978552818298, 0.5614119172096252, 0.5754713416099548, 0.5742431879043579, 0.5667605996131897, 0.5621391534805298, 0.5634669661521912, 0.5734741687774658, 0.5840006470680237, 0.5846154093742371, 0.5829207301139832, 0.5839482545852661, 0.595352828502655, 0.61216139793396, 0.6216475963592529, 0.616608738899231, 0.6070950031280518, 0.595594584941864, 0.5868600606918335], "val_acc": [0.2222222222222222, 0.2222222222222222, 0.2222222222222222, 0.5555555555555556, 0.7777777777777778, 0.7777777777777778, 0.7777777777777778, 0.7777777777777778, 0.7777777777777778, 0.7777777777777778, 0.7777777777777778, 0.7777777777777778, 0.7777777777777778, 0.7777777777777778, 0.7777777777777778, 0.7777777777777778, 0.7777777777777778, 0.7777777777777778, 0.7777777777777778, 0.7777777777777778, 0.7777777777777778, 0.7777777777777778, 0.7777777777777778, 0.7777777777777778, 0.7777777777777778, 0.7777777777777778, 0.7777777777777778, 0.7777777777777778, 0.7777777777777778, 0.7777777777777778, 0.7777777777777778, 0.7777777777777778, 0.7777777777777778, 0.7777777777777778, 0.7777777777777778, 0.7777777777777778, 0.7777777777777778, 0.7777777777777778, 0.7777777777777778, 0.7777777777777778, 0.7777777777777778, 0.7777777777777778, 0.7777777777777778, 0.7777777777777778, 0.7777777777777778, 0.7777777777777778, 0.7777777777777778, 0.7777777777777778, 0.7777777777777778, 0.7777777777777778, 0.7777777777777778, 0.7777777777777778, 0.7777777777777778, 0.7777777777777778, 0.7777777777777778, 0.7777777777777778, 0.7777777777777778, 0.7777777777777778, 0.7777777777777778, 0.7777777777777778, 0.7222222222222222, 0.6666666666666666, 0.6666666666666666, 0.6666666666666666, 0.6666666666666666, 0.7222222222222222, 0.7222222222222222, 0.7777777777777778, 0.7222222222222222, 0.6666666666666666, 0.6666666666666666, 0.6666666666666666, 0.6666666666666666, 0.7222222222222222, 0.7777777777777778, 0.7222222222222222, 0.6666666666666666, 0.6666666666666666, 0.6666666666666666, 0.6666666666666666, 0.6666666666666666, 0.6666666666666666, 0.6666666666666666, 0.6666666666666666, 0.6666666666666666, 0.6666666666666666, 0.6666666666666666, 0.6666666666666666, 0.6666666666666666, 0.6666666666666666, 0.6666666666666666, 0.6666666666666666, 0.6666666666666666, 0.6666666666666666, 0.6666666666666666, 0.6666666666666666, 0.6666666666666666, 0.6666666666666666, 0.6666666666666666, 0.6666666666666666]}