{"train_loss": [0.714751124382019, 0.6199089288711548, 0.5741849541664124, 0.6426200270652771, 0.6242879331111908, 0.5522769689559937, 0.5476502478122711, 0.5584073662757874, 0.5222477167844772, 0.5691787004470825, 0.5602580904960632, 0.5278453230857849, 0.571284145116806, 0.5272365510463715, 0.5395349562168121, 0.4767746329307556, 0.5026727616786957, 0.5063262283802032, 0.4840954691171646, 0.4906262010335922, 0.4876847416162491, 0.472908154129982, 0.48210661113262177, 0.5517817735671997, 0.5035030990839005, 0.5881990045309067, 0.480190634727478, 0.4699815809726715, 0.5408669859170914, 0.6523010581731796, 0.5272199809551239, 0.5664686858654022, 0.4805355966091156, 0.6042208969593048, 0.4961846321821213, 0.5255552232265472, 0.4827203154563904, 0.3995264768600464, 0.4810488820075989, 0.45952008664608, 0.4750012904405594, 0.47100721299648285, 0.42308609187602997, 0.5073455572128296, 0.42199526727199554, 0.5492506623268127, 0.4729016125202179, 0.515474334359169, 0.47342492640018463, 0.5480140298604965, 0.41674329340457916, 0.5224166959524155, 0.4473318010568619, 0.49925030767917633, 0.4454680383205414, 0.5862113833427429, 0.4820248782634735, 0.47760629653930664, 0.5278658419847488, 0.5384966433048248, 0.4406351298093796, 0.4626227617263794, 0.4806392788887024, 0.4158502072095871, 0.500411331653595, 0.5019890367984772, 0.40582989156246185, 0.49492688477039337, 0.4580223858356476, 0.4547988325357437, 0.5530166923999786, 0.47928571701049805, 0.44919082522392273, 0.4368838965892792, 0.4543093144893646, 0.5507331192493439, 0.5085931122303009, 0.5186834633350372, 0.4619140028953552, 0.4636656790971756, 0.5149939805269241, 0.5181296318769455, 0.500620648264885, 0.4474186599254608, 0.4441724568605423, 0.5026168376207352, 0.4585539549589157, 0.5803098231554031, 0.5308914482593536, 0.4289916604757309, 0.5397424101829529, 0.43491294980049133, 0.4870634377002716, 0.4127779006958008, 0.47404104471206665, 0.44062867760658264, 0.5611051023006439, 0.5069737732410431, 0.4463329315185547, 0.5187292248010635], "train_acc": [0.4, 0.6933333333333334, 0.6933333333333334, 0.6933333333333334, 0.7266666666666667, 0.7066666666666667, 0.6933333333333334, 0.7066666666666667, 0.7066666666666667, 0.7066666666666667, 0.7, 0.7066666666666667, 0.68, 0.7, 0.6933333333333334, 0.7066666666666667, 0.7066666666666667, 0.72, 0.6933333333333334, 0.7133333333333334, 0.7333333333333333, 0.76, 0.7466666666666667, 0.7466666666666667, 0.7666666666666667, 0.74, 0.7266666666666667, 0.76, 0.7533333333333333, 0.7333333333333333, 0.7666666666666667, 0.74, 0.7333333333333333, 0.7666666666666667, 0.7533333333333333, 0.7733333333333333, 0.7666666666666667, 0.7733333333333333, 0.74, 0.7266666666666667, 0.78, 0.7533333333333333, 0.78, 0.78, 0.7466666666666667, 0.7466666666666667, 0.7733333333333333, 0.7733333333333333, 0.7666666666666667, 0.7733333333333333, 0.7866666666666666, 0.7733333333333333, 0.7733333333333333, 0.7666666666666667, 0.7666666666666667, 0.76, 0.74, 0.76, 0.7733333333333333, 0.7666666666666667, 0.7733333333333333, 0.7733333333333333, 0.7666666666666667, 0.7733333333333333, 0.7866666666666666, 0.78, 0.8, 0.7133333333333334, 0.76, 0.78, 0.78, 0.7866666666666666, 0.7733333333333333, 0.7866666666666666, 0.78, 0.7733333333333333, 0.78, 0.78, 0.78, 0.78, 0.76, 0.7533333333333333, 0.76, 0.7533333333333333, 0.7866666666666666, 0.7733333333333333, 0.7866666666666666, 0.7866666666666666, 0.7866666666666666, 0.7933333333333333, 0.7733333333333333, 0.7733333333333333, 0.74, 0.7666666666666667, 0.7733333333333333, 0.7733333333333333, 0.78, 0.7933333333333333, 0.7866666666666666, 0.7533333333333333], "val_loss": [0.6873825788497925, 0.801262617111206, 0.8596419095993042, 0.6940403580665588, 0.6983940005302429, 0.8224446773529053, 0.9224705100059509, 0.7829318046569824, 0.8010257482528687, 0.8608810305595398, 0.9202122092247009, 0.8412604928016663, 0.8084261417388916, 0.8021981716156006, 0.8277298808097839, 0.821701169013977, 0.8181154131889343, 0.8012656569480896, 0.7856752276420593, 0.8233789801597595, 0.8695571422576904, 0.8652814030647278, 0.8025587201118469, 0.6988237500190735, 0.652975857257843, 0.6968369483947754, 0.6761777997016907, 0.7490272521972656, 0.7610564231872559, 0.6481035351753235, 0.6332854628562927, 0.6417310237884521, 0.7952115535736084, 0.7988542318344116, 0.7705920338630676, 0.7646804451942444, 0.7436709403991699, 0.8841307759284973, 0.8710644841194153, 0.7195653915405273, 0.6798883676528931, 0.7022750377655029, 0.7489031553268433, 0.8193981647491455, 0.7906596660614014, 0.7076576352119446, 0.6613314151763916, 0.631905198097229, 0.6276476979255676, 0.6555352807044983, 0.6960817575454712, 0.754035234451294, 0.7817221879959106, 0.7117784023284912, 0.6780564188957214, 0.6459524631500244, 0.6148167252540588, 0.64180988073349, 0.6619536876678467, 0.6722483038902283, 0.6798560619354248, 0.7019165754318237, 0.7012062668800354, 0.6847830414772034, 0.6669056415557861, 0.6241446137428284, 0.6413601040840149, 0.65062016248703, 0.7131139636039734, 0.7391664385795593, 0.6868085861206055, 0.6219413876533508, 0.6057375073432922, 0.6094992756843567, 0.6415265798568726, 0.6880282163619995, 0.6714195013046265, 0.6382215023040771, 0.6225370764732361, 0.6225920915603638, 0.6765716075897217, 0.6628797054290771, 0.6168472170829773, 0.6225994229316711, 0.6494271159172058, 0.6863212585449219, 0.7205668687820435, 0.6935575008392334, 0.6340160965919495, 0.6121283769607544, 0.6121408939361572, 0.6224599480628967, 0.6467781066894531, 0.6822402477264404, 0.7136790752410889, 0.7202914953231812, 0.6989567875862122, 0.6493397355079651, 0.6387916803359985, 0.6414705514907837], "val_acc": [0.5555555555555556, 0.5555555555555556, 0.5555555555555556, 0.4444444444444444, 0.3333333333333333, 0.5555555555555556, 0.5555555555555556, 0.3888888888888889, 0.5555555555555556, 0.3888888888888889, 0.3333333333333333, 0.5, 0.5, 0.4444444444444444, 0.3333333333333333, 0.3888888888888889, 0.3888888888888889, 0.5, 0.5, 0.5, 0.5, 0.5555555555555556, 0.5, 0.5555555555555556, 0.6666666666666666, 0.5555555555555556, 0.6666666666666666, 0.5555555555555556, 0.6111111111111112, 0.5555555555555556, 0.7777777777777778, 0.5555555555555556, 0.6666666666666666, 0.5555555555555556, 0.5555555555555556, 0.5555555555555556, 0.5, 0.5, 0.5, 0.6111111111111112, 0.5555555555555556, 0.5555555555555556, 0.5555555555555556, 0.5, 0.5, 0.5555555555555556, 0.5555555555555556, 0.5555555555555556, 0.7222222222222222, 0.7222222222222222, 0.5555555555555556, 0.5555555555555556, 0.5555555555555556, 0.5555555555555556, 0.7222222222222222, 0.7777777777777778, 0.6666666666666666, 0.5555555555555556, 0.5555555555555556, 0.5555555555555556, 0.5555555555555556, 0.5555555555555556, 0.5555555555555556, 0.5555555555555556, 0.5555555555555556, 0.5555555555555556, 0.6111111111111112, 0.7777777777777778, 0.5555555555555556, 0.5555555555555556, 0.5555555555555556, 0.6666666666666666, 0.7777777777777778, 0.6666666666666666, 0.6111111111111112, 0.5555555555555556, 0.5555555555555556, 0.5555555555555556, 0.5555555555555556, 0.6666666666666666, 0.7777777777777778, 0.7777777777777778, 0.7222222222222222, 0.5555555555555556, 0.6111111111111112, 0.5555555555555556, 0.5555555555555556, 0.5555555555555556, 0.5555555555555556, 0.6111111111111112, 0.7777777777777778, 0.7222222222222222, 0.8333333333333334, 0.6111111111111112, 0.5555555555555556, 0.5555555555555556, 0.5555555555555556, 0.5555555555555556, 0.7222222222222222, 0.7777777777777778]}