{"train_loss": [0.6815979778766632, 0.6629682779312134, 0.663684606552124, 0.6605125367641449, 0.6447441577911377, 0.6257230639457703, 0.6532951593399048, 0.629098117351532, 0.628697544336319, 0.6212350726127625, 0.6798412203788757, 0.5870108902454376, 0.6604094505310059, 0.651675283908844, 0.6438405811786652, 0.6481282114982605, 0.6134913563728333, 0.6015924513339996, 0.6417792737483978, 0.590372771024704, 0.6094534695148468, 0.6275972425937653, 0.6225112974643707, 0.6066911518573761, 0.5839760303497314, 0.5749578028917313, 0.6074511408805847, 0.6058661341667175, 0.6199815273284912, 0.5816175639629364, 0.6183979213237762, 0.6173171699047089, 0.5982638597488403, 0.6219286322593689, 0.6141661703586578, 0.6260829269886017, 0.636639803647995, 0.6451022028923035, 0.6239122450351715, 0.6280834376811981, 0.6414103507995605, 0.685936838388443, 0.5494508892297745, 0.5938917398452759, 0.6001110970973969, 0.5647972226142883, 0.641067236661911, 0.5257073193788528, 0.6513822972774506, 0.5694520473480225, 0.5556363016366959, 0.6371262967586517, 0.613823801279068, 0.5597368478775024, 0.581355482339859, 0.5599813759326935, 0.5868040919303894, 0.6097501218318939, 0.6229940950870514, 0.6040692031383514, 0.5918610394001007, 0.6377699971199036, 0.5717288255691528, 0.5327965468168259, 0.5480784177780151, 0.5241421014070511, 0.621419221162796, 0.5891085267066956, 0.5974514782428741, 0.5639661848545074, 0.5691030323505402, 0.5253007411956787, 0.5462721884250641, 0.5120594203472137, 0.5956506431102753, 0.5861268639564514, 0.5972293317317963, 0.5680719017982483, 0.595672994852066, 0.5810917317867279, 0.5421086251735687, 0.5475302338600159, 0.5396241247653961, 0.5625782012939453, 0.5252291262149811, 0.5264621078968048, 0.567903608083725, 0.5292183309793472, 0.5796396136283875, 0.539237767457962, 0.5476239919662476, 0.43963339924812317, 0.5588509142398834, 0.5800622999668121, 0.5258336067199707, 0.557157576084137, 0.6019734442234039, 0.5708402693271637, 0.5395060777664185, 0.5183098763227463], "train_acc": [0.6666666666666666, 0.6666666666666666, 0.6666666666666666, 0.6666666666666666, 0.6666666666666666, 0.6666666666666666, 0.6666666666666666, 0.6666666666666666, 0.6666666666666666, 0.6666666666666666, 0.6666666666666666, 0.6666666666666666, 0.6666666666666666, 0.6666666666666666, 0.6666666666666666, 0.6666666666666666, 0.6666666666666666, 0.6666666666666666, 0.6666666666666666, 0.6666666666666666, 0.6666666666666666, 0.6666666666666666, 0.6666666666666666, 0.6666666666666666, 0.6666666666666666, 0.6666666666666666, 0.6666666666666666, 0.6666666666666666, 0.6666666666666666, 0.6666666666666666, 0.6666666666666666, 0.6666666666666666, 0.6666666666666666, 0.6666666666666666, 0.6666666666666666, 0.6666666666666666, 0.6666666666666666, 0.6666666666666666, 0.6666666666666666, 0.6666666666666666, 0.6666666666666666, 0.6666666666666666, 0.6666666666666666, 0.6666666666666666, 0.6666666666666666, 0.6666666666666666, 0.6666666666666666, 0.6666666666666666, 0.6666666666666666, 0.6666666666666666, 0.6666666666666666, 0.6666666666666666, 0.6666666666666666, 0.6666666666666666, 0.6666666666666666, 0.6666666666666666, 0.6666666666666666, 0.6666666666666666, 0.6666666666666666, 0.6666666666666666, 0.6666666666666666, 0.6666666666666666, 0.6666666666666666, 0.6666666666666666, 0.6666666666666666, 0.6666666666666666, 0.6666666666666666, 0.6666666666666666, 0.6666666666666666, 0.6666666666666666, 0.6666666666666666, 0.6666666666666666, 0.6666666666666666, 0.6666666666666666, 0.6666666666666666, 0.6666666666666666, 0.7, 0.7333333333333333, 0.7133333333333334, 0.7333333333333333, 0.7333333333333333, 0.7533333333333333, 0.72, 0.7466666666666667, 0.7466666666666667, 0.7133333333333334, 0.72, 0.72, 0.7333333333333333, 0.7066666666666667, 0.7333333333333333, 0.74, 0.7, 0.72, 0.7266666666666667, 0.72, 0.7066666666666667, 0.7266666666666667, 0.72, 0.7266666666666667], "val_loss": [0.6581540107727051, 0.654486358165741, 0.6496487855911255, 0.6437857151031494, 0.6370793581008911, 0.6290847659111023, 0.6199699640274048, 0.6099529266357422, 0.5989549160003662, 0.5889732837677002, 0.5833920836448669, 0.5811378955841064, 0.5796989798545837, 0.5798431038856506, 0.5809504985809326, 0.5830758810043335, 0.5854560136795044, 0.5864896774291992, 0.5864338278770447, 0.5857433676719666, 0.5835629105567932, 0.5813694596290588, 0.5796223282814026, 0.5781371593475342, 0.5763038396835327, 0.5741660594940186, 0.5723890662193298, 0.5712988376617432, 0.5704211592674255, 0.5695545673370361, 0.568540632724762, 0.5678886771202087, 0.5675498843193054, 0.56752610206604, 0.5680707097053528, 0.5688372254371643, 0.5701063871383667, 0.5717172026634216, 0.5723188519477844, 0.5712129473686218, 0.5692046880722046, 0.5690020322799683, 0.5672875046730042, 0.5590118765830994, 0.5508466958999634, 0.5438396334648132, 0.5399798154830933, 0.5370559692382812, 0.5340743660926819, 0.5309420228004456, 0.5277042388916016, 0.5251713395118713, 0.5265448689460754, 0.5282250046730042, 0.5237743258476257, 0.5139504671096802, 0.504479169845581, 0.4990538954734802, 0.4952838122844696, 0.4958595633506775, 0.5015206336975098, 0.5082764029502869, 0.5085197687149048, 0.4862895607948303, 0.46689701080322266, 0.46832358837127686, 0.46806028485298157, 0.4558536112308502, 0.4597940444946289, 0.48034700751304626, 0.4822615087032318, 0.4563964605331421, 0.4376162886619568, 0.4374650716781616, 0.4360062777996063, 0.4283240735530853, 0.4372554123401642, 0.456614226102829, 0.4656287729740143, 0.45468446612358093, 0.42724496126174927, 0.41165563464164734, 0.4104260504245758, 0.4053126275539398, 0.39659374952316284, 0.40398910641670227, 0.4164893925189972, 0.39366957545280457, 0.38054928183555603, 0.3870159983634949, 0.391152024269104, 0.39073288440704346, 0.3868439197540283, 0.3893061578273773, 0.40263089537620544, 0.40133020281791687, 0.3958519399166107, 0.39677512645721436, 0.40045323967933655, 0.4027324914932251], "val_acc": [0.7222222222222222, 0.7222222222222222, 0.7222222222222222, 0.7222222222222222, 0.7222222222222222, 0.7222222222222222, 0.7222222222222222, 0.7222222222222222, 0.7222222222222222, 0.7222222222222222, 0.7222222222222222, 0.7222222222222222, 0.7222222222222222, 0.7222222222222222, 0.7222222222222222, 0.7222222222222222, 0.7222222222222222, 0.7222222222222222, 0.7222222222222222, 0.7222222222222222, 0.7222222222222222, 0.7222222222222222, 0.7222222222222222, 0.7222222222222222, 0.7222222222222222, 0.7222222222222222, 0.7222222222222222, 0.7222222222222222, 0.7222222222222222, 0.7222222222222222, 0.7222222222222222, 0.7222222222222222, 0.7222222222222222, 0.7222222222222222, 0.7222222222222222, 0.7222222222222222, 0.7222222222222222, 0.7222222222222222, 0.7222222222222222, 0.7222222222222222, 0.7222222222222222, 0.7222222222222222, 0.7222222222222222, 0.7222222222222222, 0.7222222222222222, 0.7222222222222222, 0.7222222222222222, 0.7222222222222222, 0.7222222222222222, 0.7222222222222222, 0.7222222222222222, 0.7222222222222222, 0.7222222222222222, 0.7222222222222222, 0.7222222222222222, 0.7222222222222222, 0.7222222222222222, 0.7222222222222222, 0.7222222222222222, 0.7222222222222222, 0.7222222222222222, 0.7222222222222222, 0.7222222222222222, 0.7222222222222222, 0.7222222222222222, 0.7222222222222222, 0.7222222222222222, 0.7222222222222222, 0.7222222222222222, 0.7222222222222222, 0.7222222222222222, 0.7222222222222222, 0.7222222222222222, 0.7222222222222222, 0.7222222222222222, 0.7777777777777778, 0.8333333333333334, 0.8888888888888888, 0.8888888888888888, 0.8888888888888888, 0.8888888888888888, 0.8333333333333334, 0.8333333333333334, 0.8333333333333334, 0.8888888888888888, 0.8888888888888888, 0.8333333333333334, 0.8888888888888888, 0.8888888888888888, 0.8888888888888888, 0.8333333333333334, 0.8333333333333334, 0.8888888888888888, 0.8888888888888888, 0.8888888888888888, 0.8888888888888888, 0.8888888888888888, 0.8888888888888888, 0.8888888888888888, 0.8888888888888888]}