{"train_loss": [0.693278968334198, 0.6720081865787506, 0.6612361669540405, 0.6449754536151886, 0.6161868572235107, 0.5558672696352005, 0.6610837876796722, 0.628004789352417, 0.638361930847168, 0.627008706331253, 0.6877956688404083, 0.608551412820816, 0.659983366727829, 0.6535448431968689, 0.647007018327713, 0.6537427008152008, 0.6337263584136963, 0.6158334612846375, 0.6591240167617798, 0.6021961867809296, 0.6212007999420166, 0.6252158284187317, 0.6279190480709076, 0.609885573387146, 0.588793933391571, 0.577227845788002, 0.6422035992145538, 0.6146120131015778, 0.6298680901527405, 0.5955889821052551, 0.634213000535965, 0.6210511028766632, 0.614181637763977, 0.6236120164394379, 0.6185970902442932, 0.6318255960941315, 0.6528627276420593, 0.6576325595378876, 0.6378608345985413, 0.6368215680122375, 0.6392507255077362, 0.6929850876331329, 0.5655108988285065, 0.6106144487857819, 0.6078384518623352, 0.5896042883396149, 0.650753527879715, 0.5524637699127197, 0.6494748294353485, 0.5771089196205139, 0.5735863447189331, 0.6487270295619965, 0.6379905939102173, 0.5783488154411316, 0.6040834188461304, 0.5812404155731201, 0.600801944732666, 0.6502804458141327, 0.6448523998260498, 0.6251006424427032, 0.6269756257534027, 0.6359487473964691, 0.6081965565681458, 0.5657732784748077, 0.5511268973350525, 0.572651743888855, 0.6330236792564392, 0.6073666214942932, 0.5964968800544739, 0.6195079386234283, 0.6162444651126862, 0.5576267540454865, 0.57159623503685, 0.5183086544275284, 0.6027350127696991, 0.6141502559185028, 0.5748418271541595, 0.5770765244960785, 0.6209933459758759, 0.6029713451862335, 0.5481692552566528, 0.5568680465221405, 0.5514354407787323, 0.5544677674770355, 0.5448718070983887, 0.5734921991825104, 0.585890382528305, 0.4984634220600128, 0.6736496090888977, 0.5674509704113007, 0.5151219516992569, 0.4595659375190735, 0.569866269826889, 0.5769892036914825, 0.5464988350868225, 0.5808587074279785, 0.6020722389221191, 0.524414986371994, 0.5297207534313202, 0.5221127420663834], "train_acc": [0.5466666666666666, 0.6666666666666666, 0.6666666666666666, 0.6666666666666666, 0.6666666666666666, 0.6666666666666666, 0.6666666666666666, 0.6666666666666666, 0.6666666666666666, 0.6666666666666666, 0.6666666666666666, 0.6666666666666666, 0.6666666666666666, 0.6666666666666666, 0.6666666666666666, 0.6666666666666666, 0.6666666666666666, 0.6666666666666666, 0.6666666666666666, 0.6666666666666666, 0.6666666666666666, 0.6666666666666666, 0.6666666666666666, 0.6666666666666666, 0.6666666666666666, 0.6666666666666666, 0.6666666666666666, 0.6666666666666666, 0.6666666666666666, 0.6666666666666666, 0.6666666666666666, 0.6666666666666666, 0.6666666666666666, 0.6666666666666666, 0.6666666666666666, 0.6666666666666666, 0.6666666666666666, 0.6666666666666666, 0.6666666666666666, 0.6666666666666666, 0.6666666666666666, 0.6666666666666666, 0.6666666666666666, 0.6666666666666666, 0.6666666666666666, 0.6666666666666666, 0.6666666666666666, 0.6666666666666666, 0.6666666666666666, 0.6666666666666666, 0.6666666666666666, 0.6666666666666666, 0.6666666666666666, 0.6666666666666666, 0.6666666666666666, 0.6666666666666666, 0.6666666666666666, 0.6666666666666666, 0.6666666666666666, 0.6666666666666666, 0.6666666666666666, 0.6666666666666666, 0.6666666666666666, 0.6666666666666666, 0.6666666666666666, 0.6666666666666666, 0.6666666666666666, 0.6666666666666666, 0.6666666666666666, 0.6666666666666666, 0.6666666666666666, 0.6733333333333333, 0.6666666666666666, 0.6666666666666666, 0.6666666666666666, 0.6666666666666666, 0.7066666666666667, 0.7133333333333334, 0.7266666666666667, 0.7133333333333334, 0.7466666666666667, 0.7133333333333334, 0.6933333333333334, 0.6933333333333334, 0.7333333333333333, 0.7266666666666667, 0.7066666666666667, 0.7, 0.7066666666666667, 0.72, 0.7133333333333334, 0.7333333333333333, 0.7066666666666667, 0.7133333333333334, 0.72, 0.7133333333333334, 0.7133333333333334, 0.72, 0.6866666666666666, 0.7333333333333333], "val_loss": [0.6727430820465088, 0.6563158631324768, 0.6387274265289307, 0.6184143424034119, 0.5998834371566772, 0.5891914367675781, 0.5877236723899841, 0.5874596238136292, 0.5884649157524109, 0.5924004316329956, 0.5986136794090271, 0.6053552627563477, 0.6096200942993164, 0.6130039095878601, 0.6153080463409424, 0.6163291335105896, 0.6161115169525146, 0.6135585904121399, 0.609951376914978, 0.6057184934616089, 0.600200355052948, 0.594734787940979, 0.5908017754554749, 0.5880246758460999, 0.5857217907905579, 0.5841512680053711, 0.5835884809494019, 0.5839359760284424, 0.585230827331543, 0.5871455073356628, 0.5888181328773499, 0.5904676914215088, 0.5910710692405701, 0.590747594833374, 0.5899777412414551, 0.5885809659957886, 0.5877254009246826, 0.5882785320281982, 0.5895950198173523, 0.5900097489356995, 0.5897591710090637, 0.5916812419891357, 0.5925334692001343, 0.5856431126594543, 0.5774018168449402, 0.5697600841522217, 0.565542459487915, 0.5634422898292542, 0.5616747736930847, 0.5609238147735596, 0.5587579607963562, 0.5570200085639954, 0.5594655871391296, 0.5616956353187561, 0.5570971965789795, 0.5477155447006226, 0.5374824404716492, 0.5323927402496338, 0.5316970348358154, 0.5387417674064636, 0.5471112728118896, 0.5505074858665466, 0.5373614430427551, 0.5035901069641113, 0.4870384931564331, 0.4906703233718872, 0.4770573377609253, 0.48203244805336, 0.5184608697891235, 0.5293533205986023, 0.506826639175415, 0.4680730402469635, 0.4539017677307129, 0.46085479855537415, 0.45203256607055664, 0.44963353872299194, 0.4828519821166992, 0.5003515481948853, 0.4903417229652405, 0.4625977873802185, 0.42915040254592896, 0.41508978605270386, 0.4086174964904785, 0.39877259731292725, 0.40593579411506653, 0.4118433892726898, 0.3860093355178833, 0.38032862544059753, 0.3835867941379547, 0.38235747814178467, 0.39035293459892273, 0.3860302269458771, 0.3908367455005646, 0.38897064328193665, 0.3944630026817322, 0.40466248989105225, 0.407355397939682, 0.4022599458694458, 0.3994921147823334, 0.3972945809364319], "val_acc": [0.7222222222222222, 0.7222222222222222, 0.7222222222222222, 0.7222222222222222, 0.7222222222222222, 0.7222222222222222, 0.7222222222222222, 0.7222222222222222, 0.7222222222222222, 0.7222222222222222, 0.7222222222222222, 0.7222222222222222, 0.7222222222222222, 0.7222222222222222, 0.7222222222222222, 0.7222222222222222, 0.7222222222222222, 0.7222222222222222, 0.7222222222222222, 0.7222222222222222, 0.7222222222222222, 0.7222222222222222, 0.7222222222222222, 0.7222222222222222, 0.7222222222222222, 0.7222222222222222, 0.7222222222222222, 0.7222222222222222, 0.7222222222222222, 0.7222222222222222, 0.7222222222222222, 0.7222222222222222, 0.7222222222222222, 0.7222222222222222, 0.7222222222222222, 0.7222222222222222, 0.7222222222222222, 0.7222222222222222, 0.7222222222222222, 0.7222222222222222, 0.7222222222222222, 0.7222222222222222, 0.7222222222222222, 0.7222222222222222, 0.7222222222222222, 0.7222222222222222, 0.7222222222222222, 0.7222222222222222, 0.7222222222222222, 0.7222222222222222, 0.7222222222222222, 0.7222222222222222, 0.7222222222222222, 0.7222222222222222, 0.7222222222222222, 0.7222222222222222, 0.7222222222222222, 0.7222222222222222, 0.7222222222222222, 0.7222222222222222, 0.7222222222222222, 0.7222222222222222, 0.7222222222222222, 0.7222222222222222, 0.7222222222222222, 0.7222222222222222, 0.7222222222222222, 0.7222222222222222, 0.7222222222222222, 0.7222222222222222, 0.7222222222222222, 0.7222222222222222, 0.7222222222222222, 0.7222222222222222, 0.7222222222222222, 0.8333333333333334, 0.8333333333333334, 0.8888888888888888, 0.8888888888888888, 0.8888888888888888, 0.8333333333333334, 0.8333333333333334, 0.8333333333333334, 0.8888888888888888, 0.8888888888888888, 0.8333333333333334, 0.8888888888888888, 0.8888888888888888, 0.8888888888888888, 0.8888888888888888, 0.8888888888888888, 0.8888888888888888, 0.8333333333333334, 0.8888888888888888, 0.8888888888888888, 0.8888888888888888, 0.8888888888888888, 0.8888888888888888, 0.8888888888888888, 0.8888888888888888]}