{"train_loss": [0.6923900246620178, 0.6872588992118835, 0.6613907516002655, 0.6642071604728699, 0.6604565680027008, 0.6482369005680084, 0.6307733654975891, 0.6118769943714142, 0.5918438732624054, 0.586569219827652, 0.6404728293418884, 0.6650202572345734, 0.5955019593238831, 0.6152024269104004, 0.5546143352985382, 0.6578736901283264, 0.5582179427146912, 0.5749684274196625, 0.6421109735965729, 0.5858317911624908, 0.6190827190876007, 0.5630576908588409, 0.5951711535453796, 0.6570243537425995, 0.6384104788303375, 0.6657193601131439, 0.5828205049037933, 0.5990886986255646, 0.6427617967128754, 0.569586455821991, 0.6047409772872925, 0.5770918726921082, 0.5900264084339142, 0.5978335440158844, 0.7063249945640564, 0.5995329320430756, 0.5809783637523651, 0.5263684839010239, 0.5120614022016525, 0.5836350619792938, 0.6044988930225372, 0.5393898636102676, 0.5570613145828247, 0.6205539107322693, 0.6142503619194031, 0.6196161806583405, 0.5284810960292816, 0.5764767229557037, 0.5386850237846375, 0.530520886182785, 0.5461277067661285, 0.5058510452508926, 0.4531010687351227, 0.5834122598171234, 0.46600036323070526, 0.5308524966239929, 0.5031127780675888, 0.5230478644371033, 0.5061330944299698, 0.48251156508922577, 0.5254010856151581, 0.5433151721954346, 0.5915000736713409, 0.48401860892772675, 0.5092667639255524, 0.5063527226448059, 0.4610823839902878, 0.5339061319828033, 0.5413129031658173, 0.4908895790576935, 0.5493526458740234, 0.5398859083652496, 0.5595407336950302, 0.4625581353902817, 0.47071847319602966, 0.5033154487609863, 0.7644296735525131, 0.5044061541557312, 0.48552897572517395, 0.5410922467708588, 0.5415623188018799, 0.5525124967098236, 0.47574810683727264, 0.5207950472831726, 0.4683777540922165, 0.5680937021970749, 0.5133240818977356, 0.5329651832580566, 0.5291120409965515, 0.4994390457868576, 0.5135113298892975, 0.5258445143699646, 0.5826101303100586, 0.4385107457637787, 0.44933608174324036, 0.5202463716268539, 0.5397284924983978, 0.5138668268918991, 0.46492938697338104, 0.5441585332155228], "train_acc": [0.4533333333333333, 0.6933333333333334, 0.6933333333333334, 0.6933333333333334, 0.6933333333333334, 0.6933333333333334, 0.6933333333333334, 0.6933333333333334, 0.6933333333333334, 0.6933333333333334, 0.6933333333333334, 0.6933333333333334, 0.6933333333333334, 0.6933333333333334, 0.6933333333333334, 0.6933333333333334, 0.6933333333333334, 0.6933333333333334, 0.6933333333333334, 0.6933333333333334, 0.6933333333333334, 0.6933333333333334, 0.6933333333333334, 0.6933333333333334, 0.6933333333333334, 0.6933333333333334, 0.6933333333333334, 0.6933333333333334, 0.6933333333333334, 0.6933333333333334, 0.6933333333333334, 0.6933333333333334, 0.6933333333333334, 0.6933333333333334, 0.6933333333333334, 0.6933333333333334, 0.6933333333333334, 0.6933333333333334, 0.6933333333333334, 0.6933333333333334, 0.6933333333333334, 0.6933333333333334, 0.6933333333333334, 0.6933333333333334, 0.6933333333333334, 0.6933333333333334, 0.6933333333333334, 0.6933333333333334, 0.6933333333333334, 0.6933333333333334, 0.6933333333333334, 0.6933333333333334, 0.6933333333333334, 0.6933333333333334, 0.6933333333333334, 0.6933333333333334, 0.6933333333333334, 0.6933333333333334, 0.6933333333333334, 0.6933333333333334, 0.6933333333333334, 0.6933333333333334, 0.6933333333333334, 0.6933333333333334, 0.6933333333333334, 0.6933333333333334, 0.6933333333333334, 0.6933333333333334, 0.6933333333333334, 0.6933333333333334, 0.6933333333333334, 0.6933333333333334, 0.6933333333333334, 0.6933333333333334, 0.6933333333333334, 0.6933333333333334, 0.6933333333333334, 0.6933333333333334, 0.6933333333333334, 0.6933333333333334, 0.6933333333333334, 0.6933333333333334, 0.6933333333333334, 0.6933333333333334, 0.6933333333333334, 0.6933333333333334, 0.6933333333333334, 0.6933333333333334, 0.6933333333333334, 0.6933333333333334, 0.6933333333333334, 0.6933333333333334, 0.6933333333333334, 0.7133333333333334, 0.7133333333333334, 0.7266666666666667, 0.7133333333333334, 0.74, 0.76, 0.7666666666666667], "val_loss": [0.6939660906791687, 0.6937559843063354, 0.694205105304718, 0.6952406167984009, 0.6972191333770752, 0.7009839415550232, 0.7081665396690369, 0.7219430208206177, 0.7455755472183228, 0.7811402678489685, 0.8140661716461182, 0.8156268000602722, 0.7985019087791443, 0.7799448370933533, 0.7657538652420044, 0.756227970123291, 0.7482642531394958, 0.7465770244598389, 0.7457730770111084, 0.7444584369659424, 0.7446460723876953, 0.74715656042099, 0.7529074549674988, 0.7554150223731995, 0.7503392696380615, 0.7407134175300598, 0.731305718421936, 0.7262070775032043, 0.7222826480865479, 0.7204604744911194, 0.7216747999191284, 0.7253515124320984, 0.7319271564483643, 0.7397251129150391, 0.7399303317070007, 0.7302138805389404, 0.7225905060768127, 0.7213481664657593, 0.7298792004585266, 0.7449671030044556, 0.7530753016471863, 0.7530800700187683, 0.7477578520774841, 0.7332060933113098, 0.7095382213592529, 0.6872981786727905, 0.6744765639305115, 0.6694724559783936, 0.6685149669647217, 0.6748521327972412, 0.691963791847229, 0.7140233516693115, 0.7360672950744629, 0.7316306233406067, 0.6935192942619324, 0.6518139839172363, 0.6230644583702087, 0.6112908124923706, 0.6027372479438782, 0.6019874811172485, 0.6065800189971924, 0.5931234359741211, 0.5687047243118286, 0.560346245765686, 0.5583329200744629, 0.5647168159484863, 0.586892306804657, 0.6066707372665405, 0.5879142880439758, 0.5626275539398193, 0.5485774278640747, 0.547351062297821, 0.5492989420890808, 0.5456864833831787, 0.5485144853591919, 0.5779627561569214, 0.5806425213813782, 0.554874062538147, 0.546576738357544, 0.5458837151527405, 0.5464246273040771, 0.5473420023918152, 0.5507615804672241, 0.5605812668800354, 0.5748775601387024, 0.5844075083732605, 0.579487144947052, 0.5656998157501221, 0.5517690181732178, 0.546764075756073, 0.54579758644104, 0.5452556014060974, 0.5449039936065674, 0.5464215278625488, 0.5587734580039978, 0.572906494140625, 0.5661861300468445, 0.5537774562835693, 0.5458252429962158, 0.5408300757408142], "val_acc": [0.5, 0.5, 0.5, 0.5, 0.5, 0.5, 0.5, 0.5, 0.5, 0.5, 0.5, 0.5, 0.5, 0.5, 0.5, 0.5, 0.5, 0.5, 0.5, 0.5, 0.5, 0.5, 0.5, 0.5, 0.5, 0.5, 0.5, 0.5, 0.5, 0.5, 0.5, 0.5, 0.5, 0.5, 0.5, 0.5, 0.5, 0.5, 0.5, 0.5, 0.5, 0.5, 0.5, 0.5, 0.5, 0.5, 0.5, 0.5, 0.5, 0.5, 0.5, 0.5, 0.5, 0.5, 0.5, 0.5, 0.5, 0.5, 0.5, 0.5, 0.5, 0.5, 0.5, 0.5, 0.5, 0.5, 0.5, 0.5, 0.5, 0.5, 0.5, 0.5, 0.5, 0.5, 0.5, 0.5, 0.5, 0.5, 0.5, 0.5, 0.5, 0.5, 0.5, 0.5, 0.5, 0.5, 0.5, 0.5, 0.5, 0.5, 0.5, 0.5, 0.5, 0.6111111111111112, 0.5555555555555556, 0.5555555555555556, 0.5555555555555556, 0.6111111111111112, 0.6111111111111112, 0.5555555555555556]}