{"train_loss": [0.7140801548957825, 0.6862905323505402, 0.6587232053279877, 0.6520222723484039, 0.6182361245155334, 0.5802969038486481, 0.6087669730186462, 0.5778781771659851, 0.6132433712482452, 0.593984842300415, 0.6691975891590118, 0.6245589256286621, 0.6057269871234894, 0.5814301669597626, 0.6307867765426636, 0.5764957070350647, 0.5392330139875412, 0.5975978374481201, 0.6155422031879425, 0.6133259832859039, 0.6089043021202087, 0.5650484263896942, 0.5806460082530975, 0.6375648677349091, 0.5296613425016403, 0.6270721852779388, 0.5765238404273987, 0.5150645673274994, 0.6098825335502625, 0.6489151120185852, 0.5540750920772552, 0.5729563236236572, 0.5424324572086334, 0.5658555328845978, 0.6093725562095642, 0.5599217712879181, 0.5038604885339737, 0.4736786037683487, 0.4927408844232559, 0.4555951952934265, 0.5159227550029755, 0.4908017963171005, 0.4537043273448944, 0.5278907716274261, 0.42811696231365204, 0.5432739853858948, 0.43391111493110657, 0.507676437497139, 0.43755948543548584, 0.4878714978694916, 0.4345708191394806, 0.5256381034851074, 0.46414822340011597, 0.47896717488765717, 0.45025111734867096, 0.5747250616550446, 0.4618147760629654, 0.4318232834339142, 0.543235719203949, 0.4812055081129074, 0.4575633406639099, 0.4777335673570633, 0.47155824303627014, 0.43287935853004456, 0.48014579713344574, 0.41555775701999664, 0.44474031031131744, 0.424749031662941, 0.42705678939819336, 0.42968493700027466, 0.4981701970100403, 0.5594284534454346, 0.42090973258018494, 0.41722892224788666, 0.4549005925655365, 0.5116510540246964, 0.45952847599983215, 0.47450166940689087, 0.4180859178304672, 0.46074695885181427, 0.5119447112083435, 0.4596116244792938, 0.4538988769054413, 0.506247267127037, 0.4315285086631775, 0.4544012248516083, 0.45567387342453003, 0.5436505228281021, 0.5435676872730255, 0.45995481312274933, 0.5195385366678238, 0.4338889420032501, 0.47263963520526886, 0.41571013629436493, 0.4513835161924362, 0.4503183513879776, 0.5154352188110352, 0.4507908672094345, 0.430512011051178, 0.48444725573062897], "train_acc": [0.30666666666666664, 0.4266666666666667, 0.6933333333333334, 0.6933333333333334, 0.6933333333333334, 0.6933333333333334, 0.6933333333333334, 0.6933333333333334, 0.6933333333333334, 0.6933333333333334, 0.6933333333333334, 0.6933333333333334, 0.6933333333333334, 0.6933333333333334, 0.6933333333333334, 0.6933333333333334, 0.6933333333333334, 0.6933333333333334, 0.6933333333333334, 0.6933333333333334, 0.6933333333333334, 0.6933333333333334, 0.6933333333333334, 0.6933333333333334, 0.6933333333333334, 0.6933333333333334, 0.6933333333333334, 0.6933333333333334, 0.6933333333333334, 0.6933333333333334, 0.6933333333333334, 0.6933333333333334, 0.6933333333333334, 0.6933333333333334, 0.6933333333333334, 0.6933333333333334, 0.6933333333333334, 0.6933333333333334, 0.6933333333333334, 0.6933333333333334, 0.6933333333333334, 0.6933333333333334, 0.6933333333333334, 0.7, 0.7266666666666667, 0.72, 0.76, 0.78, 0.7866666666666666, 0.78, 0.7866666666666666, 0.82, 0.8133333333333334, 0.7933333333333333, 0.8066666666666666, 0.8133333333333334, 0.8066666666666666, 0.8066666666666666, 0.8, 0.8133333333333334, 0.8066666666666666, 0.8133333333333334, 0.8066666666666666, 0.8, 0.7933333333333333, 0.8133333333333334, 0.7866666666666666, 0.8066666666666666, 0.8, 0.8, 0.7933333333333333, 0.7866666666666666, 0.8066666666666666, 0.7933333333333333, 0.7933333333333333, 0.8, 0.7933333333333333, 0.8133333333333334, 0.8066666666666666, 0.7933333333333333, 0.8133333333333334, 0.8066666666666666, 0.8133333333333334, 0.8, 0.7733333333333333, 0.82, 0.7866666666666666, 0.8266666666666667, 0.8266666666666667, 0.8066666666666666, 0.8066666666666666, 0.7933333333333333, 0.8, 0.8066666666666666, 0.8066666666666666, 0.7933333333333333, 0.8133333333333334, 0.8, 0.8, 0.7866666666666666], "val_loss": [0.6963969469070435, 0.6894704103469849, 0.6856418251991272, 0.6924216151237488, 0.7174773812294006, 0.7405820488929749, 0.7416501641273499, 0.7250058650970459, 0.7094487547874451, 0.6991684436798096, 0.6926314830780029, 0.6882579922676086, 0.6871353983879089, 0.6888075470924377, 0.6931778192520142, 0.7003517150878906, 0.7157898545265198, 0.7339552640914917, 0.7343222498893738, 0.7170026898384094, 0.7000324726104736, 0.6916453242301941, 0.6895298361778259, 0.68802410364151, 0.6888574957847595, 0.6937341094017029, 0.6949983239173889, 0.6989724040031433, 0.7011247873306274, 0.688380777835846, 0.6748241186141968, 0.6691591739654541, 0.6671976447105408, 0.6694989800453186, 0.6695525050163269, 0.6631530523300171, 0.6591401100158691, 0.665019154548645, 0.6798922419548035, 0.6878421306610107, 0.6724750995635986, 0.647777795791626, 0.637866735458374, 0.636688768863678, 0.640509843826294, 0.6407700181007385, 0.6366583108901978, 0.6355738043785095, 0.633768618106842, 0.636169970035553, 0.640932023525238, 0.6416667103767395, 0.6308450102806091, 0.6325030326843262, 0.6637796759605408, 0.684540331363678, 0.6461857557296753, 0.6399362087249756, 0.6396763324737549, 0.6386266350746155, 0.6359570026397705, 0.6345311403274536, 0.6349589228630066, 0.6372048258781433, 0.6393027901649475, 0.6402836441993713, 0.6483149528503418, 0.6653498411178589, 0.673289954662323, 0.6664035320281982, 0.6514685153961182, 0.6391815543174744, 0.6367449760437012, 0.6352334022521973, 0.6399156451225281, 0.6507712006568909, 0.649115800857544, 0.6367017030715942, 0.6304325461387634, 0.6302341818809509, 0.6330296993255615, 0.6384915113449097, 0.6375465989112854, 0.6293995976448059, 0.627880871295929, 0.6283068656921387, 0.6289631724357605, 0.6336755752563477, 0.6306778192520142, 0.6258395314216614, 0.6237210631370544, 0.622112512588501, 0.6243366003036499, 0.6315677762031555, 0.6389086842536926, 0.6359639167785645, 0.625018835067749, 0.6218909025192261, 0.6237733364105225, 0.6231854557991028], "val_acc": [0.4444444444444444, 0.5555555555555556, 0.5555555555555556, 0.5555555555555556, 0.5555555555555556, 0.5555555555555556, 0.5555555555555556, 0.5555555555555556, 0.5555555555555556, 0.5555555555555556, 0.5555555555555556, 0.5555555555555556, 0.5555555555555556, 0.5555555555555556, 0.5555555555555556, 0.5555555555555556, 0.5555555555555556, 0.5555555555555556, 0.5555555555555556, 0.5555555555555556, 0.5555555555555556, 0.5555555555555556, 0.5555555555555556, 0.5555555555555556, 0.5555555555555556, 0.5555555555555556, 0.5555555555555556, 0.5555555555555556, 0.5555555555555556, 0.5555555555555556, 0.5555555555555556, 0.5555555555555556, 0.5555555555555556, 0.5555555555555556, 0.5555555555555556, 0.5555555555555556, 0.5555555555555556, 0.5555555555555556, 0.5555555555555556, 0.5555555555555556, 0.5555555555555556, 0.5555555555555556, 0.6111111111111112, 0.6666666666666666, 0.7222222222222222, 0.7222222222222222, 0.7222222222222222, 0.7222222222222222, 0.7222222222222222, 0.7222222222222222, 0.7222222222222222, 0.6666666666666666, 0.5555555555555556, 0.6111111111111112, 0.6666666666666666, 0.7222222222222222, 0.6666666666666666, 0.6111111111111112, 0.6111111111111112, 0.6111111111111112, 0.6111111111111112, 0.6111111111111112, 0.6111111111111112, 0.6111111111111112, 0.6111111111111112, 0.6111111111111112, 0.6111111111111112, 0.6111111111111112, 0.6666666666666666, 0.6111111111111112, 0.6111111111111112, 0.5555555555555556, 0.5555555555555556, 0.5555555555555556, 0.6111111111111112, 0.6111111111111112, 0.6111111111111112, 0.6111111111111112, 0.5555555555555556, 0.5555555555555556, 0.6111111111111112, 0.6111111111111112, 0.6111111111111112, 0.6111111111111112, 0.5555555555555556, 0.5555555555555556, 0.5555555555555556, 0.6111111111111112, 0.6111111111111112, 0.5555555555555556, 0.5555555555555556, 0.5555555555555556, 0.6111111111111112, 0.6666666666666666, 0.7222222222222222, 0.7222222222222222, 0.6111111111111112, 0.6111111111111112, 0.6111111111111112, 0.6111111111111112]}