{"train_loss": [0.6815930902957916, 0.662626713514328, 0.6636302769184113, 0.6605859100818634, 0.6444917321205139, 0.6254716515541077, 0.6530942022800446, 0.6287361681461334, 0.6289912462234497, 0.6204827129840851, 0.679722011089325, 0.585399866104126, 0.6572444140911102, 0.6489880979061127, 0.6426529288291931, 0.6458162069320679, 0.6114990711212158, 0.6012216210365295, 0.6417826116085052, 0.5890225470066071, 0.6063001453876495, 0.6255374550819397, 0.6246287524700165, 0.6015499234199524, 0.5819583535194397, 0.572406068444252, 0.6058933138847351, 0.6044215857982635, 0.6151668429374695, 0.5750676989555359, 0.6129406690597534, 0.6114863157272339, 0.5928449332714081, 0.6178694665431976, 0.6064042747020721, 0.6204409301280975, 0.6285896599292755, 0.6377757489681244, 0.6139205098152161, 0.6166075170040131, 0.6341871917247772, 0.6791056394577026, 0.5337742567062378, 0.5763092041015625, 0.5790234506130219, 0.5470113456249237, 0.6278672516345978, 0.5061818361282349, 0.6368580460548401, 0.534150630235672, 0.5329310595989227, 0.6036342978477478, 0.5869799852371216, 0.5235687643289566, 0.5479320585727692, 0.5202191025018692, 0.5694399178028107, 0.585580587387085, 0.6047528684139252, 0.5874435603618622, 0.5655127465724945, 0.6152079403400421, 0.5453606247901917, 0.5137335658073425, 0.5354258120059967, 0.5055616050958633, 0.5482079386711121, 0.5730167031288147, 0.5844889879226685, 0.5431054532527924, 0.5558575987815857, 0.5029045045375824, 0.540052980184555, 0.4971727728843689, 0.5795067250728607, 0.5619878768920898, 0.5540574491024017, 0.5465421378612518, 0.5815654098987579, 0.5787351727485657, 0.5307450592517853, 0.5610575973987579, 0.5509920418262482, 0.549158900976181, 0.5214108526706696, 0.5269271433353424, 0.5428526997566223, 0.5163327008485794, 0.5895587801933289, 0.5376834273338318, 0.5361028611660004, 0.4568125456571579, 0.5637984275817871, 0.5866233110427856, 0.5614058375358582, 0.5386982262134552, 0.5909695625305176, 0.5657334327697754, 0.5420945882797241, 0.5500668883323669], "train_acc": [0.6666666666666666, 0.6666666666666666, 0.6666666666666666, 0.6666666666666666, 0.6666666666666666, 0.6666666666666666, 0.6666666666666666, 0.6666666666666666, 0.6666666666666666, 0.6666666666666666, 0.6666666666666666, 0.6666666666666666, 0.6666666666666666, 0.6666666666666666, 0.6666666666666666, 0.6666666666666666, 0.6666666666666666, 0.6666666666666666, 0.6666666666666666, 0.6666666666666666, 0.6666666666666666, 0.6666666666666666, 0.6666666666666666, 0.6666666666666666, 0.6666666666666666, 0.6666666666666666, 0.6666666666666666, 0.6666666666666666, 0.6666666666666666, 0.6666666666666666, 0.6666666666666666, 0.6666666666666666, 0.6666666666666666, 0.6666666666666666, 0.6666666666666666, 0.6666666666666666, 0.6666666666666666, 0.6666666666666666, 0.6666666666666666, 0.6666666666666666, 0.6666666666666666, 0.6666666666666666, 0.6666666666666666, 0.6666666666666666, 0.6666666666666666, 0.6666666666666666, 0.6666666666666666, 0.6666666666666666, 0.6666666666666666, 0.6666666666666666, 0.6666666666666666, 0.6666666666666666, 0.6666666666666666, 0.6666666666666666, 0.6666666666666666, 0.6666666666666666, 0.6666666666666666, 0.6666666666666666, 0.6666666666666666, 0.6666666666666666, 0.6666666666666666, 0.6666666666666666, 0.6666666666666666, 0.6666666666666666, 0.6666666666666666, 0.6666666666666666, 0.6666666666666666, 0.6666666666666666, 0.6666666666666666, 0.6666666666666666, 0.6666666666666666, 0.6666666666666666, 0.6666666666666666, 0.6666666666666666, 0.6666666666666666, 0.6666666666666666, 0.6666666666666666, 0.6666666666666666, 0.6666666666666666, 0.6666666666666666, 0.6666666666666666, 0.6666666666666666, 0.6666666666666666, 0.6666666666666666, 0.6666666666666666, 0.6666666666666666, 0.6666666666666666, 0.6666666666666666, 0.6666666666666666, 0.6666666666666666, 0.6666666666666666, 0.6666666666666666, 0.6666666666666666, 0.6666666666666666, 0.6666666666666666, 0.6666666666666666, 0.6666666666666666, 0.6666666666666666, 0.6666666666666666, 0.6666666666666666], "val_loss": [0.657878577709198, 0.6542249321937561, 0.6494544744491577, 0.6437431573867798, 0.6369378566741943, 0.6288622617721558, 0.6197134852409363, 0.6096210479736328, 0.5986216068267822, 0.5883806347846985, 0.5827383399009705, 0.5804882645606995, 0.5790319442749023, 0.5791319012641907, 0.5802195072174072, 0.5824065804481506, 0.5848315954208374, 0.5859818458557129, 0.5859251618385315, 0.5851829051971436, 0.582796573638916, 0.5803734660148621, 0.5784288644790649, 0.5766995549201965, 0.5744260549545288, 0.5716902017593384, 0.5692839622497559, 0.5676969289779663, 0.5664632320404053, 0.5651828050613403, 0.5637293457984924, 0.5627646446228027, 0.5620687007904053, 0.5615259408950806, 0.5616095066070557, 0.56160968542099, 0.5620911717414856, 0.5626389980316162, 0.561532735824585, 0.558152437210083, 0.5539753437042236, 0.5531437993049622, 0.5508196353912354, 0.5392804145812988, 0.52763432264328, 0.5183622241020203, 0.5131592154502869, 0.5085262656211853, 0.504092276096344, 0.5012732148170471, 0.4974249601364136, 0.4939737319946289, 0.49356433749198914, 0.4903927445411682, 0.48084625601768494, 0.4702770411968231, 0.46395525336265564, 0.45915544033050537, 0.4568917453289032, 0.46667420864105225, 0.484443724155426, 0.49389901757240295, 0.48715728521347046, 0.45595380663871765, 0.4309576749801636, 0.429911345243454, 0.43179306387901306, 0.42257484793663025, 0.4261021316051483, 0.4496142566204071, 0.46788179874420166, 0.45850399136543274, 0.4334338903427124, 0.4189399480819702, 0.4140142798423767, 0.4167556166648865, 0.4285939037799835, 0.4408770799636841, 0.44907957315444946, 0.4493483901023865, 0.4376736879348755, 0.4227388799190521, 0.4141444265842438, 0.41144704818725586, 0.4117467999458313, 0.4141106605529785, 0.4192894399166107, 0.4251885414123535, 0.4330768585205078, 0.44320034980773926, 0.44226929545402527, 0.42231830954551697, 0.4067568778991699, 0.405982106924057, 0.4159170985221863, 0.42958009243011475, 0.4429660141468048, 0.45531225204467773, 0.45963817834854126, 0.448628306388855],