{"train_loss": [0.7116162180900574, 0.7009562849998474, 0.6944010853767395, 0.6846414506435394, 0.6463873982429504, 0.6485785841941833, 0.6208923757076263, 0.6321365833282471, 0.6802841424942017, 0.6899260580539703, 0.6974490582942963, 0.6882209181785583, 0.6528584063053131, 0.6700496673583984, 0.6742787659168243, 0.6744556725025177, 0.6473466753959656, 0.6661210656166077, 0.655272901058197, 0.6456899344921112, 0.633989155292511, 0.623388946056366, 0.6370141804218292, 0.6669222116470337, 0.5904096961021423, 0.5731453448534012, 0.6504592597484589, 0.5831033885478973, 0.7038179039955139, 0.6265873610973358, 0.653662919998169, 0.6475213766098022, 0.6302893757820129, 0.6125687062740326, 0.6310146152973175, 0.5989543497562408, 0.6596351861953735, 0.6080309152603149, 0.5394082367420197, 0.5819632411003113, 0.6089653968811035, 0.5452665686607361, 0.6075582802295685, 0.47209514677524567, 0.5905115902423859, 0.5812366604804993, 0.5272567570209503, 0.5773718655109406, 0.5567548274993896, 0.5321193039417267, 0.5579062104225159, 0.4973427504301071, 0.531606137752533, 0.4667835831642151, 0.4842817187309265, 0.5819899290800095, 0.4850614368915558, 0.5445999354124069, 0.5089190304279327, 0.6399174183607101, 0.4797062426805496, 0.5034657716751099, 0.5341824889183044, 0.5810548067092896, 0.48188018798828125, 0.508436530828476, 0.5205411612987518, 0.481129914522171, 0.4720999002456665, 0.47028712928295135, 0.4835253208875656, 0.4919625371694565, 0.4434031695127487, 0.4271809458732605, 0.5016748309135437, 0.49383990466594696, 0.44748614728450775, 0.4832150638103485, 0.40994714200496674, 0.5669738352298737, 0.5978796482086182, 0.45985856652259827, 0.43371227383613586, 0.5724555104970932, 0.4566904604434967, 0.4618435949087143, 0.5462624579668045, 0.41419176757335663, 0.4872536212205887, 0.5169186741113663, 0.4414399117231369, 0.5011969208717346, 0.4724983274936676, 0.42433053255081177, 0.5207610577344894, 0.471139520406723, 0.516206756234169, 0.41988907754421234, 0.4535893201828003, 0.46035705506801605], "train_acc": [0.36, 0.36666666666666664, 0.58, 0.64, 0.64, 0.64, 0.64, 0.64, 0.64, 0.64, 0.64, 0.64, 0.64, 0.64, 0.64, 0.64, 0.64, 0.64, 0.64, 0.64, 0.64, 0.64, 0.64, 0.64, 0.64, 0.64, 0.64, 0.64, 0.64, 0.64, 0.64, 0.64, 0.64, 0.64, 0.64, 0.64, 0.64, 0.64, 0.64, 0.64, 0.64, 0.64, 0.6533333333333333, 0.6666666666666666, 0.6533333333333333, 0.66, 0.7066666666666667, 0.74, 0.74, 0.76, 0.7866666666666666, 0.7666666666666667, 0.7933333333333333, 0.7866666666666666, 0.7933333333333333, 0.78, 0.8, 0.7866666666666666, 0.8066666666666666, 0.76, 0.7933333333333333, 0.7933333333333333, 0.78, 0.74, 0.7666666666666667, 0.8066666666666666, 0.8, 0.7866666666666666, 0.7933333333333333, 0.76, 0.7666666666666667, 0.7933333333333333, 0.78, 0.7666666666666667, 0.8, 0.8066666666666666, 0.7866666666666666, 0.7866666666666666, 0.78, 0.7933333333333333, 0.7866666666666666, 0.8, 0.8, 0.7933333333333333, 0.8, 0.7733333333333333, 0.8, 0.7933333333333333, 0.7866666666666666, 0.7866666666666666, 0.8133333333333334, 0.8066666666666666, 0.7666666666666667, 0.7933333333333333, 0.8266666666666667, 0.8266666666666667, 0.82, 0.7866666666666666, 0.7866666666666666, 0.8066666666666666], "val_loss": [0.7155248522758484, 0.6982706189155579, 0.6773837804794312, 0.6550734043121338, 0.6305251121520996, 0.598986029624939, 0.5660805106163025, 0.5497999787330627, 0.555146336555481, 0.5735149383544922, 0.5969234704971313, 0.6179496049880981, 0.6330032348632812, 0.642078697681427, 0.6476514935493469, 0.6507190465927124, 0.6500554084777832, 0.6452440619468689, 0.6376655101776123, 0.6263321042060852, 0.6108271479606628, 0.5903587341308594, 0.568644642829895, 0.5560289621353149, 0.5508658289909363, 0.54719078540802, 0.5468543767929077, 0.551530659198761, 0.5592453479766846, 0.572998583316803, 0.585773766040802, 0.5968770384788513, 0.6022683382034302, 0.5977796912193298, 0.5856444835662842, 0.5701851844787598, 0.5599385499954224, 0.5584181547164917, 0.5578703284263611, 0.5590783357620239, 0.5577259659767151, 0.5529720783233643, 0.5483133792877197, 0.5574843883514404, 0.5955088138580322, 0.5680658221244812, 0.5393194556236267, 0.5318766832351685, 0.531229555606842, 0.5444583892822266, 0.5628159642219543, 0.566806435585022, 0.5687744617462158, 0.5659782886505127, 0.5666760206222534, 0.5668091773986816, 0.555187463760376, 0.5673811435699463, 0.5884438753128052, 0.5670255422592163, 0.53871750831604, 0.5425375699996948, 0.5552166700363159, 0.5675709247589111, 0.5783646106719971, 0.6006885766983032, 0.619483232498169, 0.6317279934883118, 0.6271803379058838, 0.6142780184745789, 0.6114553809165955, 0.6341149806976318, 0.6961134672164917, 0.7414336204528809, 0.7113693952560425, 0.6330006122589111, 0.6008317470550537, 0.6003749966621399, 0.6270360350608826, 0.6657032370567322, 0.6331894397735596, 0.6002197265625, 0.6009070873260498, 0.6112755537033081, 0.6082959771156311, 0.6058981418609619, 0.6017332673072815, 0.6002820134162903, 0.6072664856910706, 0.6161394119262695, 0.6292002201080322, 0.6468018889427185, 0.6707987189292908, 0.706712543964386, 0.7020225524902344, 0.6493287086486816, 0.6159029006958008, 0.6059882640838623, 0.6084392666816711, 0.6090083718299866], "val_acc": [0.2222222222222222, 0.2222222222222222, 0.7777777777777778, 0.7777777777777778, 0.7777777777777778, 0.7777777777777778, 0.7777777777777778, 0.7777777777777778, 0.7777777777777778, 0.7777777777777778, 0.7777777777777778, 0.7777777777777778, 0.7777777777777778, 0.7777777777777778, 0.7777777777777778, 0.7777777777777778, 0.7777777777777778, 0.7777777777777778, 0.7777777777777778, 0.7777777777777778, 0.7777777777777778, 0.7777777777777778, 0.7777777777777778, 0.7777777777777778, 0.7777777777777778, 0.7777777777777778, 0.7777777777777778, 0.7777777777777778, 0.7777777777777778, 0.7777777777777778, 0.7777777777777778, 0.7777777777777778, 0.7777777777777778, 0.7777777777777778, 0.7777777777777778, 0.7777777777777778, 0.7777777777777778, 0.7777777777777778, 0.7777777777777778, 0.7777777777777778, 0.7777777777777778, 0.7777777777777778, 0.7777777777777778, 0.7777777777777778, 0.7777777777777778, 0.7777777777777778, 0.7777777777777778, 0.7777777777777778, 0.7222222222222222, 0.7777777777777778, 0.7777777777777778, 0.7777777777777778, 0.7222222222222222, 0.7222222222222222, 0.7222222222222222, 0.7222222222222222, 0.6666666666666666, 0.6666666666666666, 0.7222222222222222, 0.6666666666666666, 0.6666666666666666, 0.6666666666666666, 0.6666666666666666, 0.6666666666666666, 0.6666666666666666, 0.6666666666666666, 0.6666666666666666, 0.6666666666666666, 0.6666666666666666, 0.6666666666666666, 0.6666666666666666, 0.6666666666666666, 0.6666666666666666, 0.6666666666666666, 0.6666666666666666, 0.6666666666666666, 0.6666666666666666, 0.6666666666666666, 0.6666666666666666, 0.6666666666666666, 0.6666666666666666, 0.6666666666666666, 0.6666666666666666, 0.6666666666666666, 0.6666666666666666, 0.6666666666666666, 0.6666666666666666, 0.6666666666666666, 0.6666666666666666, 0.6666666666666666, 0.6666666666666666, 0.6666666666666666, 0.6666666666666666, 0.6666666666666666, 0.6666666666666666, 0.6666666666666666, 0.6666666666666666, 0.6666666666666666, 0.6666666666666666, 0.6666666666666666]}