{"train_loss": [0.7232033908367157, 0.7204880714416504, 0.7039242386817932, 0.6961435675621033, 0.6804540157318115, 0.6757652759552002, 0.6468648314476013, 0.6297902464866638, 0.6438606977462769, 0.7007969319820404, 0.6949151456356049, 0.6804109811782837, 0.6587940156459808, 0.6564878821372986, 0.670014500617981, 0.6650227010250092, 0.6125545501708984, 0.6500745415687561, 0.6344683468341827, 0.6331580877304077, 0.6247019171714783, 0.5978730320930481, 0.6287095248699188, 0.6406873762607574, 0.5921981930732727, 0.5643236190080643, 0.6474544405937195, 0.5926460921764374, 0.6953073441982269, 0.614649623632431, 0.6365450322628021, 0.6365489363670349, 0.6233551800251007, 0.5975624024868011, 0.6211866438388824, 0.5952001512050629, 0.6527369320392609, 0.6212520897388458, 0.5736407339572906, 0.6058959364891052, 0.6348674595355988, 0.5623387694358826, 0.6067726314067841, 0.49007658660411835, 0.5802781581878662, 0.622957706451416, 0.5400610566139221, 0.5973230302333832, 0.5341808795928955, 0.534637451171875, 0.584609717130661, 0.5017141401767731, 0.551373302936554, 0.4977709949016571, 0.48558200895786285, 0.5701082497835159, 0.467410147190094, 0.5230780243873596, 0.4899720698595047, 0.6148695349693298, 0.4509475380182266, 0.5230576694011688, 0.4729823172092438, 0.5826009511947632, 0.4867960512638092, 0.5550719499588013, 0.5057552456855774, 0.49833282828330994, 0.5282554030418396, 0.48712413012981415, 0.5314797312021255, 0.5112864673137665, 0.45149029791355133, 0.44337211549282074, 0.4652099162340164, 0.5402071177959442, 0.49506549537181854, 0.48964469134807587, 0.3951263725757599, 0.5434654802083969, 0.5938928127288818, 0.5061908960342407, 0.45887041091918945, 0.5424124449491501, 0.5055341869592667, 0.4863066077232361, 0.5322680473327637, 0.4575473368167877, 0.49761880934238434, 0.5913027673959732, 0.4908229857683182, 0.5257350355386734, 0.48465439677238464, 0.4218146651983261, 0.4936649352312088, 0.45274868607521057, 0.5395254492759705, 0.43769724667072296, 0.4680740088224411, 0.5298772901296616], "train_acc": [0.36, 0.36, 0.36, 0.37333333333333335, 0.6533333333333333, 0.6533333333333333, 0.64, 0.64, 0.64, 0.64, 0.64, 0.64, 0.64, 0.64, 0.64, 0.64, 0.64, 0.64, 0.64, 0.64, 0.64, 0.64, 0.64, 0.64, 0.64, 0.64, 0.64, 0.64, 0.64, 0.64, 0.64, 0.64, 0.64, 0.64, 0.64, 0.64, 0.64, 0.64, 0.6466666666666666, 0.64, 0.64, 0.64, 0.64, 0.66, 0.6533333333333333, 0.66, 0.66, 0.7066666666666667, 0.7333333333333333, 0.74, 0.7666666666666667, 0.7666666666666667, 0.7733333333333333, 0.78, 0.7666666666666667, 0.7866666666666666, 0.7933333333333333, 0.7866666666666666, 0.82, 0.78, 0.78, 0.8066666666666666, 0.7666666666666667, 0.78, 0.7933333333333333, 0.7933333333333333, 0.8, 0.8133333333333334, 0.7866666666666666, 0.7933333333333333, 0.7866666666666666, 0.76, 0.8, 0.84, 0.8133333333333334, 0.7866666666666666, 0.8066666666666666, 0.8, 0.8133333333333334, 0.8066666666666666, 0.8, 0.8066666666666666, 0.78, 0.8133333333333334, 0.8, 0.8266666666666667, 0.8, 0.7866666666666666, 0.78, 0.8, 0.8066666666666666, 0.8066666666666666, 0.84, 0.8066666666666666, 0.8266666666666667, 0.8266666666666667, 0.7866666666666666, 0.82, 0.8, 0.7933333333333333], "val_loss": [0.7425945401191711, 0.7293050289154053, 0.7123442888259888, 0.6927846670150757, 0.6698975563049316, 0.6425967216491699, 0.6118066310882568, 0.5805466175079346, 0.5562307834625244, 0.5480639338493347, 0.5518429279327393, 0.5614304542541504, 0.5738121867179871, 0.5857705473899841, 0.5968327522277832, 0.6065828800201416, 0.6113757491111755, 0.6100629568099976, 0.6056522130966187, 0.5979517102241516, 0.5875489711761475, 0.5747494697570801, 0.5625503063201904, 0.5547007918357849, 0.5497279167175293, 0.5456892251968384, 0.5441999435424805, 0.5455732345581055, 0.5496979355812073, 0.55833899974823, 0.568409264087677, 0.5792099237442017, 0.588284969329834, 0.5917622447013855, 0.5892664194107056, 0.5829147696495056, 0.5766236782073975, 0.5740341544151306, 0.5699819326400757, 0.5648821592330933, 0.5636017322540283, 0.5640159249305725, 0.5649406909942627, 0.564476490020752, 0.5629432797431946, 0.5647484660148621, 0.5667194128036499, 0.5685555934906006, 0.5707347989082336, 0.57080078125, 0.5712408423423767, 0.5727320313453674, 0.5767480134963989, 0.582566499710083, 0.5879943370819092, 0.5884431004524231, 0.5792312026023865, 0.5760309100151062, 0.5817887783050537, 0.5737228393554688, 0.5599659085273743, 0.5588098168373108, 0.5593209862709045, 0.554851233959198, 0.5494054555892944, 0.5495946407318115, 0.5546848773956299, 0.5769386887550354, 0.5878880023956299, 0.5682792067527771, 0.5469030141830444, 0.5418599247932434, 0.5590896606445312, 0.6010722517967224, 0.6515981554985046, 0.6521787643432617, 0.6068597435951233, 0.5765092372894287, 0.5722110271453857, 0.5728773474693298, 0.5587453842163086, 0.5500423312187195, 0.556776762008667, 0.5767042636871338, 0.5869381427764893, 0.5840950012207031, 0.5720381140708923, 0.5633937120437622, 0.563678503036499, 0.5634627938270569, 0.5631871223449707, 0.5670662522315979, 0.5758674144744873, 0.5951173305511475, 0.6120721101760864, 0.6056418418884277, 0.5859129428863525, 0.5728670954704285, 0.5630711913108826, 0.5529510378837585], "val_acc": [0.2222222222222222, 0.2222222222222222, 0.2222222222222222, 0.5, 0.7777777777777778, 0.7777777777777778, 0.7777777777777778, 0.7777777777777778, 0.7777777777777778, 0.7777777777777778, 0.7777777777777778, 0.7777777777777778, 0.7777777777777778, 0.7777777777777778, 0.7777777777777778, 0.7777777777777778, 0.7777777777777778, 0.7777777777777778, 0.7777777777777778, 0.7777777777777778, 0.7777777777777778, 0.7777777777777778, 0.7777777777777778, 0.7777777777777778, 0.7777777777777778, 0.7777777777777778, 0.7777777777777778, 0.7777777777777778, 0.7777777777777778, 0.7777777777777778, 0.7777777777777778, 0.7777777777777778, 0.7777777777777778, 0.7777777777777778, 0.7777777777777778, 0.7777777777777778, 0.7777777777777778, 0.7777777777777778, 0.7777777777777778, 0.7777777777777778, 0.7777777777777778, 0.7777777777777778, 0.7777777777777778, 0.7777777777777778, 0.7777777777777778, 0.7777777777777778, 0.7777777777777778, 0.7777777777777778, 0.7222222222222222, 0.7222222222222222, 0.7222222222222222, 0.7222222222222222, 0.7222222222222222, 0.7222222222222222, 0.7222222222222222, 0.7222222222222222, 0.7222222222222222, 0.6666666666666666, 0.6666666666666666, 0.6666666666666666, 0.6666666666666666, 0.6666666666666666, 0.6666666666666666, 0.6666666666666666, 0.6666666666666666, 0.6666666666666666, 0.6666666666666666, 0.6666666666666666, 0.6666666666666666, 0.6666666666666666, 0.6666666666666666, 0.6666666666666666, 0.6666666666666666, 0.6666666666666666, 0.7222222222222222, 0.7222222222222222, 0.6666666666666666, 0.6666666666666666, 0.6666666666666666, 0.6666666666666666, 0.6666666666666666, 0.6666666666666666, 0.6666666666666666, 0.6666666666666666, 0.6666666666666666, 0.6666666666666666, 0.6666666666666666, 0.6666666666666666, 0.6666666666666666, 0.6666666666666666, 0.6666666666666666, 0.6666666666666666, 0.6666666666666666, 0.7222222222222222, 0.7222222222222222, 0.7222222222222222, 0.7222222222222222, 0.6666666666666666, 0.6666666666666666, 0.6666666666666666]}