{"train_loss": [0.6939509809017181, 0.6726639866828918, 0.6617361307144165, 0.6456122100353241, 0.6159993410110474, 0.5577552169561386, 0.6587846577167511, 0.6219825148582458, 0.6399274170398712, 0.6211350858211517, 0.6885489225387573, 0.6059717535972595, 0.6577069163322449, 0.6526710093021393, 0.6443769931793213, 0.6497635543346405, 0.6319569647312164, 0.6142772138118744, 0.6570762097835541, 0.5963241159915924, 0.6153089702129364, 0.6240485310554504, 0.6263689994812012, 0.6100243330001831, 0.5844203531742096, 0.5765427500009537, 0.6350935697555542, 0.6058818995952606, 0.620483011007309, 0.5914075970649719, 0.6295080482959747, 0.6149773001670837, 0.6060577034950256, 0.6155112683773041, 0.6159142553806305, 0.6228251159191132, 0.6437394320964813, 0.6482380330562592, 0.6244540810585022, 0.6261649131774902, 0.6275286674499512, 0.6863684058189392, 0.5499125123023987, 0.5895646512508392, 0.5760351419448853, 0.5670415759086609, 0.6436099112033844, 0.5206513851881027, 0.6205169856548309, 0.5380356013774872, 0.5354570746421814, 0.6097714900970459, 0.6075010299682617, 0.5175620019435883, 0.5646766722202301, 0.5054088532924652, 0.5494848191738129, 0.6283029913902283, 0.5804675221443176, 0.5949060618877411, 0.5844939649105072, 0.6011252105236053, 0.5348953008651733, 0.49470508098602295, 0.5408141911029816, 0.5281276106834412, 0.523133248090744, 0.5547678172588348, 0.5730669498443604, 0.5544100105762482, 0.5979644954204559, 0.47729237377643585, 0.5637037754058838, 0.4881981313228607, 0.5712348520755768, 0.5696387588977814, 0.5237595736980438, 0.5274718403816223, 0.5684196352958679, 0.595168948173523, 0.5079676508903503, 0.5434534251689911, 0.5151417553424835, 0.4938829094171524, 0.5277792513370514, 0.5340264141559601, 0.560013473033905, 0.5115356147289276, 0.6290045380592346, 0.5481173694133759, 0.5034302622079849, 0.41609320044517517, 0.5541796088218689, 0.5940618216991425, 0.5698115527629852, 0.5804262161254883, 0.6229232549667358, 0.5554672479629517, 0.5244230926036835, 0.5227518081665039], "train_acc": [0.5333333333333333, 0.6666666666666666, 0.6666666666666666, 0.6666666666666666, 0.6666666666666666, 0.6666666666666666, 0.6666666666666666, 0.6666666666666666, 0.6666666666666666, 0.6666666666666666, 0.6666666666666666, 0.6666666666666666, 0.6666666666666666, 0.6666666666666666, 0.6666666666666666, 0.6666666666666666, 0.6666666666666666, 0.6666666666666666, 0.6666666666666666, 0.6666666666666666, 0.6666666666666666, 0.6666666666666666, 0.6666666666666666, 0.6666666666666666, 0.6666666666666666, 0.6666666666666666, 0.6666666666666666, 0.6666666666666666, 0.6666666666666666, 0.6666666666666666, 0.6666666666666666, 0.6666666666666666, 0.6666666666666666, 0.6666666666666666, 0.6666666666666666, 0.6666666666666666, 0.6666666666666666, 0.6666666666666666, 0.6666666666666666, 0.6666666666666666, 0.6666666666666666, 0.6666666666666666, 0.6666666666666666, 0.6666666666666666, 0.6666666666666666, 0.6666666666666666, 0.6666666666666666, 0.6666666666666666, 0.6666666666666666, 0.6666666666666666, 0.6666666666666666, 0.6666666666666666, 0.6666666666666666, 0.6666666666666666, 0.6666666666666666, 0.6666666666666666, 0.6666666666666666, 0.6666666666666666, 0.6666666666666666, 0.6666666666666666, 0.6933333333333334, 0.7066666666666667, 0.7266666666666667, 0.7533333333333333, 0.7533333333333333, 0.7, 0.72, 0.7333333333333333, 0.72, 0.7333333333333333, 0.74, 0.74, 0.7466666666666667, 0.7666666666666667, 0.7333333333333333, 0.7533333333333333, 0.7533333333333333, 0.7733333333333333, 0.7666666666666667, 0.7466666666666667, 0.7666666666666667, 0.74, 0.7533333333333333, 0.7466666666666667, 0.7466666666666667, 0.7466666666666667, 0.7466666666666667, 0.74, 0.7333333333333333, 0.7333333333333333, 0.7466666666666667, 0.7466666666666667, 0.78, 0.7466666666666667, 0.7266666666666667, 0.72, 0.7266666666666667, 0.74, 0.74, 0.76], "val_loss": [0.6730698347091675, 0.657077431678772, 0.6400429010391235, 0.6195147633552551, 0.5995742678642273, 0.5872433185577393, 0.5854747295379639, 0.5850914716720581, 0.5862277746200562, 0.5906022787094116, 0.5971991419792175, 0.6045676469802856, 0.6092110872268677, 0.6127203106880188, 0.6149323582649231, 0.6155881285667419, 0.614853024482727, 0.6118109226226807, 0.607621431350708, 0.6026570200920105, 0.5960770845413208, 0.589644193649292, 0.5854696035385132, 0.5829602479934692, 0.580479085445404, 0.5778444409370422, 0.5765368938446045, 0.5771414637565613, 0.5788264870643616, 0.5806607007980347, 0.581409215927124, 0.5818286538124084, 0.5798233151435852, 0.576022744178772, 0.5725431442260742, 0.5689978003501892, 0.566713809967041, 0.5678738951683044, 0.5698050260543823, 0.5678365230560303, 0.5616207718849182, 0.5629904270172119, 0.5625985264778137, 0.5372201204299927, 0.5126357674598694, 0.5011813044548035, 0.49481186270713806, 0.4964890480041504, 0.49914470314979553, 0.5014631748199463, 0.4794163703918457, 0.46090322732925415, 0.4546734094619751, 0.44891154766082764, 0.4362674653530121, 0.4225413501262665, 0.40916723012924194, 0.42518937587738037, 0.4716266989707947, 0.4881202280521393, 0.4573862850666046, 0.42386695742607117, 0.4029715955257416, 0.3733557164669037, 0.3633559048175812, 0.364689439535141, 0.37133246660232544, 0.39069169759750366, 0.4132407605648041, 0.40464603900909424, 0.3856354057788849, 0.3632434904575348, 0.35159996151924133, 0.3555697202682495, 0.3624582290649414, 0.39022672176361084, 0.41465890407562256, 0.3927311599254608, 0.38148653507232666, 0.38780003786087036, 0.3842935264110565, 0.3713407516479492, 0.35418862104415894, 0.34335529804229736, 0.3396485149860382, 0.3468022644519806, 0.3505352735519409, 0.3355615735054016, 0.3360978364944458, 0.3508235216140747, 0.35131025314331055, 0.3360291123390198, 0.3346915543079376, 0.3430095911026001, 0.3866208791732788, 0.4366578161716461, 0.44727468490600586, 0.4236106276512146, 0.3960498571395874, 0.3730408847332001], "val_acc": [0.7222222222222222, 0.7222222222222222, 0.7222222222222222, 0.7222222222222222, 0.7222222222222222, 0.7222222222222222, 0.7222222222222222, 0.7222222222222222, 0.7222222222222222, 0.7222222222222222, 0.7222222222222222, 0.7222222222222222, 0.7222222222222222, 0.7222222222222222, 0.7222222222222222, 0.7222222222222222, 0.7222222222222222, 0.7222222222222222, 0.7222222222222222, 0.7222222222222222, 0.7222222222222222, 0.7222222222222222, 0.7222222222222222, 0.7222222222222222, 0.7222222222222222, 0.7222222222222222, 0.7222222222222222, 0.7222222222222222, 0.7222222222222222, 0.7222222222222222, 0.7222222222222222, 0.7222222222222222, 0.7222222222222222, 0.7222222222222222, 0.7222222222222222, 0.7222222222222222, 0.7222222222222222, 0.7222222222222222, 0.7222222222222222, 0.7222222222222222, 0.7222222222222222, 0.7222222222222222, 0.7222222222222222, 0.7222222222222222, 0.7222222222222222, 0.7222222222222222, 0.7222222222222222, 0.7222222222222222, 0.7222222222222222, 0.7222222222222222, 0.7222222222222222, 0.7222222222222222, 0.7222222222222222, 0.7222222222222222, 0.7222222222222222, 0.7222222222222222, 0.7222222222222222, 0.7222222222222222, 0.7222222222222222, 0.8333333333333334, 0.8888888888888888, 0.8888888888888888, 0.8888888888888888, 0.8888888888888888, 0.8888888888888888, 0.8888888888888888, 0.9444444444444444, 0.9444444444444444, 0.9444444444444444, 0.9444444444444444, 0.9444444444444444, 0.9444444444444444, 0.9444444444444444, 0.9444444444444444, 0.9444444444444444, 0.9444444444444444, 0.9444444444444444, 0.9444444444444444, 0.9444444444444444, 0.9444444444444444, 0.9444444444444444, 0.9444444444444444, 0.9444444444444444, 0.9444444444444444, 0.9444444444444444, 0.9444444444444444, 0.9444444444444444, 0.9444444444444444, 0.9444444444444444, 0.9444444444444444, 0.9444444444444444, 0.9444444444444444, 0.9444444444444444, 0.9444444444444444, 0.9444444444444444, 0.8888888888888888, 0.8888888888888888, 0.9444444444444444, 0.9444444444444444, 0.9444444444444444]}