{"train_loss": [0.7268790602684021, 0.7274921238422394, 0.7193827331066132, 0.7004447281360626, 0.6843706667423248, 0.6692686378955841, 0.6433717012405396, 0.6124419271945953, 0.6034267544746399, 0.5862611830234528, 0.6600226163864136, 0.6089737415313721, 0.580009937286377, 0.5611361265182495, 0.6141055524349213, 0.563744306564331, 0.556564524769783, 0.5796245038509369, 0.582536518573761, 0.5869828164577484, 0.6060484945774078, 0.550175815820694, 0.5776281356811523, 0.6318198442459106, 0.5168019384145737, 0.6143883466720581, 0.5642113983631134, 0.5106329321861267, 0.58941450715065, 0.6754986345767975, 0.5556607246398926, 0.5636601746082306, 0.5509724915027618, 0.5651781857013702, 0.6141473650932312, 0.5625443160533905, 0.5211175233125687, 0.4992287755012512, 0.508633092045784, 0.4919622987508774, 0.5378998219966888, 0.495502769947052, 0.4606175422668457, 0.5611983835697174, 0.48817673325538635, 0.581824392080307, 0.5138694941997528, 0.5367751121520996, 0.5199951231479645, 0.5191587656736374, 0.4930429011583328, 0.6163729578256607, 0.46701468527317047, 0.4764801859855652, 0.5020366758108139, 0.5235837548971176, 0.47464998066425323, 0.453336626291275, 0.5006237030029297, 0.5490861982107162, 0.4673693776130676, 0.5093449652194977, 0.4811750501394272, 0.47907014191150665, 0.5285110920667648, 0.4676112234592438, 0.4289768934249878, 0.4892243891954422, 0.46004287898540497, 0.45612257719039917, 0.468680664896965, 0.4795476943254471, 0.46031519770622253, 0.4322507083415985, 0.4918156564235687, 0.504976749420166, 0.47059231996536255, 0.4762241691350937, 0.44273310899734497, 0.4630082845687866, 0.5203944146633148, 0.4668540507555008, 0.4705066531896591, 0.49252475798130035, 0.4464557319879532, 0.5140893906354904, 0.43021419644355774, 0.5301407426595688, 0.514536440372467, 0.45405854284763336, 0.5160551220178604, 0.4240783154964447, 0.4445090889930725, 0.3938300907611847, 0.47185610234737396, 0.42068347334861755, 0.5053944438695908, 0.42031678557395935, 0.4400259554386139, 0.46414174139499664], "train_acc": [0.30666666666666664, 0.30666666666666664, 0.30666666666666664, 0.30666666666666664, 0.5266666666666666, 0.7066666666666667, 0.6933333333333334, 0.6933333333333334, 0.6933333333333334, 0.6933333333333334, 0.6933333333333334, 0.6933333333333334, 0.6933333333333334, 0.6933333333333334, 0.6933333333333334, 0.6933333333333334, 0.6933333333333334, 0.6933333333333334, 0.6933333333333334, 0.6933333333333334, 0.6933333333333334, 0.6933333333333334, 0.6933333333333334, 0.6933333333333334, 0.6933333333333334, 0.6933333333333334, 0.6933333333333334, 0.6933333333333334, 0.6933333333333334, 0.6933333333333334, 0.6933333333333334, 0.6933333333333334, 0.6933333333333334, 0.6933333333333334, 0.6933333333333334, 0.6933333333333334, 0.6933333333333334, 0.6933333333333334, 0.6933333333333334, 0.6933333333333334, 0.6933333333333334, 0.6933333333333334, 0.6933333333333334, 0.6933333333333334, 0.6933333333333334, 0.7, 0.7066666666666667, 0.7733333333333333, 0.7533333333333333, 0.7733333333333333, 0.7733333333333333, 0.78, 0.78, 0.7533333333333333, 0.7666666666666667, 0.78, 0.8, 0.8066666666666666, 0.8, 0.8133333333333334, 0.7866666666666666, 0.7866666666666666, 0.8066666666666666, 0.7866666666666666, 0.78, 0.7866666666666666, 0.7866666666666666, 0.78, 0.7933333333333333, 0.7933333333333333, 0.7933333333333333, 0.82, 0.7866666666666666, 0.7733333333333333, 0.7866666666666666, 0.8, 0.7733333333333333, 0.7733333333333333, 0.8133333333333334, 0.8, 0.7933333333333333, 0.8, 0.8066666666666666, 0.7933333333333333, 0.7933333333333333, 0.8133333333333334, 0.8066666666666666, 0.82, 0.8, 0.8066666666666666, 0.8066666666666666, 0.82, 0.8266666666666667, 0.8266666666666667, 0.82, 0.8, 0.8066666666666666, 0.7933333333333333, 0.7866666666666666, 0.8266666666666667], "val_loss": [0.7045307755470276, 0.7014038562774658, 0.6978726983070374, 0.6937537789344788, 0.6892974376678467, 0.6855847239494324, 0.6844639182090759, 0.6898908615112305, 0.708327054977417, 0.7436317205429077, 0.772521436214447, 0.7704119086265564, 0.7557597160339355, 0.7419065237045288, 0.7284300327301025, 0.7169461846351624, 0.7119990587234497, 0.7116013765335083, 0.7128108143806458, 0.7149079442024231, 0.7154368162155151, 0.7160912752151489, 0.7181375026702881, 0.7153943181037903, 0.711759626865387, 0.7112181186676025, 0.707675039768219, 0.7076466083526611, 0.7101596593856812, 0.7048976421356201, 0.6958290934562683, 0.6911476850509644, 0.6895065307617188, 0.6904690861701965, 0.6900604367256165, 0.6870373487472534, 0.6862296462059021, 0.6910056471824646, 0.7010052800178528, 0.7117535471916199, 0.7161669731140137, 0.7093422412872314, 0.697766125202179, 0.6808611750602722, 0.6629852652549744, 0.6496318578720093, 0.6410365700721741, 0.6374582648277283, 0.6352741718292236, 0.6352117657661438, 0.6393227577209473, 0.64251309633255, 0.6391520500183105, 0.6399263143539429, 0.641261875629425, 0.6396638751029968, 0.6390774250030518, 0.6449992656707764, 0.6527553200721741, 0.6455336213111877, 0.6335868239402771, 0.6288803219795227, 0.6286743879318237, 0.6308914422988892, 0.634668231010437, 0.6395366191864014, 0.652255654335022, 0.6632623076438904, 0.663541853427887, 0.6574462056159973, 0.6466902494430542, 0.6405516862869263, 0.6320975422859192, 0.6300283670425415, 0.6353000998497009, 0.6416386365890503, 0.6423165798187256, 0.6372086405754089, 0.6350211501121521, 0.6433690190315247, 0.6563454866409302, 0.654009222984314, 0.6439293622970581, 0.6364924311637878, 0.6319292187690735, 0.6322612166404724, 0.6354066133499146, 0.641980767250061, 0.6388435959815979, 0.6355177164077759, 0.6345036625862122, 0.6366574168205261, 0.6490778923034668, 0.6664845943450928, 0.6743746995925903, 0.6693255305290222, 0.6523949503898621, 0.6420885324478149, 0.6415599584579468, 0.641474723815918], "val_acc": [0.4444444444444444, 0.4444444444444444, 0.4444444444444444, 0.4444444444444444, 0.5555555555555556, 0.5555555555555556, 0.5555555555555556, 0.5555555555555556, 0.5555555555555556, 0.5555555555555556, 0.5555555555555556, 0.5555555555555556, 0.5555555555555556, 0.5555555555555556, 0.5555555555555556, 0.5555555555555556, 0.5555555555555556, 0.5555555555555556, 0.5555555555555556, 0.5555555555555556, 0.5555555555555556, 0.5555555555555556, 0.5555555555555556, 0.5555555555555556, 0.5555555555555556, 0.5555555555555556, 0.5555555555555556, 0.5555555555555556, 0.5555555555555556, 0.5555555555555556, 0.5555555555555556, 0.5555555555555556, 0.5555555555555556, 0.5555555555555556, 0.5555555555555556, 0.5555555555555556, 0.5555555555555556, 0.5555555555555556, 0.5555555555555556, 0.5555555555555556, 0.5555555555555556, 0.5555555555555556, 0.5555555555555556, 0.5555555555555556, 0.5555555555555556, 0.6111111111111112, 0.6111111111111112, 0.6666666666666666, 0.6666666666666666, 0.6666666666666666, 0.6666666666666666, 0.6666666666666666, 0.6666666666666666, 0.7777777777777778, 0.7777777777777778, 0.7777777777777778, 0.7777777777777778, 0.7777777777777778, 0.7777777777777778, 0.7777777777777778, 0.7222222222222222, 0.6666666666666666, 0.6666666666666666, 0.6666666666666666, 0.7222222222222222, 0.7222222222222222, 0.7222222222222222, 0.7222222222222222, 0.7222222222222222, 0.7222222222222222, 0.7222222222222222, 0.6666666666666666, 0.6666666666666666, 0.6666666666666666, 0.6666666666666666, 0.6666666666666666, 0.6666666666666666, 0.6666666666666666, 0.6666666666666666, 0.6666666666666666, 0.6666666666666666, 0.6666666666666666, 0.6666666666666666, 0.6666666666666666, 0.5555555555555556, 0.5555555555555556, 0.6666666666666666, 0.6666666666666666, 0.6666666666666666, 0.6666666666666666, 0.6666666666666666, 0.6666666666666666, 0.6666666666666666, 0.6666666666666666, 0.7222222222222222, 0.7222222222222222, 0.6666666666666666, 0.6666666666666666, 0.6666666666666666, 0.6666666666666666]}