{"train_loss": [0.7666551768779755, 0.6746209263801575, 0.6187320053577423, 0.6172554790973663, 0.5944001972675323, 0.545366570353508, 0.6853989064693451, 0.6200922131538391, 0.62107914686203, 0.5810793340206146, 0.679898738861084, 0.5995284020900726, 0.5924272239208221, 0.6021150350570679, 0.6367550492286682, 0.5795828104019165, 0.5528675317764282, 0.5434578657150269, 0.5860665440559387, 0.555576354265213, 0.5680442750453949, 0.5397335290908813, 0.605795681476593, 0.5459355115890503, 0.49489375948905945, 0.5588980615139008, 0.5742708444595337, 0.5415976941585541, 0.5484359860420227, 0.4956904500722885, 0.5610963702201843, 0.5496882498264313, 0.582825243473053, 0.554180771112442, 0.4996185302734375, 0.5718398988246918, 0.546305924654007, 0.5635975301265717, 0.5154051929712296, 0.612360805273056, 0.6031789183616638, 0.6185357570648193, 0.5156756639480591, 0.5212496370077133, 0.5540241599082947, 0.5167626142501831, 0.5593611299991608, 0.459019735455513, 0.6268112361431122, 0.4460738003253937, 0.49017269909381866, 0.5049222558736801, 0.571396142244339, 0.48843030631542206, 0.5153259932994843, 0.470745787024498, 0.5489447712898254, 0.5699025094509125, 0.5395730435848236, 0.5767841637134552, 0.536173015832901, 0.6152531504631042, 0.4644509106874466, 0.4690174013376236, 0.5329099893569946, 0.4840744733810425, 0.5255933105945587, 0.555208832025528, 0.5296993255615234, 0.5177222490310669, 0.533320277929306, 0.4466022402048111, 0.5804826617240906, 0.49936310946941376, 0.5871401429176331, 0.5195726454257965, 0.47882021963596344, 0.5187167674303055, 0.5118693113327026, 0.5474162101745605, 0.4807067960500717, 0.5386930406093597, 0.490581676363945, 0.4872226119041443, 0.5339708626270294, 0.4844444543123245, 0.5160742551088333, 0.4944351613521576, 0.5995208770036697, 0.5221753716468811, 0.4799395650625229, 0.3941893056035042, 0.5737026035785675, 0.5324345529079437, 0.5712839066982269, 0.4948704391717911, 0.6289210021495819, 0.5205949544906616, 0.5209197402000427, 0.5605206787586212], "train_acc": [0.64, 0.6666666666666666, 0.6666666666666666, 0.6666666666666666, 0.6666666666666666, 0.6733333333333333, 0.6666666666666666, 0.6466666666666666, 0.66, 0.6466666666666666, 0.68, 0.6666666666666666, 0.66, 0.66, 0.6733333333333333, 0.6733333333333333, 0.68, 0.6866666666666666, 0.6933333333333334, 0.6933333333333334, 0.7, 0.7266666666666667, 0.7333333333333333, 0.7266666666666667, 0.7266666666666667, 0.72, 0.7333333333333333, 0.7466666666666667, 0.72, 0.6933333333333334, 0.7466666666666667, 0.74, 0.72, 0.74, 0.7133333333333334, 0.6733333333333333, 0.68, 0.7533333333333333, 0.74, 0.72, 0.72, 0.7333333333333333, 0.7533333333333333, 0.7533333333333333, 0.7333333333333333, 0.7133333333333334, 0.6733333333333333, 0.6866666666666666, 0.7333333333333333, 0.74, 0.76, 0.7333333333333333, 0.7333333333333333, 0.74, 0.7533333333333333, 0.7466666666666667, 0.6933333333333334, 0.7066666666666667, 0.7666666666666667, 0.7333333333333333, 0.7066666666666667, 0.7266666666666667, 0.7333333333333333, 0.76, 0.7666666666666667, 0.7466666666666667, 0.7466666666666667, 0.74, 0.7466666666666667, 0.7266666666666667, 0.7533333333333333, 0.7733333333333333, 0.7533333333333333, 0.7933333333333333, 0.7866666666666666, 0.7733333333333333, 0.76, 0.76, 0.7466666666666667, 0.7333333333333333, 0.78, 0.7466666666666667, 0.76, 0.7533333333333333, 0.7533333333333333, 0.76, 0.8066666666666666, 0.7933333333333333, 0.78, 0.7733333333333333, 0.7733333333333333, 0.78, 0.7266666666666667, 0.8066666666666666, 0.72, 0.78, 0.7666666666666667, 0.7533333333333333, 0.78, 0.7266666666666667], "val_loss": [0.6658174395561218, 0.6134979724884033, 0.5729067921638489, 0.5648820400238037, 0.5625059008598328, 0.5763224959373474, 0.5393610596656799, 0.5873265266418457, 0.5658915042877197, 0.5321489572525024, 0.5249955058097839, 0.5282943248748779, 0.5288941860198975, 0.5073807239532471, 0.4923965036869049, 0.4883168041706085, 0.4779948592185974, 0.4642450511455536, 0.458163857460022, 0.46188682317733765, 0.4608112573623657, 0.4537719190120697, 0.4512878954410553, 0.4664675295352936, 0.39305493235588074, 0.3669905960559845, 0.40824994444847107, 0.45244523882865906, 0.4201359748840332, 0.4076428711414337, 0.373506098985672, 0.4399230480194092, 0.45343267917633057, 0.4338585138320923, 0.4290224313735962, 0.42444106936454773, 0.40308940410614014, 0.4087850749492645, 0.4384510815143585, 0.4357735812664032, 0.4174969792366028, 0.4332920014858246, 0.44263800978660583, 0.41389262676239014, 0.41535335779190063, 0.433988481760025, 0.4362047016620636, 0.40600335597991943, 0.3957720100879669, 0.40669095516204834, 0.3814127445220947, 0.3604224920272827, 0.36067068576812744, 0.37708914279937744, 0.3871043622493744, 0.40307796001434326, 0.3858756422996521, 0.3784278929233551, 0.4230441749095917, 0.43710237741470337, 0.388357549905777, 0.3649854063987732, 0.3746035695075989, 0.36991575360298157, 0.3736277222633362, 0.38259223103523254, 0.36692801117897034, 0.3681624233722687, 0.3969383239746094, 0.3681785762310028, 0.3450283408164978, 0.3436961770057678, 0.38545554876327515, 0.42507192492485046, 0.3746761977672577, 0.35616862773895264, 0.33717069029808044, 0.34934520721435547, 0.3820350766181946, 0.35269585251808167, 0.3459969460964203, 0.32220304012298584, 0.3656958043575287, 0.33027172088623047, 0.332333505153656, 0.3609955906867981, 0.3757515549659729, 0.3348594307899475, 0.3399675488471985, 0.3853149712085724, 0.3193587064743042, 0.33576488494873047, 0.34470459818840027, 0.4541577100753784, 0.3326202630996704, 0.344992995262146, 0.35294073820114136, 0.42382460832595825, 0.46552595496177673, 0.384939581155777], "val_acc": [0.7222222222222222, 0.7222222222222222, 0.7222222222222222, 0.7222222222222222, 0.7222222222222222, 0.7222222222222222, 0.7222222222222222, 0.6666666666666666, 0.7222222222222222, 0.7222222222222222, 0.7222222222222222, 0.7777777777777778, 0.7777777777777778, 0.7777777777777778, 0.7777777777777778, 0.7777777777777778, 0.7777777777777778, 0.7777777777777778, 0.7777777777777778, 0.8333333333333334, 0.7777777777777778, 0.7777777777777778, 0.7777777777777778, 0.7777777777777778, 0.8333333333333334, 0.8888888888888888, 0.9444444444444444, 0.7222222222222222, 0.7222222222222222, 0.8333333333333334, 0.8333333333333334, 0.8888888888888888, 0.9444444444444444, 0.7777777777777778, 0.7222222222222222, 0.7777777777777778, 0.8333333333333334, 0.8888888888888888, 0.8888888888888888, 0.8333333333333334, 0.8888888888888888, 0.8888888888888888, 0.8888888888888888, 0.7777777777777778, 0.7777777777777778, 0.7222222222222222, 0.7222222222222222, 0.7777777777777778, 0.8888888888888888, 0.8888888888888888, 0.8888888888888888, 0.8888888888888888, 0.9444444444444444, 0.9444444444444444, 0.8888888888888888, 0.7222222222222222, 0.7777777777777778, 0.9444444444444444, 0.8888888888888888, 0.8333333333333334, 0.8888888888888888, 0.9444444444444444, 0.9444444444444444, 0.9444444444444444, 0.8888888888888888, 0.8333333333333334, 0.8888888888888888, 0.9444444444444444, 0.9444444444444444, 0.9444444444444444, 0.9444444444444444, 0.9444444444444444, 0.9444444444444444, 0.8888888888888888, 0.9444444444444444, 0.9444444444444444, 0.9444444444444444, 0.9444444444444444, 0.8888888888888888, 0.9444444444444444, 0.8888888888888888, 0.9444444444444444, 0.8888888888888888, 0.9444444444444444, 0.9444444444444444, 0.9444444444444444, 0.9444444444444444, 0.9444444444444444, 0.9444444444444444, 0.9444444444444444, 0.9444444444444444, 0.9444444444444444, 0.9444444444444444, 0.8333333333333334, 0.9444444444444444, 0.9444444444444444, 0.8888888888888888, 0.9444444444444444, 0.8333333333333334, 0.9444444444444444]}