{"train_loss": [0.6945743262767792, 0.6678899526596069, 0.5600901246070862, 0.6309974193572998, 0.6292276680469513, 0.6096567213535309, 0.6113040447235107, 0.5853316783905029, 0.5591916143894196, 0.5815541744232178, 0.592439740896225, 0.6085629463195801, 0.5850530862808228, 0.5288702994585037, 0.5413073748350143, 0.6964007019996643, 0.5665234923362732, 0.5997102558612823, 0.6083600223064423, 0.5203424394130707, 0.6086048483848572, 0.5323933511972427, 0.5340805649757385, 0.568083256483078, 0.5159153789281845, 0.5966455638408661, 0.5250292420387268, 0.6000466197729111, 0.5545990616083145, 0.5232829451560974, 0.5747812688350677, 0.5088114738464355, 0.4721682369709015, 0.5623553991317749, 0.5086823552846909, 0.5010271668434143, 0.597397655248642, 0.4208518713712692, 0.4514606148004532, 0.5069089233875275, 0.5287096202373505, 0.50792396068573, 0.42125916481018066, 0.5878585427999496, 0.5182175040245056, 0.5828107595443726, 0.5530542731285095, 0.48667673766613007, 0.42969295382499695, 0.49178101122379303, 0.4699516147375107, 0.4667801409959793, 0.4709264636039734, 0.5242314040660858, 0.39261260628700256, 0.49638061225414276, 0.4605395495891571, 0.5094010829925537, 0.47396957874298096, 0.4648939520120621, 0.5310042649507523, 0.5428569465875626, 0.5059429854154587, 0.43951088190078735, 0.4538732320070267, 0.45578499138355255, 0.43072132766246796, 0.5039231330156326, 0.5050139278173447, 0.48060841858386993, 0.5141676366329193, 0.507774755358696, 0.5537990629673004, 0.44469060003757477, 0.4002586603164673, 0.46443744003772736, 0.6478800624608994, 0.4307088106870651, 0.488677054643631, 0.5077302008867264, 0.5540598183870316, 0.48430757224559784, 0.4257999062538147, 0.472821444272995, 0.4308519810438156, 0.4964873641729355, 0.4786040484905243, 0.4700664132833481, 0.49095064401626587, 0.489204004406929, 0.4337737262248993, 0.4464290142059326, 0.5211799293756485, 0.4063340574502945, 0.40124133229255676, 0.5254480987787247, 0.4386804550886154, 0.4948275536298752, 0.41783730685710907, 0.47995825111866], "train_acc": [0.3466666666666667, 0.6933333333333334, 0.6933333333333334, 0.6933333333333334, 0.6933333333333334, 0.6933333333333334, 0.7, 0.6933333333333334, 0.6933333333333334, 0.6933333333333334, 0.6933333333333334, 0.6866666666666666, 0.7, 0.6933333333333334, 0.68, 0.68, 0.7133333333333334, 0.7066666666666667, 0.7466666666666667, 0.7066666666666667, 0.7, 0.6933333333333334, 0.7066666666666667, 0.7333333333333333, 0.7666666666666667, 0.7333333333333333, 0.7266666666666667, 0.7533333333333333, 0.7666666666666667, 0.7133333333333334, 0.7, 0.7666666666666667, 0.7733333333333333, 0.78, 0.7866666666666666, 0.76, 0.72, 0.7866666666666666, 0.7866666666666666, 0.7866666666666666, 0.76, 0.72, 0.7933333333333333, 0.7933333333333333, 0.8, 0.7466666666666667, 0.72, 0.7866666666666666, 0.78, 0.78, 0.7933333333333333, 0.78, 0.7666666666666667, 0.7933333333333333, 0.7866666666666666, 0.8, 0.78, 0.8, 0.7933333333333333, 0.8, 0.7866666666666666, 0.7666666666666667, 0.7933333333333333, 0.8, 0.8, 0.8066666666666666, 0.8, 0.7933333333333333, 0.7866666666666666, 0.8066666666666666, 0.7733333333333333, 0.7866666666666666, 0.7866666666666666, 0.7933333333333333, 0.8, 0.7933333333333333, 0.7933333333333333, 0.8066666666666666, 0.7933333333333333, 0.8, 0.8133333333333334, 0.8066666666666666, 0.8066666666666666, 0.8, 0.8, 0.8066666666666666, 0.7933333333333333, 0.8, 0.78, 0.8, 0.8133333333333334, 0.82, 0.82, 0.8066666666666666, 0.82, 0.8066666666666666, 0.8, 0.7933333333333333, 0.78, 0.8], "val_loss": [0.6975399851799011, 0.6976463198661804, 0.8793346881866455, 0.9337809681892395, 0.7021737694740295, 0.6754648685455322, 0.6900026202201843, 0.8005163669586182, 0.8967089056968689, 0.7472467422485352, 0.6563912630081177, 0.6312402486801147, 0.6470142602920532, 0.8021621704101562, 0.8179604411125183, 0.6149373054504395, 0.5916052460670471, 0.6235885620117188, 0.6817319989204407, 0.7682956457138062, 0.8056077361106873, 0.7260305881500244, 0.6571480631828308, 0.6019089221954346, 0.5571486353874207, 0.5251578688621521, 0.5300801992416382, 0.5989716649055481, 0.6248903870582581, 0.6396688222885132, 0.6600158214569092, 0.6540489792823792, 0.6416317820549011, 0.5811023712158203, 0.5318987369537354, 0.518713653087616, 0.6203027367591858, 0.8755433559417725, 0.851488471031189, 0.6741167306900024, 0.6410291194915771, 0.6458853483200073, 0.7281942367553711, 0.6090065240859985, 0.5002071261405945, 0.5140478014945984, 0.5333773493766785, 0.681555986404419, 0.8584847450256348, 0.707421064376831, 0.5659613013267517, 0.532977819442749, 0.536250114440918, 0.5966432690620422, 0.6773279905319214, 0.6716444492340088, 0.6007770299911499, 0.5833159685134888, 0.549056351184845, 0.5105956196784973, 0.525982141494751, 0.5499840378761292, 0.5619096755981445, 0.571903645992279, 0.5901793837547302, 0.628341019153595, 0.6764207482337952, 0.656757652759552, 0.6307437419891357, 0.6358845829963684, 0.5910425186157227, 0.5629022121429443, 0.54999178647995, 0.5556595921516418, 0.633417010307312, 0.7100051045417786, 0.5804299116134644, 0.5214319229125977, 0.5439974665641785, 0.6560466289520264, 0.7090816497802734, 0.6351196765899658, 0.5823354125022888, 0.6165450215339661, 0.7519127726554871, 0.5918657183647156, 0.5079092383384705, 0.6401799917221069, 0.7007606029510498, 0.5866721868515015, 0.6047401428222656, 0.6510749459266663, 0.6357226967811584, 0.6559929847717285, 0.8008944988250732, 0.6787695288658142, 0.4734780490398407, 0.5120385885238647, 0.791829526424408, 0.7515993118286133], "val_acc": [0.5, 0.5, 0.5, 0.5, 0.5, 0.5, 0.5, 0.5, 0.5, 0.5, 0.5, 0.5555555555555556, 0.5, 0.5, 0.5, 0.5, 0.7222222222222222, 0.5, 0.5, 0.5, 0.5, 0.5, 0.5555555555555556, 0.5, 0.6111111111111112, 0.6666666666666666, 0.6666666666666666, 0.6111111111111112, 0.5, 0.5, 0.5555555555555556, 0.5, 0.5555555555555556, 0.6666666666666666, 0.6666666666666666, 0.7222222222222222, 0.6111111111111112, 0.5, 0.5, 0.5555555555555556, 0.5, 0.5, 0.5, 0.6111111111111112, 0.7777777777777778, 0.7777777777777778, 0.7222222222222222, 0.5, 0.5, 0.5, 0.6666666666666666, 0.7222222222222222, 0.7222222222222222, 0.6111111111111112, 0.5, 0.5, 0.5555555555555556, 0.6666666666666666, 0.7222222222222222, 0.7222222222222222, 0.7222222222222222, 0.7222222222222222, 0.7222222222222222, 0.7222222222222222, 0.7222222222222222, 0.6666666666666666, 0.6111111111111112, 0.5555555555555556, 0.5, 0.5555555555555556, 0.6666666666666666, 0.7222222222222222, 0.7222222222222222, 0.7222222222222222, 0.6111111111111112, 0.5, 0.7222222222222222, 0.7777777777777778, 0.7222222222222222, 0.5, 0.5, 0.6111111111111112, 0.6666666666666666, 0.6666666666666666, 0.5555555555555556, 0.7222222222222222, 0.8333333333333334, 0.6111111111111112, 0.5555555555555556, 0.6666666666666666, 0.6111111111111112, 0.5, 0.5555555555555556, 0.5555555555555556, 0.5555555555555556, 0.5, 0.8333333333333334, 0.6666666666666666, 0.5555555555555556, 0.5555555555555556]}