{"train_loss": [0.7137726545333862, 0.6889200210571289, 0.6641292870044708, 0.6613183319568634, 0.6184316575527191, 0.5736477375030518, 0.6254349946975708, 0.5885483622550964, 0.6176493167877197, 0.6118399202823639, 0.6571910083293915, 0.6310577690601349, 0.6178002953529358, 0.6000419557094574, 0.6227521300315857, 0.5884775221347809, 0.5633055865764618, 0.6036496758460999, 0.5900872349739075, 0.6377366185188293, 0.6168112456798553, 0.5773787498474121, 0.5919277369976044, 0.6371802091598511, 0.5455893874168396, 0.6282156109809875, 0.5820922553539276, 0.5374686419963837, 0.6199523210525513, 0.6549919247627258, 0.5832969844341278, 0.5703913867473602, 0.5640487968921661, 0.6050209701061249, 0.6240918338298798, 0.5922846496105194, 0.5392009317874908, 0.524806022644043, 0.5512852370738983, 0.5091969817876816, 0.5639729499816895, 0.5491514205932617, 0.5002725720405579, 0.5319791436195374, 0.4872540533542633, 0.6397197544574738, 0.4954459220170975, 0.5767585635185242, 0.5132546424865723, 0.5460658073425293, 0.473161444067955, 0.5427766740322113, 0.5046915858983994, 0.4962669610977173, 0.47721123695373535, 0.597395271062851, 0.49596112966537476, 0.45778392255306244, 0.5121067762374878, 0.6387613862752914, 0.4756905138492584, 0.5103829056024551, 0.5151931494474411, 0.43660467863082886, 0.6695909053087234, 0.4639313220977783, 0.4533100873231888, 0.49132438004016876, 0.48375357687473297, 0.4548950642347336, 0.50880928337574, 0.5010068416595459, 0.47823141515254974, 0.48622944951057434, 0.47562550008296967, 0.5037333965301514, 0.5095043182373047, 0.6369612365961075, 0.5177865624427795, 0.49005623161792755, 0.519464761018753, 0.5448191165924072, 0.48167482018470764, 0.45717257261276245, 0.4188082218170166, 0.5975198149681091, 0.4309370070695877, 0.5446900576353073, 0.5091010183095932, 0.43822498619556427, 0.6182516664266586, 0.46033187210559845, 0.4913550466299057, 0.43686477839946747, 0.4786013066768646, 0.4709043353796005, 0.5157238394021988, 0.44317448139190674, 0.4308292865753174, 0.5074523389339447], "train_acc": [0.30666666666666664, 0.42, 0.6933333333333334, 0.6933333333333334, 0.6933333333333334, 0.6933333333333334, 0.6933333333333334, 0.6933333333333334, 0.6933333333333334, 0.6933333333333334, 0.6933333333333334, 0.6933333333333334, 0.6933333333333334, 0.6933333333333334, 0.6933333333333334, 0.6933333333333334, 0.6933333333333334, 0.6933333333333334, 0.6933333333333334, 0.6933333333333334, 0.6933333333333334, 0.6933333333333334, 0.6933333333333334, 0.6933333333333334, 0.6933333333333334, 0.6933333333333334, 0.6933333333333334, 0.6933333333333334, 0.6933333333333334, 0.6933333333333334, 0.6933333333333334, 0.6933333333333334, 0.6933333333333334, 0.6933333333333334, 0.6933333333333334, 0.6933333333333334, 0.6933333333333334, 0.6933333333333334, 0.6933333333333334, 0.6933333333333334, 0.6933333333333334, 0.6933333333333334, 0.6933333333333334, 0.6933333333333334, 0.6933333333333334, 0.6933333333333334, 0.6933333333333334, 0.6933333333333334, 0.7, 0.72, 0.6866666666666666, 0.7, 0.74, 0.7466666666666667, 0.7533333333333333, 0.7133333333333334, 0.7333333333333333, 0.7533333333333333, 0.7733333333333333, 0.7133333333333334, 0.7333333333333333, 0.7533333333333333, 0.7266666666666667, 0.8133333333333334, 0.7466666666666667, 0.7533333333333333, 0.7666666666666667, 0.74, 0.7666666666666667, 0.76, 0.72, 0.7533333333333333, 0.74, 0.74, 0.7666666666666667, 0.82, 0.7666666666666667, 0.7533333333333333, 0.7733333333333333, 0.78, 0.7866666666666666, 0.76, 0.7666666666666667, 0.7733333333333333, 0.7533333333333333, 0.7733333333333333, 0.72, 0.7333333333333333, 0.76, 0.7666666666666667, 0.7666666666666667, 0.76, 0.76, 0.7533333333333333, 0.76, 0.7866666666666666, 0.7333333333333333, 0.7866666666666666, 0.7466666666666667, 0.7866666666666666], "val_loss": [0.696883499622345, 0.6902521848678589, 0.6862732172012329, 0.6911974549293518, 0.7139183282852173, 0.7510945200920105, 0.7576581239700317, 0.7393313646316528, 0.7193143367767334, 0.705059289932251, 0.6972547173500061, 0.692629337310791, 0.690990149974823, 0.6916785836219788, 0.6946313381195068, 0.7011986970901489, 0.7150961756706238, 0.7355802059173584, 0.7496028542518616, 0.7430061101913452, 0.7233932614326477, 0.7097702622413635, 0.7038569450378418, 0.7005865573883057, 0.70060133934021, 0.7052012085914612, 0.7107111811637878, 0.7208502292633057, 0.7324269413948059, 0.7279366850852966, 0.7130985260009766, 0.7059258222579956, 0.7045462131500244, 0.706043004989624, 0.7048262357711792, 0.7005873918533325, 0.702000617980957, 0.7173657417297363, 0.7385960221290588, 0.7506410479545593, 0.7380385994911194, 0.7085831165313721, 0.6914460062980652, 0.6917490363121033, 0.7034226059913635, 0.6987359523773193, 0.6697237491607666, 0.6569921970367432, 0.6549254059791565, 0.6717568635940552, 0.6977677941322327, 0.6827003955841064, 0.6455669403076172, 0.646256148815155, 0.6962449550628662, 0.6990278959274292, 0.6468976140022278, 0.6505996584892273, 0.6842420101165771, 0.6650508046150208, 0.6386620402336121, 0.6401020884513855, 0.6567114591598511, 0.7078811526298523, 0.7019661664962769, 0.6535354256629944, 0.6495996117591858, 0.6644653081893921, 0.6976920962333679, 0.7396365404129028, 0.7316997051239014, 0.6899290084838867, 0.6551241874694824, 0.6461111903190613, 0.6506391763687134, 0.6714885830879211, 0.6925880908966064, 0.671093225479126, 0.6450755596160889, 0.6430351138114929, 0.648385226726532, 0.6693055629730225, 0.6827280521392822, 0.6797330379486084, 0.6695437431335449, 0.652907133102417, 0.641390860080719, 0.6407983303070068, 0.6431414484977722, 0.6521261930465698, 0.6640925407409668, 0.6611753106117249, 0.6627481579780579, 0.6628425717353821, 0.6675412654876709, 0.6692517399787903, 0.6661788821220398, 0.6711156964302063, 0.6767908930778503, 0.6686587333679199], "val_acc": [0.4444444444444444, 0.5555555555555556, 0.5555555555555556, 0.5555555555555556, 0.5555555555555556, 0.5555555555555556, 0.5555555555555556, 0.5555555555555556, 0.5555555555555556, 0.5555555555555556, 0.5555555555555556, 0.5555555555555556, 0.5555555555555556, 0.5555555555555556, 0.5555555555555556, 0.5555555555555556, 0.5555555555555556, 0.5555555555555556, 0.5555555555555556, 0.5555555555555556, 0.5555555555555556, 0.5555555555555556, 0.5555555555555556, 0.5555555555555556, 0.5555555555555556, 0.5555555555555556, 0.5555555555555556, 0.5555555555555556, 0.5555555555555556, 0.5555555555555556, 0.5555555555555556, 0.5555555555555556, 0.5555555555555556, 0.5555555555555556, 0.5555555555555556, 0.5555555555555556, 0.5555555555555556, 0.5555555555555556, 0.5555555555555556, 0.5555555555555556, 0.5555555555555556, 0.5555555555555556, 0.5555555555555556, 0.5555555555555556, 0.5555555555555556, 0.5555555555555556, 0.5555555555555556, 0.5, 0.6111111111111112, 0.6111111111111112, 0.6111111111111112, 0.6666666666666666, 0.5555555555555556, 0.5555555555555556, 0.6666666666666666, 0.6666666666666666, 0.5555555555555556, 0.5555555555555556, 0.6111111111111112, 0.5555555555555556, 0.5555555555555556, 0.5555555555555556, 0.5555555555555556, 0.6111111111111112, 0.6111111111111112, 0.5555555555555556, 0.5555555555555556, 0.5555555555555556, 0.5555555555555556, 0.6111111111111112, 0.6111111111111112, 0.5555555555555556, 0.5555555555555556, 0.5555555555555556, 0.5555555555555556, 0.5555555555555556, 0.5555555555555556, 0.5555555555555556, 0.5555555555555556, 0.5555555555555556, 0.5555555555555556, 0.5555555555555556, 0.6111111111111112, 0.6111111111111112, 0.5555555555555556, 0.5555555555555556, 0.5555555555555556, 0.5555555555555556, 0.5555555555555556, 0.5555555555555556, 0.5555555555555556, 0.5555555555555556, 0.5555555555555556, 0.5555555555555556, 0.5555555555555556, 0.5555555555555556, 0.5555555555555556, 0.5555555555555556, 0.5555555555555556, 0.5555555555555556]}