{"train_loss": [0.6650137603282928, 0.6265823841094971, 0.6648719906806946, 0.6119475960731506, 0.6589921116828918, 0.5723645389080048, 0.6137969791889191, 0.5824365019798279, 0.5690659582614899, 0.5855368673801422, 0.5577294528484344, 0.571776419878006, 0.6140149533748627, 0.5512123107910156, 0.6442242860794067, 0.5633744597434998, 0.5315067172050476, 0.5918187201023102, 0.5732532441616058, 0.5347410142421722, 0.5759875476360321, 0.4673149287700653, 0.5469843745231628, 0.5705477297306061, 0.519883781671524, 0.53337062895298, 0.5751354992389679, 0.48360128700733185, 0.5684159994125366, 0.4844280779361725, 0.5154826641082764, 0.5741497278213501, 0.5847804546356201, 0.5632274150848389, 0.5469445735216141, 0.5346797108650208, 0.5674482583999634, 0.5479979515075684, 0.47813138365745544, 0.5291398465633392, 0.5769576132297516, 0.5334003567695618, 0.5263388603925705, 0.42395396530628204, 0.5911017060279846, 0.5517616271972656, 0.5446685552597046, 0.55553138256073, 0.5206081569194794, 0.5275238156318665, 0.6460063755512238, 0.5108304172754288, 0.5825964212417603, 0.4834030121564865, 0.4740525633096695, 0.5847842693328857, 0.4943855553865433, 0.5394312143325806, 0.49451181292533875, 0.6120317876338959, 0.4469387084245682, 0.49701596796512604, 0.4907705932855606, 0.6259757876396179, 0.5274897217750549, 0.5044010430574417, 0.5258811414241791, 0.49115289747714996, 0.5413334369659424, 0.5212347507476807, 0.5312685072422028, 0.5513982772827148, 0.48969896137714386, 0.4288364499807358, 0.5403082966804504, 0.4836294800043106, 0.48449940979480743, 0.5473552346229553, 0.4479694068431854, 0.5816454887390137, 0.5847023725509644, 0.5219507813453674, 0.5164138078689575, 0.5859320163726807, 0.5139093697071075, 0.49183811247348785, 0.5675467550754547, 0.4060942530632019, 0.5016262084245682, 0.5553489476442337, 0.5117435455322266, 0.5256620645523071, 0.503855362534523, 0.442079558968544, 0.5113061964511871, 0.5160413235425949, 0.5315605998039246, 0.48341095447540283, 0.44877269864082336, 0.4864574819803238], "train_acc": [0.6333333333333333, 0.6533333333333333, 0.64, 0.66, 0.66, 0.6733333333333333, 0.66, 0.6333333333333333, 0.6666666666666666, 0.68, 0.68, 0.7133333333333334, 0.72, 0.7066666666666667, 0.7, 0.72, 0.72, 0.7, 0.6933333333333334, 0.6933333333333334, 0.7133333333333334, 0.7133333333333334, 0.7066666666666667, 0.72, 0.7133333333333334, 0.7333333333333333, 0.7333333333333333, 0.72, 0.72, 0.72, 0.74, 0.7333333333333333, 0.7333333333333333, 0.7066666666666667, 0.7266666666666667, 0.7333333333333333, 0.7266666666666667, 0.74, 0.7133333333333334, 0.7266666666666667, 0.72, 0.7133333333333334, 0.72, 0.7333333333333333, 0.74, 0.74, 0.7266666666666667, 0.7266666666666667, 0.7133333333333334, 0.74, 0.7066666666666667, 0.7266666666666667, 0.74, 0.7266666666666667, 0.74, 0.7333333333333333, 0.7533333333333333, 0.7333333333333333, 0.7333333333333333, 0.72, 0.7333333333333333, 0.7266666666666667, 0.7466666666666667, 0.7266666666666667, 0.7333333333333333, 0.74, 0.7333333333333333, 0.7466666666666667, 0.7333333333333333, 0.7533333333333333, 0.7266666666666667, 0.74, 0.72, 0.7133333333333334, 0.7533333333333333, 0.7333333333333333, 0.7466666666666667, 0.7333333333333333, 0.7333333333333333, 0.76, 0.7333333333333333, 0.7466666666666667, 0.72, 0.74, 0.74, 0.7466666666666667, 0.7533333333333333, 0.74, 0.7466666666666667, 0.76, 0.7333333333333333, 0.74, 0.76, 0.7533333333333333, 0.7666666666666667, 0.76, 0.7466666666666667, 0.7466666666666667, 0.7533333333333333, 0.7666666666666667], "val_loss": [0.5704290866851807, 0.5318076610565186, 0.5578157305717468, 0.711475133895874, 0.5702995657920837, 0.5702342987060547, 0.5486739277839661, 0.5867921710014343, 0.5934031009674072, 0.5967061519622803, 0.6487534642219543, 0.6865069270133972, 0.6297599673271179, 0.5920436382293701, 0.591002881526947, 0.6116833090782166, 0.5808548331260681, 0.5968239903450012, 0.5966647863388062, 0.6190031170845032, 0.5942862629890442, 0.5993533134460449, 0.6055704355239868, 0.5912774205207825, 0.6342578530311584, 0.6084607839584351, 0.60707026720047, 0.6030777096748352, 0.5936777591705322, 0.6208230257034302, 0.6563435792922974, 0.6678874492645264, 0.641505241394043, 0.5941531658172607, 0.5656502842903137, 0.5609292984008789, 0.581154465675354, 0.6012564301490784, 0.6329231858253479, 0.651151716709137, 0.6495756506919861, 0.6189157962799072, 0.5943970084190369, 0.6100932359695435, 0.6099278926849365, 0.5740678906440735, 0.5932602286338806, 0.5977432727813721, 0.6350465416908264, 0.6704224944114685, 0.6521969437599182, 0.6355361938476562, 0.5923759341239929, 0.578336775302887, 0.5903303027153015, 0.5766861438751221, 0.5793654322624207, 0.5942656993865967, 0.6078603863716125, 0.6306598782539368, 0.6564414501190186, 0.6702703237533569, 0.685737669467926, 0.6631333231925964, 0.646117091178894, 0.6117520928382874, 0.6019622683525085, 0.632049024105072, 0.6061923503875732, 0.5783535838127136, 0.5971235632896423, 0.602627694606781, 0.6165652871131897, 0.6953039169311523, 0.6626055836677551, 0.6025812029838562, 0.6091639995574951, 0.6041208505630493, 0.606728732585907, 0.6461172699928284, 0.5934628844261169, 0.5901097655296326, 0.5874268412590027, 0.5751834511756897, 0.579773485660553, 0.598759651184082, 0.6119877099990845, 0.6280197501182556, 0.6576769351959229, 0.6635773777961731, 0.6275051832199097, 0.5896486043930054, 0.5701876282691956, 0.5819605588912964, 0.6227914690971375, 0.5951237678527832, 0.5735794901847839, 0.5788086652755737, 0.6014233231544495, 0.6457683444023132], "val_acc": [0.7777777777777778, 0.7777777777777778, 0.7777777777777778, 0.5555555555555556, 0.6666666666666666, 0.7777777777777778, 0.7777777777777778, 0.6666666666666666, 0.7222222222222222, 0.7222222222222222, 0.6111111111111112, 0.6111111111111112, 0.7222222222222222, 0.6666666666666666, 0.6666666666666666, 0.7222222222222222, 0.6666666666666666, 0.6666666666666666, 0.6666666666666666, 0.7222222222222222, 0.6666666666666666, 0.7222222222222222, 0.7222222222222222, 0.6666666666666666, 0.5555555555555556, 0.7222222222222222, 0.6666666666666666, 0.6666666666666666, 0.6666666666666666, 0.6666666666666666, 0.5555555555555556, 0.5555555555555556, 0.7222222222222222, 0.6666666666666666, 0.6666666666666666, 0.6666666666666666, 0.6666666666666666, 0.6666666666666666, 0.6666666666666666, 0.6666666666666666, 0.6666666666666666, 0.6111111111111112, 0.6666666666666666, 0.6666666666666666, 0.6666666666666666, 0.6666666666666666, 0.6111111111111112, 0.6111111111111112, 0.6666666666666666, 0.6666666666666666, 0.6666666666666666, 0.6666666666666666, 0.6666666666666666, 0.7222222222222222, 0.7222222222222222, 0.7222222222222222, 0.6666666666666666, 0.6111111111111112, 0.6666666666666666, 0.6111111111111112, 0.5555555555555556, 0.6666666666666666, 0.6666666666666666, 0.6666666666666666, 0.5555555555555556, 0.6666666666666666, 0.6666666666666666, 0.6666666666666666, 0.6666666666666666, 0.6666666666666666, 0.6666666666666666, 0.6666666666666666, 0.6666666666666666, 0.6666666666666666, 0.6666666666666666, 0.6111111111111112, 0.6666666666666666, 0.6666666666666666, 0.6666666666666666, 0.6666666666666666, 0.6666666666666666, 0.6111111111111112, 0.6666666666666666, 0.6666666666666666, 0.6666666666666666, 0.6666666666666666, 0.6666666666666666, 0.6666666666666666, 0.6666666666666666, 0.6111111111111112, 0.6666666666666666, 0.6666666666666666, 0.6666666666666666, 0.6666666666666666, 0.6666666666666666, 0.6666666666666666, 0.6666666666666666, 0.6666666666666666, 0.6666666666666666, 0.6666666666666666]}