{"train_loss": [0.694739043712616, 0.6722886562347412, 0.6621044874191284, 0.6510048806667328, 0.6189067661762238, 0.5756516605615616, 0.6486099660396576, 0.6220681965351105, 0.6434323787689209, 0.6276526153087616, 0.7009212970733643, 0.600508451461792, 0.6572816669940948, 0.659299910068512, 0.6439799964427948, 0.6525729894638062, 0.6267742216587067, 0.6199713349342346, 0.6521768867969513, 0.6037217974662781, 0.6194837391376495, 0.6273040473461151, 0.6221474707126617, 0.6105120480060577, 0.5968480706214905, 0.5747410953044891, 0.6095665991306305, 0.6136820614337921, 0.6392079293727875, 0.5965055525302887, 0.6395021975040436, 0.6274321377277374, 0.6118449866771698, 0.6255174875259399, 0.619019478559494, 0.6343782544136047, 0.6507206857204437, 0.6516915559768677, 0.6409389078617096, 0.6358575224876404, 0.6485632359981537, 0.7114704847335815, 0.5686686187982559, 0.6138927936553955, 0.61549973487854, 0.5928414762020111, 0.656484067440033, 0.5515948385000229, 0.6471982598304749, 0.5817982852458954, 0.5852720737457275, 0.6583237946033478, 0.6428423225879669, 0.5880753397941589, 0.5971764922142029, 0.5975123643875122, 0.6039842665195465, 0.6403278708457947, 0.6427232325077057, 0.6248539984226227, 0.6263218522071838, 0.6551373600959778, 0.6120066344738007, 0.5725003778934479, 0.5833797752857208, 0.5731244087219238, 0.6400307416915894, 0.6209444999694824, 0.5858243405818939, 0.6002669632434845, 0.5928274989128113, 0.5477297604084015, 0.6075052618980408, 0.5417348891496658, 0.625028133392334, 0.576412558555603, 0.5769249498844147, 0.5910967588424683, 0.6069250404834747, 0.5747762322425842, 0.5561510622501373, 0.5742805004119873, 0.5866126716136932, 0.5883617401123047, 0.5626329183578491, 0.5352823436260223, 0.5756264328956604, 0.5180815160274506, 0.6599647402763367, 0.5546124279499054, 0.5011766403913498, 0.4778108596801758, 0.5980224013328552, 0.6230925023555756, 0.5516659319400787, 0.5970600247383118, 0.6170980334281921, 0.5625072419643402, 0.5235598087310791, 0.5551185011863708], "train_acc": [0.6066666666666667, 0.6666666666666666, 0.6666666666666666, 0.6666666666666666, 0.6666666666666666, 0.6666666666666666, 0.6666666666666666, 0.6666666666666666, 0.6666666666666666, 0.6666666666666666, 0.6666666666666666, 0.6666666666666666, 0.6666666666666666, 0.6666666666666666, 0.6666666666666666, 0.6666666666666666, 0.6666666666666666, 0.6666666666666666, 0.6666666666666666, 0.6666666666666666, 0.6666666666666666, 0.6666666666666666, 0.6666666666666666, 0.6666666666666666, 0.6666666666666666, 0.6666666666666666, 0.6666666666666666, 0.6666666666666666, 0.6666666666666666, 0.6666666666666666, 0.6666666666666666, 0.6666666666666666, 0.6666666666666666, 0.6666666666666666, 0.6666666666666666, 0.6666666666666666, 0.6666666666666666, 0.6666666666666666, 0.6666666666666666, 0.6666666666666666, 0.6666666666666666, 0.6666666666666666, 0.6666666666666666, 0.6666666666666666, 0.6666666666666666, 0.6666666666666666, 0.6666666666666666, 0.6666666666666666, 0.6666666666666666, 0.6666666666666666, 0.6666666666666666, 0.6666666666666666, 0.6666666666666666, 0.6666666666666666, 0.6666666666666666, 0.6666666666666666, 0.6666666666666666, 0.6666666666666666, 0.6666666666666666, 0.6666666666666666, 0.6666666666666666, 0.6666666666666666, 0.6666666666666666, 0.6666666666666666, 0.6666666666666666, 0.6666666666666666, 0.6666666666666666, 0.6666666666666666, 0.6666666666666666, 0.6666666666666666, 0.6666666666666666, 0.6666666666666666, 0.6666666666666666, 0.6666666666666666, 0.6666666666666666, 0.6666666666666666, 0.6666666666666666, 0.66, 0.66, 0.68, 0.6733333333333333, 0.6733333333333333, 0.7, 0.7066666666666667, 0.6933333333333334, 0.7, 0.7333333333333333, 0.7066666666666667, 0.7, 0.66, 0.72, 0.7066666666666667, 0.7, 0.7, 0.72, 0.7333333333333333, 0.7133333333333334, 0.7133333333333334, 0.72, 0.6933333333333334], "val_loss": [0.6731961369514465, 0.658410906791687, 0.6430809497833252, 0.6242588758468628, 0.6053003668785095, 0.5911073684692383, 0.5872729420661926, 0.5870919823646545, 0.587630569934845, 0.5908796787261963, 0.5970525741577148, 0.6037461161613464, 0.6082390546798706, 0.6121959686279297, 0.6150080561637878, 0.6163746118545532, 0.616155743598938, 0.6138502359390259, 0.610346257686615, 0.6059666275978088, 0.6004307270050049, 0.5951528549194336, 0.5908232927322388, 0.5877454280853271, 0.5857921838760376, 0.5844529867172241, 0.5837895274162292, 0.5835202932357788, 0.5840132832527161, 0.5856850147247314, 0.5879818797111511, 0.5912744998931885, 0.5935308933258057, 0.5941852927207947, 0.5939617156982422, 0.5928791165351868, 0.5920860767364502, 0.5921667218208313, 0.5930619239807129, 0.5931671261787415, 0.5934457182884216, 0.5974277853965759, 0.6008319854736328, 0.5969675183296204, 0.5902716517448425, 0.5819127559661865, 0.5762686133384705, 0.5732507109642029, 0.5717670917510986, 0.5711023807525635, 0.5702463388442993, 0.5699964165687561, 0.5732277035713196, 0.5773732662200928, 0.5772810578346252, 0.5734301805496216, 0.5675668120384216, 0.5627367496490479, 0.560703694820404, 0.5607022047042847, 0.5608864426612854, 0.5642374157905579, 0.5656893849372864, 0.5512656569480896, 0.5309674143791199, 0.5240898728370667, 0.5176615715026855, 0.5163278579711914, 0.5402891635894775, 0.5473318099975586, 0.5232031345367432, 0.4879118502140045, 0.4802688956260681, 0.4741988778114319, 0.48030757904052734, 0.5076833367347717, 0.5072476863861084, 0.4742051362991333, 0.45954740047454834, 0.45990774035453796, 0.45765793323516846, 0.4507678747177124, 0.44229114055633545, 0.43851372599601746, 0.43457236886024475, 0.4237317442893982, 0.4246934652328491, 0.4280267059803009, 0.4289679527282715, 0.4251030683517456, 0.4137088656425476, 0.4174107015132904, 0.41560301184654236, 0.4406026601791382, 0.49315929412841797, 0.4918467104434967, 0.46433892846107483, 0.4376028776168823, 0.43114373087882996, 0.43194401264190674], "val_acc": [0.7222222222222222, 0.7222222222222222, 0.7222222222222222, 0.7222222222222222, 0.7222222222222222, 0.7222222222222222, 0.7222222222222222, 0.7222222222222222, 0.7222222222222222, 0.7222222222222222, 0.7222222222222222, 0.7222222222222222, 0.7222222222222222, 0.7222222222222222, 0.7222222222222222, 0.7222222222222222, 0.7222222222222222, 0.7222222222222222, 0.7222222222222222, 0.7222222222222222, 0.7222222222222222, 0.7222222222222222, 0.7222222222222222, 0.7222222222222222, 0.7222222222222222, 0.7222222222222222, 0.7222222222222222, 0.7222222222222222, 0.7222222222222222, 0.7222222222222222, 0.7222222222222222, 0.7222222222222222, 0.7222222222222222, 0.7222222222222222, 0.7222222222222222, 0.7222222222222222, 0.7222222222222222, 0.7222222222222222, 0.7222222222222222, 0.7222222222222222, 0.7222222222222222, 0.7222222222222222, 0.7222222222222222, 0.7222222222222222, 0.7222222222222222, 0.7222222222222222, 0.7222222222222222, 0.7222222222222222, 0.7222222222222222, 0.7222222222222222, 0.7222222222222222, 0.7222222222222222, 0.7222222222222222, 0.7222222222222222, 0.7222222222222222, 0.7222222222222222, 0.7222222222222222, 0.7222222222222222, 0.7222222222222222, 0.7222222222222222, 0.7222222222222222, 0.7222222222222222, 0.7222222222222222, 0.7222222222222222, 0.7222222222222222, 0.7222222222222222, 0.7222222222222222, 0.7222222222222222, 0.7222222222222222, 0.7222222222222222, 0.7222222222222222, 0.7222222222222222, 0.7222222222222222, 0.7222222222222222, 0.7222222222222222, 0.7222222222222222, 0.7222222222222222, 0.7222222222222222, 0.8333333333333334, 0.8333333333333334, 0.8333333333333334, 0.8888888888888888, 0.8333333333333334, 0.7777777777777778, 0.7777777777777778, 0.7777777777777778, 0.8333333333333334, 0.8333333333333334, 0.8333333333333334, 0.8333333333333334, 0.8888888888888888, 0.8333333333333334, 0.8333333333333334, 0.8333333333333334, 0.8333333333333334, 0.8333333333333334, 0.8333333333333334, 0.8333333333333334, 0.8333333333333334, 0.8333333333333334]}