{"train_loss": [0.7409098744392395, 0.7099883854389191, 0.6854532361030579, 0.6590757668018341, 0.6380254328250885, 0.6227893829345703, 0.6091827154159546, 0.5783477127552032, 0.602735161781311, 0.5795286595821381, 0.6280447542667389, 0.6520229279994965, 0.6063539385795593, 0.6119595468044281, 0.579578310251236, 0.6540119051933289, 0.5705059468746185, 0.5794132351875305, 0.6512608230113983, 0.5905106365680695, 0.6076436638832092, 0.5722303986549377, 0.613631010055542, 0.6691186130046844, 0.6320412755012512, 0.6746595203876495, 0.6041814386844635, 0.6101107895374298, 0.6488694548606873, 0.5917443335056305, 0.6201391518115997, 0.5901189744472504, 0.6074758768081665, 0.5987155735492706, 0.7350663542747498, 0.6076750755310059, 0.5966876447200775, 0.552021786570549, 0.5399484187364578, 0.6190089285373688, 0.6184181571006775, 0.5546844005584717, 0.592107504606247, 0.6533852815628052, 0.6274044811725616, 0.6192280948162079, 0.558935821056366, 0.6262750029563904, 0.5861894488334656, 0.5577488243579865, 0.5724665224552155, 0.5637502670288086, 0.4984120577573776, 0.5784007906913757, 0.5318992584943771, 0.5718277990818024, 0.5498601198196411, 0.5655037462711334, 0.5352602303028107, 0.5370357036590576, 0.564220130443573, 0.5289719104766846, 0.6150388121604919, 0.537265956401825, 0.5796200037002563, 0.5442928671836853, 0.4851914197206497, 0.637653648853302, 0.5547551214694977, 0.5270166099071503, 0.529069721698761, 0.5536741316318512, 0.5925617516040802, 0.48491044342517853, 0.4809899926185608, 0.5779821872711182, 0.6762208342552185, 0.5379555821418762, 0.5230123102664948, 0.5788465440273285, 0.6169613897800446, 0.5326283276081085, 0.5221591293811798, 0.5534559488296509, 0.4898614436388016, 0.5910852253437042, 0.5291557312011719, 0.5190857648849487, 0.5235329270362854, 0.5001344531774521, 0.5618653297424316, 0.5027789175510406, 0.5679246187210083, 0.4682177007198334, 0.4593910425901413, 0.6155129373073578, 0.5935885310173035, 0.5191351473331451, 0.501159280538559, 0.5655504465103149], "train_acc": [0.30666666666666664, 0.30666666666666664, 0.54, 0.6933333333333334, 0.6933333333333334, 0.6933333333333334, 0.6933333333333334, 0.6933333333333334, 0.6933333333333334, 0.6933333333333334, 0.6933333333333334, 0.6933333333333334, 0.6933333333333334, 0.6933333333333334, 0.6933333333333334, 0.6933333333333334, 0.6933333333333334, 0.6933333333333334, 0.6933333333333334, 0.6933333333333334, 0.6933333333333334, 0.6933333333333334, 0.6933333333333334, 0.6933333333333334, 0.6933333333333334, 0.6933333333333334, 0.6933333333333334, 0.6933333333333334, 0.6933333333333334, 0.6933333333333334, 0.6933333333333334, 0.6933333333333334, 0.6933333333333334, 0.6933333333333334, 0.6933333333333334, 0.6933333333333334, 0.6933333333333334, 0.6933333333333334, 0.6933333333333334, 0.6933333333333334, 0.6933333333333334, 0.6933333333333334, 0.6933333333333334, 0.6933333333333334, 0.6933333333333334, 0.6933333333333334, 0.6933333333333334, 0.6933333333333334, 0.6933333333333334, 0.6933333333333334, 0.6933333333333334, 0.6933333333333334, 0.6933333333333334, 0.6933333333333334, 0.6933333333333334, 0.6933333333333334, 0.6933333333333334, 0.6933333333333334, 0.6933333333333334, 0.6933333333333334, 0.6933333333333334, 0.6933333333333334, 0.6933333333333334, 0.6933333333333334, 0.7133333333333334, 0.7133333333333334, 0.7066666666666667, 0.6933333333333334, 0.72, 0.7533333333333333, 0.7266666666666667, 0.7466666666666667, 0.7333333333333333, 0.74, 0.74, 0.72, 0.7133333333333334, 0.7666666666666667, 0.7533333333333333, 0.74, 0.7466666666666667, 0.76, 0.7266666666666667, 0.7333333333333333, 0.76, 0.7466666666666667, 0.7533333333333333, 0.74, 0.7466666666666667, 0.7733333333333333, 0.7266666666666667, 0.7933333333333333, 0.7666666666666667, 0.7533333333333333, 0.7333333333333333, 0.7133333333333334, 0.74, 0.74, 0.76, 0.7533333333333333], "val_loss": [0.6956237554550171, 0.6931692361831665, 0.6934244632720947, 0.6996467113494873, 0.7209898829460144, 0.7669456005096436, 0.809821367263794, 0.8108628392219543, 0.7865787744522095, 0.7617066502571106, 0.7440988421440125, 0.7297137975692749, 0.7206346392631531, 0.7178468704223633, 0.7203733921051025, 0.7264213562011719, 0.7343902587890625, 0.7501410245895386, 0.764331579208374, 0.7669721245765686, 0.7649199962615967, 0.7580883502960205, 0.7512241005897522, 0.7397321462631226, 0.7258739471435547, 0.7147586345672607, 0.7076380252838135, 0.7058026194572449, 0.7062057852745056, 0.7087295651435852, 0.7158254384994507, 0.7278545498847961, 0.7456830739974976, 0.7640788555145264, 0.7592992782592773, 0.7325730323791504, 0.7167918682098389, 0.7118123769760132, 0.7178662419319153, 0.7318506240844727, 0.7426939010620117, 0.7502334117889404, 0.7524799704551697, 0.7356016635894775, 0.711885929107666, 0.695136308670044, 0.687738299369812, 0.6870197653770447, 0.6902362108230591, 0.7041172385215759, 0.7325051426887512, 0.7511253356933594, 0.7546408176422119, 0.7388765811920166, 0.6975588202476501, 0.661564826965332, 0.6467909812927246, 0.6523084044456482, 0.663533627986908, 0.6755483746528625, 0.6500445008277893, 0.6106702089309692, 0.5984296202659607, 0.5961019396781921, 0.5909683704376221, 0.6293809413909912, 0.6935228109359741, 0.6412045955657959, 0.5811437964439392, 0.5789027810096741, 0.5762344598770142, 0.5847148895263672, 0.5886468887329102, 0.579918384552002, 0.5887715816497803, 0.5948135852813721, 0.5633988380432129, 0.557033121585846, 0.5552040338516235, 0.5582603812217712, 0.5718615055084229, 0.5779343843460083, 0.5863593816757202, 0.5895506143569946, 0.5901084542274475, 0.5845386981964111, 0.5675114989280701, 0.5625892877578735, 0.5688242316246033, 0.589826226234436, 0.5971314311027527, 0.5780981779098511, 0.5553735494613647, 0.5461674332618713, 0.573757529258728, 0.583666205406189, 0.5433968305587769, 0.523627519607544, 0.5222892761230469, 0.5326921939849854], "val_acc": [0.5, 0.5, 0.5, 0.5, 0.5, 0.5, 0.5, 0.5, 0.5, 0.5, 0.5, 0.5, 0.5, 0.5, 0.5, 0.5, 0.5, 0.5, 0.5, 0.5, 0.5, 0.5, 0.5, 0.5, 0.5, 0.5, 0.5, 0.5, 0.5, 0.5, 0.5, 0.5, 0.5, 0.5, 0.5, 0.5, 0.5, 0.5, 0.5, 0.5, 0.5, 0.5, 0.5, 0.5, 0.5, 0.5, 0.5, 0.5, 0.5, 0.5, 0.5, 0.5, 0.5, 0.5, 0.5, 0.5, 0.5, 0.5, 0.5, 0.5, 0.5, 0.5, 0.5, 0.5555555555555556, 0.5555555555555556, 0.5, 0.5, 0.5, 0.5, 0.5555555555555556, 0.5555555555555556, 0.5555555555555556, 0.5555555555555556, 0.5, 0.5555555555555556, 0.5555555555555556, 0.5555555555555556, 0.6666666666666666, 0.6666666666666666, 0.5555555555555556, 0.5, 0.5, 0.5, 0.5, 0.5, 0.5, 0.5555555555555556, 0.5555555555555556, 0.5555555555555556, 0.5, 0.5, 0.5555555555555556, 0.6111111111111112, 0.6111111111111112, 0.5555555555555556, 0.5555555555555556, 0.5555555555555556, 0.7777777777777778, 0.7777777777777778, 0.6666666666666666]}