{"train_loss": [0.741623044013977, 0.6668280959129333, 0.61856609582901, 0.6112032830715179, 0.5900893211364746, 0.5467537492513657, 0.6698824763298035, 0.6097730398178101, 0.6204306781291962, 0.5648753046989441, 0.6919813454151154, 0.5946736037731171, 0.5990530848503113, 0.6099769175052643, 0.6267779171466827, 0.5854399502277374, 0.5471327304840088, 0.5508257746696472, 0.5856282413005829, 0.5819199085235596, 0.5609399378299713, 0.5732892453670502, 0.6137062311172485, 0.5766165554523468, 0.5269996672868729, 0.5185819864273071, 0.5923752784729004, 0.5506918132305145, 0.5327101945877075, 0.5312660932540894, 0.5252777189016342, 0.5686332285404205, 0.5603780746459961, 0.5804089307785034, 0.5165889710187912, 0.5410775542259216, 0.5407362282276154, 0.5633763372898102, 0.5295547395944595, 0.5814069211483002, 0.584659069776535, 0.6296595335006714, 0.6540374159812927, 0.5621810257434845, 0.5478109121322632, 0.5261728316545486, 0.6451311707496643, 0.5199213325977325, 0.6027842164039612, 0.5138502568006516, 0.5068775415420532, 0.618738442659378, 0.5767691731452942, 0.5317420810461044, 0.5890915989875793, 0.48782874643802643, 0.5294494330883026, 0.6430744826793671, 0.5516535937786102, 0.5859550535678864, 0.5729999542236328, 0.5976819396018982, 0.5058739483356476, 0.486233189702034, 0.5166928172111511, 0.47347190976142883, 0.5998382270336151, 0.5332403779029846, 0.5771998763084412, 0.5215678215026855, 0.5543836653232574, 0.4812016040086746, 0.5745044350624084, 0.501465305685997, 0.5683749318122864, 0.5116755962371826, 0.5759570598602295, 0.5918532013893127, 0.5926939845085144, 0.5538168847560883, 0.5200241208076477, 0.5128673762083054, 0.48764602839946747, 0.520553782582283, 0.5485053360462189, 0.5449099242687225, 0.5847863256931305, 0.530798077583313, 0.5631250739097595, 0.5228950679302216, 0.5465319156646729, 0.4735061079263687, 0.5361243188381195, 0.537973016500473, 0.5403767824172974, 0.5605888068675995, 0.5937581658363342, 0.5217103362083435, 0.5350950956344604, 0.5303242206573486], "train_acc": [0.6333333333333333, 0.6666666666666666, 0.6666666666666666, 0.6666666666666666, 0.6666666666666666, 0.6666666666666666, 0.6666666666666666, 0.66, 0.6533333333333333, 0.6333333333333333, 0.6866666666666666, 0.6533333333333333, 0.6533333333333333, 0.6466666666666666, 0.66, 0.66, 0.66, 0.66, 0.6733333333333333, 0.6466666666666666, 0.6733333333333333, 0.7066666666666667, 0.6933333333333334, 0.7133333333333334, 0.7266666666666667, 0.72, 0.7, 0.7266666666666667, 0.6933333333333334, 0.6933333333333334, 0.7133333333333334, 0.7466666666666667, 0.72, 0.7, 0.7066666666666667, 0.7666666666666667, 0.7533333333333333, 0.7066666666666667, 0.6933333333333334, 0.7066666666666667, 0.7333333333333333, 0.7466666666666667, 0.6933333333333334, 0.7466666666666667, 0.6933333333333334, 0.68, 0.68, 0.6866666666666666, 0.7133333333333334, 0.7666666666666667, 0.7666666666666667, 0.7666666666666667, 0.7266666666666667, 0.6733333333333333, 0.6933333333333334, 0.6933333333333334, 0.76, 0.7533333333333333, 0.76, 0.7666666666666667, 0.74, 0.7333333333333333, 0.7133333333333334, 0.7066666666666667, 0.72, 0.7333333333333333, 0.74, 0.72, 0.74, 0.7333333333333333, 0.7266666666666667, 0.76, 0.76, 0.7266666666666667, 0.7266666666666667, 0.7266666666666667, 0.72, 0.7133333333333334, 0.72, 0.7266666666666667, 0.74, 0.7333333333333333, 0.72, 0.72, 0.72, 0.7066666666666667, 0.7, 0.72, 0.7533333333333333, 0.7666666666666667, 0.76, 0.76, 0.7733333333333333, 0.7666666666666667, 0.72, 0.7066666666666667, 0.7333333333333333, 0.7466666666666667, 0.76, 0.76], "val_loss": [0.6593686938285828, 0.6056911945343018, 0.5744688510894775, 0.567299485206604, 0.5617973208427429, 0.585925817489624, 0.5418218970298767, 0.596665620803833, 0.5646657347679138, 0.5390111804008484, 0.5352789759635925, 0.5449211001396179, 0.5557496547698975, 0.539548933506012, 0.5204523801803589, 0.5120480060577393, 0.5043640732765198, 0.4978981614112854, 0.4932897984981537, 0.4953215420246124, 0.4961490035057068, 0.5035070180892944, 0.5091058611869812, 0.5284942984580994, 0.5006040334701538, 0.4960874021053314, 0.4785304069519043, 0.46560537815093994, 0.4691021144390106, 0.4576374590396881, 0.4755798876285553, 0.4499831795692444, 0.46591058373451233, 0.4611874222755432, 0.4518517851829529, 0.4476907551288605, 0.4333106279373169, 0.4535537362098694, 0.42930179834365845, 0.4130384624004364, 0.4233497381210327, 0.5128309726715088, 0.5419332981109619, 0.4903155565261841, 0.4946815073490143, 0.5064479112625122, 0.49569839239120483, 0.5130487084388733, 0.5066068172454834, 0.4776144027709961, 0.4457549452781677, 0.4312395751476288, 0.43898916244506836, 0.46506956219673157, 0.43920832872390747, 0.4341873526573181, 0.4502275884151459, 0.45020654797554016, 0.4902397692203522, 0.5073538422584534, 0.4878849387168884, 0.4512645900249481, 0.4143271744251251, 0.39033153653144836, 0.3964426815509796, 0.3953765630722046, 0.39956948161125183, 0.4484262466430664, 0.4657653272151947, 0.43869858980178833, 0.41307950019836426, 0.407351016998291, 0.39968323707580566, 0.4061228930950165, 0.415810227394104, 0.4150477945804596, 0.4124612808227539, 0.41835176944732666, 0.43668389320373535, 0.4521251320838928, 0.4250837564468384, 0.394764244556427, 0.38639819622039795, 0.37943798303604126, 0.4004186987876892, 0.4346180856227875, 0.4367746412754059, 0.428944855928421, 0.4359528124332428, 0.445604532957077, 0.4476638436317444, 0.44502824544906616, 0.43418046832084656, 0.4232499301433563, 0.4183698296546936, 0.4129101037979126, 0.41938093304634094, 0.43197476863861084, 0.4421130418777466, 0.44669654965400696], "val_acc": [0.7222222222222222, 0.7222222222222222, 0.7222222222222222, 0.7222222222222222, 0.7222222222222222, 0.7222222222222222, 0.7222222222222222, 0.6666666666666666, 0.7777777777777778, 0.7222222222222222, 0.7222222222222222, 0.7777777777777778, 0.6666666666666666, 0.6666666666666666, 0.7777777777777778, 0.7777777777777778, 0.7777777777777778, 0.7777777777777778, 0.6666666666666666, 0.7222222222222222, 0.7222222222222222, 0.7222222222222222, 0.7222222222222222, 0.7777777777777778, 0.7222222222222222, 0.7222222222222222, 0.8333333333333334, 0.8333333333333334, 0.7222222222222222, 0.8333333333333334, 0.7777777777777778, 0.8333333333333334, 0.8333333333333334, 0.8333333333333334, 0.8333333333333334, 0.8333333333333334, 0.8333333333333334, 0.7777777777777778, 0.8333333333333334, 0.8333333333333334, 0.8333333333333334, 0.9444444444444444, 0.8888888888888888, 0.7777777777777778, 0.7777777777777778, 0.7777777777777778, 0.7777777777777778, 0.7777777777777778, 0.7777777777777778, 0.7777777777777778, 0.8333333333333334, 0.8333333333333334, 0.7222222222222222, 0.7777777777777778, 0.8333333333333334, 0.8333333333333334, 0.7777777777777778, 0.8333333333333334, 0.8333333333333334, 0.8333333333333334, 0.8333333333333334, 0.8333333333333334, 0.8333333333333334, 0.8333333333333334, 0.8333333333333334, 0.8333333333333334, 0.8333333333333334, 0.8888888888888888, 0.8333333333333334, 0.8333333333333334, 0.8333333333333334, 0.8333333333333334, 0.8333333333333334, 0.8333333333333334, 0.8333333333333334, 0.8333333333333334, 0.8333333333333334, 0.8333333333333334, 0.8333333333333334, 0.8888888888888888, 0.8333333333333334, 0.8333333333333334, 0.8333333333333334, 0.8333333333333334, 0.9444444444444444, 0.9444444444444444, 0.8888888888888888, 0.8333333333333334, 0.8333333333333334, 0.7777777777777778, 0.7777777777777778, 0.8333333333333334, 0.8333333333333334, 0.8333333333333334, 0.8333333333333334, 0.8333333333333334, 0.8333333333333334, 0.8333333333333334, 0.8333333333333334, 0.8333333333333334]}