{"train_loss": [1.1001362800598145, 1.0978100299835205], "train_acc": [0.4, 0.43333333333333335], "val_loss": [1.0985091924667358, 1.0982856750488281], "val_acc": [0.328, 0.326]}