{"train_loss": [4.109246961654178, 4.112221876780192, 4.111964123589652, 4.103829122724987, 4.1054510237678645, 4.106339571967958, 4.111594499103607, 4.100592143951901, 4.100128487935142, 4.094336222088526, 4.109132036330208, 4.107985458676777, 4.106152882651677, 4.09750078973316, 4.097595426771376, 4.103916334727454, 4.098685578694419, 4.133491258772593, 4.1110412166232155, 4.095696528752645, 4.123636011093382, 4.100736107145037, 4.114186926493569, 4.109996436134217, 4.104962890110318, 4.105669422755166, 4.101339586197384, 4.101226511455717, 4.109670052452693, 4.099253979940263], "train_mae": [1.5139068478629703, 1.5067753545821658, 1.511476094760592, 1.5078319046232436, 1.509987201009478, 1.509326666120499, 1.5093284372299436, 1.506582704801408, 1.5054503319755432, 1.5069294013674297, 1.5090441457808963, 1.5072296271248469, 1.5081662923570662, 1.5070003384635562, 1.506911554033794, 1.5071501410196697, 1.5037899547153049, 1.51159031428988, 1.509695607518393, 1.5065994603293282, 1.509197921979995, 1.5089204784423587, 1.508376021233816, 1.5067979816406492, 1.5102534369816856, 1.5042344350663444, 1.5113784888434032, 1.5037282364709037, 1.5113108896073841, 1.5036389600662958], "val_loss": [3.9159855246543884, 3.9157115519046783, 3.9165686666965485, 3.9158169329166412, 3.9178469479084015, 3.920691192150116, 3.9205866158008575, 3.9203050434589386, 3.9182918667793274, 3.9170385897159576, 3.9186209440231323, 3.9188324213027954, 3.9179851710796356, 3.9188007414340973, 3.9229512810707092, 3.9207375943660736, 3.916766971349716, 3.9171561896800995, 3.9170947670936584, 3.9195367991924286, 3.919178754091263, 3.919664114713669, 3.919438123703003, 3.9173900485038757, 3.921882838010788, 3.9158587753772736, 3.921653062105179, 3.9198097586631775, 3.9226900339126587, 3.917676270008087], "val_mae": [1.5386287868022919, 1.5406396389007568, 1.5368092060089111, 1.5429952293634415, 1.534473940730095, 1.531296193599701, 1.5313922613859177, 1.531656101346016, 1.533864438533783, 1.535804271697998, 1.5334531664848328, 1.5332013368606567, 1.5342749804258347, 1.5332383662462234, 1.5294522047042847, 1.5312537848949432, 1.5363568216562271, 1.5355859845876694, 1.5356986373662949, 1.5324206203222275, 1.5328061282634735, 1.5322890281677246, 1.5325243473052979, 1.535181537270546, 1.5302647650241852, 1.539254367351532, 1.5304553657770157, 1.532141089439392, 1.529641553759575, 1.534728541970253]}