{"train_loss": [26093.442015523004, 7.220958898937892, 6.159547143512302, 5.601081284265669, 5.211153090946258, 5.004823283543662, 5.427028701418922, 5.151304479629275, 4.828836948152572, 4.7950674200814865, 4.500574482811822, 4.250585635503133, 4.407275960558937, 4.899316912605649, 4.490418596873208, 4.396179782019721, 6.469861261428348, 7.6536301052759566, 5.789324381994823, 4.869035455915663, 4.264229112201267, 4.2687693777538485, 4.153791412474617, 4.111852505850414, 4.507672586138287, 4.207620124968272, 4.151820243351043, 4.127170786025032, 4.1053475614578, 4.108143356111315], "train_mae": [45.03251584560152, 2.030538638432821, 1.869085529493907, 1.776953481492542, 1.710376506760007, 1.6575432410315862, 1.7463969294987027, 1.6886677685238065, 1.6534679825343783, 1.6223291934482635, 1.564612557017614, 1.5246439150401525, 1.5429710622817752, 1.6415302772370597, 1.5669709027759613, 1.5566325509358967, 1.859192518960862, 2.070545781226385, 1.7736231561691043, 1.6347509565807523, 1.5337073935402765, 1.5262264656642126, 1.5059831691166712, 1.4970902336968317, 1.550462427593413, 1.5196752529295663, 1.510588943012177, 1.5082618452253795, 1.497165905104743, 1.4893123971091375], "val_loss": [12.130341172218323, 4.685699999332428, 4.16391921043396, 5.1498435735702515, 3.91634139418602, 4.1698256731033325, 3.8513215482234955, 3.83317232131958, 4.036408692598343, 4.283448278903961, 4.142705947160721, 3.801820933818817, 3.9738709330558777, 3.6166859567165375, 4.46759107708931, 4.19525408744812, 4.159863233566284, 4.567398309707642, 4.453628838062286, 4.448497503995895, 4.17298811674118, 4.451378434896469, 3.5332340598106384, 4.289912700653076, 4.2134197652339935, 4.298506319522858, 4.208497792482376, 4.1764702796936035, 3.7365957498550415, 4.163500219583511], "val_mae": [2.8234397172927856, 1.5379712134599686, 1.4743650555610657, 1.5939795821905136, 1.554411768913269, 1.6863886266946793, 1.5531771332025528, 1.5861747562885284, 1.6456565707921982, 1.7168510407209396, 1.6740303933620453, 1.5775510370731354, 1.6138893961906433, 1.4943094700574875, 1.7731425613164902, 1.6913137137889862, 1.6787942200899124, 1.7986010611057281, 1.76653391122818, 1.7654629200696945, 1.6899131387472153, 1.766328901052475, 1.4510487467050552, 1.7259089201688766, 1.7020696997642517, 1.7284287512302399, 1.7020888030529022, 1.6941299736499786, 1.5562750548124313, 1.6915597766637802]}