{"train_loss": [143594.83269574906, 14.862432517702617, 7.8582715004209485, 6.713226787627689, 6.10746391235836, 5.453595978873117, 5.020297330523294, 4.808299356036716, 4.712787340557765, 4.736482309916663, 4.503770885013399, 4.501486831241184, 4.504398966592456, 4.435801570377652, 4.276888366729494, 4.217832818863884, 4.055997693349445, 4.242331001493666, 3.923397177741641, 4.802258260666378, 8.618686172697279, 5.488163259294298, 4.595188356581188, 4.277730472504147, 4.112053859801519, 4.325427759261358, 4.606754545181516, 4.481569789704823, 4.192799004297408, 4.187368631362915], "train_mae": [84.26746234061225, 2.946500679803273, 2.133619503369407, 1.9620871373585291, 1.8604674944801936, 1.7427650595468187, 1.6615602724135867, 1.6385707666003515, 1.610617200533549, 1.6288745005925496, 1.5820332784501334, 1.5703092813491821, 1.5768246366864158, 1.5578914842908345, 1.5285966434176006, 1.5057395639873685, 1.4818123825012692, 1.527807353034852, 1.4553329679701064, 1.5202422198795138, 2.1175573193837725, 1.738539213225955, 1.5788031702949887, 1.5032935350660295, 1.4813174785129608, 1.5147612946374076, 1.5631329918664598, 1.5423896274869404, 1.4909626302264987, 1.4908838726225353], "val_loss": [13.14957082271576, 10.458450078964233, 10.24137032032013, 6.012454509735107, 6.6566720604896545, 5.8451679944992065, 4.439568638801575, 6.697569191455841, 4.631695330142975, 5.814467251300812, 4.273044288158417, 4.363547712564468, 3.701818495988846, 3.6977275013923645, 3.978349208831787, 3.5032065212726593, 4.453546822071075, 3.632451504468918, 3.428461730480194, 38.45013403892517, 7.695227265357971, 4.22905558347702, 3.6666490137577057, 3.844450205564499, 3.3432373702526093, 3.5842516720294952, 7.078690707683563, 3.3072118759155273, 3.7015803456306458, 3.2304989397525787], "val_mae": [2.8189626336097717, 2.5009244680404663, 2.4971145689487457, 1.7780359834432602, 1.8860704153776169, 1.751882165670395, 1.519076332449913, 1.9117132723331451, 1.5180975049734116, 1.7418928742408752, 1.4902329593896866, 1.4853582680225372, 1.3980268687009811, 1.3832600116729736, 1.4141132831573486, 1.374874010682106, 1.4955617934465408, 1.4066980928182602, 1.3491102457046509, 4.2720082104206085, 2.0683905333280563, 1.6680235713720322, 1.3849050998687744, 1.402799367904663, 1.3802054971456528, 1.4309906959533691, 2.0557555556297302, 1.3443688303232193, 1.6301572918891907, 1.3869543224573135]}