{"train_loss": [3.8480388966817705, 3.0041243178503856, 2.1814976873851957, 1.912593198201013, 1.801795622659108, 1.6830452529210893, 1.7384599390484037, 1.6485396651994615, 1.579266139439174, 1.6575616143998646, 1.5774682239880637, 1.6603425495208255, 1.6303092231826177, 1.568854536328997, 1.562363424944499, 1.565087898383065, 1.542409130505153, 1.5609066949950323, 1.5226512078254941, 1.5178011220598977, 1.6554825097795516, 1.5148754602386838, 1.5523556925001598, 1.5374291955478607, 1.5451693497006855, 1.4866673785542686, 1.575130822166564, 1.4758398277418954, 1.5451306993999179, 1.4812248604638236], "train_mae": [1.4939559792715407, 1.2662046920685541, 1.0023054783306424, 0.9241304690875705, 0.8691021109384204, 0.8271222738992601, 0.8400352682386126, 0.8189630631416563, 0.7901207095100766, 0.8177174821732536, 0.785951104429033, 0.8301941109082055, 0.8050135771433512, 0.7810208551467411, 0.7823954271891761, 0.7864439610450987, 0.7771606331779843, 0.7867135642066835, 0.7718738062041146, 0.762863158233582, 0.8201253376309834, 0.7604095084326608, 0.7731093215563941, 0.7739311513446626, 0.7725832292011806, 0.7482936874268546, 0.7857546796874394, 0.7478347382848225, 0.7719256139936901, 0.746288778289916], "val_loss": [4.201501816511154, 3.573614403605461, 3.232369601726532, 2.931965708732605, 2.832478739321232, 2.811170645058155, 2.854180693626404, 2.865530900657177, 2.820948638021946, 2.8073044642806053, 2.910650819540024, 2.869027115404606, 3.1749731972813606, 2.8682947158813477, 2.801085501909256, 2.8054443672299385, 2.844220981001854, 2.786226250231266, 2.8514992892742157, 3.2401938885450363, 2.901483729481697, 2.9550680816173553, 2.854946956038475, 2.8484846502542496, 2.8992815166711807, 3.0258202850818634, 2.8497145995497704, 3.2002960443496704, 2.783861070871353, 3.0050059258937836], "val_mae": [1.2469251453876495, 1.0898114293813705, 0.8981227725744247, 0.7294060960412025, 0.7392014265060425, 0.7542266994714737, 0.7071630284190178, 0.7515926659107208, 0.6976588442921638, 0.726721316576004, 0.8527993261814117, 0.7615755572915077, 0.799778051674366, 0.746066652238369, 0.7370134815573692, 0.7573035210371017, 0.703088566660881, 0.6943455785512924, 0.6983582675457001, 0.8216293826699257, 0.7362451925873756, 0.7411462366580963, 0.6986335217952728, 0.693635918200016, 0.709331601858139, 0.7625395804643631, 0.7267479598522186, 0.8187185302376747, 0.6907989904284477, 0.754010796546936]}