{"train_loss": [4.109107059145731, 4.111046821352035, 4.111095443604484, 4.103194921735733, 4.104752574648176, 4.106335761055114, 4.111358744757516, 4.100452566903735, 4.100004097772023, 4.094989587390233, 4.109102396737962, 4.107889989065746, 4.106153628182789, 4.097500975169833, 4.097715233999585, 4.103399004255023, 4.098698074855502, 4.133493665664915, 4.111043835443164, 4.0955546659136575, 4.12363698747423, 4.100736103360615, 4.114189821576315, 4.108959296393016, 4.1049809947846425, 4.105669646036057, 4.101338628738645, 4.101230057459029, 4.10966992756677, 4.099257185345604], "train_mae": [1.5149789556624398, 1.5064441968524267, 1.510556207762824, 1.5066931209866963, 1.5097435164073156, 1.5089593368863303, 1.5091067060591683, 1.5064723775500344, 1.5053808480974227, 1.50678379005856, 1.5091567720685686, 1.5071788931649828, 1.508176875492883, 1.506999307208591, 1.5072690134956723, 1.506651414765252, 1.5038265368295094, 1.5115888118743896, 1.5096976359685261, 1.5065434716996693, 1.5092014887976268, 1.5089211823448303, 1.5083975754086933, 1.506853111206539, 1.5101882389613561, 1.5042379526864915, 1.5113772418763902, 1.503726775684054, 1.511311313462636, 1.5036393195863753], "val_loss": [3.9167708456516266, 3.917639374732971, 3.918012022972107, 3.915940523147583, 3.918452709913254, 3.920013040304184, 3.9200815558433533, 3.9199880361557007, 3.9183802604675293, 3.9166851937770844, 3.9184455573558807, 3.918818473815918, 3.917985886335373, 3.9188013672828674, 3.918895572423935, 3.9206980764865875, 3.916767120361328, 3.9171545207500458, 3.917015790939331, 3.9195471107959747, 3.9191789627075195, 3.919667512178421, 3.9181956946849823, 3.9175125658512115, 3.921886384487152, 3.9158570766448975, 3.9216660261154175, 3.9198099076747894, 3.922701269388199, 3.9176742136478424], "val_mae": [1.5363486260175705, 1.5347850620746613, 1.5342372506856918, 1.5388310253620148, 1.5336603224277496, 1.5319386273622513, 1.5318715870380402, 1.5319632440805435, 1.5337516218423843, 1.5365379303693771, 1.5336693823337555, 1.5332175344228745, 1.5342739969491959, 1.5332378894090652, 1.533127784729004, 1.5312897562980652, 1.5363567918539047, 1.5355886071920395, 1.53584785759449, 1.5324101001024246, 1.5328058153390884, 1.532285526394844, 1.533989280462265, 1.5349834263324738, 1.5302618592977524, 1.539264753460884, 1.5304445028305054, 1.532141000032425, 1.5296331495046616, 1.534731850028038]}