{"train_loss": [43707.48781606886, 13.680285786825513, 11.752943432520306, 9.573223098875983, 7.917494138081868, 7.160969832586864, 6.414488535078745, 5.567784600787693, 5.213380779538836, 4.943141619364421, 4.6524141818758045, 4.419255468580458, 4.272328543284583, 4.197515828268869, 3.9736638409750804, 4.577472524037437, 4.458098468326387, 4.1120967448703825, 3.800588467764476, 3.499408354834905, 3.470418678389655, 3.452006287044949, 3.3938809652177113, 3.4879966728271, 3.308740390671624, 3.198860134397234, 3.30877715633029, 3.3148284469332014, 3.167097352799915, 3.168295903811379], "train_mae": [68.99303987291124, 2.8525463399432955, 2.615247705626109, 2.3345982025540066, 2.098565514125521, 1.9968977750293793, 1.8637983723292275, 1.7339579207556588, 1.6644324669762263, 1.6174441348938715, 1.5679919322331746, 1.517090398167807, 1.4917882643048725, 1.4646505704001775, 1.4221218805464486, 1.5422467220397222, 1.4896450213023595, 1.431761656488691, 1.3624507624005515, 1.321175181676471, 1.318700835818336, 1.307244754972912, 1.3011584319765606, 1.3246996043220398, 1.286754297831702, 1.2588707057256547, 1.2762312643111697, 1.2837172916957311, 1.254762295692686, 1.2561697089482868], "val_loss": [9.398510813713074, 7.76611202955246, 8.395525455474854, 7.38467800617218, 6.890787482261658, 5.74355360865593, 5.85504537820816, 4.584033578634262, 3.941408336162567, 4.52849468588829, 4.461154520511627, 4.112727582454681, 4.652837157249451, 4.586661398410797, 4.015245318412781, 3.5401153564453125, 2.975703477859497, 3.370010107755661, 2.800262227654457, 2.7865381836891174, 2.8959214091300964, 2.77582648396492, 2.859514683485031, 2.752856343984604, 2.7608088105916977, 2.9220654666423798, 2.802785500884056, 2.6864028722047806, 2.6983124911785126, 2.6966297030448914], "val_mae": [2.2891387343406677, 2.1655606031417847, 2.150112420320511, 1.9577448517084122, 1.9028794467449188, 1.6933163404464722, 1.7524988502264023, 1.4869360774755478, 1.4262287467718124, 1.4833974540233612, 1.4900186955928802, 1.4169810265302658, 1.53654445707798, 1.5270111411809921, 1.4076660126447678, 1.3593667894601822, 1.2165181189775467, 1.2726977169513702, 1.1785014867782593, 1.1908355355262756, 1.1924008876085281, 1.1865962892770767, 1.181850515305996, 1.1898640543222427, 1.1780198812484741, 1.1951008290052414, 1.181114450097084, 1.1578753665089607, 1.1548828035593033, 1.152392104268074]}