{"train_loss": [3.950445262212602, 3.0901563016195146, 1.951884186457074, 1.7161731549671717, 1.6655401738863143, 1.5743633395149594, 1.639888348087432, 1.5772697017306374, 1.5562392454298715, 1.5566842877675617, 1.5950119788684542, 1.585880252103957, 1.5538702181407384, 1.5612866594677879, 1.5544687689296783, 1.5418158211405315, 1.5571428972577293, 1.5659108767433771, 1.5210143857532077, 1.521651081622593, 1.5346262502291845, 1.5447460394057015, 1.5580699453278193, 1.5504032874864244, 1.5149422543389457, 1.558032200449989, 1.5268252700094194, 1.5039746884315732, 1.529337119488489, 1.489689244164361], "train_mae": [1.5156219573248, 1.2991539202039204, 0.9311188383707925, 0.8368376644830855, 0.8102042542563545, 0.7805297100354754, 0.7967444667740474, 0.7853563286009289, 0.7716723283131918, 0.7667833055768695, 0.7832938659758795, 0.7854420750860184, 0.7708969059444609, 0.7723526046389625, 0.765980045000712, 0.7629560175396147, 0.7693678755608816, 0.784946254321507, 0.7596316214591737, 0.7530783575678629, 0.7620313101344638, 0.7678334154779949, 0.7783210182946826, 0.7652456457652743, 0.7547182421835642, 0.7749007940292358, 0.7617633285976592, 0.755959205211155, 0.7643141774904161, 0.7429434884162176], "val_loss": [5.270799249410629, 3.85659596323967, 3.0239935889840126, 3.1423686891794205, 2.8689743131399155, 2.8517801091074944, 2.872182719409466, 2.80229189991951, 2.8089927062392235, 2.8122329115867615, 2.8025111481547356, 2.8556195199489594, 2.95046054571867, 2.9095732495188713, 2.8167948350310326, 2.8234977200627327, 2.824828125536442, 2.863277480006218, 2.822908215224743, 2.84800361096859, 2.8206488266587257, 2.924285054206848, 2.9765998274087906, 2.84438306838274, 2.8364639580249786, 2.7878602892160416, 2.824097193777561, 2.981092646718025, 2.8511004373431206, 2.851044110953808], "val_mae": [1.4967273622751236, 1.2772042453289032, 0.7801489904522896, 0.8203499764204025, 0.7224024906754494, 0.7706828415393829, 0.7216067686676979, 0.7046460285782814, 0.6934943050146103, 0.7279911264777184, 0.7093101665377617, 0.7038422748446465, 0.7133361920714378, 0.7045013159513474, 0.6897968277335167, 0.6879452913999557, 0.6863764598965645, 0.6888708844780922, 0.6897708028554916, 0.6864217817783356, 0.7701126113533974, 0.6988402456045151, 0.7325720712542534, 0.7752138525247574, 0.7319096252322197, 0.7069266214966774, 0.7247624099254608, 0.7185139954090118, 0.6891798600554466, 0.6818886920809746]}