{"train_loss": [2.888376200009906, 2.125445496468317, 2.1022376891166443, 1.9311391872072976, 1.9349888601000347, 1.8857999803527954, 1.8980140619807773, 1.9316380837607006, 1.9221212845000009, 1.81994948216847, 1.8350091680647835, 1.7975239999710568, 1.8509150582646567, 1.803727648560963, 1.7825460329888358, 1.7823235515564206, 1.871627598527878, 1.8055924583995153, 1.8959699784006392, 1.8578902028855824, 1.7728530811885046, 1.809288813954308, 1.7468906811305456, 1.7540457504136222, 1.7884757244397724, 1.7980162690556238, 1.7675313892818632, 1.7513706958483135, 1.768172757966178, 1.7721261013121832], "train_mae": [1.1734433703952365, 0.9271898364263867, 0.9148139802236406, 0.8510776852804517, 0.8601396812333001, 0.8331918214994763, 0.8402052824459378, 0.8492064447630019, 0.8521474107863412, 0.8180963245649187, 0.8111135079747155, 0.804388423760732, 0.8247094277351622, 0.8095841265860058, 0.7939759578023639, 0.795997559078156, 0.8350525290246994, 0.8071448755642724, 0.8001335168641711, 0.83399626565358, 0.8006367295507401, 0.8039993416695368, 0.7795363882231334, 0.7895756193569728, 0.7979486130532765, 0.8061598917794606, 0.7964822167441958, 0.7854390078120761, 0.7988967895507812, 0.7932444053982931], "val_loss": [1.6312444880604744, 1.9885058254003525, 1.510313369333744, 1.5996616184711456, 1.4979505687952042, 1.4178766161203384, 1.556668221950531, 1.4662691205739975, 1.4046537429094315, 1.3890605419874191, 1.3481486439704895, 1.436425156891346, 1.3797079920768738, 1.4090292006731033, 1.373863086104393, 1.3057990074157715, 1.3632108196616173, 1.3826291039586067, 1.4501046314835548, 1.32276251912117, 1.5592881739139557, 1.3294049873948097, 1.3030352592468262, 1.3078880682587624, 1.3724571913480759, 1.293614737689495, 1.3834780752658844, 1.3583544455468655, 1.343370147049427, 1.3263519927859306], "val_mae": [0.8601965829730034, 1.0557789728045464, 0.8045386895537376, 0.8863040953874588, 0.7591805905103683, 0.7832792028784752, 0.9076948016881943, 0.8089442700147629, 0.8097379952669144, 0.7292405441403389, 0.7442319542169571, 0.8102706968784332, 0.7083481475710869, 0.8136875778436661, 0.8043821081519127, 0.7417985796928406, 0.7203788384795189, 0.7249819040298462, 0.8286048918962479, 0.7458042204380035, 0.7643636390566826, 0.7269049882888794, 0.7284256145358086, 0.6994634196162224, 0.7872270047664642, 0.7155206948518753, 0.7767852768301964, 0.7113342508673668, 0.7012771889567375, 0.7315687462687492]}