{"train_loss": [371646.86186819227, 23735.83055744474, 325.2425297479781, 83.44676801893446, 52.42785098060729, 20.02796808878581, 13.82530871648637, 25.537566881331188, 17.551020258948917, 11.731059581514389, 11.259748761616056, 112.93902512202187, 26.953861471206423, 10.639560987078955, 29.983300557212225, 26.040515403898937, 12.649090808535378, 5.507857784392342, 5.0165774746546665, 4.476586387270973, 4.677981554515778, 10.820619942649962, 5.282372868250286, 5.835218437134274, 4.2098702854580345, 21.103620271834117, 5.213896047501337, 4.875292808290512, 5.243628948453873, 4.159175937137906], "train_mae": [272.93900680920433, 72.98183433593266, 5.951763648835439, 3.7230208260672435, 3.876536006019229, 3.173822051002866, 2.6803593900468616, 3.273679506211054, 2.7610459933205256, 2.5031721156740945, 2.374665729583256, 2.853457700638544, 2.6956233864738826, 2.2851819027037847, 2.1689095156533376, 2.0499330683360024, 1.8978151631733728, 1.7707081181662423, 1.6698234838152688, 1.6335865051027327, 1.5929962245244829, 1.768048015851823, 1.6357691325838604, 1.6150021571961661, 1.5652650783932398, 1.6120320634236411, 1.5754734864310613, 1.555852702685765, 1.5485895928882418, 1.5351541212626867], "val_loss": [819.8538131713867, 20.566153526306152, 25.26194167137146, 23.850345373153687, 22.460078239440918, 20.11548900604248, 12.003829598426819, 16.488534927368164, 13.107187747955322, 8.211932599544525, 11.467105269432068, 9.551191091537476, 7.237815856933594, 6.280053794384003, 5.223972678184509, 5.014028757810593, 4.66392195224762, 4.426096647977829, 4.2437805235385895, 4.1232956647872925, 4.048213005065918, 4.2236835062503815, 4.10171839594841, 4.016587287187576, 3.975624293088913, 3.9437762796878815, 3.929428279399872, 3.9220938980579376, 3.9239028692245483, 3.921639144420624], "val_mae": [23.06458044052124, 4.189088702201843, 4.698372483253479, 4.554630219936371, 4.408039808273315, 4.1440801322460175, 3.1260539293289185, 3.7174265682697296, 3.272972196340561, 2.489726096391678, 3.0352743566036224, 2.7377445995807648, 2.346468225121498, 2.165894404053688, 1.9525223821401596, 1.9061658531427383, 1.8233477622270584, 1.7600346356630325, 1.7060354053974152, 1.66477569937706, 1.6347370445728302, 1.699582725763321, 1.656646579504013, 1.620300367474556, 1.5988154411315918, 1.577939659357071, 1.5652352273464203, 1.5567364394664764, 1.5590704530477524, 1.5561064034700394]}