{"train_loss": [3.9503367968967984, 3.9486112216162303, 3.9689432174440413, 3.9539212764255582, 3.949621416273571, 3.958248955862863, 3.9476064159756614, 3.9480769293648854, 3.944755342271593, 3.9566076785799056, 3.955560767461383, 3.9529740129198347, 3.9514636312212263, 3.9432353897700234, 3.947275438005962, 3.944558484213693, 3.94755056169298, 3.9420724104321194, 3.9501592696659147, 3.945599813309927, 3.949264878318423, 3.9463383924393427, 3.9661127801925415, 3.9515619202265664, 3.959564765294393, 3.949963104157221, 3.955108196016342, 3.9480057178981722, 3.9408124325767395, 3.9416143288688055], "train_mae": [1.5202469068860252, 1.5204460829023332, 1.51708313775441, 1.5223443451381864, 1.5170858511849055, 1.5185749795701768, 1.5200630918381706, 1.5191361582468426, 1.5158255403003995, 1.5206047145147172, 1.5195598223852733, 1.517039970746116, 1.516119813162183, 1.5194325560615176, 1.5197855915342058, 1.5153650575213962, 1.5178074306911893, 1.5162466499540541, 1.5204608875607688, 1.516653885917058, 1.5142036752095298, 1.5179994919943431, 1.519676231202625, 1.5175905284427462, 1.5203423840659005, 1.5141954157087538, 1.521910892592536, 1.5184477965037029, 1.5154061336365958, 1.5120393132406569], "val_loss": [5.271617829799652, 5.275339066982269, 5.273021966218948, 5.273104548454285, 5.27316826581955, 5.273420214653015, 5.274631053209305, 5.27813583612442, 5.272133529186249, 5.273883759975433, 5.275688529014587, 5.27453276515007, 5.27106973528862, 5.2738445699214935, 5.279602438211441, 5.274610996246338, 5.2746692299842834, 5.274596065282822, 5.274621605873108, 5.274670571088791, 5.27456396818161, 5.273019582033157, 5.2727586925029755, 5.2718236446380615, 5.277162700891495, 5.271607518196106, 5.273377448320389, 5.2718159556388855, 5.2721008360385895, 5.271171033382416], "val_mae": [1.5017827898263931, 1.494965597987175, 1.4983593970537186, 1.4982088059186935, 1.49809530377388, 1.497664213180542, 1.4958758503198624, 1.4921974837779999, 1.5003460347652435, 1.4969298839569092, 1.4945805668830872, 1.496006891131401, 1.5061610788106918, 1.496990144252777, 1.491041287779808, 1.4959019720554352, 1.4958253055810928, 1.4959220588207245, 1.4958883076906204, 1.495823934674263, 1.4959651678800583, 1.4983646124601364, 1.498870924115181, 1.501266971230507, 1.4930629283189774, 1.5020412504673004, 1.49773570895195, 1.501291573047638, 1.5004359632730484, 1.5044813454151154]}