{"train_loss": [138919.4666727081, 430.24801284547834, 36.46878776853047, 5.899472130669488, 5.445747856109861, 4.773010344732375, 4.748268850265988, 4.586422367701455, 4.513388652650137, 4.498124860581898, 4.612272917278229, 4.507536698901464, 4.500880684171404, 4.43152754268949, 4.398004565920148, 4.247965748347934, 4.319153289946299, 4.25580504583934, 4.379595173729791, 4.223961137589955, 4.241988076104058, 4.2440529929267035, 4.321219887052264, 4.3286389207083085, 4.393253894079299, 4.268348001298451, 4.395771321796236, 4.265800960480221, 4.3065707759251675, 4.297819455464681], "train_mae": [86.07773273142557, 14.390201182592483, 3.4789220208213445, 1.7428662038984752, 1.6552618798755465, 1.5960732717362662, 1.5768698245759993, 1.5639542568297613, 1.551174935840425, 1.5642405975432623, 1.564482435347542, 1.5558226430226887, 1.5458361156403073, 1.5405737691455417, 1.5313389187767392, 1.5288393705610246, 1.5403673856977433, 1.5270962809759474, 1.5349630306637476, 1.5282084809409247, 1.5305187323736766, 1.5307267355540441, 1.5290571659330339, 1.5420812349470834, 1.5412999845686413, 1.5338229186951169, 1.5462497964737907, 1.536514539567251, 1.5379663459838382, 1.5361921446663993], "val_loss": [91.74426174163818, 36.65614128112793, 3.765689641237259, 3.804349571466446, 3.8192781507968903, 3.807375192642212, 3.793301075696945, 3.7820284962654114, 3.772941440343857, 3.7652074098587036, 3.7565857470035553, 3.7430129647254944, 3.735980123281479, 3.7272172272205353, 3.721664637327194, 3.7176089882850647, 3.7157498598098755, 3.7157598435878754, 3.714023381471634, 3.7134110629558563, 3.7133800089359283, 3.714307487010956, 3.715463250875473, 3.717938631772995, 3.7178794145584106, 3.7179704904556274, 3.7173218727111816, 3.718426823616028, 3.7192702293395996, 3.7186018526554108], "val_mae": [9.099658012390137, 5.68972647190094, 1.4952819347381592, 1.4360048323869705, 1.4318385273218155, 1.4336080104112625, 1.4352085888385773, 1.437585324048996, 1.4401169270277023, 1.4413448423147202, 1.4429512470960617, 1.4451742470264435, 1.4492941945791245, 1.453066661953926, 1.4561838507652283, 1.4605437070131302, 1.464093342423439, 1.467596173286438, 1.4713401049375534, 1.4768148511648178, 1.4798215329647064, 1.483139842748642, 1.4860546588897705, 1.489993840456009, 1.490657925605774, 1.4909406006336212, 1.490691989660263, 1.492211401462555, 1.4930516183376312, 1.4924458414316177]}