{"train_loss": [4.061520637027801, 4.071430580956595, 4.061590921311152, 4.062368268058414, 4.065808360538785, 4.052757403207203, 4.085802029049586, 4.05152362112015, 4.061582357164413, 4.065437676414611, 4.084804103488014, 4.088227828343709, 4.063153705899677, 4.056129516117156, 4.065341979738266, 4.059285909410507, 4.058467490332467, 4.063638675780523, 4.051767735254197, 4.065148137864613, 4.059457654044742, 4.055749590434726, 4.073184747544546, 4.064930904479254, 4.055729430819315, 4.057729259369865, 4.060114841612559, 4.050553526197161, 4.0888717742193315, 4.066469279546586], "train_mae": [1.5129795661048284, 1.507863720258077, 1.5110497342215643, 1.505843610990615, 1.5093985379688324, 1.510987845678178, 1.5067217690604073, 1.505025027290223, 1.5065006869179862, 1.5102991376604353, 1.508796495104593, 1.5123477114571466, 1.5070618523491754, 1.5118165054018535, 1.5050531739280337, 1.5081373434218148, 1.5062690859749204, 1.50964731829507, 1.5022489759657118, 1.508910718418303, 1.5088608870430598, 1.5063253849271745, 1.5125001025578333, 1.5088943261948844, 1.504476991910783, 1.5049579976096985, 1.5094112876861814, 1.5052128557174924, 1.5083528416497367, 1.5070031313669114], "val_loss": [3.916426867246628, 3.917348325252533, 3.918034702539444, 3.9171228110790253, 3.91804900765419, 3.9207877814769745, 3.9182702004909515, 3.9171406626701355, 3.91760715842247, 3.9189060032367706, 3.9177992045879364, 3.9179933071136475, 3.916764050722122, 3.9202260076999664, 3.9174324572086334, 3.9189802706241608, 3.917179048061371, 3.91863876581192, 3.917282462120056, 3.9177324175834656, 3.91718190908432, 3.917468935251236, 3.917381763458252, 3.9187236428260803, 3.9170785546302795, 3.9170942902565002, 3.918850690126419, 3.917529135942459, 3.917772948741913, 3.916818380355835], "val_mae": [1.5416010022163391, 1.5394005328416824, 1.5375373363494873, 1.5402602553367615, 1.5375039130449295, 1.5330957472324371, 1.5370168387889862, 1.5401726067066193, 1.5386051386594772, 1.535810872912407, 1.5380960553884506, 1.537625938653946, 1.5428315699100494, 1.5338179767131805, 1.539121463894844, 1.5356827974319458, 1.5400128066539764, 1.5362917631864548, 1.5396205931901932, 1.5382674634456635, 1.5400020331144333, 1.5390077829360962, 1.5392826795578003, 1.5361358374357224, 1.540445625782013, 1.5403741300106049, 1.5359081327915192, 1.5388284772634506, 1.5381624847650528, 1.5420918017625809]}