{"train_loss": [4.1147223805624344, 4.11191593654572, 4.111650769672696, 4.103772553186568, 4.105361408657497, 4.106373139790127, 4.111635113519336, 4.100571216098846, 4.100092479160854, 4.094381082625616, 4.109126704079764, 4.107887741119143, 4.106153650889321, 4.097499060252356, 4.09762472198123, 4.103408752925812, 4.098690933651394, 4.134638752256121, 4.1111261579725475, 4.0955530310434005, 4.123628657961649, 4.100798697698684, 4.115101197409252, 4.108910522763691, 4.104954730896723, 4.105670618632483, 4.101340551224966, 4.101223389307658, 4.1096704044039285, 4.099334671383812], "train_mae": [1.5166487826241388, 1.505962402101547, 1.5110967405258664, 1.507514894954742, 1.510087253555419, 1.5092734344421872, 1.509394093165322, 1.5065816621931771, 1.5054127867259677, 1.506928283070761, 1.5090941379940699, 1.5072004019267975, 1.5081808377826025, 1.5070018087114607, 1.5072741886926075, 1.5066347708777776, 1.5038256701968966, 1.5116511261652386, 1.5101731637167553, 1.5065328412585788, 1.5092067642817422, 1.5088092959116375, 1.5087414639336723, 1.506783646250528, 1.5102997772277347, 1.5042315456602309, 1.511379633631025, 1.5037295477730888, 1.5113104998119293, 1.503908397659423], "val_loss": [3.9178851544857025, 3.9159370064735413, 3.9171499609947205, 3.9157207012176514, 3.917975515127182, 3.9206315875053406, 3.9204899966716766, 3.920251876115799, 3.9182746410369873, 3.916991025209427, 3.9184138774871826, 3.9188193678855896, 3.917982578277588, 3.9187999963760376, 3.918965220451355, 3.9206895232200623, 3.9167734682559967, 3.9162102341651917, 3.917059361934662, 3.919522523880005, 3.919178783893585, 3.9202378690242767, 3.9184784591197968, 3.9173885881900787, 3.921873927116394, 3.9158604443073273, 3.92164146900177, 3.9198098182678223, 3.9226795434951782, 3.9172833263874054], "val_mae": [1.5344161987304688, 1.5388483703136444, 1.535596802830696, 1.5419955998659134, 1.5342886298894882, 1.531350702047348, 1.5314820557832718, 1.5317069590091705, 1.5338867604732513, 1.5358956009149551, 1.5337092727422714, 1.53321672976017, 1.5342787206172943, 1.5332393795251846, 1.5330472141504288, 1.5312976837158203, 1.5363432615995407, 1.5377991497516632, 1.535764917731285, 1.5324355065822601, 1.5328062325716019, 1.5317203402519226, 1.5336283296346664, 1.5351840257644653, 1.530272290110588, 1.539244905114174, 1.5304651856422424, 1.5321412235498428, 1.5296491831541061, 1.5353614836931229]}