{"train_loss": [1.7941319346427917, 1.7731961905956268, 1.7645054459571838, 1.7609293460845947, 1.7581470608711243, 1.751638501882553, 1.750362753868103, 1.7497814297676086, 1.7505615055561066, 1.7457086145877838, 1.7483292818069458, 1.7458496987819672, 1.7480924129486084, 1.747927337884903, 1.7444021999835968, 1.7458800077438354, 1.7475087642669678, 1.7479778230190277, 1.7452584505081177, 1.7466083467006683, 1.7451582551002502, 1.7463544607162476, 1.742882788181305, 1.745443046092987, 1.7446100115776062, 1.7454092502593994, 1.743341088294983, 1.7451967000961304, 1.7429198324680328, 1.7423981428146362, 1.7475306391716003, 1.7467568814754486, 1.745226263999939, 1.7439417243003845, 1.746035099029541, 1.7438741028308868, 1.747422844171524, 1.7436120212078094, 1.744743824005127, 1.7441492676734924, 1.7433250546455383, 1.7459355592727661, 1.744934469461441, 1.7442446947097778, 1.7426196038722992, 1.7443488538265228, 1.7447340488433838, 1.7454524040222168, 1.7451661825180054, 1.7417934238910675, 1.744691014289856, 1.7406958639621735, 1.7419100999832153, 1.7407627701759338, 1.7389338612556458, 1.7426764965057373, 1.7398943603038788, 1.7388814091682434, 1.7412189543247223, 1.7407298982143402, 1.7417224943637848, 1.7393628358840942, 1.7410048842430115, 1.7388587594032288, 1.7374680042266846, 1.734828621149063, 1.7342403531074524, 1.7318815290927887, 1.7340969443321228, 1.734494537115097, 1.7284397780895233, 1.730977863073349, 1.7296602129936218, 1.7224911153316498, 1.7273279130458832, 1.7163018882274628, 1.7149410843849182, 1.71675044298172, 1.7159892916679382, 1.7075835168361664, 1.7100403010845184, 1.7059423327445984, 1.7024515867233276, 1.6994057893753052, 1.6992097198963165, 1.7108263671398163, 1.7078042924404144, 1.7111165523529053, 1.6985340118408203, 1.7012505531311035, 1.7010901272296906, 1.702155888080597, 1.696679562330246, 1.703593760728836, 1.7016031742095947, 1.6996122002601624, 1.7041365504264832, 1.697852611541748, 1.6979420185089111, 1.6980413794517517], "train_acc": [0.16666666666666666, 0.20416666666666666, 0.19166666666666668, 0.25625, 0.28125, 0.25416666666666665, 0.2520833333333333, 0.2375, 0.21458333333333332, 0.25625, 0.23958333333333334, 0.225, 0.23958333333333334, 0.25625, 0.25833333333333336, 0.2708333333333333, 0.26666666666666666, 0.275, 0.24583333333333332, 0.24583333333333332, 0.26666666666666666, 0.25625, 0.22291666666666668, 0.22083333333333333, 0.25625, 0.2604166666666667, 0.2604166666666667, 0.26875, 0.25833333333333336, 0.25, 0.22708333333333333, 0.22291666666666668, 0.22708333333333333, 0.23333333333333334, 0.22708333333333333, 0.2833333333333333, 0.26875, 0.25833333333333336, 0.25833333333333336, 0.2625, 0.26666666666666666, 0.2604166666666667, 0.2708333333333333, 0.2520833333333333, 0.275, 0.25416666666666665, 0.24166666666666667, 0.25416666666666665, 0.23958333333333334, 0.23541666666666666, 0.23333333333333334, 0.22916666666666666, 0.24791666666666667, 0.2833333333333333, 0.26458333333333334, 0.2625, 0.25833333333333336, 0.2875, 0.275, 0.26666666666666666, 0.275, 0.25833333333333336, 0.28125, 0.28541666666666665, 0.25416666666666665, 0.26666666666666666, 0.26666666666666666, 0.26666666666666666, 0.275, 0.2875, 0.28958333333333336, 0.2833333333333333, 0.25833333333333336, 0.27291666666666664, 0.275, 0.27291666666666664, 0.27708333333333335, 0.2708333333333333, 0.26875, 0.2791666666666667, 0.26666666666666666, 0.29375, 0.2625, 0.28541666666666665, 0.26666666666666666, 0.275, 0.2708333333333333, 0.2791666666666667, 0.28958333333333336, 0.26875, 0.29375, 0.2916666666666667, 0.27708333333333335, 0.27708333333333335, 0.29791666666666666, 0.26666666666666666, 0.26666666666666666, 0.2916666666666667, 0.28541666666666665, 0.2833333333333333], "val_loss": [1.7873903512954712, 1.7714985609054565, 1.766443133354187, 1.776294231414795, 1.7782459259033203, 1.7771379947662354, 1.773400068283081, 1.7653212547302246, 1.7646433115005493, 1.7606390714645386, 1.7581666707992554, 1.756273627281189, 1.7575268745422363, 1.7599812746047974, 1.7586350440979004, 1.7574611902236938, 1.7566710710525513, 1.7490863800048828, 1.751824975013733, 1.7544574737548828, 1.7537569999694824, 1.753807783126831, 1.7524495124816895, 1.7506567239761353, 1.749043345451355, 1.7505223751068115, 1.7582056522369385, 1.7570403814315796, 1.7541166543960571, 1.750414490699768, 1.7543987035751343, 1.7531987428665161, 1.7496123313903809, 1.7476305961608887, 1.7520159482955933, 1.7563328742980957, 1.7547810077667236, 1.755741000175476, 1.7502602338790894, 1.7520062923431396, 1.7514119148254395, 1.751279592514038, 1.752329707145691, 1.7509652376174927, 1.7544186115264893, 1.7542973756790161, 1.7528877258300781, 1.7499687671661377, 1.7467777729034424, 1.7432855367660522, 1.748595952987671, 1.7470319271087646, 1.751414179801941, 1.752539873123169, 1.7511478662490845, 1.7526236772537231, 1.750253677368164, 1.7515448331832886, 1.7481646537780762, 1.7467130422592163, 1.7451058626174927, 1.7451690435409546, 1.7492445707321167, 1.7444427013397217, 1.7338001728057861, 1.7401143312454224, 1.7431986331939697, 1.747355341911316, 1.7483049631118774, 1.7457400560379028, 1.7357536554336548, 1.7305241823196411, 1.72555673122406, 1.7297190427780151, 1.7286678552627563, 1.7184293270111084, 1.717685580253601, 1.7120579481124878, 1.7047237157821655, 1.714367151260376, 1.7087953090667725, 1.7026972770690918, 1.6962281465530396, 1.698451280593872, 1.7005974054336548, 1.7049237489700317, 1.7153278589248657, 1.7034002542495728, 1.7031792402267456, 1.715262532234192, 1.7077516317367554, 1.6953120231628418, 1.6913447380065918, 1.6965744495391846, 1.708531141281128, 1.6965408325195312, 1.694059133529663, 1.7015701532363892, 1.7133148908615112, 1.7125767469406128], "val_acc": [0.2, 0.2, 0.25, 0.23333333333333334, 0.18333333333333332, 0.2, 0.18333333333333332, 0.18333333333333332, 0.2, 0.16666666666666666, 0.25, 0.2, 0.18333333333333332, 0.18333333333333332, 0.2, 0.18333333333333332, 0.18333333333333332, 0.21666666666666667, 0.2, 0.16666666666666666, 0.18333333333333332, 0.2, 0.23333333333333334, 0.2, 0.21666666666666667, 0.18333333333333332, 0.16666666666666666, 0.18333333333333332, 0.18333333333333332, 0.18333333333333332, 0.23333333333333334, 0.23333333333333334, 0.16666666666666666, 0.18333333333333332, 0.16666666666666666, 0.18333333333333332, 0.23333333333333334, 0.21666666666666667, 0.18333333333333332, 0.18333333333333332, 0.2, 0.18333333333333332, 0.2, 0.2, 0.2, 0.2, 0.18333333333333332, 0.25, 0.21666666666666667, 0.2, 0.18333333333333332, 0.21666666666666667, 0.16666666666666666, 0.2, 0.21666666666666667, 0.21666666666666667, 0.21666666666666667, 0.21666666666666667, 0.23333333333333334, 0.23333333333333334, 0.21666666666666667, 0.23333333333333334, 0.23333333333333334, 0.23333333333333334, 0.25, 0.25, 0.21666666666666667, 0.21666666666666667, 0.21666666666666667, 0.2, 0.23333333333333334, 0.2833333333333333, 0.23333333333333334, 0.2833333333333333, 0.23333333333333334, 0.21666666666666667, 0.18333333333333332, 0.18333333333333332, 0.26666666666666666, 0.21666666666666667, 0.23333333333333334, 0.2, 0.16666666666666666, 0.26666666666666666, 0.21666666666666667, 0.2833333333333333, 0.21666666666666667, 0.2833333333333333, 0.2, 0.21666666666666667, 0.3, 0.25, 0.21666666666666667, 0.25, 0.2, 0.18333333333333332, 0.26666666666666666, 0.21666666666666667, 0.18333333333333332, 0.2833333333333333]}