{"train_loss": [1.7967938780784607, 1.7852684259414673, 1.7761985063552856, 1.7709490358829498, 1.7688249945640564, 1.768419772386551, 1.7680349349975586, 1.7690700888633728, 1.767344206571579, 1.7632723450660706, 1.7650710940361023, 1.7662490904331207, 1.7654602527618408, 1.7630535066127777, 1.7610264420509338, 1.75978621840477, 1.7619223296642303, 1.7597236931324005, 1.7631756663322449, 1.7616735696792603, 1.7614560425281525, 1.760904222726822, 1.7604289054870605, 1.7632674276828766, 1.7614543437957764, 1.7627123892307281, 1.7591435015201569, 1.7611205279827118, 1.7580494582653046, 1.7616572380065918, 1.7606073021888733, 1.7597154676914215, 1.7598947584629059, 1.7605096697807312, 1.7594155967235565, 1.7612764239311218, 1.7595274746418, 1.7615675330162048, 1.760466307401657, 1.757386863231659, 1.7602640986442566, 1.7596212923526764, 1.7581876516342163, 1.7586995363235474, 1.7631311416625977, 1.7588422000408173, 1.7615827322006226, 1.7601065039634705, 1.7586091458797455, 1.7586102783679962, 1.7551270723342896, 1.7604617476463318, 1.7586673498153687, 1.757931411266327, 1.7568304538726807, 1.7557004690170288, 1.758201152086258, 1.756098747253418, 1.7552977502346039, 1.7568104565143585, 1.756750911474228, 1.7551774382591248, 1.7582405507564545, 1.7541907727718353, 1.7559728920459747, 1.7520503401756287, 1.7565323114395142, 1.7517302334308624, 1.75442573428154, 1.7549777925014496, 1.7574650943279266, 1.7535187900066376, 1.7498114705085754, 1.7505715191364288, 1.750984013080597, 1.7492187321186066, 1.7461609244346619, 1.746428370475769, 1.7444522082805634, 1.7431991696357727, 1.742179125547409, 1.7372782826423645, 1.7334806025028229, 1.732799619436264, 1.7278960943222046, 1.7204923331737518, 1.7220686972141266, 1.712704449892044, 1.7128234207630157, 1.7067480087280273, 1.7066150903701782, 1.706016480922699, 1.7157602310180664, 1.7090079188346863, 1.69972625374794, 1.7086628675460815, 1.7028695344924927, 1.7095680236816406, 1.7042296230793, 1.7065298855304718], "train_acc": [0.17916666666666667, 0.19375, 0.20625, 0.19583333333333333, 0.19791666666666666, 0.19583333333333333, 0.19166666666666668, 0.19166666666666668, 0.15416666666666667, 0.19375, 0.2, 0.20625, 0.15833333333333333, 0.1875, 0.18958333333333333, 0.20833333333333334, 0.18333333333333332, 0.19375, 0.18125, 0.1625, 0.20416666666666666, 0.15833333333333333, 0.18333333333333332, 0.20625, 0.18333333333333332, 0.18541666666666667, 0.17708333333333334, 0.18541666666666667, 0.20416666666666666, 0.18541666666666667, 0.17083333333333334, 0.18958333333333333, 0.18541666666666667, 0.18125, 0.19791666666666666, 0.17916666666666667, 0.17291666666666666, 0.18958333333333333, 0.20833333333333334, 0.18541666666666667, 0.15833333333333333, 0.16666666666666666, 0.20416666666666666, 0.20416666666666666, 0.21041666666666667, 0.16458333333333333, 0.15625, 0.175, 0.19166666666666668, 0.2, 0.175, 0.1625, 0.17708333333333334, 0.2125, 0.19791666666666666, 0.18333333333333332, 0.15833333333333333, 0.18125, 0.21458333333333332, 0.21875, 0.18125, 0.19583333333333333, 0.18541666666666667, 0.18958333333333333, 0.20833333333333334, 0.2125, 0.21875, 0.20833333333333334, 0.18958333333333333, 0.18125, 0.2125, 0.21875, 0.22916666666666666, 0.20625, 0.18541666666666667, 0.19791666666666666, 0.21666666666666667, 0.2, 0.22083333333333333, 0.22291666666666668, 0.20208333333333334, 0.21666666666666667, 0.25625, 0.23958333333333334, 0.2375, 0.24375, 0.24166666666666667, 0.24791666666666667, 0.25416666666666665, 0.2520833333333333, 0.2375, 0.23333333333333334, 0.25833333333333336, 0.2520833333333333, 0.24375, 0.24791666666666667, 0.25833333333333336, 0.26458333333333334, 0.25, 0.2520833333333333], "val_loss": [1.7809677124023438, 1.792490005493164, 1.790917992591858, 1.7869455814361572, 1.7799992561340332, 1.7802072763442993, 1.7760493755340576, 1.7812080383300781, 1.7752280235290527, 1.7680212259292603, 1.767712950706482, 1.7684595584869385, 1.777581810951233, 1.7774356603622437, 1.7689952850341797, 1.7666913270950317, 1.7710903882980347, 1.7704044580459595, 1.7672407627105713, 1.7607667446136475, 1.7593803405761719, 1.7639687061309814, 1.7643189430236816, 1.7654669284820557, 1.7656123638153076, 1.7621804475784302, 1.767090082168579, 1.7654401063919067, 1.7631938457489014, 1.7647000551223755, 1.761613130569458, 1.7576004266738892, 1.7639037370681763, 1.7639433145523071, 1.7629565000534058, 1.7561661005020142, 1.7601592540740967, 1.76007878780365, 1.7596381902694702, 1.7679182291030884, 1.7680996656417847, 1.7654736042022705, 1.7580028772354126, 1.7555981874465942, 1.7593656778335571, 1.7676656246185303, 1.7662279605865479, 1.7605304718017578, 1.7604095935821533, 1.759726643562317, 1.7658135890960693, 1.7657406330108643, 1.7586438655853271, 1.7557603120803833, 1.7609108686447144, 1.761403203010559, 1.7606327533721924, 1.7579761743545532, 1.7559515237808228, 1.7588164806365967, 1.7633979320526123, 1.7557710409164429, 1.7594540119171143, 1.7552295923233032, 1.7552413940429688, 1.7578539848327637, 1.7591303586959839, 1.7628591060638428, 1.756248950958252, 1.7523475885391235, 1.7474297285079956, 1.7526787519454956, 1.7557188272476196, 1.7538855075836182, 1.750809907913208, 1.7507127523422241, 1.7457236051559448, 1.7400518655776978, 1.736081838607788, 1.7414820194244385, 1.7379157543182373, 1.7276575565338135, 1.7272040843963623, 1.7224501371383667, 1.721242904663086, 1.7084288597106934, 1.705688714981079, 1.6985746622085571, 1.6992191076278687, 1.7030119895935059, 1.6984840631484985, 1.6920654773712158, 1.694944977760315, 1.694336175918579, 1.693778395652771, 1.6925044059753418, 1.7044674158096313, 1.6978983879089355, 1.692348837852478, 1.6927582025527954], "val_acc": [0.18333333333333332, 0.1, 0.1, 0.1, 0.11666666666666667, 0.18333333333333332, 0.16666666666666666, 0.08333333333333333, 0.13333333333333333, 0.16666666666666666, 0.15, 0.15, 0.1, 0.08333333333333333, 0.18333333333333332, 0.21666666666666667, 0.18333333333333332, 0.11666666666666667, 0.13333333333333333, 0.18333333333333332, 0.21666666666666667, 0.2, 0.16666666666666666, 0.16666666666666666, 0.13333333333333333, 0.06666666666666667, 0.1, 0.18333333333333332, 0.18333333333333332, 0.2, 0.15, 0.23333333333333334, 0.13333333333333333, 0.13333333333333333, 0.15, 0.16666666666666666, 0.11666666666666667, 0.2, 0.2, 0.13333333333333333, 0.11666666666666667, 0.13333333333333333, 0.18333333333333332, 0.21666666666666667, 0.2, 0.1, 0.11666666666666667, 0.18333333333333332, 0.2, 0.2, 0.18333333333333332, 0.13333333333333333, 0.16666666666666666, 0.21666666666666667, 0.16666666666666666, 0.15, 0.2, 0.2, 0.23333333333333334, 0.18333333333333332, 0.15, 0.25, 0.13333333333333333, 0.23333333333333334, 0.2, 0.2, 0.18333333333333332, 0.1, 0.13333333333333333, 0.23333333333333334, 0.25, 0.21666666666666667, 0.15, 0.18333333333333332, 0.15, 0.21666666666666667, 0.18333333333333332, 0.26666666666666666, 0.21666666666666667, 0.18333333333333332, 0.13333333333333333, 0.23333333333333334, 0.25, 0.23333333333333334, 0.23333333333333334, 0.26666666666666666, 0.23333333333333334, 0.2, 0.21666666666666667, 0.16666666666666666, 0.15, 0.2833333333333333, 0.23333333333333334, 0.18333333333333332, 0.15, 0.15, 0.2, 0.18333333333333332, 0.15, 0.23333333333333334]}