{"train_loss": [1.7911002039909363, 1.7752971649169922, 1.767983853816986, 1.7662227153778076, 1.7613965570926666, 1.7609072625637054, 1.7563586235046387, 1.7593071162700653, 1.7560712099075317, 1.7582471668720245, 1.7558315992355347, 1.7598156034946442, 1.754614770412445, 1.7601426541805267, 1.7568880021572113, 1.756478637456894, 1.7561299502849579, 1.7557139098644257, 1.7564675509929657, 1.7555913627147675, 1.7555408775806427, 1.7545728087425232, 1.7529401779174805, 1.756277084350586, 1.7576422989368439, 1.7541515529155731, 1.7537687718868256, 1.7524684965610504, 1.7554471492767334, 1.7530169486999512, 1.7570039629936218, 1.7544181942939758, 1.7558147609233856, 1.7532451748847961, 1.756324827671051, 1.7533901631832123, 1.7577867805957794, 1.7560312151908875, 1.7545238733291626, 1.7562215030193329, 1.7529520690441132, 1.7535587847232819, 1.751145988702774, 1.754389464855194, 1.7570619881153107, 1.7562547624111176, 1.7533487379550934, 1.7553490698337555, 1.756253957748413, 1.7534531652927399, 1.7565141916275024, 1.7548455595970154, 1.7551563084125519, 1.7524454593658447, 1.7550610899925232, 1.7531132996082306, 1.751873791217804, 1.749896079301834, 1.755644053220749, 1.7541991472244263, 1.751051276922226, 1.7524915635585785, 1.7542531788349152, 1.7530091106891632, 1.7554404139518738, 1.7529879212379456, 1.7554503977298737, 1.7519114017486572, 1.7518786191940308, 1.7499775290489197, 1.75019970536232, 1.7505964636802673, 1.749076783657074, 1.753445029258728, 1.7508714199066162, 1.7514747083187103, 1.7538284063339233, 1.7504903078079224, 1.7503742575645447, 1.7517492771148682, 1.7513932287693024, 1.7492686808109283, 1.7471686005592346, 1.7513495087623596, 1.7525968253612518, 1.7505090832710266, 1.7514727115631104, 1.7506915926933289, 1.7459116578102112, 1.7515731751918793, 1.7419317364692688, 1.7436334490776062, 1.7427924573421478, 1.738397479057312, 1.7431976795196533, 1.7345924079418182, 1.7360018491744995, 1.7344529032707214, 1.7314971089363098, 1.7192334830760956], "train_acc": [0.15, 0.21666666666666667, 0.20208333333333334, 0.2375, 0.18958333333333333, 0.17916666666666667, 0.21458333333333332, 0.2520833333333333, 0.23125, 0.2125, 0.20208333333333334, 0.19166666666666668, 0.21666666666666667, 0.25, 0.25625, 0.23958333333333334, 0.21666666666666667, 0.22916666666666666, 0.22291666666666668, 0.2, 0.19583333333333333, 0.22291666666666668, 0.23333333333333334, 0.225, 0.2125, 0.20833333333333334, 0.2125, 0.21458333333333332, 0.23125, 0.24375, 0.24166666666666667, 0.23125, 0.19791666666666666, 0.22916666666666666, 0.24166666666666667, 0.225, 0.21458333333333332, 0.21041666666666667, 0.23333333333333334, 0.25625, 0.24583333333333332, 0.23958333333333334, 0.225, 0.20416666666666666, 0.21875, 0.22916666666666666, 0.21875, 0.20208333333333334, 0.21875, 0.22708333333333333, 0.175, 0.17291666666666666, 0.23541666666666666, 0.23333333333333334, 0.23333333333333334, 0.24375, 0.2, 0.23333333333333334, 0.24791666666666667, 0.25, 0.24791666666666667, 0.20208333333333334, 0.17708333333333334, 0.2125, 0.22916666666666666, 0.22083333333333333, 0.23333333333333334, 0.25833333333333336, 0.24166666666666667, 0.225, 0.22083333333333333, 0.22291666666666668, 0.2125, 0.21666666666666667, 0.21666666666666667, 0.19791666666666666, 0.22291666666666668, 0.23958333333333334, 0.225, 0.20833333333333334, 0.1875, 0.21875, 0.21875, 0.20833333333333334, 0.21458333333333332, 0.20208333333333334, 0.19375, 0.2125, 0.23541666666666666, 0.21666666666666667, 0.21875, 0.21458333333333332, 0.225, 0.21458333333333332, 0.23125, 0.23333333333333334, 0.225, 0.23958333333333334, 0.225, 0.22916666666666666], "val_loss": [1.8138233423233032, 1.7847139835357666, 1.7830215692520142, 1.7946182489395142, 1.7939448356628418, 1.7940315008163452, 1.792999029159546, 1.7918928861618042, 1.7879136800765991, 1.7863306999206543, 1.780254602432251, 1.7821873426437378, 1.7861573696136475, 1.7872498035430908, 1.7862470149993896, 1.7853591442108154, 1.7852818965911865, 1.7826595306396484, 1.784494161605835, 1.7818416357040405, 1.7841402292251587, 1.784487009048462, 1.781232237815857, 1.7812926769256592, 1.7832047939300537, 1.785758376121521, 1.786755084991455, 1.7868468761444092, 1.7874010801315308, 1.7836108207702637, 1.7858253717422485, 1.784265398979187, 1.7860825061798096, 1.7843295335769653, 1.7851498126983643, 1.7846719026565552, 1.7856119871139526, 1.7829254865646362, 1.7817037105560303, 1.783884882926941, 1.782810926437378, 1.777672529220581, 1.7782413959503174, 1.7821483612060547, 1.7848472595214844, 1.7852216958999634, 1.78298020362854, 1.7801926136016846, 1.779685378074646, 1.7781389951705933, 1.780582308769226, 1.7819761037826538, 1.779195785522461, 1.7784805297851562, 1.7797200679779053, 1.7803292274475098, 1.780023455619812, 1.7796021699905396, 1.7804588079452515, 1.7781497240066528, 1.7762913703918457, 1.7794750928878784, 1.779439091682434, 1.7794369459152222, 1.7781471014022827, 1.779657006263733, 1.7804863452911377, 1.7783526182174683, 1.7810105085372925, 1.7792370319366455, 1.7811925411224365, 1.782682180404663, 1.7791882753372192, 1.7810800075531006, 1.7787986993789673, 1.7724857330322266, 1.7742687463760376, 1.7737427949905396, 1.7749184370040894, 1.775773286819458, 1.7729212045669556, 1.7706990242004395, 1.769590139389038, 1.771733045578003, 1.7746673822402954, 1.771905779838562, 1.7684311866760254, 1.7707533836364746, 1.7671560049057007, 1.7662551403045654, 1.7620947360992432, 1.7708338499069214, 1.7625324726104736, 1.7612603902816772, 1.7702189683914185, 1.7595146894454956, 1.7530531883239746, 1.7528833150863647, 1.7356659173965454, 1.745145320892334], "val_acc": [0.1, 0.18333333333333332, 0.21666666666666667, 0.2, 0.15, 0.1, 0.11666666666666667, 0.15, 0.13333333333333333, 0.16666666666666666, 0.18333333333333332, 0.16666666666666666, 0.18333333333333332, 0.23333333333333334, 0.18333333333333332, 0.18333333333333332, 0.11666666666666667, 0.13333333333333333, 0.13333333333333333, 0.16666666666666666, 0.18333333333333332, 0.16666666666666666, 0.13333333333333333, 0.15, 0.15, 0.11666666666666667, 0.15, 0.13333333333333333, 0.13333333333333333, 0.18333333333333332, 0.16666666666666666, 0.18333333333333332, 0.16666666666666666, 0.18333333333333332, 0.15, 0.15, 0.08333333333333333, 0.16666666666666666, 0.16666666666666666, 0.18333333333333332, 0.16666666666666666, 0.21666666666666667, 0.2, 0.16666666666666666, 0.16666666666666666, 0.15, 0.11666666666666667, 0.15, 0.16666666666666666, 0.16666666666666666, 0.13333333333333333, 0.16666666666666666, 0.15, 0.13333333333333333, 0.18333333333333332, 0.13333333333333333, 0.13333333333333333, 0.16666666666666666, 0.2, 0.18333333333333332, 0.13333333333333333, 0.11666666666666667, 0.16666666666666666, 0.15, 0.13333333333333333, 0.13333333333333333, 0.18333333333333332, 0.16666666666666666, 0.18333333333333332, 0.18333333333333332, 0.13333333333333333, 0.16666666666666666, 0.15, 0.16666666666666666, 0.18333333333333332, 0.2, 0.16666666666666666, 0.21666666666666667, 0.16666666666666666, 0.16666666666666666, 0.16666666666666666, 0.21666666666666667, 0.18333333333333332, 0.2, 0.2, 0.18333333333333332, 0.2, 0.13333333333333333, 0.18333333333333332, 0.18333333333333332, 0.2, 0.18333333333333332, 0.2, 0.18333333333333332, 0.18333333333333332, 0.2, 0.25, 0.23333333333333334, 0.2833333333333333, 0.2833333333333333]}