{"train_loss": [1.7929928302764893, 1.79146146774292, 1.7903156876564026, 1.7898066639900208, 1.788600593805313, 1.7884227931499481, 1.7864058017730713, 1.7862199544906616, 1.7845155596733093, 1.7828367352485657, 1.781463861465454, 1.7797071635723114, 1.7781895399093628, 1.7759445309638977, 1.7748679518699646, 1.7736688256263733, 1.7712955176830292, 1.7706854343414307, 1.765721082687378, 1.7635977566242218, 1.76295667886734, 1.761055588722229, 1.7561655342578888, 1.7581079006195068, 1.7539281845092773, 1.7521397471427917, 1.7503854632377625, 1.7447291910648346, 1.7441551983356476, 1.7423508763313293, 1.7479877173900604, 1.743484914302826, 1.7393814325332642, 1.7432480454444885, 1.7414235770702362, 1.739871233701706, 1.741367757320404, 1.7404459416866302, 1.7379293143749237, 1.7340644598007202, 1.7343073189258575, 1.7396108210086823, 1.7406336963176727, 1.7376270592212677, 1.7308980822563171, 1.733653336763382, 1.7353436648845673, 1.7346811890602112, 1.732846587896347, 1.7241281270980835, 1.736472100019455, 1.7239405810832977, 1.7236592173576355, 1.7246398329734802, 1.7240013182163239, 1.7238008677959442, 1.7226273715496063, 1.7227157056331635, 1.7275733947753906, 1.7230488061904907, 1.7304747402668, 1.7215514779090881, 1.7239119708538055, 1.7208062708377838, 1.7190590798854828, 1.7229213416576385, 1.7187715768814087, 1.7170802354812622, 1.7123341262340546, 1.7191621959209442, 1.7096826434135437, 1.7206051051616669, 1.7170212268829346, 1.7154927551746368, 1.7154649794101715, 1.7093656361103058, 1.7090120613574982, 1.7143072187900543, 1.7144502997398376, 1.7163225710391998, 1.7152274549007416, 1.7046892046928406, 1.7107848227024078, 1.711637169122696, 1.706210196018219, 1.703588217496872, 1.7055639028549194, 1.7118708491325378, 1.6976258158683777, 1.70559361577034, 1.7007963359355927, 1.7058627605438232, 1.707007259130478, 1.702393263578415, 1.7094042003154755, 1.705550640821457, 1.7063887417316437, 1.7080641686916351, 1.7031741738319397, 1.697310447692871], "train_acc": [0.1625, 0.18958333333333333, 0.2125, 0.20833333333333334, 0.21041666666666667, 0.20833333333333334, 0.22708333333333333, 0.21875, 0.22291666666666668, 0.20416666666666666, 0.21041666666666667, 0.24166666666666667, 0.23958333333333334, 0.22916666666666666, 0.24375, 0.23125, 0.225, 0.225, 0.23333333333333334, 0.24791666666666667, 0.26666666666666666, 0.23958333333333334, 0.24791666666666667, 0.23333333333333334, 0.24375, 0.25416666666666665, 0.24791666666666667, 0.275, 0.2604166666666667, 0.28125, 0.25625, 0.26875, 0.2875, 0.26875, 0.25625, 0.25416666666666665, 0.25625, 0.26875, 0.26666666666666666, 0.2520833333333333, 0.27291666666666664, 0.27291666666666664, 0.26875, 0.24791666666666667, 0.26666666666666666, 0.27708333333333335, 0.27708333333333335, 0.2604166666666667, 0.2625, 0.2708333333333333, 0.2625, 0.26666666666666666, 0.2708333333333333, 0.26666666666666666, 0.3020833333333333, 0.27291666666666664, 0.27291666666666664, 0.27291666666666664, 0.29791666666666666, 0.275, 0.28125, 0.27291666666666664, 0.27708333333333335, 0.27708333333333335, 0.28125, 0.27291666666666664, 0.27708333333333335, 0.26666666666666666, 0.2833333333333333, 0.27708333333333335, 0.3, 0.2833333333333333, 0.30416666666666664, 0.27291666666666664, 0.2916666666666667, 0.27291666666666664, 0.2875, 0.2791666666666667, 0.3, 0.2625, 0.2875, 0.28541666666666665, 0.275, 0.2875, 0.275, 0.2791666666666667, 0.29791666666666666, 0.275, 0.2916666666666667, 0.2875, 0.2916666666666667, 0.29583333333333334, 0.27708333333333335, 0.2875, 0.2708333333333333, 0.28958333333333336, 0.28541666666666665, 0.2791666666666667, 0.28125, 0.27708333333333335], "val_loss": [1.7954803705215454, 1.794087290763855, 1.7927008867263794, 1.7917906045913696, 1.7905642986297607, 1.7896192073822021, 1.7886406183242798, 1.787324070930481, 1.7861882448196411, 1.7846274375915527, 1.7827154397964478, 1.7808568477630615, 1.779026746749878, 1.777518391609192, 1.7761497497558594, 1.7748686075210571, 1.7732447385787964, 1.7703592777252197, 1.768625020980835, 1.7670588493347168, 1.7657359838485718, 1.7641777992248535, 1.7622590065002441, 1.75992751121521, 1.75786292552948, 1.7559508085250854, 1.7563972473144531, 1.7558125257492065, 1.754602074623108, 1.753475308418274, 1.7526851892471313, 1.7529289722442627, 1.7518858909606934, 1.7493760585784912, 1.7483142614364624, 1.7473477125167847, 1.7451380491256714, 1.7431553602218628, 1.741270899772644, 1.7403656244277954, 1.739874243736267, 1.7387882471084595, 1.73833167552948, 1.737284779548645, 1.7356983423233032, 1.733838438987732, 1.7324992418289185, 1.7319352626800537, 1.7306098937988281, 1.727640986442566, 1.7272908687591553, 1.72627854347229, 1.7263802289962769, 1.7253047227859497, 1.7233279943466187, 1.7233167886734009, 1.7220536470413208, 1.72210693359375, 1.7210220098495483, 1.7209560871124268, 1.7205524444580078, 1.7188796997070312, 1.7179886102676392, 1.7171720266342163, 1.7154642343521118, 1.7155992984771729, 1.7140458822250366, 1.7145349979400635, 1.714189887046814, 1.713775873184204, 1.7125496864318848, 1.7112529277801514, 1.7099072933197021, 1.7097400426864624, 1.7081252336502075, 1.7064393758773804, 1.7047773599624634, 1.7027857303619385, 1.701296091079712, 1.70278799533844, 1.704190731048584, 1.704035997390747, 1.7028805017471313, 1.7014219760894775, 1.6997108459472656, 1.699602723121643, 1.7011972665786743, 1.6998324394226074, 1.6977388858795166, 1.6980746984481812, 1.6973040103912354, 1.696458339691162, 1.6952353715896606, 1.6923731565475464, 1.6929638385772705, 1.6928004026412964, 1.6911829710006714, 1.6918588876724243, 1.694677472114563, 1.6966960430145264], "val_acc": [0.16666666666666666, 0.16666666666666666, 0.18333333333333332, 0.18333333333333332, 0.18333333333333332, 0.23333333333333334, 0.25, 0.21666666666666667, 0.23333333333333334, 0.23333333333333334, 0.26666666666666666, 0.26666666666666666, 0.26666666666666666, 0.25, 0.2833333333333333, 0.23333333333333334, 0.25, 0.23333333333333334, 0.23333333333333334, 0.23333333333333334, 0.21666666666666667, 0.25, 0.2833333333333333, 0.26666666666666666, 0.25, 0.26666666666666666, 0.2833333333333333, 0.2833333333333333, 0.2833333333333333, 0.2833333333333333, 0.25, 0.23333333333333334, 0.23333333333333334, 0.2833333333333333, 0.2833333333333333, 0.2833333333333333, 0.26666666666666666, 0.26666666666666666, 0.26666666666666666, 0.2833333333333333, 0.2833333333333333, 0.3, 0.2833333333333333, 0.2833333333333333, 0.2833333333333333, 0.3, 0.3, 0.3, 0.3, 0.2833333333333333, 0.3, 0.3, 0.2833333333333333, 0.3, 0.2833333333333333, 0.2833333333333333, 0.2833333333333333, 0.26666666666666666, 0.2833333333333333, 0.2833333333333333, 0.2833333333333333, 0.2833333333333333, 0.2833333333333333, 0.2833333333333333, 0.26666666666666666, 0.2833333333333333, 0.26666666666666666, 0.26666666666666666, 0.25, 0.25, 0.26666666666666666, 0.26666666666666666, 0.25, 0.26666666666666666, 0.2833333333333333, 0.2833333333333333, 0.2833333333333333, 0.31666666666666665, 0.2833333333333333, 0.26666666666666666, 0.2833333333333333, 0.25, 0.23333333333333334, 0.25, 0.23333333333333334, 0.26666666666666666, 0.2833333333333333, 0.2833333333333333, 0.26666666666666666, 0.25, 0.2833333333333333, 0.2833333333333333, 0.2833333333333333, 0.31666666666666665, 0.3, 0.2833333333333333, 0.23333333333333334, 0.23333333333333334, 0.23333333333333334, 0.2833333333333333]}