{"train_loss": [1.7947158515453339, 1.7926111817359924, 1.7906719744205475, 1.7901796698570251, 1.7883853912353516, 1.787302166223526, 1.7862003147602081, 1.7870692014694214, 1.785509467124939, 1.783044010400772, 1.7824512422084808, 1.7801017463207245, 1.7810145616531372, 1.7801963984966278, 1.7773695588111877, 1.7765903770923615, 1.7751439809799194, 1.7736347317695618, 1.7732689678668976, 1.7703339457511902, 1.7694973349571228, 1.7694662809371948, 1.7672054469585419, 1.7682438492774963, 1.7634721994400024, 1.7654429078102112, 1.760376214981079, 1.7632184028625488, 1.7603099346160889, 1.7604958415031433, 1.7576663792133331, 1.7562855184078217, 1.7563671469688416, 1.7552564144134521, 1.7559159398078918, 1.7549493610858917, 1.7540647983551025, 1.750261902809143, 1.7515861988067627, 1.7468083500862122, 1.74888214468956, 1.7490702271461487, 1.7474530935287476, 1.749076247215271, 1.7462407350540161, 1.748478263616562, 1.7468474507331848, 1.7426262199878693, 1.7426802814006805, 1.743915617465973, 1.7437815368175507, 1.7442701160907745, 1.7410345077514648, 1.7432806491851807, 1.7383065223693848, 1.7385916411876678, 1.7348002195358276, 1.7398335933685303, 1.7338469922542572, 1.7340024709701538, 1.7363410890102386, 1.7336525321006775, 1.7337873876094818, 1.7310723066329956, 1.7307299375534058, 1.7310203611850739, 1.732651948928833, 1.7315666377544403, 1.7266160249710083, 1.7355358302593231, 1.7327765226364136, 1.7294858992099762, 1.722862958908081, 1.7294589281082153, 1.7218291461467743, 1.725384145975113, 1.7255880236625671, 1.7255710065364838, 1.7225307524204254, 1.7185650169849396, 1.7195640802383423, 1.7206338047981262, 1.7158561646938324, 1.7183369398117065, 1.7157250344753265, 1.7086668610572815, 1.7264290750026703, 1.7177304029464722, 1.7183638513088226, 1.7107779383659363, 1.7153801620006561, 1.7081997096538544, 1.7145426571369171, 1.7044734358787537, 1.7132891118526459, 1.7153222560882568, 1.7112966775894165, 1.7130501866340637, 1.7126799523830414, 1.7123232185840607], "train_acc": [0.17291666666666666, 0.17708333333333334, 0.17916666666666667, 0.18541666666666667, 0.19375, 0.20416666666666666, 0.1875, 0.18541666666666667, 0.21041666666666667, 0.20625, 0.20833333333333334, 0.21041666666666667, 0.21041666666666667, 0.21041666666666667, 0.22708333333333333, 0.22708333333333333, 0.23333333333333334, 0.225, 0.21666666666666667, 0.23541666666666666, 0.20416666666666666, 0.20833333333333334, 0.21458333333333332, 0.21041666666666667, 0.21666666666666667, 0.21041666666666667, 0.20208333333333334, 0.19583333333333333, 0.22708333333333333, 0.2125, 0.2125, 0.2125, 0.21666666666666667, 0.21666666666666667, 0.23333333333333334, 0.22291666666666668, 0.20208333333333334, 0.21041666666666667, 0.21666666666666667, 0.21458333333333332, 0.22083333333333333, 0.22916666666666666, 0.23333333333333334, 0.21875, 0.24375, 0.2375, 0.22916666666666666, 0.20625, 0.22291666666666668, 0.22916666666666666, 0.23541666666666666, 0.22083333333333333, 0.25625, 0.23541666666666666, 0.21666666666666667, 0.23541666666666666, 0.2625, 0.22916666666666666, 0.22708333333333333, 0.23125, 0.2625, 0.24791666666666667, 0.24583333333333332, 0.2375, 0.25, 0.2375, 0.25, 0.25833333333333336, 0.24583333333333332, 0.23541666666666666, 0.23958333333333334, 0.24791666666666667, 0.24375, 0.2520833333333333, 0.225, 0.24375, 0.2520833333333333, 0.24791666666666667, 0.22291666666666668, 0.26666666666666666, 0.24375, 0.24791666666666667, 0.25, 0.25, 0.2375, 0.25416666666666665, 0.25625, 0.25625, 0.2520833333333333, 0.26875, 0.25833333333333336, 0.25, 0.24583333333333332, 0.26666666666666666, 0.2375, 0.24583333333333332, 0.2625, 0.24791666666666667, 0.23125, 0.25416666666666665], "val_loss": [1.791115164756775, 1.7910298109054565, 1.7907394170761108, 1.7908576726913452, 1.7908138036727905, 1.7909305095672607, 1.7906826734542847, 1.7909939289093018, 1.7907763719558716, 1.7898011207580566, 1.7884541749954224, 1.786541223526001, 1.78575599193573, 1.7848674058914185, 1.7835079431533813, 1.7822328805923462, 1.7815496921539307, 1.7796382904052734, 1.7780406475067139, 1.7753162384033203, 1.7728841304779053, 1.7715364694595337, 1.7703572511672974, 1.7694499492645264, 1.7684190273284912, 1.7663991451263428, 1.7677403688430786, 1.766318440437317, 1.7636733055114746, 1.7624361515045166, 1.759596347808838, 1.756326675415039, 1.7565702199935913, 1.7571223974227905, 1.7575992345809937, 1.755002737045288, 1.7558283805847168, 1.753435492515564, 1.7504738569259644, 1.7501296997070312, 1.7499407529830933, 1.7526317834854126, 1.7517184019088745, 1.7488592863082886, 1.7463905811309814, 1.7446246147155762, 1.7434438467025757, 1.7436773777008057, 1.744733214378357, 1.7431973218917847, 1.743797779083252, 1.7438267469406128, 1.7416369915008545, 1.7391291856765747, 1.7385306358337402, 1.7371770143508911, 1.7376303672790527, 1.7368652820587158, 1.7350456714630127, 1.7333978414535522, 1.733378291130066, 1.7302433252334595, 1.7314026355743408, 1.7303853034973145, 1.7311668395996094, 1.731171727180481, 1.7302480936050415, 1.7291884422302246, 1.7260901927947998, 1.7251850366592407, 1.7225301265716553, 1.7229429483413696, 1.7221524715423584, 1.7215731143951416, 1.7218910455703735, 1.7227128744125366, 1.720207929611206, 1.7177742719650269, 1.714550256729126, 1.714847445487976, 1.7146848440170288, 1.7132874727249146, 1.7135069370269775, 1.7135027647018433, 1.7132861614227295, 1.7109942436218262, 1.7092989683151245, 1.7078057527542114, 1.706434726715088, 1.7071125507354736, 1.7088085412979126, 1.7081184387207031, 1.7067126035690308, 1.7068535089492798, 1.7077966928482056, 1.706982135772705, 1.7067952156066895, 1.7047028541564941, 1.7034732103347778, 1.7035866975784302], "val_acc": [0.18333333333333332, 0.18333333333333332, 0.2, 0.2, 0.18333333333333332, 0.2, 0.18333333333333332, 0.13333333333333333, 0.13333333333333333, 0.11666666666666667, 0.13333333333333333, 0.13333333333333333, 0.13333333333333333, 0.11666666666666667, 0.11666666666666667, 0.15, 0.15, 0.15, 0.13333333333333333, 0.13333333333333333, 0.13333333333333333, 0.13333333333333333, 0.15, 0.15, 0.15, 0.15, 0.16666666666666666, 0.16666666666666666, 0.16666666666666666, 0.16666666666666666, 0.15, 0.16666666666666666, 0.2, 0.2, 0.2, 0.18333333333333332, 0.15, 0.2, 0.2, 0.2, 0.21666666666666667, 0.18333333333333332, 0.18333333333333332, 0.2, 0.2, 0.2, 0.18333333333333332, 0.18333333333333332, 0.18333333333333332, 0.18333333333333332, 0.2, 0.2, 0.2, 0.21666666666666667, 0.21666666666666667, 0.21666666666666667, 0.2, 0.18333333333333332, 0.18333333333333332, 0.21666666666666667, 0.2, 0.25, 0.23333333333333334, 0.23333333333333334, 0.2, 0.18333333333333332, 0.18333333333333332, 0.2, 0.2, 0.21666666666666667, 0.2, 0.2, 0.2, 0.2, 0.2, 0.2, 0.18333333333333332, 0.23333333333333334, 0.23333333333333334, 0.21666666666666667, 0.21666666666666667, 0.23333333333333334, 0.21666666666666667, 0.21666666666666667, 0.2, 0.21666666666666667, 0.21666666666666667, 0.23333333333333334, 0.23333333333333334, 0.23333333333333334, 0.21666666666666667, 0.2, 0.2, 0.18333333333333332, 0.21666666666666667, 0.18333333333333332, 0.18333333333333332, 0.21666666666666667, 0.21666666666666667, 0.21666666666666667]}