{"train_loss": [1.8065877258777618, 1.7969929575920105, 1.7844549715518951, 1.7836290299892426, 1.7816870212554932, 1.7827194035053253, 1.7803968489170074, 1.7803748846054077, 1.778908610343933, 1.7742484509944916, 1.7718892693519592, 1.7736325860023499, 1.7712538838386536, 1.7658701837062836, 1.7700089514255524, 1.7616065740585327, 1.7627974450588226, 1.758465051651001, 1.7607125341892242, 1.7585460543632507, 1.758673369884491, 1.7586088180541992, 1.757323682308197, 1.7553973197937012, 1.7538182735443115, 1.7517164647579193, 1.74956014752388, 1.7504030168056488, 1.7497747838497162, 1.7480313181877136, 1.7500911056995392, 1.7452529072761536, 1.7472597360610962, 1.744320034980774, 1.748066633939743, 1.7397520244121552, 1.738718420267105, 1.7431985139846802, 1.735667735338211, 1.7376407086849213, 1.7351146936416626, 1.743006944656372, 1.732471615076065, 1.7319035828113556, 1.7330708503723145, 1.7298138737678528, 1.7323727309703827, 1.7337684035301208, 1.7299484312534332, 1.7281844913959503, 1.7346780598163605, 1.7243712842464447, 1.7259510457515717, 1.729474514722824, 1.7294771075248718, 1.721187710762024, 1.7256589233875275, 1.7255488336086273, 1.7274948954582214, 1.7216067612171173, 1.718326985836029, 1.7218877673149109, 1.7147381901741028, 1.7196761965751648, 1.7152083218097687, 1.716570794582367, 1.7155671417713165, 1.7150840759277344, 1.7159503996372223, 1.7161308526992798, 1.7172596454620361, 1.7190852165222168, 1.7094071805477142, 1.7211141884326935, 1.7176462709903717, 1.7178727984428406, 1.7140189409255981, 1.7167288661003113, 1.7126180231571198, 1.7052059173583984, 1.7118408977985382, 1.706098586320877, 1.7134565114974976, 1.707100123167038, 1.7016646265983582, 1.7053166329860687, 1.712125986814499, 1.7109612822532654, 1.7096014022827148, 1.7088111639022827, 1.7153679728507996, 1.7071028351783752, 1.7087489664554596, 1.7200632393360138, 1.7070094645023346, 1.7106997072696686, 1.7155889868736267, 1.7022625505924225, 1.7114489078521729, 1.7069224417209625], "train_acc": [0.1625, 0.15416666666666667, 0.20833333333333334, 0.21041666666666667, 0.22708333333333333, 0.22291666666666668, 0.22708333333333333, 0.225, 0.20416666666666666, 0.21041666666666667, 0.23541666666666666, 0.22083333333333333, 0.21458333333333332, 0.20416666666666666, 0.20833333333333334, 0.22708333333333333, 0.21041666666666667, 0.19791666666666666, 0.20625, 0.22916666666666666, 0.22708333333333333, 0.22916666666666666, 0.22916666666666666, 0.225, 0.1875, 0.20625, 0.20208333333333334, 0.23333333333333334, 0.22083333333333333, 0.22708333333333333, 0.24583333333333332, 0.22708333333333333, 0.2125, 0.23125, 0.22083333333333333, 0.23958333333333334, 0.23958333333333334, 0.21875, 0.2375, 0.2375, 0.24791666666666667, 0.225, 0.22291666666666668, 0.23333333333333334, 0.24166666666666667, 0.23333333333333334, 0.24791666666666667, 0.24583333333333332, 0.25416666666666665, 0.24375, 0.25, 0.25, 0.25, 0.24375, 0.25833333333333336, 0.25, 0.23333333333333334, 0.24375, 0.25625, 0.27708333333333335, 0.25, 0.26458333333333334, 0.25625, 0.29375, 0.2604166666666667, 0.26875, 0.24583333333333332, 0.2604166666666667, 0.25, 0.26666666666666666, 0.27291666666666664, 0.2520833333333333, 0.2791666666666667, 0.24791666666666667, 0.26666666666666666, 0.23541666666666666, 0.26458333333333334, 0.25833333333333336, 0.28541666666666665, 0.275, 0.2708333333333333, 0.2791666666666667, 0.26875, 0.2833333333333333, 0.26875, 0.2916666666666667, 0.2625, 0.2833333333333333, 0.25416666666666665, 0.2708333333333333, 0.26458333333333334, 0.26875, 0.2916666666666667, 0.25416666666666665, 0.2604166666666667, 0.28125, 0.25833333333333336, 0.28958333333333336, 0.2916666666666667, 0.27708333333333335], "val_loss": [1.7741214036941528, 1.7965197563171387, 1.806727647781372, 1.8106540441513062, 1.8106733560562134, 1.8061445951461792, 1.7962908744812012, 1.7870997190475464, 1.7780840396881104, 1.771027684211731, 1.767052173614502, 1.7663483619689941, 1.7678894996643066, 1.7662445306777954, 1.76295006275177, 1.7582497596740723, 1.756038784980774, 1.7586212158203125, 1.7565611600875854, 1.7540841102600098, 1.75201416015625, 1.7471964359283447, 1.7462561130523682, 1.7430552244186401, 1.7478675842285156, 1.7490442991256714, 1.747394323348999, 1.7442753314971924, 1.7417795658111572, 1.7384617328643799, 1.7386304140090942, 1.7408570051193237, 1.7458553314208984, 1.7459222078323364, 1.7461813688278198, 1.7398914098739624, 1.7345945835113525, 1.7292194366455078, 1.7281842231750488, 1.7328846454620361, 1.7316768169403076, 1.73661208152771, 1.742005467414856, 1.7397068738937378, 1.7381923198699951, 1.7285820245742798, 1.7265642881393433, 1.7277439832687378, 1.7415335178375244, 1.7392146587371826, 1.7285887002944946, 1.7229639291763306, 1.723246693611145, 1.730821132659912, 1.7363160848617554, 1.7395871877670288, 1.7253419160842896, 1.7251231670379639, 1.7328346967697144, 1.7275291681289673, 1.731300950050354, 1.714943766593933, 1.7214760780334473, 1.73531174659729, 1.739505648612976, 1.730617642402649, 1.7279903888702393, 1.7194702625274658, 1.7136732339859009, 1.7252939939498901, 1.7311818599700928, 1.7211536169052124, 1.7190619707107544, 1.7170242071151733, 1.7306289672851562, 1.7236905097961426, 1.7290571928024292, 1.717332363128662, 1.7094097137451172, 1.7189323902130127, 1.7226308584213257, 1.7237004041671753, 1.7129815816879272, 1.712165117263794, 1.7175835371017456, 1.717895746231079, 1.7286547422409058, 1.7272794246673584, 1.7185817956924438, 1.7129733562469482, 1.7047113180160522, 1.7159571647644043, 1.7283157110214233, 1.735283613204956, 1.7261244058609009, 1.7146203517913818, 1.714780330657959, 1.709514856338501, 1.7166800498962402, 1.723273754119873], "val_acc": [0.31666666666666665, 0.13333333333333333, 0.13333333333333333, 0.11666666666666667, 0.11666666666666667, 0.11666666666666667, 0.08333333333333333, 0.11666666666666667, 0.13333333333333333, 0.13333333333333333, 0.16666666666666666, 0.15, 0.15, 0.15, 0.15, 0.15, 0.15, 0.15, 0.13333333333333333, 0.15, 0.15, 0.15, 0.13333333333333333, 0.15, 0.16666666666666666, 0.11666666666666667, 0.11666666666666667, 0.16666666666666666, 0.2, 0.18333333333333332, 0.18333333333333332, 0.18333333333333332, 0.18333333333333332, 0.2, 0.18333333333333332, 0.18333333333333332, 0.2, 0.25, 0.25, 0.23333333333333334, 0.23333333333333334, 0.23333333333333334, 0.21666666666666667, 0.21666666666666667, 0.23333333333333334, 0.25, 0.21666666666666667, 0.23333333333333334, 0.25, 0.23333333333333334, 0.26666666666666666, 0.26666666666666666, 0.26666666666666666, 0.26666666666666666, 0.25, 0.25, 0.26666666666666666, 0.26666666666666666, 0.26666666666666666, 0.26666666666666666, 0.26666666666666666, 0.2833333333333333, 0.2833333333333333, 0.26666666666666666, 0.25, 0.26666666666666666, 0.26666666666666666, 0.26666666666666666, 0.2833333333333333, 0.26666666666666666, 0.25, 0.26666666666666666, 0.2833333333333333, 0.3, 0.2833333333333333, 0.3, 0.2833333333333333, 0.2833333333333333, 0.2833333333333333, 0.3, 0.2833333333333333, 0.2833333333333333, 0.31666666666666665, 0.31666666666666665, 0.2833333333333333, 0.3, 0.25, 0.3, 0.2833333333333333, 0.2833333333333333, 0.3, 0.26666666666666666, 0.26666666666666666, 0.25, 0.26666666666666666, 0.3, 0.31666666666666665, 0.31666666666666665, 0.3, 0.26666666666666666]}