{"train_loss": [1.7986796200275421, 1.7908712327480316, 1.7924657464027405, 1.781648188829422, 1.7830956280231476, 1.7748325765132904, 1.7743704915046692, 1.7721534073352814, 1.7680007219314575, 1.762740969657898, 1.7619965076446533, 1.756345510482788, 1.7539028227329254, 1.7531557381153107, 1.747867465019226, 1.7526922821998596, 1.7472902536392212, 1.7515806257724762, 1.7509526014328003, 1.7483876645565033, 1.7453551888465881, 1.7445769906044006, 1.74075248837471, 1.7367274165153503, 1.7392070889472961, 1.7410501837730408, 1.7360841035842896, 1.7332525849342346, 1.7295060753822327, 1.7393114268779755, 1.7383365035057068, 1.7313004434108734, 1.7308762073516846, 1.725640058517456, 1.7319973409175873, 1.7306185364723206, 1.7272229194641113, 1.7295347154140472, 1.7263852953910828, 1.7262970209121704, 1.71772900223732, 1.7176902294158936, 1.7217020392417908, 1.723097562789917, 1.7209754288196564, 1.7182585895061493, 1.7189304828643799, 1.716112643480301, 1.7118417024612427, 1.7114003896713257, 1.7141118347644806, 1.7083313167095184, 1.7133283019065857, 1.711188554763794, 1.7024910748004913, 1.714428871870041, 1.709393948316574, 1.702357828617096, 1.7086113095283508, 1.7033022940158844, 1.713754415512085, 1.7062868475914001, 1.7105771899223328, 1.7111542522907257, 1.7049255073070526, 1.7093886137008667, 1.698648989200592, 1.7079866826534271, 1.7104897797107697, 1.7109896540641785, 1.7015607357025146, 1.7051643133163452, 1.6997634172439575, 1.6961758434772491, 1.7075999975204468, 1.7036605477333069, 1.6943534314632416, 1.7009577453136444, 1.7032985985279083, 1.7028699219226837, 1.705924242734909, 1.7080606520175934, 1.7027249038219452, 1.6946517825126648, 1.6943605840206146, 1.6933355331420898, 1.686953842639923, 1.7015894651412964, 1.694231778383255, 1.7064793705940247, 1.6904822289943695, 1.6921749711036682, 1.6920959055423737, 1.6864928603172302, 1.6932777166366577, 1.6918638944625854, 1.6932354867458344, 1.6988708078861237, 1.6917735040187836, 1.6957707107067108], "train_acc": [0.16875, 0.17708333333333334, 0.17291666666666666, 0.21458333333333332, 0.20625, 0.19166666666666668, 0.23333333333333334, 0.2125, 0.21875, 0.21875, 0.22708333333333333, 0.24791666666666667, 0.23958333333333334, 0.22291666666666668, 0.22916666666666666, 0.22708333333333333, 0.25, 0.23333333333333334, 0.23125, 0.2375, 0.2375, 0.23958333333333334, 0.24583333333333332, 0.25625, 0.2604166666666667, 0.25416666666666665, 0.23958333333333334, 0.2375, 0.2625, 0.22916666666666666, 0.27291666666666664, 0.25833333333333336, 0.25833333333333336, 0.27291666666666664, 0.24791666666666667, 0.2520833333333333, 0.27291666666666664, 0.24583333333333332, 0.2520833333333333, 0.26666666666666666, 0.2520833333333333, 0.2520833333333333, 0.25416666666666665, 0.25, 0.26666666666666666, 0.24583333333333332, 0.2604166666666667, 0.2604166666666667, 0.2708333333333333, 0.25, 0.27291666666666664, 0.26458333333333334, 0.25625, 0.2708333333333333, 0.2875, 0.28125, 0.2791666666666667, 0.28125, 0.2708333333333333, 0.2708333333333333, 0.27291666666666664, 0.26666666666666666, 0.2625, 0.2833333333333333, 0.28541666666666665, 0.2833333333333333, 0.28541666666666665, 0.2833333333333333, 0.25416666666666665, 0.2604166666666667, 0.2708333333333333, 0.2916666666666667, 0.28958333333333336, 0.28541666666666665, 0.27708333333333335, 0.26458333333333334, 0.2791666666666667, 0.25625, 0.26458333333333334, 0.26666666666666666, 0.27708333333333335, 0.28125, 0.26666666666666666, 0.27708333333333335, 0.29791666666666666, 0.2875, 0.28541666666666665, 0.2791666666666667, 0.2791666666666667, 0.28125, 0.26875, 0.29375, 0.3, 0.2791666666666667, 0.2875, 0.29375, 0.2833333333333333, 0.27708333333333335, 0.2791666666666667, 0.28541666666666665], "val_loss": [1.7978466749191284, 1.7932795286178589, 1.7893359661102295, 1.7879444360733032, 1.784588098526001, 1.7818810939788818, 1.7795997858047485, 1.777276635169983, 1.7769677639007568, 1.7748115062713623, 1.7715513706207275, 1.7694941759109497, 1.7685344219207764, 1.7676560878753662, 1.765885591506958, 1.7646846771240234, 1.7640540599822998, 1.7591525316238403, 1.7584365606307983, 1.7576076984405518, 1.7557486295700073, 1.751825213432312, 1.7474316358566284, 1.7427462339401245, 1.7406730651855469, 1.7394100427627563, 1.742027997970581, 1.7406518459320068, 1.7378733158111572, 1.734112024307251, 1.7305855751037598, 1.728514552116394, 1.7265595197677612, 1.7248886823654175, 1.7241634130477905, 1.723677396774292, 1.7213391065597534, 1.7196897268295288, 1.7166050672531128, 1.7156074047088623, 1.715147614479065, 1.7114475965499878, 1.7106314897537231, 1.7095615863800049, 1.707047700881958, 1.7041255235671997, 1.7023682594299316, 1.6994225978851318, 1.6969081163406372, 1.6938223838806152, 1.6953675746917725, 1.6952755451202393, 1.694295048713684, 1.6902985572814941, 1.686788558959961, 1.6896041631698608, 1.6903109550476074, 1.6897518634796143, 1.6847270727157593, 1.6828867197036743, 1.6811490058898926, 1.6791284084320068, 1.6797674894332886, 1.678436040878296, 1.6745922565460205, 1.6742349863052368, 1.67284095287323, 1.6745868921279907, 1.6747126579284668, 1.6762758493423462, 1.6745686531066895, 1.6717346906661987, 1.6699129343032837, 1.6686898469924927, 1.6659046411514282, 1.6648911237716675, 1.664787769317627, 1.6657769680023193, 1.6651647090911865, 1.6666598320007324, 1.6673206090927124, 1.6668874025344849, 1.6657823324203491, 1.6624809503555298, 1.6605809926986694, 1.6606991291046143, 1.6656415462493896, 1.6625789403915405, 1.6606543064117432, 1.6633127927780151, 1.66208815574646, 1.661126971244812, 1.658881425857544, 1.653171181678772, 1.6563684940338135, 1.6578809022903442, 1.65560781955719, 1.6567996740341187, 1.6620560884475708, 1.6647361516952515], "val_acc": [0.15, 0.15, 0.2, 0.23333333333333334, 0.21666666666666667, 0.25, 0.21666666666666667, 0.23333333333333334, 0.16666666666666666, 0.23333333333333334, 0.25, 0.23333333333333334, 0.23333333333333334, 0.23333333333333334, 0.21666666666666667, 0.21666666666666667, 0.21666666666666667, 0.26666666666666666, 0.25, 0.23333333333333334, 0.23333333333333334, 0.26666666666666666, 0.25, 0.3, 0.2833333333333333, 0.26666666666666666, 0.21666666666666667, 0.23333333333333334, 0.25, 0.3, 0.35, 0.31666666666666665, 0.26666666666666666, 0.25, 0.26666666666666666, 0.2833333333333333, 0.2833333333333333, 0.25, 0.25, 0.25, 0.25, 0.25, 0.25, 0.25, 0.26666666666666666, 0.25, 0.25, 0.26666666666666666, 0.2833333333333333, 0.3, 0.2833333333333333, 0.26666666666666666, 0.26666666666666666, 0.3333333333333333, 0.31666666666666665, 0.3, 0.3, 0.3, 0.3, 0.3, 0.3, 0.31666666666666665, 0.3, 0.31666666666666665, 0.31666666666666665, 0.31666666666666665, 0.31666666666666665, 0.31666666666666665, 0.31666666666666665, 0.31666666666666665, 0.31666666666666665, 0.31666666666666665, 0.3, 0.31666666666666665, 0.31666666666666665, 0.31666666666666665, 0.31666666666666665, 0.31666666666666665, 0.31666666666666665, 0.3, 0.31666666666666665, 0.3, 0.3, 0.31666666666666665, 0.3, 0.31666666666666665, 0.31666666666666665, 0.31666666666666665, 0.3, 0.3, 0.31666666666666665, 0.31666666666666665, 0.31666666666666665, 0.3333333333333333, 0.3333333333333333, 0.3, 0.3, 0.3, 0.3, 0.31666666666666665]}