{"train_loss": [1.7909737825393677, 1.7747559249401093, 1.7673024833202362, 1.7656449377536774, 1.7606779336929321, 1.7600709199905396, 1.755939245223999, 1.7588097155094147, 1.7555146515369415, 1.757710874080658, 1.7551475167274475, 1.7591214776039124, 1.7541700303554535, 1.7596262395381927, 1.7560023069381714, 1.7557984590530396, 1.7555812001228333, 1.754895806312561, 1.755987524986267, 1.7548969089984894, 1.755166620016098, 1.7538824677467346, 1.7523954808712006, 1.7555561065673828, 1.7572510838508606, 1.7533896565437317, 1.7531534731388092, 1.7518985271453857, 1.7547939717769623, 1.752418577671051, 1.7561911940574646, 1.7539267241954803, 1.7551220655441284, 1.7526730000972748, 1.7556796967983246, 1.7528417706489563, 1.7571949660778046, 1.7552128732204437, 1.7538813054561615, 1.7558640539646149, 1.7522686421871185, 1.7530559599399567, 1.7506830990314484, 1.753858745098114, 1.7564658522605896, 1.755871742963791, 1.7525606751441956, 1.7547870576381683, 1.7555216550827026, 1.7527756690979004, 1.7558529675006866, 1.7538380026817322, 1.7544724941253662, 1.7516182661056519, 1.754254400730133, 1.7525831460952759, 1.7513369619846344, 1.748805582523346, 1.7545807659626007, 1.7532823085784912, 1.7503116726875305, 1.751779317855835, 1.7535256445407867, 1.752158761024475, 1.7547069191932678, 1.7522545456886292, 1.754624366760254, 1.7513249814510345, 1.7508316934108734, 1.749149888753891, 1.748906433582306, 1.7499048709869385, 1.7487244009971619, 1.7527788281440735, 1.7502596974372864, 1.7510474026203156, 1.7530159652233124, 1.7496830821037292, 1.7493191063404083, 1.751057654619217, 1.7506897151470184, 1.7488951981067657, 1.747128665447235, 1.7504625916481018, 1.7527950704097748, 1.749199002981186, 1.7518410086631775, 1.7506305575370789, 1.7471131682395935, 1.7520871758460999, 1.7437122166156769, 1.7443494498729706, 1.7435922026634216, 1.7404894530773163, 1.7457453310489655, 1.7388890385627747, 1.740736484527588, 1.7399895787239075, 1.737819343805313, 1.7309286296367645], "train_acc": [0.14791666666666667, 0.21041666666666667, 0.2, 0.24791666666666667, 0.1875, 0.16875, 0.20416666666666666, 0.2520833333333333, 0.24375, 0.20833333333333334, 0.20208333333333334, 0.175, 0.20833333333333334, 0.25, 0.2604166666666667, 0.2375, 0.20625, 0.22083333333333333, 0.22916666666666666, 0.18958333333333333, 0.19583333333333333, 0.22291666666666668, 0.22083333333333333, 0.22916666666666666, 0.20625, 0.2, 0.22083333333333333, 0.22291666666666668, 0.225, 0.25416666666666665, 0.2520833333333333, 0.22708333333333333, 0.20208333333333334, 0.2125, 0.25625, 0.23333333333333334, 0.2125, 0.2125, 0.225, 0.2520833333333333, 0.25, 0.22916666666666666, 0.23541666666666666, 0.1875, 0.20208333333333334, 0.22916666666666666, 0.22291666666666668, 0.21041666666666667, 0.22083333333333333, 0.225, 0.17083333333333334, 0.16875, 0.225, 0.22916666666666666, 0.2375, 0.23958333333333334, 0.20625, 0.23958333333333334, 0.24583333333333332, 0.24791666666666667, 0.24791666666666667, 0.18541666666666667, 0.16041666666666668, 0.20208333333333334, 0.22083333333333333, 0.20625, 0.22708333333333333, 0.26666666666666666, 0.2604166666666667, 0.21666666666666667, 0.21666666666666667, 0.22291666666666668, 0.2125, 0.21666666666666667, 0.20416666666666666, 0.2, 0.22916666666666666, 0.24791666666666667, 0.22708333333333333, 0.2, 0.2, 0.22083333333333333, 0.225, 0.20833333333333334, 0.21875, 0.20416666666666666, 0.20416666666666666, 0.21666666666666667, 0.22083333333333333, 0.20833333333333334, 0.21666666666666667, 0.21666666666666667, 0.2125, 0.225, 0.23333333333333334, 0.23541666666666666, 0.23541666666666666, 0.225, 0.21666666666666667, 0.20833333333333334], "val_loss": [1.8132102489471436, 1.7833797931671143, 1.7814751863479614, 1.7929071187973022, 1.792197346687317, 1.792373538017273, 1.7913223505020142, 1.7903656959533691, 1.7864717245101929, 1.7848538160324097, 1.7788289785385132, 1.7810012102127075, 1.7849925756454468, 1.7861491441726685, 1.7849253416061401, 1.7838701009750366, 1.7836823463439941, 1.7811006307601929, 1.7829854488372803, 1.7802401781082153, 1.782332181930542, 1.782570719718933, 1.7792714834213257, 1.7793993949890137, 1.7814579010009766, 1.7841408252716064, 1.7853697538375854, 1.7855556011199951, 1.7860201597213745, 1.7819995880126953, 1.784085988998413, 1.7826015949249268, 1.7844957113265991, 1.7828905582427979, 1.7834736108779907, 1.7829902172088623, 1.7837327718734741, 1.7810653448104858, 1.779952883720398, 1.782361388206482, 1.7810858488082886, 1.775921106338501, 1.7764887809753418, 1.7805192470550537, 1.7831319570541382, 1.78360915184021, 1.7813308238983154, 1.77861487865448, 1.7780739068984985, 1.7764371633529663, 1.7787959575653076, 1.7801450490951538, 1.7771382331848145, 1.7764045000076294, 1.777988314628601, 1.778823733329773, 1.778512954711914, 1.7778115272521973, 1.778619408607483, 1.7762420177459717, 1.7743353843688965, 1.7777706384658813, 1.7775599956512451, 1.7775568962097168, 1.7760016918182373, 1.777626395225525, 1.778554916381836, 1.7763961553573608, 1.779373049736023, 1.7775872945785522, 1.7796072959899902, 1.7807000875473022, 1.776855230331421, 1.7798411846160889, 1.7773747444152832, 1.770480990409851, 1.772459626197815, 1.7725037336349487, 1.7736445665359497, 1.7742294073104858, 1.7701817750930786, 1.7680217027664185, 1.7680796384811401, 1.7707676887512207, 1.774054765701294, 1.7711354494094849, 1.766571044921875, 1.7709205150604248, 1.7673219442367554, 1.767220139503479, 1.7624905109405518, 1.7708847522735596, 1.7637275457382202, 1.7649688720703125, 1.7738728523254395, 1.7668870687484741, 1.7618697881698608, 1.7611500024795532, 1.7485815286636353, 1.7558902502059937], "val_acc": [0.11666666666666667, 0.18333333333333332, 0.21666666666666667, 0.23333333333333334, 0.16666666666666666, 0.13333333333333333, 0.15, 0.16666666666666666, 0.13333333333333333, 0.18333333333333332, 0.2, 0.15, 0.16666666666666666, 0.23333333333333334, 0.21666666666666667, 0.2, 0.15, 0.15, 0.15, 0.16666666666666666, 0.18333333333333332, 0.18333333333333332, 0.13333333333333333, 0.16666666666666666, 0.13333333333333333, 0.11666666666666667, 0.16666666666666666, 0.16666666666666666, 0.16666666666666666, 0.18333333333333332, 0.2, 0.2, 0.16666666666666666, 0.16666666666666666, 0.15, 0.15, 0.08333333333333333, 0.15, 0.16666666666666666, 0.18333333333333332, 0.18333333333333332, 0.21666666666666667, 0.2, 0.16666666666666666, 0.18333333333333332, 0.18333333333333332, 0.15, 0.16666666666666666, 0.16666666666666666, 0.18333333333333332, 0.15, 0.18333333333333332, 0.15, 0.18333333333333332, 0.16666666666666666, 0.16666666666666666, 0.15, 0.16666666666666666, 0.16666666666666666, 0.18333333333333332, 0.15, 0.15, 0.16666666666666666, 0.15, 0.15, 0.15, 0.16666666666666666, 0.16666666666666666, 0.16666666666666666, 0.2, 0.15, 0.15, 0.16666666666666666, 0.18333333333333332, 0.2, 0.16666666666666666, 0.15, 0.2, 0.18333333333333332, 0.16666666666666666, 0.15, 0.18333333333333332, 0.18333333333333332, 0.18333333333333332, 0.16666666666666666, 0.16666666666666666, 0.2, 0.11666666666666667, 0.15, 0.18333333333333332, 0.18333333333333332, 0.16666666666666666, 0.18333333333333332, 0.16666666666666666, 0.15, 0.15, 0.16666666666666666, 0.21666666666666667, 0.2, 0.2]}