{"train_loss": [1.7926940023899078, 1.7902860641479492, 1.7887349128723145, 1.7882915437221527, 1.7863614559173584, 1.785214602947235, 1.78501495718956, 1.7835697829723358, 1.7839473187923431, 1.7823472321033478, 1.780960589647293, 1.7814539074897766, 1.779238611459732, 1.7791066467761993, 1.7775290608406067, 1.7750957310199738, 1.7747962772846222, 1.7758958637714386, 1.7729693055152893, 1.7725711166858673, 1.7702350318431854, 1.7689582407474518, 1.7677969634532928, 1.769199252128601, 1.7691929936408997, 1.7647875845432281, 1.766148716211319, 1.7647248804569244, 1.7637724876403809, 1.7611632347106934, 1.7600115537643433, 1.7601487934589386, 1.7571743726730347, 1.7560975253582, 1.7556275725364685, 1.7584769129753113, 1.7543362379074097, 1.7537581026554108, 1.7510296702384949, 1.7514398992061615, 1.7492468059062958, 1.7478217482566833, 1.7461067140102386, 1.7494182586669922, 1.745316356420517, 1.746304303407669, 1.740573912858963, 1.7427051365375519, 1.7466654479503632, 1.7431952357292175, 1.7443465888500214, 1.7400983572006226, 1.74062380194664, 1.7407995462417603, 1.7387503385543823, 1.737331062555313, 1.7347877621650696, 1.7333274483680725, 1.7363112568855286, 1.7358304560184479, 1.7320985198020935, 1.7348557710647583, 1.7284395098686218, 1.7357380390167236, 1.726603090763092, 1.7298365831375122, 1.7295609712600708, 1.7326216101646423, 1.7244133353233337, 1.7306451499462128, 1.7231974601745605, 1.7258480191230774, 1.7273494899272919, 1.7283275723457336, 1.7280337810516357, 1.728058785200119, 1.7253539264202118, 1.7262006103992462, 1.7244257032871246, 1.7242277264595032, 1.728168547153473, 1.7206489443778992, 1.7234380543231964, 1.719443678855896, 1.7164043486118317, 1.7188430726528168, 1.722100406885147, 1.7224024534225464, 1.7204667031764984, 1.718247413635254, 1.7252506017684937, 1.7220425605773926, 1.7216434180736542, 1.720156341791153, 1.7156259715557098, 1.7168502509593964, 1.7251277267932892, 1.7110811173915863, 1.7111679017543793, 1.714266061782837], "train_acc": [0.19375, 0.19791666666666666, 0.19166666666666668, 0.1875, 0.20208333333333334, 0.21458333333333332, 0.21041666666666667, 0.20416666666666666, 0.18958333333333333, 0.20625, 0.20833333333333334, 0.19791666666666666, 0.19583333333333333, 0.20625, 0.19791666666666666, 0.20625, 0.21458333333333332, 0.21041666666666667, 0.21458333333333332, 0.22083333333333333, 0.23958333333333334, 0.22916666666666666, 0.24375, 0.225, 0.23958333333333334, 0.2375, 0.225, 0.21875, 0.21666666666666667, 0.23333333333333334, 0.23125, 0.25, 0.22083333333333333, 0.23125, 0.22291666666666668, 0.23125, 0.22291666666666668, 0.2375, 0.21875, 0.20208333333333334, 0.23125, 0.225, 0.22916666666666666, 0.21666666666666667, 0.22916666666666666, 0.23958333333333334, 0.22916666666666666, 0.23958333333333334, 0.22291666666666668, 0.24791666666666667, 0.23541666666666666, 0.2520833333333333, 0.23125, 0.23541666666666666, 0.23333333333333334, 0.23958333333333334, 0.22291666666666668, 0.23125, 0.23541666666666666, 0.22916666666666666, 0.23958333333333334, 0.23958333333333334, 0.24791666666666667, 0.22916666666666666, 0.24583333333333332, 0.23333333333333334, 0.2375, 0.23333333333333334, 0.23958333333333334, 0.22708333333333333, 0.23541666666666666, 0.23958333333333334, 0.23125, 0.21875, 0.2375, 0.23541666666666666, 0.24791666666666667, 0.24375, 0.25416666666666665, 0.24375, 0.25625, 0.25, 0.2604166666666667, 0.2375, 0.2604166666666667, 0.2520833333333333, 0.24791666666666667, 0.25625, 0.24583333333333332, 0.26875, 0.2520833333333333, 0.2625, 0.24791666666666667, 0.2520833333333333, 0.28125, 0.2625, 0.275, 0.26666666666666666, 0.26666666666666666, 0.26875], "val_loss": [1.7940949201583862, 1.795981526374817, 1.7961007356643677, 1.7968554496765137, 1.7985482215881348, 1.8004359006881714, 1.8008511066436768, 1.8009039163589478, 1.8002123832702637, 1.7989238500595093, 1.797531247138977, 1.7971761226654053, 1.79717218875885, 1.7964156866073608, 1.7953647375106812, 1.7932595014572144, 1.791472315788269, 1.7912019491195679, 1.7893396615982056, 1.7878365516662598, 1.7856014966964722, 1.7820608615875244, 1.780304193496704, 1.7776585817337036, 1.7782622575759888, 1.7761410474777222, 1.7729190587997437, 1.7701681852340698, 1.7674778699874878, 1.7626224756240845, 1.7603557109832764, 1.7588988542556763, 1.7602671384811401, 1.7618539333343506, 1.762040376663208, 1.7605972290039062, 1.7592639923095703, 1.7562623023986816, 1.7533223628997803, 1.7519950866699219, 1.7488957643508911, 1.7481918334960938, 1.748955249786377, 1.7505089044570923, 1.7530272006988525, 1.7504774332046509, 1.7487035989761353, 1.7486368417739868, 1.7510045766830444, 1.748022198677063, 1.7460694313049316, 1.7449839115142822, 1.744137167930603, 1.7444714307785034, 1.7447060346603394, 1.747548222541809, 1.745486855506897, 1.7461682558059692, 1.748323678970337, 1.744017481803894, 1.7459863424301147, 1.7390774488449097, 1.7397308349609375, 1.7456016540527344, 1.750898838043213, 1.750648856163025, 1.7509303092956543, 1.7441388368606567, 1.7373051643371582, 1.7402769327163696, 1.7462215423583984, 1.7442729473114014, 1.7467727661132812, 1.745327353477478, 1.7506192922592163, 1.7456421852111816, 1.748862624168396, 1.7451673746109009, 1.7402263879776, 1.7438361644744873, 1.7457212209701538, 1.7454067468643188, 1.740418791770935, 1.740486979484558, 1.7425340414047241, 1.7411611080169678, 1.7485804557800293, 1.7552224397659302, 1.7558619976043701, 1.7505584955215454, 1.7410517930984497, 1.7426475286483765, 1.748142957687378, 1.7550069093704224, 1.7552528381347656, 1.7519266605377197, 1.7498034238815308, 1.7439581155776978, 1.7455036640167236, 1.7499220371246338], "val_acc": [0.08333333333333333, 0.08333333333333333, 0.11666666666666667, 0.08333333333333333, 0.08333333333333333, 0.08333333333333333, 0.08333333333333333, 0.11666666666666667, 0.11666666666666667, 0.15, 0.15, 0.15, 0.15, 0.13333333333333333, 0.15, 0.15, 0.15, 0.16666666666666666, 0.18333333333333332, 0.16666666666666666, 0.16666666666666666, 0.16666666666666666, 0.16666666666666666, 0.16666666666666666, 0.16666666666666666, 0.18333333333333332, 0.2, 0.2, 0.18333333333333332, 0.23333333333333334, 0.23333333333333334, 0.25, 0.16666666666666666, 0.16666666666666666, 0.16666666666666666, 0.18333333333333332, 0.18333333333333332, 0.2, 0.23333333333333334, 0.23333333333333334, 0.21666666666666667, 0.23333333333333334, 0.23333333333333334, 0.23333333333333334, 0.23333333333333334, 0.23333333333333334, 0.25, 0.23333333333333334, 0.23333333333333334, 0.23333333333333334, 0.23333333333333334, 0.23333333333333334, 0.25, 0.26666666666666666, 0.25, 0.25, 0.26666666666666666, 0.25, 0.25, 0.25, 0.25, 0.26666666666666666, 0.25, 0.26666666666666666, 0.25, 0.26666666666666666, 0.26666666666666666, 0.25, 0.25, 0.25, 0.25, 0.25, 0.23333333333333334, 0.25, 0.23333333333333334, 0.25, 0.25, 0.26666666666666666, 0.25, 0.25, 0.25, 0.25, 0.25, 0.25, 0.25, 0.25, 0.25, 0.25, 0.25, 0.25, 0.26666666666666666, 0.25, 0.23333333333333334, 0.25, 0.25, 0.26666666666666666, 0.23333333333333334, 0.25, 0.26666666666666666, 0.23333333333333334]}