{"train_loss": [1.7983833849430084, 1.7909308075904846, 1.7919687330722809, 1.7810809314250946, 1.7823270857334137, 1.7737208604812622, 1.7737531960010529, 1.7707895338535309, 1.7664530277252197, 1.7617054879665375, 1.760510265827179, 1.7542280554771423, 1.7521558701992035, 1.7515292763710022, 1.7463098466396332, 1.751617431640625, 1.746283859014511, 1.7508179545402527, 1.749618113040924, 1.747777670621872, 1.7446573674678802, 1.7433226704597473, 1.740578979253769, 1.736295759677887, 1.7393422722816467, 1.7396409213542938, 1.7362751364707947, 1.7331945896148682, 1.7297619879245758, 1.7394584715366364, 1.7393903136253357, 1.7318443655967712, 1.732733964920044, 1.7267509400844574, 1.7317327558994293, 1.7321623265743256, 1.7287352979183197, 1.7304178476333618, 1.7275916934013367, 1.7279302775859833, 1.7208813726902008, 1.7212559282779694, 1.723403513431549, 1.7259903848171234, 1.7234494984149933, 1.7217431366443634, 1.7221010029315948, 1.718029946088791, 1.7158129513263702, 1.7153772115707397, 1.7184296548366547, 1.7125252485275269, 1.7174832224845886, 1.7187171280384064, 1.7086742520332336, 1.7194395959377289, 1.7146838307380676, 1.7089767158031464, 1.7148837745189667, 1.70846027135849, 1.7202069163322449, 1.7130248248577118, 1.7167212963104248, 1.7172626852989197, 1.711571753025055, 1.7136566936969757, 1.7061029970645905, 1.714049369096756, 1.7173905968666077, 1.7197745740413666, 1.7071144580841064, 1.7121966779232025, 1.7063734233379364, 1.7048170566558838, 1.7154962122440338, 1.711268275976181, 1.7029676735401154, 1.7102999091148376, 1.710689216852188, 1.7092436850070953, 1.7131486535072327, 1.7150891721248627, 1.708587884902954, 1.7037475407123566, 1.702471524477005, 1.7019425332546234, 1.697986215353012, 1.7089785635471344, 1.7073648571968079, 1.7140475511550903, 1.7002023756504059, 1.6980904936790466, 1.7009981572628021, 1.696986436843872, 1.7004488706588745, 1.702482521533966, 1.703839898109436, 1.7059240937232971, 1.702497512102127, 1.7055266499519348], "train_acc": [0.17083333333333334, 0.18333333333333332, 0.18541666666666667, 0.21458333333333332, 0.20416666666666666, 0.19375, 0.225, 0.22291666666666668, 0.2125, 0.21458333333333332, 0.21875, 0.22708333333333333, 0.23958333333333334, 0.23333333333333334, 0.23958333333333334, 0.22916666666666666, 0.2520833333333333, 0.23333333333333334, 0.22916666666666666, 0.23125, 0.2375, 0.22291666666666668, 0.25416666666666665, 0.2604166666666667, 0.2625, 0.25625, 0.23333333333333334, 0.25, 0.24791666666666667, 0.23541666666666666, 0.26875, 0.25416666666666665, 0.25, 0.2604166666666667, 0.23333333333333334, 0.2520833333333333, 0.25833333333333336, 0.2604166666666667, 0.25833333333333336, 0.26875, 0.24791666666666667, 0.24583333333333332, 0.2625, 0.24583333333333332, 0.25416666666666665, 0.2375, 0.2520833333333333, 0.25833333333333336, 0.2625, 0.23958333333333334, 0.25416666666666665, 0.2708333333333333, 0.2375, 0.26875, 0.28125, 0.275, 0.25833333333333336, 0.25833333333333336, 0.27291666666666664, 0.25416666666666665, 0.26666666666666666, 0.2708333333333333, 0.25833333333333336, 0.2833333333333333, 0.2708333333333333, 0.275, 0.27291666666666664, 0.2708333333333333, 0.24583333333333332, 0.2625, 0.2708333333333333, 0.27291666666666664, 0.25625, 0.27291666666666664, 0.25625, 0.26875, 0.2916666666666667, 0.24791666666666667, 0.27291666666666664, 0.2708333333333333, 0.2708333333333333, 0.28541666666666665, 0.26458333333333334, 0.26666666666666666, 0.2625, 0.2625, 0.27291666666666664, 0.26875, 0.25833333333333336, 0.2875, 0.2604166666666667, 0.26875, 0.2875, 0.27291666666666664, 0.2604166666666667, 0.27291666666666664, 0.2625, 0.28541666666666665, 0.28125, 0.2708333333333333], "val_loss": [1.79714035987854, 1.7925413846969604, 1.7885823249816895, 1.787369966506958, 1.784136176109314, 1.7814968824386597, 1.7792004346847534, 1.776858925819397, 1.7764172554016113, 1.7741252183914185, 1.7710952758789062, 1.7694566249847412, 1.7688814401626587, 1.7683489322662354, 1.7668792009353638, 1.7658900022506714, 1.7654110193252563, 1.7606260776519775, 1.7600229978561401, 1.759668231010437, 1.7582736015319824, 1.7549065351486206, 1.7510710954666138, 1.7469044923782349, 1.745242953300476, 1.744132161140442, 1.7465876340866089, 1.7455092668533325, 1.7432196140289307, 1.7403075695037842, 1.7375080585479736, 1.735591173171997, 1.7337435483932495, 1.732141375541687, 1.731715440750122, 1.7319576740264893, 1.7303880453109741, 1.7289634943008423, 1.725829005241394, 1.7249045372009277, 1.7248046398162842, 1.7218104600906372, 1.7212975025177002, 1.720462441444397, 1.717820644378662, 1.7156660556793213, 1.7145519256591797, 1.7121683359146118, 1.7092355489730835, 1.7061750888824463, 1.7080605030059814, 1.7089711427688599, 1.7091585397720337, 1.7060438394546509, 1.7031173706054688, 1.7049729824066162, 1.7051888704299927, 1.7051159143447876, 1.7012561559677124, 1.6998687982559204, 1.6988551616668701, 1.6966038942337036, 1.6967315673828125, 1.6962239742279053, 1.6942380666732788, 1.6938785314559937, 1.6921566724777222, 1.6936218738555908, 1.6942081451416016, 1.6958409547805786, 1.694071888923645, 1.6921082735061646, 1.690317988395691, 1.6889150142669678, 1.687304973602295, 1.686719298362732, 1.6863995790481567, 1.6867167949676514, 1.686204195022583, 1.6881084442138672, 1.6882463693618774, 1.6876977682113647, 1.6865887641906738, 1.6841663122177124, 1.6827960014343262, 1.6830543279647827, 1.6870911121368408, 1.6859530210494995, 1.6844840049743652, 1.686953067779541, 1.6844450235366821, 1.6828372478485107, 1.6809849739074707, 1.6764352321624756, 1.6792495250701904, 1.6809033155441284, 1.6801849603652954, 1.6812303066253662, 1.685194492340088, 1.6871562004089355], "val_acc": [0.15, 0.15, 0.2, 0.26666666666666666, 0.2, 0.25, 0.2, 0.2, 0.2, 0.23333333333333334, 0.21666666666666667, 0.21666666666666667, 0.21666666666666667, 0.23333333333333334, 0.2, 0.23333333333333334, 0.2, 0.23333333333333334, 0.25, 0.21666666666666667, 0.21666666666666667, 0.25, 0.25, 0.25, 0.2833333333333333, 0.2833333333333333, 0.26666666666666666, 0.21666666666666667, 0.21666666666666667, 0.23333333333333334, 0.21666666666666667, 0.23333333333333334, 0.23333333333333334, 0.25, 0.21666666666666667, 0.23333333333333334, 0.23333333333333334, 0.25, 0.25, 0.21666666666666667, 0.2, 0.23333333333333334, 0.23333333333333334, 0.21666666666666667, 0.21666666666666667, 0.21666666666666667, 0.23333333333333334, 0.21666666666666667, 0.23333333333333334, 0.25, 0.23333333333333334, 0.21666666666666667, 0.25, 0.26666666666666666, 0.26666666666666666, 0.25, 0.21666666666666667, 0.21666666666666667, 0.21666666666666667, 0.21666666666666667, 0.26666666666666666, 0.26666666666666666, 0.26666666666666666, 0.25, 0.26666666666666666, 0.26666666666666666, 0.26666666666666666, 0.25, 0.26666666666666666, 0.26666666666666666, 0.26666666666666666, 0.2833333333333333, 0.23333333333333334, 0.26666666666666666, 0.26666666666666666, 0.25, 0.25, 0.26666666666666666, 0.26666666666666666, 0.26666666666666666, 0.2833333333333333, 0.23333333333333334, 0.25, 0.26666666666666666, 0.26666666666666666, 0.26666666666666666, 0.25, 0.26666666666666666, 0.25, 0.25, 0.2833333333333333, 0.2833333333333333, 0.26666666666666666, 0.2833333333333333, 0.26666666666666666, 0.21666666666666667, 0.25, 0.25, 0.26666666666666666, 0.25]}