{"train_loss": [1.7914936244487762, 1.7902773022651672, 1.7889304459095001, 1.7882125675678253, 1.785874217748642, 1.7845003604888916, 1.7840076386928558, 1.7844131290912628, 1.782846212387085, 1.7816442847251892, 1.779264658689499, 1.779631793498993, 1.7779479324817657, 1.7775881886482239, 1.77446249127388, 1.7755672335624695, 1.771984040737152, 1.7704407572746277, 1.7708464562892914, 1.7667179107666016, 1.7660997211933136, 1.7658138871192932, 1.763343334197998, 1.7640202641487122, 1.7625620365142822, 1.7583763301372528, 1.7604224383831024, 1.7579102516174316, 1.7565411627292633, 1.7551232874393463, 1.7569970786571503, 1.751725673675537, 1.7524149119853973, 1.7506965100765228, 1.7550064325332642, 1.7486357390880585, 1.7569718062877655, 1.7535025775432587, 1.750332623720169, 1.7486659288406372, 1.7433902323246002, 1.7467987537384033, 1.741963267326355, 1.7489713728427887, 1.7481006383895874, 1.7462546825408936, 1.7448568940162659, 1.741546779870987, 1.7456558346748352, 1.741241216659546, 1.7433443367481232, 1.741451472043991, 1.7427635192871094, 1.738140732049942, 1.7407099604606628, 1.742614984512329, 1.7387044429779053, 1.7350543141365051, 1.7399193048477173, 1.7396152317523956, 1.7323127686977386, 1.7393255233764648, 1.7352919578552246, 1.7345482409000397, 1.733799010515213, 1.735281616449356, 1.7351581156253815, 1.7366019487380981, 1.7354329526424408, 1.7318698167800903, 1.7287629842758179, 1.7320868968963623, 1.7292708158493042, 1.731949269771576, 1.7291684448719025, 1.7272427678108215, 1.727575570344925, 1.72544527053833, 1.7306314408779144, 1.728437066078186, 1.728759080171585, 1.7292886972427368, 1.7271528542041779, 1.7274360954761505, 1.730263590812683, 1.730398803949356, 1.7224906384944916, 1.7349064946174622, 1.7197139859199524, 1.7285684943199158, 1.721511036157608, 1.7219066321849823, 1.7261112332344055, 1.7241077721118927, 1.7232615649700165, 1.717633605003357, 1.719965398311615, 1.7239910364151, 1.7224937677383423, 1.7208046913146973], "train_acc": [0.16666666666666666, 0.17291666666666666, 0.20416666666666666, 0.22916666666666666, 0.19583333333333333, 0.23958333333333334, 0.25625, 0.2520833333333333, 0.24375, 0.25625, 0.26875, 0.2791666666666667, 0.26666666666666666, 0.25625, 0.25416666666666665, 0.24375, 0.25625, 0.24791666666666667, 0.23333333333333334, 0.22708333333333333, 0.2375, 0.21666666666666667, 0.20416666666666666, 0.24375, 0.21458333333333332, 0.22083333333333333, 0.21041666666666667, 0.21041666666666667, 0.19375, 0.19583333333333333, 0.21666666666666667, 0.21041666666666667, 0.22708333333333333, 0.21041666666666667, 0.2125, 0.21458333333333332, 0.19583333333333333, 0.20833333333333334, 0.21666666666666667, 0.24583333333333332, 0.23958333333333334, 0.21875, 0.22291666666666668, 0.20208333333333334, 0.19583333333333333, 0.21041666666666667, 0.225, 0.21041666666666667, 0.21875, 0.21458333333333332, 0.21875, 0.225, 0.22083333333333333, 0.22083333333333333, 0.22708333333333333, 0.23958333333333334, 0.22291666666666668, 0.225, 0.2375, 0.23958333333333334, 0.23958333333333334, 0.24583333333333332, 0.23958333333333334, 0.21666666666666667, 0.21875, 0.225, 0.2375, 0.22708333333333333, 0.23125, 0.2375, 0.2520833333333333, 0.23125, 0.22708333333333333, 0.23125, 0.23125, 0.225, 0.2375, 0.23958333333333334, 0.22291666666666668, 0.2375, 0.23541666666666666, 0.2375, 0.21458333333333332, 0.23958333333333334, 0.25, 0.24166666666666667, 0.24375, 0.25, 0.26458333333333334, 0.25833333333333336, 0.25625, 0.22708333333333333, 0.25416666666666665, 0.23125, 0.25, 0.2520833333333333, 0.25833333333333336, 0.2520833333333333, 0.24583333333333332, 0.2520833333333333], "val_loss": [1.793340802192688, 1.793152093887329, 1.7933845520019531, 1.7940863370895386, 1.7939952611923218, 1.793833613395691, 1.7939984798431396, 1.7936302423477173, 1.793708086013794, 1.793768048286438, 1.792935848236084, 1.7922528982162476, 1.7918245792388916, 1.7905853986740112, 1.7898682355880737, 1.7886396646499634, 1.7876925468444824, 1.785459041595459, 1.7846252918243408, 1.7832943201065063, 1.7828269004821777, 1.7817717790603638, 1.7805113792419434, 1.7795945405960083, 1.77854585647583, 1.7792280912399292, 1.779245376586914, 1.7790337800979614, 1.7794257402420044, 1.7782541513442993, 1.7785515785217285, 1.777972936630249, 1.777219533920288, 1.7765065431594849, 1.7756232023239136, 1.7749334573745728, 1.775179386138916, 1.7742893695831299, 1.7744075059890747, 1.7752926349639893, 1.7753187417984009, 1.7714197635650635, 1.7678426504135132, 1.7669318914413452, 1.7680633068084717, 1.7689640522003174, 1.768930435180664, 1.7674164772033691, 1.7671958208084106, 1.7644047737121582, 1.7649449110031128, 1.7649683952331543, 1.7628146409988403, 1.7634836435317993, 1.763842225074768, 1.7610352039337158, 1.7605297565460205, 1.7602860927581787, 1.7580851316452026, 1.7561981678009033, 1.7573379278182983, 1.7580223083496094, 1.757216215133667, 1.7553222179412842, 1.7562578916549683, 1.756184697151184, 1.7562488317489624, 1.7545543909072876, 1.754142165184021, 1.7517764568328857, 1.7535723447799683, 1.7555499076843262, 1.7528340816497803, 1.7503321170806885, 1.7485995292663574, 1.7477132081985474, 1.7506024837493896, 1.7478264570236206, 1.748160481452942, 1.7475396394729614, 1.747350811958313, 1.7473868131637573, 1.7472294569015503, 1.7454497814178467, 1.7462341785430908, 1.744776964187622, 1.7455403804779053, 1.7485599517822266, 1.7490427494049072, 1.7458659410476685, 1.7430046796798706, 1.7448296546936035, 1.7428041696548462, 1.7440779209136963, 1.7451283931732178, 1.7429920434951782, 1.7425312995910645, 1.7444511651992798, 1.742811679840088, 1.743021845817566], "val_acc": [0.16666666666666666, 0.18333333333333332, 0.21666666666666667, 0.25, 0.16666666666666666, 0.2, 0.18333333333333332, 0.18333333333333332, 0.2, 0.2, 0.18333333333333332, 0.18333333333333332, 0.18333333333333332, 0.18333333333333332, 0.18333333333333332, 0.18333333333333332, 0.18333333333333332, 0.2, 0.2, 0.15, 0.15, 0.15, 0.16666666666666666, 0.16666666666666666, 0.2, 0.13333333333333333, 0.15, 0.15, 0.15, 0.16666666666666666, 0.16666666666666666, 0.16666666666666666, 0.18333333333333332, 0.2, 0.18333333333333332, 0.16666666666666666, 0.16666666666666666, 0.16666666666666666, 0.16666666666666666, 0.16666666666666666, 0.18333333333333332, 0.18333333333333332, 0.18333333333333332, 0.16666666666666666, 0.16666666666666666, 0.18333333333333332, 0.18333333333333332, 0.16666666666666666, 0.18333333333333332, 0.18333333333333332, 0.16666666666666666, 0.18333333333333332, 0.18333333333333332, 0.16666666666666666, 0.16666666666666666, 0.18333333333333332, 0.18333333333333332, 0.16666666666666666, 0.18333333333333332, 0.18333333333333332, 0.18333333333333332, 0.18333333333333332, 0.2, 0.18333333333333332, 0.16666666666666666, 0.18333333333333332, 0.18333333333333332, 0.18333333333333332, 0.18333333333333332, 0.16666666666666666, 0.2, 0.2, 0.21666666666666667, 0.2, 0.2, 0.18333333333333332, 0.2, 0.2, 0.2, 0.2, 0.2, 0.2, 0.2, 0.2, 0.2, 0.21666666666666667, 0.2, 0.2, 0.2, 0.2, 0.2, 0.2, 0.2, 0.2, 0.2, 0.2, 0.2, 0.2, 0.2, 0.2]}