{"train_loss": [1.8045327067375183, 1.7909664809703827, 1.7871240377426147, 1.789065033197403, 1.786652386188507, 1.786388874053955, 1.7811410427093506, 1.7815686166286469, 1.7797821462154388, 1.7770172357559204, 1.7738571465015411, 1.7696217000484467, 1.7699191868305206, 1.7667216956615448, 1.7709368765354156, 1.7672592401504517, 1.7664899230003357, 1.7644082307815552, 1.76437446475029, 1.7617257833480835, 1.7623253464698792, 1.7545372545719147, 1.7544023096561432, 1.7640680074691772, 1.7596968114376068, 1.7619051337242126, 1.751014918088913, 1.754949003458023, 1.7509790658950806, 1.7542151510715485, 1.7542264759540558, 1.7537328898906708, 1.7542693316936493, 1.7498286366462708, 1.7495763301849365, 1.752571851015091, 1.7462513446807861, 1.7500606775283813, 1.7448565363883972, 1.7402231097221375, 1.7412643730640411, 1.7421865165233612, 1.7445592284202576, 1.7419383525848389, 1.7419942319393158, 1.7444954812526703, 1.7429835796356201, 1.7430225610733032, 1.7372313439846039, 1.7344657480716705, 1.7367963194847107, 1.7373874187469482, 1.7410192489624023, 1.7309618592262268, 1.7422451376914978, 1.733367532491684, 1.730445384979248, 1.7239223718643188, 1.735708326101303, 1.7303148806095123, 1.7281938195228577, 1.7278567254543304, 1.7280867397785187, 1.7266443967819214, 1.726809173822403, 1.7233568727970123, 1.7306164503097534, 1.7291074395179749, 1.7228337824344635, 1.7317406833171844, 1.7304444313049316, 1.7348330318927765, 1.7219614386558533, 1.721619725227356, 1.7291437685489655, 1.7255496978759766, 1.7221232056617737, 1.7225129008293152, 1.7310357689857483, 1.7113099992275238, 1.7181719243526459, 1.7258242070674896, 1.7340033054351807, 1.7200486361980438, 1.719078153371811, 1.723208248615265, 1.7278171479701996, 1.7209441363811493, 1.723355382680893, 1.7180583775043488, 1.7198701202869415, 1.712203174829483, 1.712753564119339, 1.7149408757686615, 1.7133964598178864, 1.7216353714466095, 1.7181653082370758, 1.7168422937393188, 1.7195810675621033, 1.7155609130859375], "train_acc": [0.125, 0.19166666666666668, 0.18958333333333333, 0.18333333333333332, 0.18958333333333333, 0.175, 0.22291666666666668, 0.18125, 0.21041666666666667, 0.23958333333333334, 0.25, 0.24583333333333332, 0.20833333333333334, 0.22291666666666668, 0.23125, 0.2, 0.22916666666666666, 0.22708333333333333, 0.22291666666666668, 0.23541666666666666, 0.225, 0.22916666666666666, 0.23958333333333334, 0.19375, 0.21875, 0.20625, 0.23125, 0.23541666666666666, 0.225, 0.22708333333333333, 0.21875, 0.22708333333333333, 0.2, 0.21666666666666667, 0.21666666666666667, 0.2, 0.21666666666666667, 0.20833333333333334, 0.2125, 0.225, 0.225, 0.22291666666666668, 0.21875, 0.225, 0.22083333333333333, 0.22291666666666668, 0.22083333333333333, 0.21458333333333332, 0.24166666666666667, 0.24166666666666667, 0.22916666666666666, 0.22708333333333333, 0.20416666666666666, 0.22083333333333333, 0.22916666666666666, 0.24166666666666667, 0.22708333333333333, 0.23125, 0.21041666666666667, 0.23333333333333334, 0.24791666666666667, 0.22708333333333333, 0.2125, 0.21875, 0.23125, 0.23125, 0.20625, 0.23958333333333334, 0.22291666666666668, 0.24166666666666667, 0.24166666666666667, 0.22708333333333333, 0.22916666666666666, 0.2375, 0.25625, 0.22916666666666666, 0.2520833333333333, 0.23541666666666666, 0.22916666666666666, 0.25625, 0.225, 0.23541666666666666, 0.23541666666666666, 0.24583333333333332, 0.21666666666666667, 0.2375, 0.22291666666666668, 0.23958333333333334, 0.22291666666666668, 0.24166666666666667, 0.24583333333333332, 0.24583333333333332, 0.24375, 0.25625, 0.23958333333333334, 0.2375, 0.23125, 0.23125, 0.25416666666666665, 0.25], "val_loss": [1.7830123901367188, 1.7826919555664062, 1.7848014831542969, 1.7876734733581543, 1.7885818481445312, 1.7885589599609375, 1.7870888710021973, 1.7871639728546143, 1.7861876487731934, 1.7826766967773438, 1.7793610095977783, 1.7762914896011353, 1.7768367528915405, 1.7771717309951782, 1.7759279012680054, 1.7743545770645142, 1.775127649307251, 1.7726823091506958, 1.7702480554580688, 1.766352891921997, 1.763919472694397, 1.7641723155975342, 1.7655808925628662, 1.7651026248931885, 1.7628345489501953, 1.7576569318771362, 1.7608717679977417, 1.7598098516464233, 1.758459210395813, 1.7594265937805176, 1.7556174993515015, 1.75028395652771, 1.7503975629806519, 1.7522609233856201, 1.7533328533172607, 1.7475249767303467, 1.7483470439910889, 1.7452057600021362, 1.7412548065185547, 1.7402703762054443, 1.7404471635818481, 1.7450652122497559, 1.7445247173309326, 1.7394886016845703, 1.7367475032806396, 1.7330905199050903, 1.7321231365203857, 1.7336214780807495, 1.736048936843872, 1.733079195022583, 1.7333437204360962, 1.731231689453125, 1.726798176765442, 1.7236387729644775, 1.7238433361053467, 1.723315954208374, 1.725809097290039, 1.7240883111953735, 1.7203537225723267, 1.7173702716827393, 1.7183703184127808, 1.715747356414795, 1.7192237377166748, 1.7175461053848267, 1.7179198265075684, 1.7161873579025269, 1.7144497632980347, 1.7148481607437134, 1.7137812376022339, 1.715475082397461, 1.7129356861114502, 1.7142399549484253, 1.7120399475097656, 1.7109472751617432, 1.7121682167053223, 1.7138093709945679, 1.712005615234375, 1.7089276313781738, 1.704393982887268, 1.7054592370986938, 1.7059534788131714, 1.703420877456665, 1.7049819231033325, 1.707297444343567, 1.7069743871688843, 1.7034915685653687, 1.7012699842453003, 1.6994364261627197, 1.6990143060684204, 1.7025337219238281, 1.7062550783157349, 1.704885482788086, 1.703366756439209, 1.7048556804656982, 1.7061213254928589, 1.705433964729309, 1.706642746925354, 1.705418348312378, 1.7035821676254272, 1.7045485973358154], "val_acc": [0.18333333333333332, 0.23333333333333334, 0.18333333333333332, 0.18333333333333332, 0.2, 0.21666666666666667, 0.18333333333333332, 0.13333333333333333, 0.15, 0.1, 0.15, 0.16666666666666666, 0.11666666666666667, 0.1, 0.13333333333333333, 0.13333333333333333, 0.15, 0.16666666666666666, 0.13333333333333333, 0.15, 0.16666666666666666, 0.13333333333333333, 0.15, 0.15, 0.16666666666666666, 0.16666666666666666, 0.18333333333333332, 0.16666666666666666, 0.13333333333333333, 0.16666666666666666, 0.13333333333333333, 0.16666666666666666, 0.16666666666666666, 0.13333333333333333, 0.15, 0.15, 0.13333333333333333, 0.16666666666666666, 0.21666666666666667, 0.21666666666666667, 0.16666666666666666, 0.18333333333333332, 0.16666666666666666, 0.15, 0.18333333333333332, 0.25, 0.25, 0.26666666666666666, 0.26666666666666666, 0.25, 0.18333333333333332, 0.18333333333333332, 0.2, 0.25, 0.25, 0.25, 0.18333333333333332, 0.21666666666666667, 0.25, 0.25, 0.25, 0.26666666666666666, 0.26666666666666666, 0.25, 0.25, 0.26666666666666666, 0.26666666666666666, 0.2833333333333333, 0.2833333333333333, 0.26666666666666666, 0.26666666666666666, 0.26666666666666666, 0.3, 0.2833333333333333, 0.26666666666666666, 0.26666666666666666, 0.21666666666666667, 0.2833333333333333, 0.2833333333333333, 0.31666666666666665, 0.2833333333333333, 0.2833333333333333, 0.26666666666666666, 0.26666666666666666, 0.25, 0.2833333333333333, 0.31666666666666665, 0.3333333333333333, 0.31666666666666665, 0.2833333333333333, 0.25, 0.26666666666666666, 0.26666666666666666, 0.25, 0.26666666666666666, 0.2833333333333333, 0.25, 0.26666666666666666, 0.26666666666666666, 0.26666666666666666]}