{"train_loss": [1.79646834731102, 1.789585143327713, 1.781180739402771, 1.7818679213523865, 1.775692492723465, 1.7761297225952148, 1.7725162506103516, 1.769828885793686, 1.7658679783344269, 1.7641533315181732, 1.7630610466003418, 1.7648939192295074, 1.7610265910625458, 1.7575587928295135, 1.7547505497932434, 1.754140704870224, 1.755262017250061, 1.751976877450943, 1.751561164855957, 1.7488414347171783, 1.748678207397461, 1.7449820339679718, 1.7478009760379791, 1.748013436794281, 1.7475461959838867, 1.745706558227539, 1.7457281053066254, 1.7400959134101868, 1.7485880851745605, 1.7396259307861328, 1.751694679260254, 1.7438132166862488, 1.7437885403633118, 1.7332725822925568, 1.7473410665988922, 1.7422470152378082, 1.7330577373504639, 1.741454392671585, 1.7397522926330566, 1.7439149022102356, 1.7342480421066284, 1.7331961691379547, 1.7307080328464508, 1.7452725768089294, 1.735788494348526, 1.7391801178455353, 1.7394520044326782, 1.7372303009033203, 1.7352958917617798, 1.7264594733715057, 1.73696768283844, 1.7295475900173187, 1.7324986457824707, 1.7296356558799744, 1.7333102226257324, 1.7308787107467651, 1.7286794185638428, 1.7236290574073792, 1.7304019033908844, 1.7277181148529053, 1.7230354845523834, 1.7209437787532806, 1.7288324236869812, 1.7309683859348297, 1.7282270789146423, 1.7213152945041656, 1.7237210273742676, 1.7265469133853912, 1.7276142537593842, 1.720060646533966, 1.7215256690979004, 1.724962443113327, 1.7176375687122345, 1.7261302471160889, 1.722072184085846, 1.716266393661499, 1.715778887271881, 1.7197194695472717, 1.7250624299049377, 1.721913754940033, 1.7179555594921112, 1.7244877517223358, 1.7157786190509796, 1.7185687720775604, 1.7181914150714874, 1.7164944112300873, 1.7093281745910645, 1.7185781300067902, 1.7132939100265503, 1.716929942369461, 1.7161128222942352, 1.7131110727787018, 1.7156481444835663, 1.706398844718933, 1.7069243788719177, 1.7100734114646912, 1.7083913385868073, 1.7082261145114899, 1.7125268280506134, 1.7096420228481293], "train_acc": [0.15625, 0.19375, 0.19583333333333333, 0.23125, 0.22083333333333333, 0.21458333333333332, 0.20416666666666666, 0.20208333333333334, 0.2520833333333333, 0.225, 0.22916666666666666, 0.20833333333333334, 0.23541666666666666, 0.23125, 0.2375, 0.26458333333333334, 0.23125, 0.23958333333333334, 0.22708333333333333, 0.21458333333333332, 0.22916666666666666, 0.22916666666666666, 0.24166666666666667, 0.24375, 0.23125, 0.22291666666666668, 0.22916666666666666, 0.20625, 0.22291666666666668, 0.23333333333333334, 0.24166666666666667, 0.24166666666666667, 0.23125, 0.23333333333333334, 0.225, 0.23333333333333334, 0.23333333333333334, 0.23958333333333334, 0.2520833333333333, 0.22708333333333333, 0.23541666666666666, 0.2604166666666667, 0.24583333333333332, 0.23541666666666666, 0.2604166666666667, 0.25, 0.2375, 0.24791666666666667, 0.23958333333333334, 0.2604166666666667, 0.24791666666666667, 0.24375, 0.23541666666666666, 0.24791666666666667, 0.25, 0.2833333333333333, 0.25, 0.24375, 0.23333333333333334, 0.24791666666666667, 0.275, 0.24791666666666667, 0.2708333333333333, 0.25416666666666665, 0.24583333333333332, 0.25416666666666665, 0.2708333333333333, 0.2604166666666667, 0.25416666666666665, 0.2625, 0.26458333333333334, 0.25, 0.2520833333333333, 0.2625, 0.26458333333333334, 0.24791666666666667, 0.26666666666666666, 0.27708333333333335, 0.25416666666666665, 0.27291666666666664, 0.2791666666666667, 0.26875, 0.26458333333333334, 0.26458333333333334, 0.25416666666666665, 0.26875, 0.2625, 0.26458333333333334, 0.26458333333333334, 0.28541666666666665, 0.26666666666666666, 0.25625, 0.275, 0.275, 0.26458333333333334, 0.2833333333333333, 0.2791666666666667, 0.26666666666666666, 0.2708333333333333, 0.25416666666666665], "val_loss": [1.8043314218521118, 1.8022730350494385, 1.8006024360656738, 1.8001042604446411, 1.795579433441162, 1.7919150590896606, 1.7897874116897583, 1.785844087600708, 1.784233570098877, 1.7829668521881104, 1.7795201539993286, 1.7781341075897217, 1.7782471179962158, 1.7767938375473022, 1.7767938375473022, 1.7760589122772217, 1.776458740234375, 1.774662733078003, 1.776564121246338, 1.776814341545105, 1.7789074182510376, 1.7784637212753296, 1.7766848802566528, 1.7760181427001953, 1.7744697332382202, 1.7760766744613647, 1.775897741317749, 1.7750521898269653, 1.7748836278915405, 1.7714349031448364, 1.7732840776443481, 1.7733429670333862, 1.773441195487976, 1.77212393283844, 1.7714123725891113, 1.769416093826294, 1.7704969644546509, 1.7698785066604614, 1.7702581882476807, 1.772800326347351, 1.7683497667312622, 1.7584315538406372, 1.753447413444519, 1.7552639245986938, 1.7609598636627197, 1.76399827003479, 1.7626150846481323, 1.7570871114730835, 1.7552157640457153, 1.7521796226501465, 1.7569377422332764, 1.7586220502853394, 1.752191424369812, 1.7515405416488647, 1.75130295753479, 1.7480980157852173, 1.7516180276870728, 1.751821517944336, 1.7468098402023315, 1.743731141090393, 1.7453010082244873, 1.7481056451797485, 1.7507308721542358, 1.7483010292053223, 1.7486034631729126, 1.7457596063613892, 1.7475723028182983, 1.7457616329193115, 1.747093915939331, 1.7450186014175415, 1.7479761838912964, 1.7499938011169434, 1.7445400953292847, 1.7424616813659668, 1.7425249814987183, 1.743659257888794, 1.7487053871154785, 1.7424193620681763, 1.740415334701538, 1.7386568784713745, 1.7389758825302124, 1.7411980628967285, 1.7421927452087402, 1.7415457963943481, 1.7445626258850098, 1.7422701120376587, 1.743354082107544, 1.7492700815200806, 1.7490158081054688, 1.7434475421905518, 1.7386356592178345, 1.7422776222229004, 1.7410372495651245, 1.7441000938415527, 1.746015191078186, 1.7431851625442505, 1.7440178394317627, 1.7483073472976685, 1.746012806892395, 1.7452980279922485], "val_acc": [0.11666666666666667, 0.08333333333333333, 0.11666666666666667, 0.15, 0.18333333333333332, 0.2, 0.23333333333333334, 0.26666666666666666, 0.23333333333333334, 0.21666666666666667, 0.26666666666666666, 0.2833333333333333, 0.25, 0.2, 0.2, 0.23333333333333334, 0.2, 0.25, 0.26666666666666666, 0.2, 0.21666666666666667, 0.23333333333333334, 0.2, 0.2, 0.25, 0.23333333333333334, 0.21666666666666667, 0.25, 0.18333333333333332, 0.25, 0.26666666666666666, 0.23333333333333334, 0.25, 0.23333333333333334, 0.23333333333333334, 0.23333333333333334, 0.18333333333333332, 0.2, 0.2, 0.21666666666666667, 0.25, 0.26666666666666666, 0.26666666666666666, 0.25, 0.23333333333333334, 0.21666666666666667, 0.25, 0.23333333333333334, 0.23333333333333334, 0.23333333333333334, 0.21666666666666667, 0.21666666666666667, 0.23333333333333334, 0.25, 0.25, 0.25, 0.21666666666666667, 0.23333333333333334, 0.23333333333333334, 0.2, 0.21666666666666667, 0.21666666666666667, 0.2, 0.23333333333333334, 0.23333333333333334, 0.21666666666666667, 0.23333333333333334, 0.23333333333333334, 0.23333333333333334, 0.21666666666666667, 0.2, 0.2, 0.23333333333333334, 0.21666666666666667, 0.21666666666666667, 0.21666666666666667, 0.21666666666666667, 0.21666666666666667, 0.23333333333333334, 0.21666666666666667, 0.21666666666666667, 0.2, 0.21666666666666667, 0.21666666666666667, 0.21666666666666667, 0.2, 0.21666666666666667, 0.2, 0.2, 0.21666666666666667, 0.21666666666666667, 0.21666666666666667, 0.2, 0.21666666666666667, 0.2, 0.21666666666666667, 0.21666666666666667, 0.21666666666666667, 0.2, 0.2]}