{"train_loss": [1.7944667041301727, 1.7931462526321411, 1.7909790575504303, 1.7895296514034271, 1.7886613309383392, 1.7876481711864471, 1.7882731258869171, 1.7874636054039001, 1.786585509777069, 1.7844141125679016, 1.785281240940094, 1.7834886610507965, 1.7814742922782898, 1.7808089554309845, 1.7796905040740967, 1.7789346277713776, 1.77851802110672, 1.776155412197113, 1.7777128219604492, 1.774315059185028, 1.7730118036270142, 1.771180897951126, 1.771295189857483, 1.7716290950775146, 1.7669682204723358, 1.7682533860206604, 1.765352338552475, 1.7648558616638184, 1.7650326192378998, 1.7622955441474915, 1.7652944028377533, 1.7625300288200378, 1.7616903483867645, 1.761448323726654, 1.7579752802848816, 1.7622559070587158, 1.762093871831894, 1.7587474882602692, 1.7570602893829346, 1.7573530077934265, 1.757554143667221, 1.7559533417224884, 1.7561511397361755, 1.7544900476932526, 1.7556001543998718, 1.7561824023723602, 1.7538839876651764, 1.7526983320713043, 1.7527805864810944, 1.7535482943058014, 1.7513530254364014, 1.7541533410549164, 1.7500850856304169, 1.7511362135410309, 1.751221388578415, 1.748079091310501, 1.7477580308914185, 1.7485144138336182, 1.7478587627410889, 1.743854433298111, 1.7496395409107208, 1.746710866689682, 1.7482205629348755, 1.7446008324623108, 1.7480187714099884, 1.741382122039795, 1.748864471912384, 1.7464391589164734, 1.741388976573944, 1.7427125871181488, 1.7484329342842102, 1.7428523004055023, 1.743062049150467, 1.7419114410877228, 1.7412198781967163, 1.7448546886444092, 1.7418474555015564, 1.7392353415489197, 1.7391449809074402, 1.738793969154358, 1.7353809177875519, 1.7366458773612976, 1.7373192608356476, 1.733271986246109, 1.736168920993805, 1.7357431054115295, 1.7352603375911713, 1.7384943962097168, 1.7370364964008331, 1.7327900528907776, 1.736518919467926, 1.7312851548194885, 1.732884407043457, 1.7273004949092865, 1.7263955771923065, 1.7326699793338776, 1.7308382093906403, 1.7331763803958893, 1.7249738276004791, 1.730417013168335], "train_acc": [0.175, 0.17708333333333334, 0.17708333333333334, 0.18958333333333333, 0.18958333333333333, 0.18541666666666667, 0.20833333333333334, 0.18125, 0.19583333333333333, 0.19791666666666666, 0.20833333333333334, 0.20833333333333334, 0.21458333333333332, 0.19791666666666666, 0.22291666666666668, 0.21875, 0.21666666666666667, 0.23333333333333334, 0.21041666666666667, 0.23958333333333334, 0.20625, 0.20833333333333334, 0.20833333333333334, 0.18958333333333333, 0.2, 0.2, 0.2, 0.2, 0.20416666666666666, 0.20625, 0.21041666666666667, 0.20208333333333334, 0.20208333333333334, 0.2, 0.20208333333333334, 0.20625, 0.19583333333333333, 0.21666666666666667, 0.20625, 0.20208333333333334, 0.20416666666666666, 0.21041666666666667, 0.22083333333333333, 0.21666666666666667, 0.225, 0.20208333333333334, 0.21666666666666667, 0.21041666666666667, 0.20833333333333334, 0.19375, 0.20833333333333334, 0.22708333333333333, 0.20625, 0.2125, 0.22291666666666668, 0.19375, 0.21458333333333332, 0.2, 0.225, 0.21875, 0.22291666666666668, 0.21666666666666667, 0.20208333333333334, 0.21666666666666667, 0.21666666666666667, 0.22916666666666666, 0.22708333333333333, 0.20625, 0.21666666666666667, 0.22291666666666668, 0.225, 0.2125, 0.22916666666666666, 0.2375, 0.21458333333333332, 0.22083333333333333, 0.22916666666666666, 0.23333333333333334, 0.23125, 0.21458333333333332, 0.225, 0.21041666666666667, 0.23125, 0.21458333333333332, 0.23125, 0.2, 0.2375, 0.20833333333333334, 0.23958333333333334, 0.23333333333333334, 0.23958333333333334, 0.22083333333333333, 0.22083333333333333, 0.22916666666666666, 0.25416666666666665, 0.22708333333333333, 0.23958333333333334, 0.22083333333333333, 0.25625, 0.23333333333333334], "val_loss": [1.7914373874664307, 1.791333556175232, 1.7911936044692993, 1.7913376092910767, 1.7912938594818115, 1.7913788557052612, 1.7910834550857544, 1.7911608219146729, 1.7907811403274536, 1.7898967266082764, 1.7889646291732788, 1.7873892784118652, 1.7868355512619019, 1.7860885858535767, 1.7849935293197632, 1.7841771841049194, 1.783927083015442, 1.782426118850708, 1.7814229726791382, 1.7793949842453003, 1.7772787809371948, 1.7755396366119385, 1.7735594511032104, 1.7721763849258423, 1.7709770202636719, 1.7694008350372314, 1.7704945802688599, 1.769482135772705, 1.7674154043197632, 1.7662742137908936, 1.7633514404296875, 1.7595843076705933, 1.758944034576416, 1.7589350938796997, 1.759738802909851, 1.7577365636825562, 1.7591632604599, 1.7578305006027222, 1.7552281618118286, 1.7551530599594116, 1.755468487739563, 1.7578431367874146, 1.7569642066955566, 1.7541605234146118, 1.751744031906128, 1.7505667209625244, 1.749776840209961, 1.750329613685608, 1.7520097494125366, 1.751320242881775, 1.7528201341629028, 1.7526538372039795, 1.7503321170806885, 1.7478071451187134, 1.7471482753753662, 1.745769739151001, 1.7465183734893799, 1.746292233467102, 1.7446696758270264, 1.7436445951461792, 1.7441389560699463, 1.74148428440094, 1.7428194284439087, 1.7414902448654175, 1.7419794797897339, 1.7422417402267456, 1.7418854236602783, 1.7424396276474, 1.7403661012649536, 1.7397609949111938, 1.7368642091751099, 1.736616849899292, 1.7359230518341064, 1.7356047630310059, 1.736509919166565, 1.7381229400634766, 1.7370842695236206, 1.7355741262435913, 1.7330734729766846, 1.7326661348342896, 1.7317612171173096, 1.7288012504577637, 1.7285454273223877, 1.7290235757827759, 1.7294527292251587, 1.7273218631744385, 1.7255005836486816, 1.72378671169281, 1.722237467765808, 1.7229161262512207, 1.724500298500061, 1.7239043712615967, 1.7226003408432007, 1.7230528593063354, 1.724336862564087, 1.7242445945739746, 1.7242196798324585, 1.7218595743179321, 1.7197176218032837, 1.7189674377441406], "val_acc": [0.18333333333333332, 0.18333333333333332, 0.2, 0.2, 0.18333333333333332, 0.18333333333333332, 0.2, 0.18333333333333332, 0.16666666666666666, 0.16666666666666666, 0.11666666666666667, 0.15, 0.13333333333333333, 0.11666666666666667, 0.11666666666666667, 0.11666666666666667, 0.11666666666666667, 0.11666666666666667, 0.13333333333333333, 0.13333333333333333, 0.13333333333333333, 0.13333333333333333, 0.15, 0.15, 0.15, 0.15, 0.15, 0.16666666666666666, 0.16666666666666666, 0.16666666666666666, 0.16666666666666666, 0.18333333333333332, 0.18333333333333332, 0.18333333333333332, 0.18333333333333332, 0.18333333333333332, 0.13333333333333333, 0.18333333333333332, 0.18333333333333332, 0.2, 0.18333333333333332, 0.2, 0.2, 0.18333333333333332, 0.2, 0.2, 0.2, 0.16666666666666666, 0.15, 0.16666666666666666, 0.16666666666666666, 0.16666666666666666, 0.18333333333333332, 0.2, 0.21666666666666667, 0.21666666666666667, 0.2, 0.2, 0.18333333333333332, 0.2, 0.21666666666666667, 0.23333333333333334, 0.21666666666666667, 0.21666666666666667, 0.21666666666666667, 0.21666666666666667, 0.21666666666666667, 0.2, 0.2, 0.2, 0.2, 0.2, 0.2, 0.2, 0.21666666666666667, 0.21666666666666667, 0.21666666666666667, 0.21666666666666667, 0.23333333333333334, 0.23333333333333334, 0.23333333333333334, 0.23333333333333334, 0.23333333333333334, 0.2, 0.21666666666666667, 0.21666666666666667, 0.21666666666666667, 0.25, 0.25, 0.23333333333333334, 0.21666666666666667, 0.21666666666666667, 0.23333333333333334, 0.23333333333333334, 0.21666666666666667, 0.2, 0.2, 0.21666666666666667, 0.21666666666666667, 0.21666666666666667]}