{"train_loss": [1.7923553586006165, 1.7914127707481384, 1.79038006067276, 1.78945654630661, 1.7881077826023102, 1.7872393429279327, 1.7862116992473602, 1.7845863699913025, 1.785273164510727, 1.7835294902324677, 1.7814655005931854, 1.7811045348644257, 1.7791884541511536, 1.777034044265747, 1.774425208568573, 1.7743515968322754, 1.7710848450660706, 1.7703820168972015, 1.7659217417240143, 1.7659832239151, 1.7649337649345398, 1.757952332496643, 1.7574640810489655, 1.7572544515132904, 1.7553235590457916, 1.7544762790203094, 1.7526845932006836, 1.7478789985179901, 1.7459982931613922, 1.743721604347229, 1.7497480809688568, 1.7468660771846771, 1.7465815246105194, 1.7461926639080048, 1.740865558385849, 1.7450802326202393, 1.743812382221222, 1.7411278784275055, 1.738478422164917, 1.7453352808952332, 1.7392257153987885, 1.7419541478157043, 1.7434484958648682, 1.7355332672595978, 1.735873281955719, 1.7407101690769196, 1.7373589873313904, 1.7359889447689056, 1.736710011959076, 1.7365331947803497, 1.7385135293006897, 1.7333560585975647, 1.7315349876880646, 1.732960730791092, 1.7321108877658844, 1.7333524823188782, 1.7350667417049408, 1.7326829731464386, 1.7394579350948334, 1.731482058763504, 1.7364214360713959, 1.7356542348861694, 1.7309351563453674, 1.7277416288852692, 1.7237925231456757, 1.732002317905426, 1.7248921990394592, 1.7269528806209564, 1.727260023355484, 1.7268830835819244, 1.7253588140010834, 1.7253108620643616, 1.7241577506065369, 1.719847172498703, 1.7286528944969177, 1.723335862159729, 1.721263736486435, 1.7246258854866028, 1.7254802286624908, 1.7262409329414368, 1.7232907712459564, 1.7260271310806274, 1.7217665612697601, 1.7203733325004578, 1.7235162854194641, 1.7255011200904846, 1.7201713621616364, 1.7182411551475525, 1.716165840625763, 1.7191204130649567, 1.71509250998497, 1.7225311696529388, 1.718624234199524, 1.7195403277873993, 1.7190507054328918, 1.7149449288845062, 1.7171785235404968, 1.7148542702198029, 1.7133129835128784, 1.718061625957489], "train_acc": [0.17083333333333334, 0.2125, 0.2, 0.19583333333333333, 0.21458333333333332, 0.20208333333333334, 0.20416666666666666, 0.22708333333333333, 0.18958333333333333, 0.21666666666666667, 0.23125, 0.22291666666666668, 0.22291666666666668, 0.2520833333333333, 0.25, 0.22083333333333333, 0.24583333333333332, 0.225, 0.24583333333333332, 0.2375, 0.24375, 0.22708333333333333, 0.21875, 0.225, 0.24583333333333332, 0.225, 0.23125, 0.2625, 0.26666666666666666, 0.25833333333333336, 0.25416666666666665, 0.26666666666666666, 0.25625, 0.24166666666666667, 0.2625, 0.23541666666666666, 0.24166666666666667, 0.23958333333333334, 0.24166666666666667, 0.24791666666666667, 0.24583333333333332, 0.24375, 0.24583333333333332, 0.25625, 0.2520833333333333, 0.25416666666666665, 0.25833333333333336, 0.25, 0.2520833333333333, 0.25, 0.24583333333333332, 0.2520833333333333, 0.26458333333333334, 0.2375, 0.2604166666666667, 0.25625, 0.25, 0.26875, 0.2520833333333333, 0.25, 0.25833333333333336, 0.24583333333333332, 0.25, 0.2625, 0.25, 0.24791666666666667, 0.275, 0.2520833333333333, 0.2520833333333333, 0.24791666666666667, 0.25416666666666665, 0.24791666666666667, 0.25833333333333336, 0.2520833333333333, 0.25625, 0.26666666666666666, 0.2791666666666667, 0.2625, 0.26458333333333334, 0.27708333333333335, 0.28125, 0.25625, 0.2625, 0.25625, 0.26458333333333334, 0.25, 0.26875, 0.26666666666666666, 0.26458333333333334, 0.2708333333333333, 0.27291666666666664, 0.2625, 0.26666666666666666, 0.2604166666666667, 0.27708333333333335, 0.27291666666666664, 0.2604166666666667, 0.27708333333333335, 0.25, 0.25625], "val_loss": [1.7951014041900635, 1.7938381433486938, 1.7925293445587158, 1.7916110754013062, 1.790327548980713, 1.7892630100250244, 1.7881405353546143, 1.7867659330368042, 1.7856354713439941, 1.7842563390731812, 1.782706379890442, 1.7814427614212036, 1.7803139686584473, 1.779343843460083, 1.7782551050186157, 1.7768628597259521, 1.77515709400177, 1.7724604606628418, 1.770853877067566, 1.7696056365966797, 1.7685576677322388, 1.7671129703521729, 1.765398621559143, 1.7634429931640625, 1.7614237070083618, 1.7597180604934692, 1.7599164247512817, 1.7595916986465454, 1.758820652961731, 1.7580993175506592, 1.7577202320098877, 1.7581572532653809, 1.756973385810852, 1.7543543577194214, 1.7536251544952393, 1.7536959648132324, 1.7528207302093506, 1.7515884637832642, 1.7502864599227905, 1.7497884035110474, 1.7499722242355347, 1.7496782541275024, 1.7494282722473145, 1.7482869625091553, 1.747187852859497, 1.7458114624023438, 1.7446174621582031, 1.7441773414611816, 1.7430040836334229, 1.740545392036438, 1.7409194707870483, 1.7405909299850464, 1.74117112159729, 1.7405686378479004, 1.7390903234481812, 1.7391084432601929, 1.73785400390625, 1.7376110553741455, 1.73642897605896, 1.7362877130508423, 1.7355399131774902, 1.7340238094329834, 1.7332106828689575, 1.7323105335235596, 1.7304025888442993, 1.7310611009597778, 1.73018217086792, 1.731199860572815, 1.7314754724502563, 1.7314436435699463, 1.7306734323501587, 1.7295095920562744, 1.7273446321487427, 1.7271294593811035, 1.7262012958526611, 1.7254282236099243, 1.7247376441955566, 1.7232651710510254, 1.7214323282241821, 1.7220268249511719, 1.7226388454437256, 1.7220665216445923, 1.7212432622909546, 1.7211073637008667, 1.7201495170593262, 1.7206672430038452, 1.7216641902923584, 1.7201226949691772, 1.7180644273757935, 1.7181044816970825, 1.7175447940826416, 1.7174079418182373, 1.716764211654663, 1.7151216268539429, 1.7152040004730225, 1.7140451669692993, 1.7120832204818726, 1.7119767665863037, 1.7138303518295288, 1.7159401178359985], "val_acc": [0.15, 0.15, 0.18333333333333332, 0.18333333333333332, 0.23333333333333334, 0.23333333333333334, 0.21666666666666667, 0.23333333333333334, 0.21666666666666667, 0.23333333333333334, 0.21666666666666667, 0.23333333333333334, 0.25, 0.23333333333333334, 0.23333333333333334, 0.21666666666666667, 0.23333333333333334, 0.21666666666666667, 0.23333333333333334, 0.21666666666666667, 0.23333333333333334, 0.26666666666666666, 0.26666666666666666, 0.26666666666666666, 0.26666666666666666, 0.23333333333333334, 0.21666666666666667, 0.2, 0.23333333333333334, 0.21666666666666667, 0.21666666666666667, 0.21666666666666667, 0.21666666666666667, 0.21666666666666667, 0.23333333333333334, 0.23333333333333334, 0.23333333333333334, 0.25, 0.23333333333333334, 0.25, 0.26666666666666666, 0.23333333333333334, 0.23333333333333334, 0.23333333333333334, 0.26666666666666666, 0.25, 0.23333333333333334, 0.26666666666666666, 0.2833333333333333, 0.26666666666666666, 0.25, 0.25, 0.25, 0.23333333333333334, 0.25, 0.25, 0.25, 0.25, 0.26666666666666666, 0.25, 0.23333333333333334, 0.25, 0.25, 0.25, 0.26666666666666666, 0.25, 0.26666666666666666, 0.25, 0.25, 0.25, 0.25, 0.25, 0.23333333333333334, 0.23333333333333334, 0.25, 0.25, 0.26666666666666666, 0.26666666666666666, 0.2833333333333333, 0.26666666666666666, 0.2833333333333333, 0.25, 0.23333333333333334, 0.25, 0.23333333333333334, 0.25, 0.25, 0.26666666666666666, 0.25, 0.25, 0.26666666666666666, 0.26666666666666666, 0.26666666666666666, 0.3, 0.3, 0.2833333333333333, 0.25, 0.23333333333333334, 0.21666666666666667, 0.25]}