{"train_loss": [1.7914259135723114, 1.7905797958374023, 1.7900453209877014, 1.7889061570167542, 1.7868722677230835, 1.7870591878890991, 1.78557687997818, 1.7854048609733582, 1.7829911708831787, 1.7830671966075897, 1.7812933027744293, 1.7810563147068024, 1.778282880783081, 1.778875321149826, 1.7770994305610657, 1.7764067947864532, 1.774667888879776, 1.7728790640830994, 1.7712225317955017, 1.768818885087967, 1.7694630920886993, 1.7663484811782837, 1.7664770483970642, 1.7656603157520294, 1.764283448457718, 1.761384665966034, 1.7610588669776917, 1.7600822448730469, 1.7587388753890991, 1.7566819787025452, 1.76148921251297, 1.754978507757187, 1.7539604008197784, 1.755649894475937, 1.7574487030506134, 1.7543470561504364, 1.7552323937416077, 1.7580443620681763, 1.7532806992530823, 1.7549138069152832, 1.7491371929645538, 1.7517039477825165, 1.7475112676620483, 1.749287188053131, 1.753339022397995, 1.7523455917835236, 1.74961918592453, 1.7464828491210938, 1.7474622428417206, 1.7448550760746002, 1.7447946071624756, 1.7494275271892548, 1.7453556656837463, 1.743224173784256, 1.7458633482456207, 1.7432547211647034, 1.744529515504837, 1.7427766621112823, 1.7412396967411041, 1.7419973313808441, 1.740908920764923, 1.741832822561264, 1.7404068112373352, 1.742417961359024, 1.7391601204872131, 1.7401203513145447, 1.737938642501831, 1.7410446107387543, 1.7360297441482544, 1.7334406971931458, 1.7368017435073853, 1.7341587841510773, 1.7352178692817688, 1.737887591123581, 1.7386621236801147, 1.7347625494003296, 1.7326227724552155, 1.7360041439533234, 1.73223015666008, 1.7306198477745056, 1.7344649732112885, 1.7338292598724365, 1.7311887741088867, 1.7303622364997864, 1.7326776087284088, 1.7286525666713715, 1.7323267757892609, 1.7354714274406433, 1.7295418083667755, 1.7306812405586243, 1.7247054874897003, 1.7281651198863983, 1.723761886358261, 1.7242358326911926, 1.7254440784454346, 1.7257397770881653, 1.7232941389083862, 1.7280871868133545, 1.7266748249530792, 1.7186631560325623], "train_acc": [0.16875, 0.17291666666666666, 0.17916666666666667, 0.21666666666666667, 0.225, 0.23541666666666666, 0.2125, 0.24791666666666667, 0.26458333333333334, 0.2375, 0.2625, 0.25416666666666665, 0.23333333333333334, 0.2520833333333333, 0.25, 0.23333333333333334, 0.23958333333333334, 0.24375, 0.23541666666666666, 0.24166666666666667, 0.24375, 0.22916666666666666, 0.22291666666666668, 0.21666666666666667, 0.22291666666666668, 0.2, 0.20416666666666666, 0.19166666666666668, 0.2, 0.20416666666666666, 0.21041666666666667, 0.2125, 0.21458333333333332, 0.20208333333333334, 0.2125, 0.20625, 0.20833333333333334, 0.19583333333333333, 0.19375, 0.22291666666666668, 0.22708333333333333, 0.22291666666666668, 0.225, 0.23333333333333334, 0.20208333333333334, 0.2, 0.21041666666666667, 0.2125, 0.21666666666666667, 0.22708333333333333, 0.21666666666666667, 0.23333333333333334, 0.22083333333333333, 0.23333333333333334, 0.22708333333333333, 0.22916666666666666, 0.23541666666666666, 0.21041666666666667, 0.21875, 0.23333333333333334, 0.22083333333333333, 0.225, 0.225, 0.22291666666666668, 0.225, 0.22916666666666666, 0.24791666666666667, 0.22916666666666666, 0.24166666666666667, 0.23333333333333334, 0.22916666666666666, 0.21875, 0.21666666666666667, 0.225, 0.22916666666666666, 0.21875, 0.22916666666666666, 0.23958333333333334, 0.24375, 0.24166666666666667, 0.2375, 0.22708333333333333, 0.23125, 0.21875, 0.24375, 0.2375, 0.21041666666666667, 0.21666666666666667, 0.22916666666666666, 0.23958333333333334, 0.23958333333333334, 0.23333333333333334, 0.225, 0.22291666666666668, 0.24166666666666667, 0.22291666666666668, 0.22708333333333333, 0.21458333333333332, 0.24166666666666667, 0.23333333333333334], "val_loss": [1.793392300605774, 1.7929822206497192, 1.7930160760879517, 1.793358564376831, 1.793109655380249, 1.7929134368896484, 1.792962908744812, 1.7925398349761963, 1.7924970388412476, 1.7925240993499756, 1.7918705940246582, 1.7916101217269897, 1.7914451360702515, 1.790363073348999, 1.789892554283142, 1.7889944314956665, 1.7884273529052734, 1.7867698669433594, 1.786320447921753, 1.7853914499282837, 1.7850021123886108, 1.7841917276382446, 1.7830473184585571, 1.7824007272720337, 1.7811604738235474, 1.7814521789550781, 1.781185269355774, 1.7807579040527344, 1.7809616327285767, 1.780081033706665, 1.7807673215866089, 1.7808811664581299, 1.7807462215423584, 1.7808091640472412, 1.7808693647384644, 1.780348300933838, 1.780399203300476, 1.7797383069992065, 1.7794855833053589, 1.7798911333084106, 1.779581069946289, 1.776260495185852, 1.7735546827316284, 1.7727057933807373, 1.7732938528060913, 1.773681640625, 1.7739111185073853, 1.7735228538513184, 1.7743586301803589, 1.772275686264038, 1.7726256847381592, 1.7728731632232666, 1.7711434364318848, 1.7714616060256958, 1.771138310432434, 1.76791250705719, 1.7670090198516846, 1.7661736011505127, 1.7641721963882446, 1.7625776529312134, 1.7640327215194702, 1.765011191368103, 1.7640488147735596, 1.7625685930252075, 1.7628034353256226, 1.7630133628845215, 1.7629903554916382, 1.7613924741744995, 1.7609078884124756, 1.7593331336975098, 1.7612309455871582, 1.763312816619873, 1.7612640857696533, 1.75869619846344, 1.757163166999817, 1.7564079761505127, 1.7594659328460693, 1.7570827007293701, 1.756644368171692, 1.7544423341751099, 1.752868890762329, 1.7527446746826172, 1.7532709836959839, 1.7532356977462769, 1.7547258138656616, 1.7537283897399902, 1.7544593811035156, 1.7567932605743408, 1.757082223892212, 1.7532012462615967, 1.750653624534607, 1.7523021697998047, 1.7506206035614014, 1.7513301372528076, 1.7529569864273071, 1.751634955406189, 1.7512500286102295, 1.7522084712982178, 1.7501555681228638, 1.7497633695602417], "val_acc": [0.16666666666666666, 0.18333333333333332, 0.2, 0.25, 0.21666666666666667, 0.2, 0.21666666666666667, 0.21666666666666667, 0.2, 0.2, 0.2, 0.21666666666666667, 0.18333333333333332, 0.2, 0.18333333333333332, 0.18333333333333332, 0.18333333333333332, 0.2, 0.18333333333333332, 0.2, 0.2, 0.18333333333333332, 0.18333333333333332, 0.16666666666666666, 0.18333333333333332, 0.2, 0.2, 0.21666666666666667, 0.2, 0.21666666666666667, 0.21666666666666667, 0.23333333333333334, 0.2, 0.2, 0.18333333333333332, 0.2, 0.18333333333333332, 0.2, 0.21666666666666667, 0.21666666666666667, 0.21666666666666667, 0.23333333333333334, 0.25, 0.21666666666666667, 0.23333333333333334, 0.23333333333333334, 0.25, 0.2, 0.2, 0.18333333333333332, 0.21666666666666667, 0.23333333333333334, 0.21666666666666667, 0.2, 0.21666666666666667, 0.2, 0.2, 0.2, 0.21666666666666667, 0.21666666666666667, 0.2, 0.2, 0.23333333333333334, 0.21666666666666667, 0.2, 0.2, 0.2, 0.2, 0.2, 0.2, 0.2, 0.23333333333333334, 0.18333333333333332, 0.18333333333333332, 0.18333333333333332, 0.2, 0.2, 0.2, 0.2, 0.2, 0.2, 0.2, 0.23333333333333334, 0.23333333333333334, 0.23333333333333334, 0.23333333333333334, 0.21666666666666667, 0.25, 0.23333333333333334, 0.23333333333333334, 0.23333333333333334, 0.23333333333333334, 0.23333333333333334, 0.23333333333333334, 0.23333333333333334, 0.23333333333333334, 0.23333333333333334, 0.23333333333333334, 0.23333333333333334, 0.23333333333333334]}