{"train_loss": [1.792082279920578, 1.79190394282341, 1.78944131731987, 1.7882757186889648, 1.7876306474208832, 1.7873438000679016, 1.7861366868019104, 1.7854409515857697, 1.7841408252716064, 1.7834352254867554, 1.784199833869934, 1.7806881070137024, 1.7817353308200836, 1.780199021100998, 1.7785114347934723, 1.7780104875564575, 1.7764668762683868, 1.775587111711502, 1.775643914937973, 1.7744948863983154, 1.7734588086605072, 1.7697704136371613, 1.7721596956253052, 1.768217384815216, 1.7717633843421936, 1.7695922255516052, 1.7679429054260254, 1.7689254581928253, 1.7671873271465302, 1.767499566078186, 1.7657046616077423, 1.763970285654068, 1.7630655765533447, 1.7646625638008118, 1.7603876292705536, 1.764286756515503, 1.7591080963611603, 1.759444236755371, 1.7554720044136047, 1.7595275342464447, 1.755249559879303, 1.7573888897895813, 1.7514591217041016, 1.7552201747894287, 1.7510899901390076, 1.7556428909301758, 1.752502590417862, 1.7504763901233673, 1.750841498374939, 1.7515828907489777, 1.7507938146591187, 1.747908890247345, 1.7505643963813782, 1.7531021535396576, 1.7500059306621552, 1.7490827441215515, 1.7445376813411713, 1.7467799484729767, 1.7459607124328613, 1.744610846042633, 1.740749716758728, 1.7412954568862915, 1.7442424595355988, 1.7410116791725159, 1.7368939220905304, 1.7404212355613708, 1.738217443227768, 1.7385722994804382, 1.7370078265666962, 1.7389566004276276, 1.735228419303894, 1.7341641783714294, 1.7380710542201996, 1.7380589544773102, 1.7330971658229828, 1.733590006828308, 1.739054948091507, 1.7420639991760254, 1.7320615947246552, 1.7348337769508362, 1.7374471724033356, 1.7313259840011597, 1.7289581596851349, 1.731022983789444, 1.7273496091365814, 1.7329235076904297, 1.7319135665893555, 1.725149005651474, 1.7283422350883484, 1.7306424379348755, 1.7328975200653076, 1.7329187989234924, 1.7308425903320312, 1.7320533990859985, 1.7288951575756073, 1.7224515676498413, 1.7262802422046661, 1.7206137776374817, 1.7251688241958618, 1.7229644358158112], "train_acc": [0.19791666666666666, 0.18541666666666667, 0.18541666666666667, 0.18958333333333333, 0.18541666666666667, 0.2125, 0.21666666666666667, 0.21041666666666667, 0.21666666666666667, 0.20208333333333334, 0.20625, 0.20833333333333334, 0.1875, 0.19166666666666668, 0.19583333333333333, 0.19791666666666666, 0.20833333333333334, 0.20208333333333334, 0.20416666666666666, 0.21875, 0.23333333333333334, 0.23541666666666666, 0.21875, 0.2375, 0.23541666666666666, 0.2125, 0.22291666666666668, 0.21666666666666667, 0.22291666666666668, 0.22083333333333333, 0.2375, 0.21875, 0.23541666666666666, 0.21458333333333332, 0.21041666666666667, 0.21666666666666667, 0.23333333333333334, 0.21875, 0.22291666666666668, 0.2125, 0.21041666666666667, 0.20833333333333334, 0.225, 0.22083333333333333, 0.225, 0.23333333333333334, 0.2125, 0.19583333333333333, 0.2375, 0.20833333333333334, 0.23333333333333334, 0.21458333333333332, 0.21458333333333332, 0.20416666666666666, 0.20833333333333334, 0.2, 0.20416666666666666, 0.2125, 0.21875, 0.21458333333333332, 0.21041666666666667, 0.21666666666666667, 0.19791666666666666, 0.20625, 0.21041666666666667, 0.21041666666666667, 0.21875, 0.19375, 0.20625, 0.20416666666666666, 0.21666666666666667, 0.19166666666666668, 0.21666666666666667, 0.19375, 0.21458333333333332, 0.20416666666666666, 0.19583333333333333, 0.21041666666666667, 0.22083333333333333, 0.21666666666666667, 0.2125, 0.22291666666666668, 0.21666666666666667, 0.22291666666666668, 0.21458333333333332, 0.20833333333333334, 0.21666666666666667, 0.24166666666666667, 0.22916666666666666, 0.21458333333333332, 0.21458333333333332, 0.225, 0.22708333333333333, 0.24166666666666667, 0.21041666666666667, 0.23125, 0.24583333333333332, 0.23958333333333334, 0.23958333333333334, 0.25625], "val_loss": [1.7933580875396729, 1.7951393127441406, 1.7952910661697388, 1.7961699962615967, 1.7978595495224, 1.799520492553711, 1.7998316287994385, 1.7999075651168823, 1.799498438835144, 1.7986184358596802, 1.797747254371643, 1.7976419925689697, 1.7973710298538208, 1.7961913347244263, 1.794659972190857, 1.7924044132232666, 1.79058039188385, 1.7902621030807495, 1.7887533903121948, 1.7874619960784912, 1.7855076789855957, 1.7826124429702759, 1.7810478210449219, 1.778438925743103, 1.7783843278884888, 1.7759766578674316, 1.7727514505386353, 1.7697354555130005, 1.7674689292907715, 1.76347815990448, 1.7613933086395264, 1.7598490715026855, 1.7606130838394165, 1.761814832687378, 1.7612906694412231, 1.7596509456634521, 1.7583707571029663, 1.7560330629348755, 1.7536450624465942, 1.7527788877487183, 1.7502601146697998, 1.7490872144699097, 1.749040961265564, 1.7489091157913208, 1.750245213508606, 1.7482197284698486, 1.7458585500717163, 1.7448921203613281, 1.745808720588684, 1.7438150644302368, 1.7427561283111572, 1.742132544517517, 1.7413914203643799, 1.7405707836151123, 1.7381527423858643, 1.7376980781555176, 1.7348778247833252, 1.7351433038711548, 1.7374943494796753, 1.735247254371643, 1.7374694347381592, 1.7321772575378418, 1.7317262887954712, 1.7345662117004395, 1.7390789985656738, 1.7396399974822998, 1.7393395900726318, 1.7335387468338013, 1.7276332378387451, 1.7279506921768188, 1.7311482429504395, 1.7272279262542725, 1.7281467914581299, 1.7272746562957764, 1.7333464622497559, 1.7291295528411865, 1.7306770086288452, 1.7278650999069214, 1.7234890460968018, 1.726223349571228, 1.7291117906570435, 1.7293423414230347, 1.7236905097961426, 1.7218551635742188, 1.7218154668807983, 1.7199196815490723, 1.7275550365447998, 1.7304718494415283, 1.7292953729629517, 1.7261309623718262, 1.718017578125, 1.7194082736968994, 1.7244362831115723, 1.7317771911621094, 1.7307994365692139, 1.7255876064300537, 1.72414231300354, 1.7176625728607178, 1.718988060951233, 1.723300576210022], "val_acc": [0.08333333333333333, 0.08333333333333333, 0.08333333333333333, 0.11666666666666667, 0.11666666666666667, 0.08333333333333333, 0.08333333333333333, 0.1, 0.1, 0.15, 0.15, 0.13333333333333333, 0.13333333333333333, 0.15, 0.15, 0.15, 0.15, 0.15, 0.16666666666666666, 0.16666666666666666, 0.18333333333333332, 0.18333333333333332, 0.18333333333333332, 0.18333333333333332, 0.18333333333333332, 0.2, 0.2, 0.2, 0.18333333333333332, 0.2, 0.18333333333333332, 0.18333333333333332, 0.18333333333333332, 0.18333333333333332, 0.18333333333333332, 0.18333333333333332, 0.18333333333333332, 0.18333333333333332, 0.21666666666666667, 0.2, 0.21666666666666667, 0.2, 0.2, 0.2, 0.2, 0.2, 0.21666666666666667, 0.2, 0.2, 0.2, 0.2, 0.2, 0.2, 0.21666666666666667, 0.2, 0.2, 0.2, 0.21666666666666667, 0.21666666666666667, 0.2, 0.23333333333333334, 0.23333333333333334, 0.23333333333333334, 0.25, 0.23333333333333334, 0.23333333333333334, 0.21666666666666667, 0.23333333333333334, 0.25, 0.25, 0.23333333333333334, 0.25, 0.23333333333333334, 0.25, 0.23333333333333334, 0.23333333333333334, 0.23333333333333334, 0.21666666666666667, 0.23333333333333334, 0.21666666666666667, 0.23333333333333334, 0.21666666666666667, 0.26666666666666666, 0.25, 0.26666666666666666, 0.26666666666666666, 0.23333333333333334, 0.23333333333333334, 0.25, 0.23333333333333334, 0.25, 0.26666666666666666, 0.23333333333333334, 0.23333333333333334, 0.25, 0.21666666666666667, 0.23333333333333334, 0.25, 0.26666666666666666, 0.21666666666666667]}