{"train_loss": [1.7940040826797485, 1.775857836008072, 1.7661053240299225, 1.7613756954669952, 1.7599319815635681, 1.752976268529892, 1.7501667439937592, 1.7498340904712677, 1.751934677362442, 1.747813642024994, 1.7504529356956482, 1.747882753610611, 1.7497607469558716, 1.7463499009609222, 1.7469171285629272, 1.747544765472412, 1.7473992705345154, 1.7491012811660767, 1.746797263622284, 1.7463008761405945, 1.7463478744029999, 1.745800107717514, 1.7425343692302704, 1.7459537982940674, 1.7457080781459808, 1.746250957250595, 1.7446829974651337, 1.7446213960647583, 1.7428885996341705, 1.7440884113311768, 1.7481967210769653, 1.7478448748588562, 1.7452671229839325, 1.7448924779891968, 1.745734840631485, 1.7455733716487885, 1.747746765613556, 1.7460867762565613, 1.7446113526821136, 1.7446016073226929, 1.7444426119327545, 1.7467471659183502, 1.7452662587165833, 1.7449549436569214, 1.7441894114017487, 1.7460837364196777, 1.7466220259666443, 1.7472445964813232, 1.7477438747882843, 1.7436621189117432, 1.746606707572937, 1.74492746591568, 1.7443536818027496, 1.7436385452747345, 1.7419945001602173, 1.7455629706382751, 1.7440115213394165, 1.7434581816196442, 1.7445358335971832, 1.745400071144104, 1.7459725141525269, 1.7453089356422424, 1.7465667128562927, 1.74521803855896, 1.744593471288681, 1.7424022257328033, 1.7426292300224304, 1.7426500916481018, 1.7447317838668823, 1.7469190955162048, 1.7405980229377747, 1.744836837053299, 1.7440116703510284, 1.740396648645401, 1.7471543848514557, 1.741720825433731, 1.7430332601070404, 1.7435750365257263, 1.7434721887111664, 1.7450466752052307, 1.7440125942230225, 1.745095819234848, 1.742550939321518, 1.7401215434074402, 1.7444279789924622, 1.7416644394397736, 1.7430581152439117, 1.7439786195755005, 1.74273219704628, 1.7411012649536133, 1.7398429811000824, 1.7421316504478455, 1.7402532994747162, 1.7426283955574036, 1.7440202236175537, 1.7399972677230835, 1.7432192862033844, 1.7394983768463135, 1.7379076182842255, 1.7409923374652863], "train_acc": [0.1625, 0.2125, 0.20416666666666666, 0.23958333333333334, 0.25416666666666665, 0.25, 0.25, 0.2520833333333333, 0.21875, 0.25833333333333336, 0.24583333333333332, 0.23541666666666666, 0.23541666666666666, 0.2625, 0.2520833333333333, 0.26458333333333334, 0.26875, 0.27291666666666664, 0.2520833333333333, 0.2625, 0.2625, 0.25625, 0.225, 0.22291666666666668, 0.23333333333333334, 0.2520833333333333, 0.2708333333333333, 0.2791666666666667, 0.2625, 0.2625, 0.2375, 0.22083333333333333, 0.22291666666666668, 0.24375, 0.23541666666666666, 0.2708333333333333, 0.2604166666666667, 0.2520833333333333, 0.24375, 0.25833333333333336, 0.26875, 0.27291666666666664, 0.2708333333333333, 0.2625, 0.2625, 0.2520833333333333, 0.23333333333333334, 0.25, 0.225, 0.22083333333333333, 0.22083333333333333, 0.23541666666666666, 0.24583333333333332, 0.26875, 0.25, 0.25416666666666665, 0.24583333333333332, 0.25416666666666665, 0.2625, 0.2604166666666667, 0.25625, 0.2520833333333333, 0.25625, 0.25416666666666665, 0.25833333333333336, 0.24166666666666667, 0.24791666666666667, 0.2520833333333333, 0.26875, 0.26458333333333334, 0.2604166666666667, 0.25416666666666665, 0.25, 0.2375, 0.25833333333333336, 0.25625, 0.24583333333333332, 0.23958333333333334, 0.2375, 0.24583333333333332, 0.25, 0.2520833333333333, 0.24375, 0.25416666666666665, 0.2604166666666667, 0.23125, 0.2375, 0.2604166666666667, 0.225, 0.24166666666666667, 0.27291666666666664, 0.23125, 0.25625, 0.26666666666666666, 0.25625, 0.24791666666666667, 0.2520833333333333, 0.27708333333333335, 0.2791666666666667, 0.26875], "val_loss": [1.7897077798843384, 1.7741554975509644, 1.7664196491241455, 1.7728019952774048, 1.775227427482605, 1.7762528657913208, 1.7749046087265015, 1.7679648399353027, 1.7674643993377686, 1.76326322555542, 1.7603895664215088, 1.7578986883163452, 1.7580214738845825, 1.7591246366500854, 1.7576178312301636, 1.7571845054626465, 1.757323145866394, 1.7509212493896484, 1.7535022497177124, 1.7550675868988037, 1.7537003755569458, 1.753124475479126, 1.7519522905349731, 1.7505260705947876, 1.7489758729934692, 1.7503247261047363, 1.7575843334197998, 1.7568891048431396, 1.7541621923446655, 1.749965786933899, 1.753481388092041, 1.7531126737594604, 1.7506297826766968, 1.7485625743865967, 1.7522209882736206, 1.7557934522628784, 1.7542554140090942, 1.7553460597991943, 1.7508738040924072, 1.7524291276931763, 1.7523119449615479, 1.7524844408035278, 1.7536293268203735, 1.7530884742736816, 1.7554800510406494, 1.7544760704040527, 1.753113865852356, 1.7509446144104004, 1.7489168643951416, 1.7463605403900146, 1.7516082525253296, 1.7494945526123047, 1.7528733015060425, 1.753732442855835, 1.7523797750473022, 1.7544995546340942, 1.7535724639892578, 1.7550791501998901, 1.7520544528961182, 1.7514722347259521, 1.7507432699203491, 1.7506564855575562, 1.7551040649414062, 1.7519198656082153, 1.7432435750961304, 1.7489876747131348, 1.7516052722930908, 1.7565864324569702, 1.7600566148757935, 1.7585824728012085, 1.751638650894165, 1.7470295429229736, 1.7427774667739868, 1.7483772039413452, 1.7519829273223877, 1.7516956329345703, 1.7532012462615967, 1.7493960857391357, 1.7438406944274902, 1.7441163063049316, 1.7495511770248413, 1.7490252256393433, 1.7475006580352783, 1.749146819114685, 1.7469193935394287, 1.7533633708953857, 1.7491931915283203, 1.7460300922393799, 1.7407499551773071, 1.7466768026351929, 1.7530378103256226, 1.7484465837478638, 1.7454888820648193, 1.742226481437683, 1.7461647987365723, 1.7422410249710083, 1.7387193441390991, 1.740299105644226, 1.7494666576385498, 1.7566903829574585], "val_acc": [0.21666666666666667, 0.25, 0.25, 0.23333333333333334, 0.21666666666666667, 0.21666666666666667, 0.16666666666666666, 0.18333333333333332, 0.2, 0.2, 0.2, 0.18333333333333332, 0.15, 0.18333333333333332, 0.18333333333333332, 0.18333333333333332, 0.18333333333333332, 0.21666666666666667, 0.18333333333333332, 0.18333333333333332, 0.16666666666666666, 0.18333333333333332, 0.21666666666666667, 0.18333333333333332, 0.2, 0.21666666666666667, 0.15, 0.18333333333333332, 0.18333333333333332, 0.16666666666666666, 0.21666666666666667, 0.23333333333333334, 0.18333333333333332, 0.2, 0.18333333333333332, 0.16666666666666666, 0.21666666666666667, 0.21666666666666667, 0.2, 0.18333333333333332, 0.18333333333333332, 0.18333333333333332, 0.18333333333333332, 0.16666666666666666, 0.16666666666666666, 0.2, 0.18333333333333332, 0.2, 0.21666666666666667, 0.16666666666666666, 0.2, 0.2, 0.16666666666666666, 0.18333333333333332, 0.16666666666666666, 0.18333333333333332, 0.16666666666666666, 0.18333333333333332, 0.18333333333333332, 0.18333333333333332, 0.21666666666666667, 0.18333333333333332, 0.2, 0.2, 0.2, 0.18333333333333332, 0.2, 0.16666666666666666, 0.16666666666666666, 0.16666666666666666, 0.18333333333333332, 0.2, 0.18333333333333332, 0.18333333333333332, 0.18333333333333332, 0.2, 0.18333333333333332, 0.18333333333333332, 0.2, 0.21666666666666667, 0.2, 0.2, 0.21666666666666667, 0.21666666666666667, 0.21666666666666667, 0.25, 0.18333333333333332, 0.21666666666666667, 0.2, 0.2, 0.21666666666666667, 0.2, 0.21666666666666667, 0.23333333333333334, 0.23333333333333334, 0.21666666666666667, 0.23333333333333334, 0.23333333333333334, 0.2, 0.25]}