{"train_loss": [1.7931925654411316, 1.784953087568283, 1.778043121099472, 1.7765950858592987, 1.7709029614925385, 1.7683104276657104, 1.7683275640010834, 1.7666597068309784, 1.7663836181163788, 1.766023963689804, 1.7667378187179565, 1.766339272260666, 1.76545250415802, 1.764779508113861, 1.7645359933376312, 1.7617027759552002, 1.7613914608955383, 1.7640422582626343, 1.7614971101284027, 1.764983981847763, 1.7637792229652405, 1.7618870437145233, 1.7639684081077576, 1.7641802430152893, 1.7640998661518097, 1.763024002313614, 1.7640126943588257, 1.7642861604690552, 1.7666807770729065, 1.7615762650966644, 1.7630382478237152, 1.764007031917572, 1.762707769870758, 1.76822891831398, 1.764032244682312, 1.7616083323955536, 1.7611236274242401, 1.76131671667099, 1.7587753236293793, 1.7600991129875183, 1.7606467008590698, 1.7589381635189056, 1.75879567861557, 1.7619390189647675, 1.7607808411121368, 1.760380357503891, 1.7606473565101624, 1.760720282793045, 1.7612027525901794, 1.7598470151424408, 1.7607812285423279, 1.7607647478580475, 1.7604911625385284, 1.7614330649375916, 1.7597233057022095, 1.7620387375354767, 1.7603612840175629, 1.7617486417293549, 1.7620156407356262, 1.759349912405014, 1.7593957781791687, 1.7597088813781738, 1.7590702176094055, 1.7610707581043243, 1.757818192243576, 1.7594954669475555, 1.760776162147522, 1.761113464832306, 1.7584991455078125, 1.7597273588180542, 1.7606599628925323, 1.760149210691452, 1.759124755859375, 1.7624477446079254, 1.758887618780136, 1.7595949470996857, 1.7598896622657776, 1.7591745257377625, 1.7593828737735748, 1.757548600435257, 1.7600830495357513, 1.758602112531662, 1.7581273913383484, 1.7581722736358643, 1.7544024884700775, 1.7549684345722198, 1.7614836990833282, 1.7574160993099213, 1.760639727115631, 1.7572347521781921, 1.7601650059223175, 1.7584435045719147, 1.7574689984321594, 1.7592321634292603, 1.7572126984596252, 1.755598098039627, 1.7558341324329376, 1.754498541355133, 1.7570591866970062, 1.754422515630722], "train_acc": [0.17083333333333334, 0.22916666666666666, 0.17916666666666667, 0.14583333333333334, 0.21041666666666667, 0.225, 0.22708333333333333, 0.21875, 0.20416666666666666, 0.22083333333333333, 0.19166666666666668, 0.18541666666666667, 0.18125, 0.20416666666666666, 0.21041666666666667, 0.23541666666666666, 0.22916666666666666, 0.22291666666666668, 0.20625, 0.21875, 0.23541666666666666, 0.20625, 0.225, 0.20208333333333334, 0.20416666666666666, 0.19791666666666666, 0.20833333333333334, 0.22083333333333333, 0.21666666666666667, 0.225, 0.20625, 0.20833333333333334, 0.2, 0.20416666666666666, 0.19791666666666666, 0.22291666666666668, 0.22291666666666668, 0.2125, 0.18333333333333332, 0.2, 0.20625, 0.22291666666666668, 0.21666666666666667, 0.23333333333333334, 0.20625, 0.21666666666666667, 0.22291666666666668, 0.19791666666666666, 0.21875, 0.21458333333333332, 0.22291666666666668, 0.23125, 0.18958333333333333, 0.17291666666666666, 0.2, 0.20416666666666666, 0.20208333333333334, 0.20625, 0.23333333333333334, 0.22708333333333333, 0.21875, 0.21666666666666667, 0.17291666666666666, 0.21041666666666667, 0.2125, 0.225, 0.225, 0.225, 0.20208333333333334, 0.1875, 0.18333333333333332, 0.2125, 0.22291666666666668, 0.19583333333333333, 0.19791666666666666, 0.21041666666666667, 0.21041666666666667, 0.22708333333333333, 0.1875, 0.20833333333333334, 0.22291666666666668, 0.2375, 0.23541666666666666, 0.1875, 0.19375, 0.2, 0.2125, 0.23333333333333334, 0.225, 0.23125, 0.20416666666666666, 0.20208333333333334, 0.22083333333333333, 0.23958333333333334, 0.24166666666666667, 0.23958333333333334, 0.24166666666666667, 0.23958333333333334, 0.20833333333333334, 0.21458333333333332], "val_loss": [1.8051968812942505, 1.7996398210525513, 1.7637648582458496, 1.7488759756088257, 1.7503689527511597, 1.7560632228851318, 1.7512141466140747, 1.7483494281768799, 1.746469497680664, 1.7457079887390137, 1.7425405979156494, 1.7451366186141968, 1.7513632774353027, 1.750950574874878, 1.7470890283584595, 1.742630124092102, 1.7430514097213745, 1.7485297918319702, 1.7513940334320068, 1.7505079507827759, 1.745029330253601, 1.7408641576766968, 1.743517279624939, 1.7425395250320435, 1.7474558353424072, 1.7519786357879639, 1.7500900030136108, 1.751538872718811, 1.7465425729751587, 1.7404340505599976, 1.7370665073394775, 1.7366054058074951, 1.7418984174728394, 1.7479954957962036, 1.7488101720809937, 1.7484498023986816, 1.7475231885910034, 1.744163155555725, 1.7419929504394531, 1.7410136461257935, 1.7408922910690308, 1.7400517463684082, 1.7444196939468384, 1.745403528213501, 1.7467995882034302, 1.7451759576797485, 1.7430514097213745, 1.7434077262878418, 1.7482103109359741, 1.7482990026474, 1.7470415830612183, 1.7454159259796143, 1.7416294813156128, 1.7417035102844238, 1.7425007820129395, 1.7463809251785278, 1.7485525608062744, 1.7491816282272339, 1.748727798461914, 1.7444536685943604, 1.7465051412582397, 1.7409886121749878, 1.739991545677185, 1.7442008256912231, 1.7488206624984741, 1.750255823135376, 1.7512322664260864, 1.7471143007278442, 1.7432281970977783, 1.7434378862380981, 1.7438002824783325, 1.7455376386642456, 1.7464022636413574, 1.743554949760437, 1.7466416358947754, 1.7448139190673828, 1.7486729621887207, 1.7466648817062378, 1.7456642389297485, 1.7451903820037842, 1.7452393770217896, 1.7490103244781494, 1.7462412118911743, 1.7464072704315186, 1.7485239505767822, 1.7480392456054688, 1.7503050565719604, 1.7525066137313843, 1.7534619569778442, 1.7521439790725708, 1.7465927600860596, 1.7464511394500732, 1.7471868991851807, 1.7491567134857178, 1.7521098852157593, 1.7524701356887817, 1.7538748979568481, 1.751373291015625, 1.7500900030136108, 1.749610185623169], "val_acc": [0.11666666666666667, 0.15, 0.15, 0.18333333333333332, 0.2, 0.18333333333333332, 0.18333333333333332, 0.15, 0.18333333333333332, 0.18333333333333332, 0.16666666666666666, 0.16666666666666666, 0.15, 0.2, 0.18333333333333332, 0.16666666666666666, 0.15, 0.18333333333333332, 0.15, 0.18333333333333332, 0.13333333333333333, 0.15, 0.15, 0.13333333333333333, 0.16666666666666666, 0.15, 0.16666666666666666, 0.15, 0.15, 0.11666666666666667, 0.11666666666666667, 0.13333333333333333, 0.2, 0.11666666666666667, 0.16666666666666666, 0.13333333333333333, 0.16666666666666666, 0.13333333333333333, 0.15, 0.2, 0.18333333333333332, 0.15, 0.15, 0.16666666666666666, 0.2, 0.18333333333333332, 0.15, 0.15, 0.16666666666666666, 0.13333333333333333, 0.16666666666666666, 0.16666666666666666, 0.11666666666666667, 0.11666666666666667, 0.11666666666666667, 0.13333333333333333, 0.16666666666666666, 0.15, 0.16666666666666666, 0.13333333333333333, 0.18333333333333332, 0.13333333333333333, 0.13333333333333333, 0.16666666666666666, 0.18333333333333332, 0.16666666666666666, 0.16666666666666666, 0.16666666666666666, 0.16666666666666666, 0.16666666666666666, 0.2, 0.15, 0.16666666666666666, 0.18333333333333332, 0.16666666666666666, 0.13333333333333333, 0.15, 0.18333333333333332, 0.11666666666666667, 0.16666666666666666, 0.16666666666666666, 0.16666666666666666, 0.2, 0.13333333333333333, 0.18333333333333332, 0.2, 0.16666666666666666, 0.15, 0.15, 0.11666666666666667, 0.15, 0.2, 0.16666666666666666, 0.16666666666666666, 0.16666666666666666, 0.16666666666666666, 0.16666666666666666, 0.2, 0.18333333333333332, 0.2]}