{"train_loss": [7.49120309050121, 1.932080020034124, 1.79003707094798, 1.6736936630710724, 1.611217028564877, 1.6369960109392803, 1.616787147427362, 1.6358509621922932, 1.6296744384462871, 1.6102596549760728, 1.5780323053163194, 1.5612960902471391, 1.5988933008814614, 1.5710395172474876, 1.5810293858013456, 1.5726409734241547, 1.6256011435909876, 1.6009794776401822, 1.66507849806831, 1.6009079426053971, 1.5776237168955425, 1.6124793319475084, 1.547456821751973, 1.5504278398695446, 1.547590290743207, 1.5548833116652474, 1.5636811961257269, 1.5553901086723994, 1.5422306297317383, 1.6383534736103482], "train_mae": [1.5192610706601823, 0.8716921531964862, 0.791150568969666, 0.7438419177418664, 0.7147939413312882, 0.728406738667261, 0.7153197337710668, 0.7134082657950265, 0.7267260863667443, 0.7182774600528535, 0.6897995121895321, 0.6901787571490757, 0.7096811040999398, 0.6921132315718939, 0.6966837285056947, 0.6970112002085126, 0.7232966621716818, 0.7121885030988663, 0.6831080289114089, 0.7166595146769569, 0.7041134124710446, 0.7148704188210624, 0.6795461315011221, 0.6884462833404541, 0.6789283383460272, 0.682422725927262, 0.6933702944763123, 0.6855039710090274, 0.6824799350329808, 0.7252212460078891], "val_loss": [2.6573855578899384, 1.5120914205908775, 1.3642594516277313, 1.2442995682358742, 1.2140681967139244, 1.2207212522625923, 1.321132868528366, 1.1958945579826832, 1.3683718293905258, 1.1751824468374252, 1.161580316722393, 1.172279730439186, 1.1260832697153091, 1.1915903761982918, 1.1566274017095566, 1.182817630469799, 1.2627930790185928, 1.159199569374323, 1.2415383905172348, 1.2240747213363647, 1.316300693899393, 1.169699639081955, 1.107603296637535, 1.1421578750014305, 1.1469606533646584, 1.1142770946025848, 1.1866026856005192, 1.1236563846468925, 1.178901880979538, 1.2034927755594254], "val_mae": [1.132355734705925, 0.7801556587219238, 0.7924152091145515, 0.6658197939395905, 0.6525756344199181, 0.7004809603095055, 0.802087590098381, 0.6906075030565262, 0.8238857015967369, 0.6537104770541191, 0.6255182325839996, 0.6703295037150383, 0.6147024631500244, 0.7035515159368515, 0.6782500892877579, 0.6893855631351471, 0.7717714011669159, 0.669689305126667, 0.7580557242035866, 0.743803083896637, 0.7003787606954575, 0.7110723853111267, 0.6049243435263634, 0.6352042853832245, 0.6705810949206352, 0.6273175552487373, 0.6813726127147675, 0.6042699888348579, 0.5983405038714409, 0.6474289558827877]}