{"train_loss": [6.058380431599087, 1.595803782107338, 1.6172964705361261, 1.4817524183364141, 1.4817329749228463, 1.4369373122851055, 1.4386187134281037, 1.4668065621739341, 1.4180071580977667, 1.4660303138551258, 1.394219628402165, 1.4240750074386597, 1.41643417354614, 1.3893064752457633, 1.3837171603762914, 1.3885363557982067, 1.3625841112363906, 1.3621180970517417, 1.3374771906269922, 1.3526515307880582, 1.3641963586920784, 1.3514589156423296, 1.3578303645527552, 1.354063579960475, 1.3193301549033514, 1.326892620041257, 1.3418118650951083, 1.3364488543972137, 1.361452581390502, 1.3210518511514815], "train_mae": [1.5128106578948006, 0.784520791636573, 0.7915778453387912, 0.7383836630790953, 0.7390825568683563, 0.7171485159132216, 0.7147829816454933, 0.7475038606023031, 0.7072784162703014, 0.7327038730893817, 0.7005820350041465, 0.7197940141435654, 0.7062065449972001, 0.6920981000340174, 0.689392035915738, 0.694463901103489, 0.6801774355154189, 0.6843217824186597, 0.6688626692408607, 0.681173668967353, 0.6837413698907883, 0.6782935233343215, 0.688422976032136, 0.67624155585728, 0.666600315343766, 0.6700073518450298, 0.6801216550289638, 0.67711493514833, 0.6824490721263583, 0.6563684547704364], "val_loss": [2.9662818610668182, 2.823524348437786, 2.9469763934612274, 2.881232440471649, 2.823011316359043, 2.815186731517315, 2.793654203414917, 2.7581270784139633, 2.7700101882219315, 2.7351234033703804, 2.787795104086399, 2.774308741092682, 2.8856562077999115, 2.7013425827026367, 2.752146728336811, 2.774853952229023, 2.8018214404582977, 2.78857384622097, 2.6453078612685204, 2.7353577092289925, 2.7067409604787827, 2.853127285838127, 2.7564644403755665, 2.6872627437114716, 2.791914775967598, 2.7011989131569862, 2.702000342309475, 2.859885513782501, 2.765937965363264, 2.824583187699318], "val_mae": [0.7734814882278442, 0.7673993781208992, 0.8847351521253586, 0.7358344718813896, 0.7204832658171654, 0.6701108142733574, 0.793310321867466, 0.6860252767801285, 0.6829296872019768, 0.6939711794257164, 0.7315056025981903, 0.7347276359796524, 0.6805291697382927, 0.670973401516676, 0.7284873723983765, 0.648185983300209, 0.7010170593857765, 0.7064254209399223, 0.6629657223820686, 0.6150648593902588, 0.6646341867744923, 0.6674412041902542, 0.6494039706885815, 0.7055300697684288, 0.6991401091217995, 0.6241950429975986, 0.6782342046499252, 0.6723415106534958, 0.6423425488173962, 0.6400317922234535]}