{"train_loss": [2.287905067678482, 1.7257980259637984, 1.7372271229350378, 1.6559471090634663, 1.6451867799910287, 1.6646766795052423, 1.6647113930611384, 1.6614687414396376, 1.6557187442741697, 1.6318118420858232, 1.6018564483476063, 1.6144003205829196, 1.606952412733956, 1.600317482910459, 1.6107630852669004, 1.591204267645639, 1.6913008481737166, 1.6130689212254115, 1.701969686008635, 1.6368130857036227, 1.5970206904032873, 1.6264537771542866, 1.565994071582007, 1.592917389339871, 1.5789566607702346, 1.5920348545861622, 1.5813745449459742, 1.5974594345168462, 1.5626538093127902, 1.5721048286982946], "train_mae": [0.973635647031996, 0.7685319894836062, 0.7678823556218829, 0.7334583373296828, 0.7283729617557828, 0.7381792711833167, 0.7349062940431019, 0.7305492058632865, 0.7411324192607214, 0.7288003024600801, 0.7105106332945446, 0.7209166231609526, 0.7094237577347529, 0.7117437871675643, 0.7086028428304763, 0.7015095012528556, 0.7508791387081146, 0.7130805263443599, 0.7019670217756241, 0.735782095364162, 0.7057610835347857, 0.7167008434023175, 0.6951582445984795, 0.7039401096010965, 0.6951553726953174, 0.7094055168212406, 0.7035806992697338, 0.7043768829769559, 0.6931957280825055, 0.696312445496756], "val_loss": [1.5671128556132317, 1.5900490507483482, 1.1866211518645287, 1.1884716860949993, 1.1793387234210968, 1.2037979550659657, 1.1999048665165901, 1.1795059144496918, 1.2844326794147491, 1.1868491619825363, 1.1320538520812988, 1.163354068994522, 1.1374681778252125, 1.1803558953106403, 1.1690636724233627, 1.136231780052185, 1.1475948318839073, 1.1321405693888664, 1.2349095419049263, 1.130192819982767, 1.4186069667339325, 1.225381001830101, 1.1369861252605915, 1.1354896426200867, 1.1424893513321877, 1.1674323938786983, 1.1820488162338734, 1.152656752616167, 1.1265217289328575, 1.1190300099551678], "val_mae": [0.927658386528492, 0.9353625029325485, 0.6766638457775116, 0.6349692419171333, 0.6325978189706802, 0.6778601408004761, 0.7155992910265923, 0.6960900500416756, 0.7878515273332596, 0.6834235638380051, 0.6058487966656685, 0.6485523357987404, 0.605134379118681, 0.6877030432224274, 0.7004419788718224, 0.6589029356837273, 0.6154403612017632, 0.6062803342938423, 0.7576684281229973, 0.6135910898447037, 0.7163290157914162, 0.749320462346077, 0.6006221100687981, 0.665257416665554, 0.6256802752614021, 0.6104038432240486, 0.6766457408666611, 0.6020186431705952, 0.5991575196385384, 0.6087896749377251]}