{"train_loss": [6.390595723712255, 1.6841588200084747, 1.6280471937997, 1.614708473758092, 1.6359893641774617, 1.6286223483464075, 1.6238626837730408, 1.5410901194527036, 1.5427637223213437, 1.5829106001626878, 1.5786417940306285, 1.557567795117696, 1.5348766446113586, 1.593763528362153, 1.505770791144598, 1.5331608643607488, 1.502175597917466, 1.5508269899421268, 1.514784181874896, 1.5266250513848805, 1.506790694736299, 1.5251388370044647, 1.5099646600465926, 1.5201534628868103, 1.503977550400628, 1.5366393914298406, 1.547657339818894, 1.546150105813193, 1.5857937392734347, 1.5517759398808555], "train_mae": [1.5352421667840745, 0.7618570270992461, 0.7385803148860023, 0.7303230549607959, 0.7410384549034966, 0.7312643234691922, 0.7144004134904771, 0.6889923725809369, 0.6917655136850145, 0.718077818552653, 0.7141003268105643, 0.6965731770273239, 0.6900381408040486, 0.7203473647435507, 0.6785279616476998, 0.6908420229715014, 0.6723937969359141, 0.7068122005651868, 0.6830818416580321, 0.6941794554392496, 0.6827487406276521, 0.6850091483857896, 0.6889793442355262, 0.6842278071812221, 0.6748919827597482, 0.6952245840950618, 0.7047291147330451, 0.702744932401748, 0.7037812395701333, 0.6983381604391431], "val_loss": [1.3716422095894814, 1.2162485271692276, 1.1198591142892838, 1.2727597579360008, 1.1752187386155128, 1.113391362130642, 1.1074951887130737, 1.127928227186203, 1.3798492774367332, 1.207545593380928, 1.2040229961276054, 1.045202873647213, 1.1036694422364235, 1.116366185247898, 1.1012659892439842, 1.134871058166027, 1.1159566640853882, 1.035154901444912, 1.1325294822454453, 1.0485758557915688, 0.9869108125567436, 1.0364791676402092, 1.1125717759132385, 1.0119659379124641, 1.0640375316143036, 1.0489474460482597, 1.0614466965198517, 1.026637502014637, 1.0695594251155853, 1.017560251057148], "val_mae": [0.8059062138199806, 0.7809737101197243, 0.6726944595575333, 0.8385189026594162, 0.6751716360449791, 0.6677255928516388, 0.6375436708331108, 0.6633425876498222, 0.7433152720332146, 0.6902734264731407, 0.7079846039414406, 0.6526563763618469, 0.6919357553124428, 0.6518477350473404, 0.6518363282084465, 0.6968414559960365, 0.6575875952839851, 0.6569315046072006, 0.7079862952232361, 0.617571122944355, 0.6136073768138885, 0.694630041718483, 0.6625907942652702, 0.6647480502724648, 0.6889799237251282, 0.6239287108182907, 0.6525803804397583, 0.6756296753883362, 0.6983789056539536, 0.6492439731955528]}