{"train_loss": [6.138722280661265, 1.7289356769077362, 1.7225207506664215, 1.5490265649462502, 1.557366479010809, 1.5097459214074271, 1.515249044176132, 1.5380408063767448, 1.4828773604498968, 1.5176471443403334, 1.4620491890680223, 1.4856034588246119, 1.5046825437318712, 1.493166267398804, 1.4655195190792991, 1.4629252458375597, 1.4409684198243278, 1.4663039710786607, 1.4390243429040153, 1.4495632487630088, 1.4642031528646984, 1.4571854211981334, 1.4397232135136921, 1.434130372509124, 1.420914147581373, 1.4149345925876073, 1.4906777583417439, 1.439676406837645, 1.441400862875439, 1.4159662184261141], "train_mae": [1.5269133098541745, 0.8408292957714626, 0.8362610888859582, 0.7684832347763909, 0.772097060604701, 0.757433899811336, 0.7546965470389714, 0.7827813842939952, 0.7425990085753184, 0.7579464940797715, 0.7311426552515181, 0.7510300590878441, 0.7508877903696091, 0.7475085996446156, 0.7298358574746147, 0.7370253375598362, 0.7242811218140617, 0.7400590436799186, 0.7207772296572489, 0.7327331484310211, 0.7353576090600755, 0.737146156174796, 0.7281979852252536, 0.7170314921273125, 0.721541320520734, 0.7180376109622774, 0.7513391110632155, 0.729023762165554, 0.7241929514067513, 0.7154619447768681], "val_loss": [2.9528625831007957, 2.913511425256729, 2.964407540857792, 2.8864775896072388, 2.86665415763855, 2.8072290122509003, 2.8344132900238037, 2.850542739033699, 2.8186690658330917, 2.8210385218262672, 2.844024896621704, 2.8119730353355408, 3.062330923974514, 2.7756619453430176, 2.8632403910160065, 2.8718631863594055, 2.8954525366425514, 2.8745226860046387, 2.7674149684607983, 2.8344466984272003, 2.8479486405849457, 2.8932743817567825, 2.818484105169773, 2.868338569998741, 2.910445585846901, 2.921637825667858, 2.756911188364029, 3.1165605187416077, 2.8398972526192665, 2.851277157664299], "val_mae": [0.7901999428868294, 0.792975053191185, 0.8976861014962196, 0.7480549812316895, 0.7330937311053276, 0.7052492871880531, 0.7975417301058769, 0.7343905940651894, 0.715882197022438, 0.7787581384181976, 0.7482361868023872, 0.7182219922542572, 0.7612815201282501, 0.6858753189444542, 0.7473035529255867, 0.717664048075676, 0.7104875445365906, 0.7476714849472046, 0.715905949473381, 0.6848646923899651, 0.7747269123792648, 0.7153690308332443, 0.6883981004357338, 0.8093791455030441, 0.742215059697628, 0.7142698541283607, 0.7028003334999084, 0.7808756455779076, 0.6667537614703178, 0.676126092672348]}