{"train_loss": [6.706685143803793, 1.8261557562010629, 1.7404677971961007, 1.6877975766620938, 1.7182374814200023, 1.709266117640904, 1.7043291926383972, 1.6235413390492637, 1.6140544915956163, 1.652532176365928, 1.6686951518058777, 1.6508991954818604, 1.6401186812491644, 1.7125142632968842, 1.6244201565545702, 1.6051251916658311, 1.596219123355926, 1.6535519049281167, 1.6086857101273915, 1.6284709270038302, 1.6050128511020116, 1.5859350353952437, 1.6142849969485449, 1.5849531661896479, 1.5929110438104659, 1.5947061114841037, 1.6002716743756855, 1.630101370906073, 1.6441531058341738, 1.614454706509908], "train_mae": [1.585353238242013, 0.8202591869566176, 0.7903542357777792, 0.7670719841169933, 0.7794798149002923, 0.7714523758207049, 0.7580186090772114, 0.7378650903701782, 0.7341547201550196, 0.7578982445928786, 0.7558606579190209, 0.746508464926765, 0.7461366397993905, 0.777094580824413, 0.7380329531336588, 0.7297965600377038, 0.7280381648313432, 0.7657744846646748, 0.728795746016124, 0.7505490070297605, 0.7376941518178062, 0.7237607779956999, 0.7427103396445985, 0.7177043055731153, 0.723882049795181, 0.7238147078998505, 0.7278521240703644, 0.7408212442246694, 0.7273221848502992, 0.7347169073801192], "val_loss": [1.5244041234254837, 1.388780638575554, 1.2131030336022377, 1.4614451825618744, 1.2022076472640038, 1.2165078148245811, 1.1867814287543297, 1.1809285879135132, 1.516220673918724, 1.3111165165901184, 1.3287992626428604, 1.1371670067310333, 1.210585579276085, 1.1629876345396042, 1.2527844980359077, 1.2191282957792282, 1.139114148914814, 1.1274852752685547, 1.3466870114207268, 1.222154088318348, 1.0881116539239883, 1.1875382289290428, 1.2533831670880318, 1.114113911986351, 1.2662457004189491, 1.1808991134166718, 1.1373905539512634, 1.2119324877858162, 1.1044754385948181, 1.134082853794098], "val_mae": [0.8764177858829498, 0.8731397092342377, 0.7308264225721359, 0.9131709039211273, 0.7063050046563148, 0.7108862772583961, 0.6860321462154388, 0.6882238835096359, 0.8051783293485641, 0.7417271435260773, 0.7702110931277275, 0.7014983519911766, 0.7324017360806465, 0.7139955386519432, 0.729164756834507, 0.7451521381735802, 0.6815240383148193, 0.6756080314517021, 0.8006154894828796, 0.6997859105467796, 0.6672628819942474, 0.7250706925988197, 0.7595426812767982, 0.6888174712657928, 0.7677725777029991, 0.6909099072217941, 0.6747782081365585, 0.7727173715829849, 0.6581078097224236, 0.7402893900871277]}