{"train_loss": [2.7420210819395763, 1.7838561042906746, 1.640181787430294, 1.6778651338721078, 1.663907915353775, 1.6538171162680975, 1.6962042876652308, 1.6098802297834367, 1.6267002943962339, 1.6850200181915647, 1.6497636219811818, 1.6514061717759996, 1.6305009278040083, 1.665060626135932, 1.617113593078795, 1.6073731732746912, 1.6140480708508265, 1.637799098378136, 1.6154757823262895, 1.5959673069772267, 1.6537835966973078, 1.6117484039730496, 1.5940225143281241, 1.600278427676549, 1.62124231410405, 1.624661872311244, 1.6247249151033067, 1.6151223665192014, 1.6384326058720786, 1.616666315093873], "train_mae": [1.1315387544177828, 0.8032741149266561, 0.7393926079311068, 0.753637641195267, 0.7529419949130406, 0.7363845431615436, 0.7407748472122919, 0.7232667567237975, 0.7272558041981289, 0.7637078260618543, 0.7364705715860639, 0.7377126680480109, 0.7315882188933236, 0.7399109819578746, 0.7214157165042938, 0.7224698293776739, 0.7259720407781147, 0.7402979759942918, 0.7195760030595083, 0.7238621134606619, 0.7391240861680772, 0.7187906853736393, 0.717544454430777, 0.7175183078599354, 0.7237101225625902, 0.7345132922369336, 0.7255323018346514, 0.724816085800292, 0.7183946569760641, 0.7167449035341777], "val_loss": [1.2936876639723778, 1.2904635965824127, 1.140937127172947, 1.211450718343258, 1.1049429327249527, 1.1544968709349632, 1.1276513636112213, 1.178351290524006, 1.1950098723173141, 1.1245416030287743, 1.1647873222827911, 1.0787065848708153, 1.1429120525717735, 1.0939141437411308, 1.1150156036019325, 1.114826776087284, 1.2484416216611862, 1.1006444692611694, 1.116152472794056, 1.1873373240232468, 1.1290903016924858, 1.1693311110138893, 1.0880192294716835, 1.077350690960884, 1.1877646818757057, 1.1434200927615166, 1.1527715176343918, 1.1195442751049995, 1.1709579229354858, 1.1225168630480766], "val_mae": [0.7553145885467529, 0.7275764793157578, 0.6809284687042236, 0.7735709249973297, 0.6842310801148415, 0.6671654880046844, 0.6722356304526329, 0.671420656144619, 0.6765899881720543, 0.6783036440610886, 0.7638085708022118, 0.6719052195549011, 0.7372661158442497, 0.7037488371133804, 0.6699482575058937, 0.7105089500546455, 0.6921227723360062, 0.6911013871431351, 0.6634170934557915, 0.6845744177699089, 0.7386682108044624, 0.7556918412446976, 0.6925544366240501, 0.6707636043429375, 0.7902135774493217, 0.7475064471364021, 0.7456648126244545, 0.7067379429936409, 0.7686964645981789, 0.6947283744812012]}