{"train_loss": [6.405829478823949, 1.8518602687215049, 1.837361182485308, 1.7375469614589025, 1.7083920221480111, 1.6940508125320313, 1.64891064734686, 1.6467130770758978, 1.6768037610583835, 1.7421556233413635, 1.6388479187375022, 1.6358504257504902, 1.6308022983490476, 1.635501864410582, 1.6326250973201932, 1.634572546633463, 1.6504600786027455, 1.6778315230021401, 1.6336064348145136, 1.628490501453006, 1.6501787087273976, 1.6017136474450429, 1.5958892352997311, 1.6191707300761389, 1.6725405653317769, 1.6140594373619745, 1.611802639469268, 1.6213544985604664, 1.6266067605169992, 1.6833243757959395], "train_mae": [1.4911755976222811, 0.821279712139614, 0.8149085867972601, 0.7782628138860067, 0.7659397182010469, 0.7588322720830403, 0.74971708418831, 0.747989641295539, 0.7587570330453297, 0.7891857784891886, 0.7395602739046491, 0.7438072240541852, 0.7364942147618249, 0.7352843284606934, 0.7375992309479487, 0.7446621855099996, 0.7498332536409772, 0.7482954556979831, 0.7390986955355084, 0.7342721725267077, 0.7461542222234938, 0.7260454864729018, 0.7239194673205179, 0.7346812051440043, 0.7618389167482891, 0.7360702516540648, 0.7316945072204347, 0.7297368541596427, 0.7375777146172902, 0.7606200358224293], "val_loss": [1.6857465356588364, 1.7341220378875732, 1.5593355670571327, 1.5636129155755043, 1.5763390883803368, 1.5814574137330055, 1.5304960757493973, 1.5540023446083069, 1.5845168754458427, 1.7797113433480263, 1.4862695559859276, 1.4950411319732666, 1.6215187683701515, 1.5193570405244827, 1.4942654743790627, 1.4902305230498314, 1.626049891114235, 1.6331184953451157, 1.4811203852295876, 1.5716934502124786, 1.590816654264927, 1.4631165340542793, 1.5045150592923164, 1.5137795582413673, 1.51369758695364, 1.6787975057959557, 1.511210910975933, 1.620934136211872, 1.4916280061006546, 1.5539505630731583], "val_mae": [0.7828920856118202, 0.7786629647016525, 0.7540803253650665, 0.7404429093003273, 0.8147339001297951, 0.7696880772709846, 0.7329980656504631, 0.7878593057394028, 0.7497797608375549, 0.79664745926857, 0.7187359407544136, 0.7397255823016167, 0.7230359613895416, 0.7600053772330284, 0.7111372798681259, 0.7151717320084572, 0.7207846716046333, 0.7918078005313873, 0.708883211016655, 0.7140126600861549, 0.7275933995842934, 0.7274971753358841, 0.7329408898949623, 0.7106322720646858, 0.7119505405426025, 0.7373250871896744, 0.7048453763127327, 0.8722162246704102, 0.7171966433525085, 0.7624721303582191]}