{"train_loss": [2.728050358711727, 1.8132932876783705, 1.7704451349046495, 1.6791495510510035, 1.6615291389207991, 1.7166298391327026, 1.6850801559667739, 1.681905776735336, 1.6943720087172494, 1.672189956619626, 1.6735218498441908, 1.6576670479206812, 1.654069179580325, 1.6587540337017603, 1.67877126213104, 1.6498430134758117, 1.737640922504758, 1.6716237900749085, 1.7620862107428292, 1.7005869476568132, 1.6556031150477273, 1.727805247382512, 1.619728682533143, 1.632244969171191, 1.6412860003728715, 1.6491282090308175, 1.6444895210720243, 1.630126508455428, 1.6189519526466492, 1.635115377959751], "train_mae": [1.123037766842615, 0.7981861375627064, 0.7700199484825134, 0.7358426664556775, 0.730117694726066, 0.7523297979718163, 0.7331639954021999, 0.7260999225434803, 0.7442379064030118, 0.7358744295816573, 0.7257297474240499, 0.7223804720810482, 0.7220895091692606, 0.7256271148484851, 0.7297889249665397, 0.7196594769992526, 0.7600358715133061, 0.7352570210184369, 0.7164278143928164, 0.7516593081610543, 0.723656480747556, 0.7550034485166035, 0.7074727889091249, 0.7115710046556261, 0.7194698594865345, 0.7213394083673992, 0.7166602904834445, 0.7141896912029811, 0.7054525765161666, 0.7130341685953594], "val_loss": [1.689706563949585, 1.873496800661087, 1.3001799508929253, 1.2830601781606674, 1.2883834652602673, 1.3156237825751305, 1.3922349140048027, 1.274567499756813, 1.3493173643946648, 1.2803018987178802, 1.2560558170080185, 1.275389552116394, 1.2507149912416935, 1.302657589316368, 1.302207238972187, 1.2520400360226631, 1.2920253202319145, 1.2465424910187721, 1.3935478404164314, 1.2545271590352058, 1.5514860674738884, 1.3249188363552094, 1.2380432561039925, 1.2409653700888157, 1.2576878443360329, 1.2437312230467796, 1.4117941185832024, 1.2551680132746696, 1.2568892017006874, 1.258472166955471], "val_mae": [0.7865949347615242, 1.0694127678871155, 0.6960706412792206, 0.6690565347671509, 0.6531748026609421, 0.6629718691110611, 0.7963723838329315, 0.6419202163815498, 0.7565324082970619, 0.6647054553031921, 0.6543593779206276, 0.6544238105416298, 0.6472981423139572, 0.7244884818792343, 0.7122292369604111, 0.6769277006387711, 0.7009487822651863, 0.6528413817286491, 0.8107482865452766, 0.6483935788273811, 0.7431167736649513, 0.7473021969199181, 0.6482272818684578, 0.6414054036140442, 0.6729642227292061, 0.6366268917918205, 0.812219999730587, 0.6233125738799572, 0.6225287728011608, 0.6862981989979744]}