{"train_loss": [7.381552196684337, 2.1810288978001426, 2.7439568241437278, 2.1161408793358576, 1.7636615444743444, 1.7763471347945077, 1.6854032363210405, 1.7002769680250258, 1.689173619425486, 1.6151419646210141, 1.6600920997914814, 1.6883222820266846, 1.622684515657879, 1.6070720089806452, 1.6367898020479414, 1.5754942345240759, 1.7249490344335163, 1.6037513845496707, 1.7293115627197992, 1.6547905906798348, 1.5833309832073392, 1.6433607935905457, 1.5848499650046939, 1.5733733952991547, 1.5836044691857838, 1.5670818260737829, 1.5732395658417353, 1.5613308842220004, 1.5556584766932897, 1.568491465042508], "train_mae": [1.5102008108108762, 0.8897800104958671, 0.8622972823324657, 0.8757368789778815, 0.7791537746550545, 0.7888712987067208, 0.7389042547770909, 0.7332601897300236, 0.7508330146471659, 0.7153308599714249, 0.7227852174213955, 0.7558393733842033, 0.7176238137578207, 0.7071997636840457, 0.7239169823744941, 0.6941140634672982, 0.772087624148717, 0.7123515653231788, 0.7088197640010289, 0.73450206480329, 0.6992685080520691, 0.7338011983841185, 0.6935608964117747, 0.6908792853355408, 0.696477386686537, 0.688171020575932, 0.6971950299210019, 0.6845843129687839, 0.6858999710234385, 0.6915369355489337], "val_loss": [1.665647029876709, 1.5333145409822464, 1.6947279796004295, 1.3820544630289078, 1.4133998304605484, 1.3477031514048576, 1.294287085533142, 1.3523909263312817, 1.496377356350422, 1.3949291557073593, 1.6962152868509293, 1.2236545644700527, 1.1617291830480099, 1.1640692837536335, 1.1659106090664864, 1.2147399261593819, 1.2393318340182304, 1.1469346806406975, 1.3714634552598, 1.2422839254140854, 1.4897183403372765, 1.1943193972110748, 1.1668742150068283, 1.2139683440327644, 1.159238949418068, 1.150344606488943, 1.1846695393323898, 1.1167880445718765, 1.182227447628975, 1.205282773822546], "val_mae": [0.7946778014302254, 0.7932228669524193, 0.7938562110066414, 0.7473422437906265, 0.8001649454236031, 0.7685865685343742, 0.7303305491805077, 0.6488769128918648, 0.8776978924870491, 0.6689100377261639, 1.0078461691737175, 0.6483498848974705, 0.6509997025132179, 0.6480348184704781, 0.6655414998531342, 0.6269622668623924, 0.7331653758883476, 0.6120192408561707, 0.8558345139026642, 0.7316852286458015, 0.7529679387807846, 0.6249930933117867, 0.604427944868803, 0.6171923354268074, 0.683807872235775, 0.6509831622242928, 0.6344979740679264, 0.6119379624724388, 0.6088452488183975, 0.6386314891278744]}