{"train_loss": [6.93082764981285, 1.8296374773222304, 1.6364076998498704, 1.613246231325089, 1.6239696154518732, 1.615005043763963, 1.6799837549527485, 1.5535318047281295, 1.5341622380037157, 1.6554429919000655, 1.5451113695190066, 1.5347005109938363, 1.5631192042714073, 1.5280703221048628, 1.4816333580584753, 1.5258807823771523, 1.4894263659204756, 1.5092502255288383, 1.5004772506062947, 1.5085760312420982, 1.492011753339616, 1.5059375904855274, 1.5023202564981248, 1.5290610487498935, 1.4816636173498063, 1.4938887513819195, 1.515485624945353, 1.5496467522212438, 1.5201034186378357, 1.4951131126237294], "train_mae": [1.535639883033813, 0.8298221287273225, 0.7410872711075677, 0.7251808302743095, 0.7314503613918547, 0.7224293417400784, 0.7430630676330082, 0.7015522595435854, 0.6853803093471225, 0.7593270332094223, 0.6934830432846433, 0.6875952340307689, 0.7100850305860005, 0.6913045417694819, 0.6654837614014035, 0.6903195371703496, 0.6699884647414798, 0.6810927651231251, 0.6718937858702645, 0.6823387207492949, 0.677141547203064, 0.6757060194772387, 0.6841358637052869, 0.6899077854459248, 0.6637109688350132, 0.6720802689355517, 0.6903279286528391, 0.7009338831144666, 0.6731129189332327, 0.6689329256140997], "val_loss": [1.5141743794083595, 1.2015914544463158, 1.1637559905648232, 1.225526712834835, 1.1317288428544998, 1.294001080095768, 1.1336640641093254, 1.0563285276293755, 1.2661050483584404, 1.1108048856258392, 1.0748610869050026, 1.062079593539238, 1.0657802522182465, 1.0656550005078316, 1.046852171421051, 1.143861509859562, 1.0229616463184357, 0.9958491921424866, 1.1676125600934029, 1.093827173113823, 1.0401216074824333, 1.1001075506210327, 1.1072895377874374, 1.0056189075112343, 1.1095506846904755, 1.0255165621638298, 1.0412392243742943, 1.0249132364988327, 1.0535241588950157, 1.0325777009129524], "val_mae": [0.8242617920041084, 0.763652116060257, 0.6929691359400749, 0.8061918690800667, 0.7189481034874916, 0.6990348547697067, 0.734176516532898, 0.6500901207327843, 0.7064703404903412, 0.6644710972905159, 0.6714456155896187, 0.6208614632487297, 0.6232049912214279, 0.6780198812484741, 0.638516016304493, 0.6763676181435585, 0.613971583545208, 0.6142564341425896, 0.7535832896828651, 0.6194960623979568, 0.6013774424791336, 0.7279978469014168, 0.6623555943369865, 0.6418647617101669, 0.7111608311533928, 0.6259321942925453, 0.6143572553992271, 0.663986474275589, 0.6446647271513939, 0.6607973724603653]}