{"train_loss": [3.045014672809177, 1.8809806553144304, 1.7494182406909882, 1.7687184129442488, 1.6985729360391224, 1.6549810369809468, 1.704357207767547, 1.651991783626496, 1.6430193621014793, 1.6619068611235845, 1.6637618352496435, 1.615279662703711, 1.60332391186366, 1.6490979223024278, 1.596784546261742, 1.6062406708323766, 1.6482307362178015, 1.6246382754946511, 1.5846099465612382, 1.6032430595821805, 1.6047090273054818, 1.5817822085486517, 1.5771405592797294, 1.5607185723289612, 1.555043373789106, 1.5569896754764376, 1.5671055553451416, 1.575041777557797, 1.5869647292863756, 1.5925274585920668], "train_mae": [1.2093639061564492, 0.8551173758885217, 0.7994713433205135, 0.8030007405886574, 0.7697966855669779, 0.7511696361360096, 0.7525576447683667, 0.7483145840584285, 0.7433151195919703, 0.7592649734209455, 0.7512646506703089, 0.7292145916393825, 0.7231095963054233, 0.7401084814752851, 0.7230626836655631, 0.7308746330321781, 0.746035805770329, 0.7383170998285687, 0.71449742714564, 0.7275807497993348, 0.7255872062274388, 0.7172934043975103, 0.7206572606450036, 0.7015259918712434, 0.7006929034278506, 0.7105854673991128, 0.7039955163758899, 0.7117796639601389, 0.7022789820792184, 0.712137139978863], "val_loss": [1.520658254623413, 1.2118891552090645, 1.134937770664692, 1.1565434038639069, 1.1518131792545319, 1.1385002061724663, 1.1428976356983185, 1.1488954797387123, 1.1157164424657822, 1.1085646897554398, 1.1425325125455856, 1.0589213594794273, 1.11620432138443, 1.0620960146188736, 1.1103153005242348, 1.092277079820633, 1.3280465379357338, 1.1108206510543823, 1.1126557812094688, 1.118278294801712, 1.0447170436382294, 1.0892548337578773, 1.0643391832709312, 1.052382931113243, 1.0617434605956078, 1.0530213713645935, 1.0703996270895004, 1.0550591498613358, 1.1221042796969414, 1.1403697058558464], "val_mae": [0.8363344147801399, 0.7104580402374268, 0.6783110648393631, 0.6992658451199532, 0.7094272449612617, 0.6583662182092667, 0.6711790487170219, 0.6521198898553848, 0.6534775495529175, 0.6716313436627388, 0.7529522180557251, 0.6445275619626045, 0.7152340039610863, 0.6633510440587997, 0.6504115238785744, 0.698541671037674, 0.722146786749363, 0.6699473187327385, 0.6557199954986572, 0.6902720779180527, 0.6383098810911179, 0.7039935141801834, 0.6592402905225754, 0.6342422738671303, 0.6692167744040489, 0.6508787125349045, 0.6763018667697906, 0.6333618760108948, 0.6992708146572113, 0.7037835866212845]}