{"train_loss": [6.471169303333949, 1.6916774965467907, 1.6711030592994085, 1.4825596421483964, 1.4715946912765503, 1.4446962395357708, 1.4602320733524503, 1.4754041158963764, 1.4152605098391335, 1.40811311347144, 1.4045760328807528, 1.3821558422512479, 1.3850815783417414, 1.447204677358506, 1.4446134165165916, 1.3544565921738034, 1.3832592623574393, 1.4132195275927346, 1.4104482928911846, 1.3824742493175326, 1.3582469622294109, 1.3237538526928614, 1.331462341641623, 1.3577786930023679, 1.3637688055871025, 1.3277211539329044, 1.3703056133928753, 1.318121011295016, 1.358457881306845, 1.3494969691549028], "train_mae": [1.54874887352898, 0.8268562791839479, 0.8216047145071483, 0.7332001990742154, 0.7367558280626932, 0.7163517210218642, 0.7240882922732641, 0.7477140928071643, 0.7073244187566969, 0.7143715809261988, 0.7058245738347372, 0.7026982912941585, 0.695877551559418, 0.7296465304162767, 0.7296862204869589, 0.6802911947643946, 0.6982498183136895, 0.711651675284855, 0.7008593394642785, 0.6980257526276603, 0.6848860032974727, 0.6677700460903229, 0.6671682165728675, 0.6783874299791124, 0.6899942443484351, 0.6722350555752951, 0.6920103052305797, 0.6601714832442147, 0.6836313084950523, 0.6748802302375673], "val_loss": [2.938900426030159, 3.297453746199608, 2.7946952506899834, 2.755567491054535, 2.830408036708832, 2.754785031080246, 2.7917953953146935, 2.7714772522449493, 2.753399670124054, 2.7473634481430054, 2.7607849538326263, 3.010179102420807, 2.823546551167965, 2.713867262005806, 2.724044978618622, 2.7553130611777306, 2.911297768354416, 2.8045820593833923, 2.6725058630108833, 2.8211082443594933, 2.7523907013237476, 2.7110296338796616, 2.6922414526343346, 2.7304557263851166, 2.7441037744283676, 2.7602314054965973, 2.7448766008019447, 2.70223618298769, 2.8316866979002953, 2.7818089239299297], "val_mae": [0.7929278537631035, 1.1003109812736511, 0.6962371170520782, 0.6940125524997711, 0.8078430145978928, 0.7082219049334526, 0.7974053546786308, 0.6716442629694939, 0.7636457085609436, 0.6961261704564095, 0.7494556605815887, 0.7117288485169411, 0.667180985212326, 0.6587089449167252, 0.6932205036282539, 0.7364400178194046, 0.6726159825921059, 0.7285671234130859, 0.6535293012857437, 0.661184273660183, 0.6388300582766533, 0.6651644445955753, 0.629627350717783, 0.6512905992567539, 0.6706181168556213, 0.660746231675148, 0.7592453509569168, 0.6949544176459312, 0.6386566124856472, 0.6261624135077]}